Protein,Rank,Prediction,Score
"B9J08_001546 SAP3 CGDID:CAL0000219369 COORDS:Chr1_C_auris_B8441:40529-41707C (1179 nucleotides) translated using codon table 12 (392 amino acids) Verified ORF; Primary aspartic-type endopeptidase; null mutant shows reduced secretion of aspartyl protease, reduced biofilm and hyphae formation, and reduced virulence in a mouse systemic infection model",1,Peptidase A1 domain-containing protein,0.448660921
"B9J08_001546 SAP3 CGDID:CAL0000219369 COORDS:Chr1_C_auris_B8441:40529-41707C (1179 nucleotides) translated using codon table 12 (392 amino acids) Verified ORF; Primary aspartic-type endopeptidase; null mutant shows reduced secretion of aspartyl protease, reduced biofilm and hyphae formation, and reduced virulence in a mouse systemic infection model",2,Acid protease,0.156872806
"B9J08_001546 SAP3 CGDID:CAL0000219369 COORDS:Chr1_C_auris_B8441:40529-41707C (1179 nucleotides) translated using codon table 12 (392 amino acids) Verified ORF; Primary aspartic-type endopeptidase; null mutant shows reduced secretion of aspartyl protease, reduced biofilm and hyphae formation, and reduced virulence in a mouse systemic infection model",3,Candidapepsin,0.100287083
"B9J08_001546 SAP3 CGDID:CAL0000219369 COORDS:Chr1_C_auris_B8441:40529-41707C (1179 nucleotides) translated using codon table 12 (392 amino acids) Verified ORF; Primary aspartic-type endopeptidase; null mutant shows reduced secretion of aspartyl protease, reduced biofilm and hyphae formation, and reduced virulence in a mouse systemic infection model",4,EC:3.4.23.24,0.060366954
"B9J08_001546 SAP3 CGDID:CAL0000219369 COORDS:Chr1_C_auris_B8441:40529-41707C (1179 nucleotides) translated using codon table 12 (392 amino acids) Verified ORF; Primary aspartic-type endopeptidase; null mutant shows reduced secretion of aspartyl protease, reduced biofilm and hyphae formation, and reduced virulence in a mouse systemic infection model",5,Aspartic peptidase domain-containing protein,0.016661159
"B9J08_001546 SAP3 CGDID:CAL0000219369 COORDS:Chr1_C_auris_B8441:40529-41707C (1179 nucleotides) translated using codon table 12 (392 amino acids) Verified ORF; Primary aspartic-type endopeptidase; null mutant shows reduced secretion of aspartyl protease, reduced biofilm and hyphae formation, and reduced virulence in a mouse systemic infection model",6,Peptidase A1,0.014313598
"B9J08_001546 SAP3 CGDID:CAL0000219369 COORDS:Chr1_C_auris_B8441:40529-41707C (1179 nucleotides) translated using codon table 12 (392 amino acids) Verified ORF; Primary aspartic-type endopeptidase; null mutant shows reduced secretion of aspartyl protease, reduced biofilm and hyphae formation, and reduced virulence in a mouse systemic infection model",7,Eukaryotic aspartyl protease,0.014237915
"B9J08_001546 SAP3 CGDID:CAL0000219369 COORDS:Chr1_C_auris_B8441:40529-41707C (1179 nucleotides) translated using codon table 12 (392 amino acids) Verified ORF; Primary aspartic-type endopeptidase; null mutant shows reduced secretion of aspartyl protease, reduced biofilm and hyphae formation, and reduced virulence in a mouse systemic infection model",8,Aspartic proteinase,0.014124501
"B9J08_001546 SAP3 CGDID:CAL0000219369 COORDS:Chr1_C_auris_B8441:40529-41707C (1179 nucleotides) translated using codon table 12 (392 amino acids) Verified ORF; Primary aspartic-type endopeptidase; null mutant shows reduced secretion of aspartyl protease, reduced biofilm and hyphae formation, and reduced virulence in a mouse systemic infection model",9,Aspartic peptidase A1,0.012532891
"B9J08_001546 SAP3 CGDID:CAL0000219369 COORDS:Chr1_C_auris_B8441:40529-41707C (1179 nucleotides) translated using codon table 12 (392 amino acids) Verified ORF; Primary aspartic-type endopeptidase; null mutant shows reduced secretion of aspartyl protease, reduced biofilm and hyphae formation, and reduced virulence in a mouse systemic infection model",10,Aspartic protease pep1,0.006780598
"B9J08_001732 CNB1 CGDID:CAL0000219519 COORDS:Chr1_C_auris_B8441:435282-435806C (525 nucleotides) translated using codon table 12 (174 amino acids) Verified ORF; Putative regulatory subunit of calcineurin B (Ca[2+]-calmodulin-regulated S/T protein phosphatase); forms a complex with Cna1; null mutant shows reduced tolerance of extreme heat, cell wall stress, and all tested azoles and echinocandins",1,Calcineurin subunit B,0.437041884
"B9J08_001732 CNB1 CGDID:CAL0000219519 COORDS:Chr1_C_auris_B8441:435282-435806C (525 nucleotides) translated using codon table 12 (174 amino acids) Verified ORF; Putative regulatory subunit of calcineurin B (Ca[2+]-calmodulin-regulated S/T protein phosphatase); forms a complex with Cna1; null mutant shows reduced tolerance of extreme heat, cell wall stress, and all tested azoles and echinocandins",2,Calcineurin regulatory subunit,0.412339547
"B9J08_001732 CNB1 CGDID:CAL0000219519 COORDS:Chr1_C_auris_B8441:435282-435806C (525 nucleotides) translated using codon table 12 (174 amino acids) Verified ORF; Putative regulatory subunit of calcineurin B (Ca[2+]-calmodulin-regulated S/T protein phosphatase); forms a complex with Cna1; null mutant shows reduced tolerance of extreme heat, cell wall stress, and all tested azoles and echinocandins",3,Protein phosphatase 2B regulatory subunit,0.136340403
"B9J08_001732 CNB1 CGDID:CAL0000219519 COORDS:Chr1_C_auris_B8441:435282-435806C (525 nucleotides) translated using codon table 12 (174 amino acids) Verified ORF; Putative regulatory subunit of calcineurin B (Ca[2+]-calmodulin-regulated S/T protein phosphatase); forms a complex with Cna1; null mutant shows reduced tolerance of extreme heat, cell wall stress, and all tested azoles and echinocandins",4,Calcineurin B subunit,0.000719187
"B9J08_001732 CNB1 CGDID:CAL0000219519 COORDS:Chr1_C_auris_B8441:435282-435806C (525 nucleotides) translated using codon table 12 (174 amino acids) Verified ORF; Putative regulatory subunit of calcineurin B (Ca[2+]-calmodulin-regulated S/T protein phosphatase); forms a complex with Cna1; null mutant shows reduced tolerance of extreme heat, cell wall stress, and all tested azoles and echinocandins",5,Serine/threonine-protein phosphatase 2B regulatory subunit,0.000600887
"B9J08_001732 CNB1 CGDID:CAL0000219519 COORDS:Chr1_C_auris_B8441:435282-435806C (525 nucleotides) translated using codon table 12 (174 amino acids) Verified ORF; Putative regulatory subunit of calcineurin B (Ca[2+]-calmodulin-regulated S/T protein phosphatase); forms a complex with Cna1; null mutant shows reduced tolerance of extreme heat, cell wall stress, and all tested azoles and echinocandins",6,Calcineurin catalytic subunit,0.000479322
"B9J08_001732 CNB1 CGDID:CAL0000219519 COORDS:Chr1_C_auris_B8441:435282-435806C (525 nucleotides) translated using codon table 12 (174 amino acids) Verified ORF; Putative regulatory subunit of calcineurin B (Ca[2+]-calmodulin-regulated S/T protein phosphatase); forms a complex with Cna1; null mutant shows reduced tolerance of extreme heat, cell wall stress, and all tested azoles and echinocandins",7,Calcineurin small subunit,0.000452693
"B9J08_001732 CNB1 CGDID:CAL0000219519 COORDS:Chr1_C_auris_B8441:435282-435806C (525 nucleotides) translated using codon table 12 (174 amino acids) Verified ORF; Putative regulatory subunit of calcineurin B (Ca[2+]-calmodulin-regulated S/T protein phosphatase); forms a complex with Cna1; null mutant shows reduced tolerance of extreme heat, cell wall stress, and all tested azoles and echinocandins",8,Calcineurin beta subunit,0.00043952
"B9J08_001732 CNB1 CGDID:CAL0000219519 COORDS:Chr1_C_auris_B8441:435282-435806C (525 nucleotides) translated using codon table 12 (174 amino acids) Verified ORF; Putative regulatory subunit of calcineurin B (Ca[2+]-calmodulin-regulated S/T protein phosphatase); forms a complex with Cna1; null mutant shows reduced tolerance of extreme heat, cell wall stress, and all tested azoles and echinocandins",9,Calcineurin,0.000362648
"B9J08_001732 CNB1 CGDID:CAL0000219519 COORDS:Chr1_C_auris_B8441:435282-435806C (525 nucleotides) translated using codon table 12 (174 amino acids) Verified ORF; Putative regulatory subunit of calcineurin B (Ca[2+]-calmodulin-regulated S/T protein phosphatase); forms a complex with Cna1; null mutant shows reduced tolerance of extreme heat, cell wall stress, and all tested azoles and echinocandins",10,EC:3.1.3.16,0.000326784
B9J08_001740 POX1-3 CGDID:CAL0000219777 COORDS:Chr1_C_auris_B8441:451461-453587W (2127 nucleotides) translated using codon table 12 (708 amino acids) Verified ORF; Putative acyl-CoA oxidase involved in beta-oxidation of fatty acids; null mutant is defective in prostaglandin E2 biosynthesis and shows reduced virulence in <i>C. elegans</i>,1,Acyl-coenzyme A oxidase,0.888350024
B9J08_001740 POX1-3 CGDID:CAL0000219777 COORDS:Chr1_C_auris_B8441:451461-453587W (2127 nucleotides) translated using codon table 12 (708 amino acids) Verified ORF; Putative acyl-CoA oxidase involved in beta-oxidation of fatty acids; null mutant is defective in prostaglandin E2 biosynthesis and shows reduced virulence in <i>C. elegans</i>,2,EC:1.3.3.6,0.046567992
B9J08_001740 POX1-3 CGDID:CAL0000219777 COORDS:Chr1_C_auris_B8441:451461-453587W (2127 nucleotides) translated using codon table 12 (708 amino acids) Verified ORF; Putative acyl-CoA oxidase involved in beta-oxidation of fatty acids; null mutant is defective in prostaglandin E2 biosynthesis and shows reduced virulence in <i>C. elegans</i>,3,Acyl-CoA oxidase,0.041622065
B9J08_001740 POX1-3 CGDID:CAL0000219777 COORDS:Chr1_C_auris_B8441:451461-453587W (2127 nucleotides) translated using codon table 12 (708 amino acids) Verified ORF; Putative acyl-CoA oxidase involved in beta-oxidation of fatty acids; null mutant is defective in prostaglandin E2 biosynthesis and shows reduced virulence in <i>C. elegans</i>,4,Peroxisomal acyl-coenzyme A oxidase 1,0.001424452
B9J08_001740 POX1-3 CGDID:CAL0000219777 COORDS:Chr1_C_auris_B8441:451461-453587W (2127 nucleotides) translated using codon table 12 (708 amino acids) Verified ORF; Putative acyl-CoA oxidase involved in beta-oxidation of fatty acids; null mutant is defective in prostaglandin E2 biosynthesis and shows reduced virulence in <i>C. elegans</i>,5,Acyl-coenzyme A oxidase 2,0.001153345
B9J08_001740 POX1-3 CGDID:CAL0000219777 COORDS:Chr1_C_auris_B8441:451461-453587W (2127 nucleotides) translated using codon table 12 (708 amino acids) Verified ORF; Putative acyl-CoA oxidase involved in beta-oxidation of fatty acids; null mutant is defective in prostaglandin E2 biosynthesis and shows reduced virulence in <i>C. elegans</i>,6,Acyl-coenzyme A oxidase 1,0.000603969
B9J08_001740 POX1-3 CGDID:CAL0000219777 COORDS:Chr1_C_auris_B8441:451461-453587W (2127 nucleotides) translated using codon table 12 (708 amino acids) Verified ORF; Putative acyl-CoA oxidase involved in beta-oxidation of fatty acids; null mutant is defective in prostaglandin E2 biosynthesis and shows reduced virulence in <i>C. elegans</i>,7,Long-chain acyl-CoA oxidase,0.00054919
B9J08_001740 POX1-3 CGDID:CAL0000219777 COORDS:Chr1_C_auris_B8441:451461-453587W (2127 nucleotides) translated using codon table 12 (708 amino acids) Verified ORF; Putative acyl-CoA oxidase involved in beta-oxidation of fatty acids; null mutant is defective in prostaglandin E2 biosynthesis and shows reduced virulence in <i>C. elegans</i>,8,Acyl-coenzyme A oxidase-like protein,0.000389639
B9J08_001740 POX1-3 CGDID:CAL0000219777 COORDS:Chr1_C_auris_B8441:451461-453587W (2127 nucleotides) translated using codon table 12 (708 amino acids) Verified ORF; Putative acyl-CoA oxidase involved in beta-oxidation of fatty acids; null mutant is defective in prostaglandin E2 biosynthesis and shows reduced virulence in <i>C. elegans</i>,9,Peroxisomal acyl-coenzyme A oxidase,0.000368699
B9J08_001740 POX1-3 CGDID:CAL0000219777 COORDS:Chr1_C_auris_B8441:451461-453587W (2127 nucleotides) translated using codon table 12 (708 amino acids) Verified ORF; Putative acyl-CoA oxidase involved in beta-oxidation of fatty acids; null mutant is defective in prostaglandin E2 biosynthesis and shows reduced virulence in <i>C. elegans</i>,10,"Acyl-coenzyme A oxidase 1, peroxisomal",0.000325747
B9J08_001936 YHD3 CGDID:CAL0000222321 COORDS:Chr1_C_auris_B8441:862910-864454W (1545 nucleotides) translated using codon table 12 (514 amino acids) Verified ORF; Putative transmembrane transporter; upregulated in mature biofilms,1,MFS domain-containing protein,0.613836515
B9J08_001936 YHD3 CGDID:CAL0000222321 COORDS:Chr1_C_auris_B8441:862910-864454W (1545 nucleotides) translated using codon table 12 (514 amino acids) Verified ORF; Putative transmembrane transporter; upregulated in mature biofilms,2,Major facilitator superfamily-domain-containing protein,0.063811065
B9J08_001936 YHD3 CGDID:CAL0000222321 COORDS:Chr1_C_auris_B8441:862910-864454W (1545 nucleotides) translated using codon table 12 (514 amino acids) Verified ORF; Putative transmembrane transporter; upregulated in mature biofilms,3,MFS general substrate transporter,0.062118373
B9J08_001936 YHD3 CGDID:CAL0000222321 COORDS:Chr1_C_auris_B8441:862910-864454W (1545 nucleotides) translated using codon table 12 (514 amino acids) Verified ORF; Putative transmembrane transporter; upregulated in mature biofilms,4,MFS transporter of unkown specificity,0.040917195
B9J08_001936 YHD3 CGDID:CAL0000222321 COORDS:Chr1_C_auris_B8441:862910-864454W (1545 nucleotides) translated using codon table 12 (514 amino acids) Verified ORF; Putative transmembrane transporter; upregulated in mature biofilms,5,Major facilitator superfamily transporter,0.034599711
B9J08_001936 YHD3 CGDID:CAL0000222321 COORDS:Chr1_C_auris_B8441:862910-864454W (1545 nucleotides) translated using codon table 12 (514 amino acids) Verified ORF; Putative transmembrane transporter; upregulated in mature biofilms,6,Drug resistance protein,0.018690594
B9J08_001936 YHD3 CGDID:CAL0000222321 COORDS:Chr1_C_auris_B8441:862910-864454W (1545 nucleotides) translated using codon table 12 (514 amino acids) Verified ORF; Putative transmembrane transporter; upregulated in mature biofilms,7,Major facilitator superfamily domain-containing protein,0.018311325
B9J08_001936 YHD3 CGDID:CAL0000222321 COORDS:Chr1_C_auris_B8441:862910-864454W (1545 nucleotides) translated using codon table 12 (514 amino acids) Verified ORF; Putative transmembrane transporter; upregulated in mature biofilms,8,Major facilitator superfamily MFS-1,0.017239654
B9J08_001936 YHD3 CGDID:CAL0000222321 COORDS:Chr1_C_auris_B8441:862910-864454W (1545 nucleotides) translated using codon table 12 (514 amino acids) Verified ORF; Putative transmembrane transporter; upregulated in mature biofilms,9,Drug resistance protein YOR378W,0.008885049
B9J08_001936 YHD3 CGDID:CAL0000222321 COORDS:Chr1_C_auris_B8441:862910-864454W (1545 nucleotides) translated using codon table 12 (514 amino acids) Verified ORF; Putative transmembrane transporter; upregulated in mature biofilms,10,MFS-type transporter,0.007954403
B9J08_002646 HXT5 CGDID:CAL0000219073 COORDS:Chr1_C_auris_B8441:1070405-1072039C (1635 nucleotides) translated using codon table 12 (544 amino acids) Verified ORF; Putative sugar transporter containing transmembrane domains,1,MFS domain-containing protein,0.495331138
B9J08_002646 HXT5 CGDID:CAL0000219073 COORDS:Chr1_C_auris_B8441:1070405-1072039C (1635 nucleotides) translated using codon table 12 (544 amino acids) Verified ORF; Putative sugar transporter containing transmembrane domains,2,General substrate transporter,0.072346605
B9J08_002646 HXT5 CGDID:CAL0000219073 COORDS:Chr1_C_auris_B8441:1070405-1072039C (1635 nucleotides) translated using codon table 12 (544 amino acids) Verified ORF; Putative sugar transporter containing transmembrane domains,3,MFS sugar transporter,0.039799581
B9J08_002646 HXT5 CGDID:CAL0000219073 COORDS:Chr1_C_auris_B8441:1070405-1072039C (1635 nucleotides) translated using codon table 12 (544 amino acids) Verified ORF; Putative sugar transporter containing transmembrane domains,4,Metabolite transport protein,0.02674822
B9J08_002646 HXT5 CGDID:CAL0000219073 COORDS:Chr1_C_auris_B8441:1070405-1072039C (1635 nucleotides) translated using codon table 12 (544 amino acids) Verified ORF; Putative sugar transporter containing transmembrane domains,5,Metabolite transport protein YwtG,0.023210003
B9J08_002646 HXT5 CGDID:CAL0000219073 COORDS:Chr1_C_auris_B8441:1070405-1072039C (1635 nucleotides) translated using codon table 12 (544 amino acids) Verified ORF; Putative sugar transporter containing transmembrane domains,6,MFS general substrate transporter,0.017242466
B9J08_002646 HXT5 CGDID:CAL0000219073 COORDS:Chr1_C_auris_B8441:1070405-1072039C (1635 nucleotides) translated using codon table 12 (544 amino acids) Verified ORF; Putative sugar transporter containing transmembrane domains,7,"MFS transporter, SP family, major inositol transporter",0.016471017
B9J08_002646 HXT5 CGDID:CAL0000219073 COORDS:Chr1_C_auris_B8441:1070405-1072039C (1635 nucleotides) translated using codon table 12 (544 amino acids) Verified ORF; Putative sugar transporter containing transmembrane domains,8,MFS transporter,0.012293976
B9J08_002646 HXT5 CGDID:CAL0000219073 COORDS:Chr1_C_auris_B8441:1070405-1072039C (1635 nucleotides) translated using codon table 12 (544 amino acids) Verified ORF; Putative sugar transporter containing transmembrane domains,9,Sugar transporter,0.011585354
B9J08_002646 HXT5 CGDID:CAL0000219073 COORDS:Chr1_C_auris_B8441:1070405-1072039C (1635 nucleotides) translated using codon table 12 (544 amino acids) Verified ORF; Putative sugar transporter containing transmembrane domains,10,Related to myo-inositol transport protein ITR1,0.007427996
B9J08_002660 HGT17 CGDID:CAL0000217327 COORDS:Chr1_C_auris_B8441:1103752-1105901W (2150 nucleotides) translated using codon table 12 (639 amino acids) Verified ORF; Putative sugar transporter containing transmembrane domains,1,MFS domain-containing protein,0.749805376
B9J08_002660 HGT17 CGDID:CAL0000217327 COORDS:Chr1_C_auris_B8441:1103752-1105901W (2150 nucleotides) translated using codon table 12 (639 amino acids) Verified ORF; Putative sugar transporter containing transmembrane domains,2,Quinate permease,0.033587472
B9J08_002660 HGT17 CGDID:CAL0000217327 COORDS:Chr1_C_auris_B8441:1103752-1105901W (2150 nucleotides) translated using codon table 12 (639 amino acids) Verified ORF; Putative sugar transporter containing transmembrane domains,3,General substrate transporter,0.01695844
B9J08_002660 HGT17 CGDID:CAL0000217327 COORDS:Chr1_C_auris_B8441:1103752-1105901W (2150 nucleotides) translated using codon table 12 (639 amino acids) Verified ORF; Putative sugar transporter containing transmembrane domains,4,Sugar transporter,0.015955452
B9J08_002660 HGT17 CGDID:CAL0000217327 COORDS:Chr1_C_auris_B8441:1103752-1105901W (2150 nucleotides) translated using codon table 12 (639 amino acids) Verified ORF; Putative sugar transporter containing transmembrane domains,5,Hexose transporter,0.010065756
B9J08_002660 HGT17 CGDID:CAL0000217327 COORDS:Chr1_C_auris_B8441:1103752-1105901W (2150 nucleotides) translated using codon table 12 (639 amino acids) Verified ORF; Putative sugar transporter containing transmembrane domains,6,Sugar/inositol transporter,0.008247707
B9J08_002660 HGT17 CGDID:CAL0000217327 COORDS:Chr1_C_auris_B8441:1103752-1105901W (2150 nucleotides) translated using codon table 12 (639 amino acids) Verified ORF; Putative sugar transporter containing transmembrane domains,7,Major facilitator superfamily protein,0.007348882
B9J08_002660 HGT17 CGDID:CAL0000217327 COORDS:Chr1_C_auris_B8441:1103752-1105901W (2150 nucleotides) translated using codon table 12 (639 amino acids) Verified ORF; Putative sugar transporter containing transmembrane domains,8,Hexose carrier protein HEX6,0.007145362
B9J08_002660 HGT17 CGDID:CAL0000217327 COORDS:Chr1_C_auris_B8441:1103752-1105901W (2150 nucleotides) translated using codon table 12 (639 amino acids) Verified ORF; Putative sugar transporter containing transmembrane domains,9,Sugar porter (SP) family MFS transporter,0.006719405
B9J08_002660 HGT17 CGDID:CAL0000217327 COORDS:Chr1_C_auris_B8441:1103752-1105901W (2150 nucleotides) translated using codon table 12 (639 amino acids) Verified ORF; Putative sugar transporter containing transmembrane domains,10,Hexose carrier protein HEX6-like,0.004783628
B9J08_002788 TPK2 CGDID:CAL0000220377 COORDS:Chr1_C_auris_B8441:1376958-1378304C (1347 nucleotides) translated using codon table 12 (448 amino acids) Verified ORF; Predicted catalytic subunit of cAMP-dependent protein kinase,1,CAMP-dependent protein kinase type 2,0.337964859
B9J08_002788 TPK2 CGDID:CAL0000220377 COORDS:Chr1_C_auris_B8441:1376958-1378304C (1347 nucleotides) translated using codon table 12 (448 amino acids) Verified ORF; Predicted catalytic subunit of cAMP-dependent protein kinase,2,CAMP-dependent protein kinase catalytic subunit,0.073724862
B9J08_002788 TPK2 CGDID:CAL0000220377 COORDS:Chr1_C_auris_B8441:1376958-1378304C (1347 nucleotides) translated using codon table 12 (448 amino acids) Verified ORF; Predicted catalytic subunit of cAMP-dependent protein kinase,3,Kinase-like protein,0.071389715
B9J08_002788 TPK2 CGDID:CAL0000220377 COORDS:Chr1_C_auris_B8441:1376958-1378304C (1347 nucleotides) translated using codon table 12 (448 amino acids) Verified ORF; Predicted catalytic subunit of cAMP-dependent protein kinase,4,Pkinase-domain-containing protein,0.05565083
B9J08_002788 TPK2 CGDID:CAL0000220377 COORDS:Chr1_C_auris_B8441:1376958-1378304C (1347 nucleotides) translated using codon table 12 (448 amino acids) Verified ORF; Predicted catalytic subunit of cAMP-dependent protein kinase,5,Catalytic subunit of cAMP-dependent protein kinase,0.049445777
B9J08_002788 TPK2 CGDID:CAL0000220377 COORDS:Chr1_C_auris_B8441:1376958-1378304C (1347 nucleotides) translated using codon table 12 (448 amino acids) Verified ORF; Predicted catalytic subunit of cAMP-dependent protein kinase,6,CAMP-dependent protein kinase type 1,0.025811141
B9J08_002788 TPK2 CGDID:CAL0000220377 COORDS:Chr1_C_auris_B8441:1376958-1378304C (1347 nucleotides) translated using codon table 12 (448 amino acids) Verified ORF; Predicted catalytic subunit of cAMP-dependent protein kinase,7,Tpk2p,0.025527614
B9J08_002788 TPK2 CGDID:CAL0000220377 COORDS:Chr1_C_auris_B8441:1376958-1378304C (1347 nucleotides) translated using codon table 12 (448 amino acids) Verified ORF; Predicted catalytic subunit of cAMP-dependent protein kinase,8,EC:2.7.11.11,0.020455388
B9J08_002788 TPK2 CGDID:CAL0000220377 COORDS:Chr1_C_auris_B8441:1376958-1378304C (1347 nucleotides) translated using codon table 12 (448 amino acids) Verified ORF; Predicted catalytic subunit of cAMP-dependent protein kinase,9,Kinase-like domain-containing protein,0.020174299
B9J08_002788 TPK2 CGDID:CAL0000220377 COORDS:Chr1_C_auris_B8441:1376958-1378304C (1347 nucleotides) translated using codon table 12 (448 amino acids) Verified ORF; Predicted catalytic subunit of cAMP-dependent protein kinase,10,CAMP-dependent protein kinase type 3,0.016150859
B9J08_002798 OLE2 CGDID:CAL0000222331 COORDS:Chr1_C_auris_B8441:1403057-1404559W (1503 nucleotides) translated using codon table 12 (500 amino acids) Verified ORF; Putative fatty acid desaturase; null mutant is defective in prostaglandin E2 biosynthesis and shows reduced virulence in <i>C. elegans</i>,1,EC:1.14.19.1,0.479620418
B9J08_002798 OLE2 CGDID:CAL0000222331 COORDS:Chr1_C_auris_B8441:1403057-1404559W (1503 nucleotides) translated using codon table 12 (500 amino acids) Verified ORF; Putative fatty acid desaturase; null mutant is defective in prostaglandin E2 biosynthesis and shows reduced virulence in <i>C. elegans</i>,2,Acyl-CoA desaturase,0.474556205
B9J08_002798 OLE2 CGDID:CAL0000222331 COORDS:Chr1_C_auris_B8441:1403057-1404559W (1503 nucleotides) translated using codon table 12 (500 amino acids) Verified ORF; Putative fatty acid desaturase; null mutant is defective in prostaglandin E2 biosynthesis and shows reduced virulence in <i>C. elegans</i>,3,Cytochrome b5 heme-binding domain-containing protein,0.011459377
B9J08_002798 OLE2 CGDID:CAL0000222331 COORDS:Chr1_C_auris_B8441:1403057-1404559W (1503 nucleotides) translated using codon table 12 (500 amino acids) Verified ORF; Putative fatty acid desaturase; null mutant is defective in prostaglandin E2 biosynthesis and shows reduced virulence in <i>C. elegans</i>,4,Stearoyl-CoA desaturase,0.004716294
B9J08_002798 OLE2 CGDID:CAL0000222331 COORDS:Chr1_C_auris_B8441:1403057-1404559W (1503 nucleotides) translated using codon table 12 (500 amino acids) Verified ORF; Putative fatty acid desaturase; null mutant is defective in prostaglandin E2 biosynthesis and shows reduced virulence in <i>C. elegans</i>,5,Fatty acid desaturase,0.002954848
B9J08_002798 OLE2 CGDID:CAL0000222331 COORDS:Chr1_C_auris_B8441:1403057-1404559W (1503 nucleotides) translated using codon table 12 (500 amino acids) Verified ORF; Putative fatty acid desaturase; null mutant is defective in prostaglandin E2 biosynthesis and shows reduced virulence in <i>C. elegans</i>,6,Stearoyl-CoA desaturase (Delta-9 desaturase),0.00271931
B9J08_002798 OLE2 CGDID:CAL0000222331 COORDS:Chr1_C_auris_B8441:1403057-1404559W (1503 nucleotides) translated using codon table 12 (500 amino acids) Verified ORF; Putative fatty acid desaturase; null mutant is defective in prostaglandin E2 biosynthesis and shows reduced virulence in <i>C. elegans</i>,7,Linoleoyl-CoA desaturase,0.000841027
B9J08_002798 OLE2 CGDID:CAL0000222331 COORDS:Chr1_C_auris_B8441:1403057-1404559W (1503 nucleotides) translated using codon table 12 (500 amino acids) Verified ORF; Putative fatty acid desaturase; null mutant is defective in prostaglandin E2 biosynthesis and shows reduced virulence in <i>C. elegans</i>,8,Delta(8)-fatty-acid desaturase,0.000768047
B9J08_002798 OLE2 CGDID:CAL0000222331 COORDS:Chr1_C_auris_B8441:1403057-1404559W (1503 nucleotides) translated using codon table 12 (500 amino acids) Verified ORF; Putative fatty acid desaturase; null mutant is defective in prostaglandin E2 biosynthesis and shows reduced virulence in <i>C. elegans</i>,9,Delta(9)-desaturase,0.00064511
B9J08_002798 OLE2 CGDID:CAL0000222331 COORDS:Chr1_C_auris_B8441:1403057-1404559W (1503 nucleotides) translated using codon table 12 (500 amino acids) Verified ORF; Putative fatty acid desaturase; null mutant is defective in prostaglandin E2 biosynthesis and shows reduced virulence in <i>C. elegans</i>,10,Delta-9 fatty acid desaturase,0.000513009
"B9J08_002818 BCY1 CGDID:CAL0000222309 COORDS:Chr1_C_auris_B8441:1431472-1432794C (1323 nucleotides) translated using codon table 12 (440 amino acids) Verified ORF; Predicted protein kinase A regulatory subunit; insertion mutant shows defects in adhesion, possibly due to dysregulation of SCF1",1,CAMP-dependent protein kinase regulatory subunit,0.933070079
"B9J08_002818 BCY1 CGDID:CAL0000222309 COORDS:Chr1_C_auris_B8441:1431472-1432794C (1323 nucleotides) translated using codon table 12 (440 amino acids) Verified ORF; Predicted protein kinase A regulatory subunit; insertion mutant shows defects in adhesion, possibly due to dysregulation of SCF1",2,PKA regulatory subunit,0.019269236
"B9J08_002818 BCY1 CGDID:CAL0000222309 COORDS:Chr1_C_auris_B8441:1431472-1432794C (1323 nucleotides) translated using codon table 12 (440 amino acids) Verified ORF; Predicted protein kinase A regulatory subunit; insertion mutant shows defects in adhesion, possibly due to dysregulation of SCF1",3,EC:2.7.11.11,0.012310566
"B9J08_002818 BCY1 CGDID:CAL0000222309 COORDS:Chr1_C_auris_B8441:1431472-1432794C (1323 nucleotides) translated using codon table 12 (440 amino acids) Verified ORF; Predicted protein kinase A regulatory subunit; insertion mutant shows defects in adhesion, possibly due to dysregulation of SCF1",4,Camp-dependent protein kinase regulatory subunit,0.006369782
"B9J08_002818 BCY1 CGDID:CAL0000222309 COORDS:Chr1_C_auris_B8441:1431472-1432794C (1323 nucleotides) translated using codon table 12 (440 amino acids) Verified ORF; Predicted protein kinase A regulatory subunit; insertion mutant shows defects in adhesion, possibly due to dysregulation of SCF1",5,EC:2.7.11.12,0.002122332
"B9J08_002818 BCY1 CGDID:CAL0000222309 COORDS:Chr1_C_auris_B8441:1431472-1432794C (1323 nucleotides) translated using codon table 12 (440 amino acids) Verified ORF; Predicted protein kinase A regulatory subunit; insertion mutant shows defects in adhesion, possibly due to dysregulation of SCF1",6,Protein kinase cAMP-dependent type II regulatory subunit,0.001256628
"B9J08_002818 BCY1 CGDID:CAL0000222309 COORDS:Chr1_C_auris_B8441:1431472-1432794C (1323 nucleotides) translated using codon table 12 (440 amino acids) Verified ORF; Predicted protein kinase A regulatory subunit; insertion mutant shows defects in adhesion, possibly due to dysregulation of SCF1",7,Protein kinase cAMP-dependent type II regulatory subunit beta,0.001151585
"B9J08_002818 BCY1 CGDID:CAL0000222309 COORDS:Chr1_C_auris_B8441:1431472-1432794C (1323 nucleotides) translated using codon table 12 (440 amino acids) Verified ORF; Predicted protein kinase A regulatory subunit; insertion mutant shows defects in adhesion, possibly due to dysregulation of SCF1",8,Cyclic nucleotide-binding-protein,0.001095686
"B9J08_002818 BCY1 CGDID:CAL0000222309 COORDS:Chr1_C_auris_B8441:1431472-1432794C (1323 nucleotides) translated using codon table 12 (440 amino acids) Verified ORF; Predicted protein kinase A regulatory subunit; insertion mutant shows defects in adhesion, possibly due to dysregulation of SCF1",9,Protein kinase,0.000979018
"B9J08_002818 BCY1 CGDID:CAL0000222309 COORDS:Chr1_C_auris_B8441:1431472-1432794C (1323 nucleotides) translated using codon table 12 (440 amino acids) Verified ORF; Predicted protein kinase A regulatory subunit; insertion mutant shows defects in adhesion, possibly due to dysregulation of SCF1",10,Cyclic nucleotide-binding-like protein,0.000868467
B9J08_002834 EFG1 CGDID:CAL0000217821 COORDS:Chr1_C_auris_B8441:1468052-1469539W (1488 nucleotides) translated using codon table 12 (495 amino acids) Verified ORF; Putative transcription factor; appears to repress white to brown morphogenic switching; null mutant has the brown form,1,HTH APSES-type domain-containing protein,0.54805317
B9J08_002834 EFG1 CGDID:CAL0000217821 COORDS:Chr1_C_auris_B8441:1468052-1469539W (1488 nucleotides) translated using codon table 12 (495 amino acids) Verified ORF; Putative transcription factor; appears to repress white to brown morphogenic switching; null mutant has the brown form,2,Apses-domain-containing protein,0.073297359
B9J08_002834 EFG1 CGDID:CAL0000217821 COORDS:Chr1_C_auris_B8441:1468052-1469539W (1488 nucleotides) translated using codon table 12 (495 amino acids) Verified ORF; Putative transcription factor; appears to repress white to brown morphogenic switching; null mutant has the brown form,3,Stunted protein A,0.015736461
B9J08_002834 EFG1 CGDID:CAL0000217821 COORDS:Chr1_C_auris_B8441:1468052-1469539W (1488 nucleotides) translated using codon table 12 (495 amino acids) Verified ORF; Putative transcription factor; appears to repress white to brown morphogenic switching; null mutant has the brown form,4,KilA-N domain-containing protein,0.013234821
B9J08_002834 EFG1 CGDID:CAL0000217821 COORDS:Chr1_C_auris_B8441:1468052-1469539W (1488 nucleotides) translated using codon table 12 (495 amino acids) Verified ORF; Putative transcription factor; appears to repress white to brown morphogenic switching; null mutant has the brown form,5,Transcription factor,0.011997459
B9J08_002834 EFG1 CGDID:CAL0000217821 COORDS:Chr1_C_auris_B8441:1468052-1469539W (1488 nucleotides) translated using codon table 12 (495 amino acids) Verified ORF; Putative transcription factor; appears to repress white to brown morphogenic switching; null mutant has the brown form,6,Enhanced filamentous growth protein,0.009751907
B9J08_002834 EFG1 CGDID:CAL0000217821 COORDS:Chr1_C_auris_B8441:1468052-1469539W (1488 nucleotides) translated using codon table 12 (495 amino acids) Verified ORF; Putative transcription factor; appears to repress white to brown morphogenic switching; null mutant has the brown form,7,Cell pattern formation-associated protein stuA,0.008514136
B9J08_002834 EFG1 CGDID:CAL0000217821 COORDS:Chr1_C_auris_B8441:1468052-1469539W (1488 nucleotides) translated using codon table 12 (495 amino acids) Verified ORF; Putative transcription factor; appears to repress white to brown morphogenic switching; null mutant has the brown form,8,Transcriptional regulator,0.007647133
B9J08_002834 EFG1 CGDID:CAL0000217821 COORDS:Chr1_C_auris_B8441:1468052-1469539W (1488 nucleotides) translated using codon table 12 (495 amino acids) Verified ORF; Putative transcription factor; appears to repress white to brown morphogenic switching; null mutant has the brown form,9,Related to ascospore maturation 1 protein,0.007290003
B9J08_002834 EFG1 CGDID:CAL0000217821 COORDS:Chr1_C_auris_B8441:1468052-1469539W (1488 nucleotides) translated using codon table 12 (495 amino acids) Verified ORF; Putative transcription factor; appears to repress white to brown morphogenic switching; null mutant has the brown form,10,Enhanced filamentous growth protein 1,0.005533498
"B9J08_002840 MSN4 CGDID:CAL0000221309 COORDS:Chr1_C_auris_B8441:1483164-1484921W (1758 nucleotides) translated using codon table 12 (585 amino acids) Verified ORF; Putative transcription factor with a role in white to brown phenotypic switching; null mutant shows delayed and decreased switching from white to brown, while overexpression increases switching",1,C2H2-type domain-containing protein,0.186048739
"B9J08_002840 MSN4 CGDID:CAL0000221309 COORDS:Chr1_C_auris_B8441:1483164-1484921W (1758 nucleotides) translated using codon table 12 (585 amino acids) Verified ORF; Putative transcription factor with a role in white to brown phenotypic switching; null mutant shows delayed and decreased switching from white to brown, while overexpression increases switching",2,C2H2 finger domain-containing protein,0.067257701
"B9J08_002840 MSN4 CGDID:CAL0000221309 COORDS:Chr1_C_auris_B8441:1483164-1484921W (1758 nucleotides) translated using codon table 12 (585 amino acids) Verified ORF; Putative transcription factor with a role in white to brown phenotypic switching; null mutant shows delayed and decreased switching from white to brown, while overexpression increases switching",3,"Zinc finger, C2H2",0.063315072
"B9J08_002840 MSN4 CGDID:CAL0000221309 COORDS:Chr1_C_auris_B8441:1483164-1484921W (1758 nucleotides) translated using codon table 12 (585 amino acids) Verified ORF; Putative transcription factor with a role in white to brown phenotypic switching; null mutant shows delayed and decreased switching from white to brown, while overexpression increases switching",4,Transcriptional regulator CRZ1,0.056539132
"B9J08_002840 MSN4 CGDID:CAL0000221309 COORDS:Chr1_C_auris_B8441:1483164-1484921W (1758 nucleotides) translated using codon table 12 (585 amino acids) Verified ORF; Putative transcription factor with a role in white to brown phenotypic switching; null mutant shows delayed and decreased switching from white to brown, while overexpression increases switching",5,Transcription factor,0.027236843
"B9J08_002840 MSN4 CGDID:CAL0000221309 COORDS:Chr1_C_auris_B8441:1483164-1484921W (1758 nucleotides) translated using codon table 12 (585 amino acids) Verified ORF; Putative transcription factor with a role in white to brown phenotypic switching; null mutant shows delayed and decreased switching from white to brown, while overexpression increases switching",6,C2H2 finger domain protein,0.019893704
"B9J08_002840 MSN4 CGDID:CAL0000221309 COORDS:Chr1_C_auris_B8441:1483164-1484921W (1758 nucleotides) translated using codon table 12 (585 amino acids) Verified ORF; Putative transcription factor with a role in white to brown phenotypic switching; null mutant shows delayed and decreased switching from white to brown, while overexpression increases switching",7,Zn(2)-C6 fungal-type domain-containing protein,0.016333614
"B9J08_002840 MSN4 CGDID:CAL0000221309 COORDS:Chr1_C_auris_B8441:1483164-1484921W (1758 nucleotides) translated using codon table 12 (585 amino acids) Verified ORF; Putative transcription factor with a role in white to brown phenotypic switching; null mutant shows delayed and decreased switching from white to brown, while overexpression increases switching",8,Zinc finger protein,0.014976379
"B9J08_002840 MSN4 CGDID:CAL0000221309 COORDS:Chr1_C_auris_B8441:1483164-1484921W (1758 nucleotides) translated using codon table 12 (585 amino acids) Verified ORF; Putative transcription factor with a role in white to brown phenotypic switching; null mutant shows delayed and decreased switching from white to brown, while overexpression increases switching",9,C2h2 finger domain-containing protein,0.012065535
"B9J08_002840 MSN4 CGDID:CAL0000221309 COORDS:Chr1_C_auris_B8441:1483164-1484921W (1758 nucleotides) translated using codon table 12 (585 amino acids) Verified ORF; Putative transcription factor with a role in white to brown phenotypic switching; null mutant shows delayed and decreased switching from white to brown, while overexpression increases switching",10,C2H2 type zinc finger containing protein,0.010742987
B9J08_002847 FOX2 CGDID:CAL0000217547 COORDS:Chr1_C_auris_B8441:1500159-1502882W (2724 nucleotides) translated using codon table 12 (907 amino acids) Verified ORF; Protein that appears to be required for <i>C. auris</i> to grow well on skin; null mutant shows a strong growth defect under skin-like conditions; orthologs have 3-hydroxyacyl-CoA dehydrogenase and enoyl-CoA hydratase activity,1,Peroxisomal hydratase-dehydrogenase-epimerase,0.369693451
B9J08_002847 FOX2 CGDID:CAL0000217547 COORDS:Chr1_C_auris_B8441:1500159-1502882W (2724 nucleotides) translated using codon table 12 (907 amino acids) Verified ORF; Protein that appears to be required for <i>C. auris</i> to grow well on skin; null mutant shows a strong growth defect under skin-like conditions; orthologs have 3-hydroxyacyl-CoA dehydrogenase and enoyl-CoA hydratase activity,2,MaoC-like domain-containing protein,0.261890581
B9J08_002847 FOX2 CGDID:CAL0000217547 COORDS:Chr1_C_auris_B8441:1500159-1502882W (2724 nucleotides) translated using codon table 12 (907 amino acids) Verified ORF; Protein that appears to be required for <i>C. auris</i> to grow well on skin; null mutant shows a strong growth defect under skin-like conditions; orthologs have 3-hydroxyacyl-CoA dehydrogenase and enoyl-CoA hydratase activity,3,Peroxisomal multifunctional enzyme type 2,0.042380628
B9J08_002847 FOX2 CGDID:CAL0000217547 COORDS:Chr1_C_auris_B8441:1500159-1502882W (2724 nucleotides) translated using codon table 12 (907 amino acids) Verified ORF; Protein that appears to be required for <i>C. auris</i> to grow well on skin; null mutant shows a strong growth defect under skin-like conditions; orthologs have 3-hydroxyacyl-CoA dehydrogenase and enoyl-CoA hydratase activity,4,Multifunctional beta-oxidation protein-like protein,0.017426235
B9J08_002847 FOX2 CGDID:CAL0000217547 COORDS:Chr1_C_auris_B8441:1500159-1502882W (2724 nucleotides) translated using codon table 12 (907 amino acids) Verified ORF; Protein that appears to be required for <i>C. auris</i> to grow well on skin; null mutant shows a strong growth defect under skin-like conditions; orthologs have 3-hydroxyacyl-CoA dehydrogenase and enoyl-CoA hydratase activity,5,NAD(P)-binding protein,0.015700544
B9J08_002847 FOX2 CGDID:CAL0000217547 COORDS:Chr1_C_auris_B8441:1500159-1502882W (2724 nucleotides) translated using codon table 12 (907 amino acids) Verified ORF; Protein that appears to be required for <i>C. auris</i> to grow well on skin; null mutant shows a strong growth defect under skin-like conditions; orthologs have 3-hydroxyacyl-CoA dehydrogenase and enoyl-CoA hydratase activity,6,Multifunctional beta-oxidation protein,0.013534038
B9J08_002847 FOX2 CGDID:CAL0000217547 COORDS:Chr1_C_auris_B8441:1500159-1502882W (2724 nucleotides) translated using codon table 12 (907 amino acids) Verified ORF; Protein that appears to be required for <i>C. auris</i> to grow well on skin; null mutant shows a strong growth defect under skin-like conditions; orthologs have 3-hydroxyacyl-CoA dehydrogenase and enoyl-CoA hydratase activity,7,Peroxisomal multifunctional beta-oxidation protein,0.008121739
B9J08_002847 FOX2 CGDID:CAL0000217547 COORDS:Chr1_C_auris_B8441:1500159-1502882W (2724 nucleotides) translated using codon table 12 (907 amino acids) Verified ORF; Protein that appears to be required for <i>C. auris</i> to grow well on skin; null mutant shows a strong growth defect under skin-like conditions; orthologs have 3-hydroxyacyl-CoA dehydrogenase and enoyl-CoA hydratase activity,8,(pine wood nematode) hypothetical protein,0.007390268
B9J08_002847 FOX2 CGDID:CAL0000217547 COORDS:Chr1_C_auris_B8441:1500159-1502882W (2724 nucleotides) translated using codon table 12 (907 amino acids) Verified ORF; Protein that appears to be required for <i>C. auris</i> to grow well on skin; null mutant shows a strong growth defect under skin-like conditions; orthologs have 3-hydroxyacyl-CoA dehydrogenase and enoyl-CoA hydratase activity,9,Peroxisomal hydratase-dehydrogenase-epimerase-like protein,0.004852229
B9J08_002847 FOX2 CGDID:CAL0000217547 COORDS:Chr1_C_auris_B8441:1500159-1502882W (2724 nucleotides) translated using codon table 12 (907 amino acids) Verified ORF; Protein that appears to be required for <i>C. auris</i> to grow well on skin; null mutant shows a strong growth defect under skin-like conditions; orthologs have 3-hydroxyacyl-CoA dehydrogenase and enoyl-CoA hydratase activity,10,Peroxisomal hydratase-dehydrogenase-epimerase-like,0.004651647
B9J08_002849 ELM1 CGDID:CAL0000221273 COORDS:Chr1_C_auris_B8441:1506137-1508251C (2115 nucleotides) translated using codon table 12 (704 amino acids) Verified ORF; Predicted protein serine/threonine kinase; involved in regulation of cell morphology; null mutant shows increased filamentation but decreased fungal load in a murine intradermal model,1,Protein kinase domain-containing protein,0.548428049
B9J08_002849 ELM1 CGDID:CAL0000221273 COORDS:Chr1_C_auris_B8441:1506137-1508251C (2115 nucleotides) translated using codon table 12 (704 amino acids) Verified ORF; Predicted protein serine/threonine kinase; involved in regulation of cell morphology; null mutant shows increased filamentation but decreased fungal load in a murine intradermal model,2,Serine/threonine-protein kinase,0.038084309
B9J08_002849 ELM1 CGDID:CAL0000221273 COORDS:Chr1_C_auris_B8441:1506137-1508251C (2115 nucleotides) translated using codon table 12 (704 amino acids) Verified ORF; Predicted protein serine/threonine kinase; involved in regulation of cell morphology; null mutant shows increased filamentation but decreased fungal load in a murine intradermal model,3,EC:2.7.11.1,0.03785117
B9J08_002849 ELM1 CGDID:CAL0000221273 COORDS:Chr1_C_auris_B8441:1506137-1508251C (2115 nucleotides) translated using codon table 12 (704 amino acids) Verified ORF; Predicted protein serine/threonine kinase; involved in regulation of cell morphology; null mutant shows increased filamentation but decreased fungal load in a murine intradermal model,4,Serine/threonine-protein kinase ssp1,0.032632261
B9J08_002849 ELM1 CGDID:CAL0000221273 COORDS:Chr1_C_auris_B8441:1506137-1508251C (2115 nucleotides) translated using codon table 12 (704 amino acids) Verified ORF; Predicted protein serine/threonine kinase; involved in regulation of cell morphology; null mutant shows increased filamentation but decreased fungal load in a murine intradermal model,5,Kinase-like protein,0.027558671
B9J08_002849 ELM1 CGDID:CAL0000221273 COORDS:Chr1_C_auris_B8441:1506137-1508251C (2115 nucleotides) translated using codon table 12 (704 amino acids) Verified ORF; Predicted protein serine/threonine kinase; involved in regulation of cell morphology; null mutant shows increased filamentation but decreased fungal load in a murine intradermal model,6,Pkinase-domain-containing protein,0.020773288
B9J08_002849 ELM1 CGDID:CAL0000221273 COORDS:Chr1_C_auris_B8441:1506137-1508251C (2115 nucleotides) translated using codon table 12 (704 amino acids) Verified ORF; Predicted protein serine/threonine kinase; involved in regulation of cell morphology; null mutant shows increased filamentation but decreased fungal load in a murine intradermal model,7,"Serine/threonine-protein kinase,",0.020082461
B9J08_002849 ELM1 CGDID:CAL0000221273 COORDS:Chr1_C_auris_B8441:1506137-1508251C (2115 nucleotides) translated using codon table 12 (704 amino acids) Verified ORF; Predicted protein serine/threonine kinase; involved in regulation of cell morphology; null mutant shows increased filamentation but decreased fungal load in a murine intradermal model,8,Serine/threonine protein kinase,0.018034708
B9J08_002849 ELM1 CGDID:CAL0000221273 COORDS:Chr1_C_auris_B8441:1506137-1508251C (2115 nucleotides) translated using codon table 12 (704 amino acids) Verified ORF; Predicted protein serine/threonine kinase; involved in regulation of cell morphology; null mutant shows increased filamentation but decreased fungal load in a murine intradermal model,9,CAMK/CAMKL/CHK1 protein kinase,0.011146638
B9J08_002849 ELM1 CGDID:CAL0000221273 COORDS:Chr1_C_auris_B8441:1506137-1508251C (2115 nucleotides) translated using codon table 12 (704 amino acids) Verified ORF; Predicted protein serine/threonine kinase; involved in regulation of cell morphology; null mutant shows increased filamentation but decreased fungal load in a murine intradermal model,10,Protein kinase,0.008803294
"B9J08_003265 PDE2 CGDID:CAL0000217579 COORDS:Chr1_C_auris_B8441:2322973-2324712C (1740 nucleotides) translated using codon table 12 (579 amino acids) Verified ORF; Putative 3',5'-cyclic-AMP phosphodiesterase involved in cAMP catabolism and negative regulation of cAMP-mediated RAS signaling; null mutant is sensitive to heat stress and nutrient limitation, and shows decreased virulence in mice",1,Phosphodiesterase,0.493511556
"B9J08_003265 PDE2 CGDID:CAL0000217579 COORDS:Chr1_C_auris_B8441:2322973-2324712C (1740 nucleotides) translated using codon table 12 (579 amino acids) Verified ORF; Putative 3',5'-cyclic-AMP phosphodiesterase involved in cAMP catabolism and negative regulation of cAMP-mediated RAS signaling; null mutant is sensitive to heat stress and nutrient limitation, and shows decreased virulence in mice",2,EC:3.1.4.-,0.482499391
"B9J08_003265 PDE2 CGDID:CAL0000217579 COORDS:Chr1_C_auris_B8441:2322973-2324712C (1740 nucleotides) translated using codon table 12 (579 amino acids) Verified ORF; Putative 3',5'-cyclic-AMP phosphodiesterase involved in cAMP catabolism and negative regulation of cAMP-mediated RAS signaling; null mutant is sensitive to heat stress and nutrient limitation, and shows decreased virulence in mice",3,PDEase domain-containing protein,0.005527648
"B9J08_003265 PDE2 CGDID:CAL0000217579 COORDS:Chr1_C_auris_B8441:2322973-2324712C (1740 nucleotides) translated using codon table 12 (579 amino acids) Verified ORF; Putative 3',5'-cyclic-AMP phosphodiesterase involved in cAMP catabolism and negative regulation of cAMP-mediated RAS signaling; null mutant is sensitive to heat stress and nutrient limitation, and shows decreased virulence in mice",4,HD-domain/PDEase-like protein,0.001406526
"B9J08_003265 PDE2 CGDID:CAL0000217579 COORDS:Chr1_C_auris_B8441:2322973-2324712C (1740 nucleotides) translated using codon table 12 (579 amino acids) Verified ORF; Putative 3',5'-cyclic-AMP phosphodiesterase involved in cAMP catabolism and negative regulation of cAMP-mediated RAS signaling; null mutant is sensitive to heat stress and nutrient limitation, and shows decreased virulence in mice",5,EC:3.1.4.17,0.001003982
"B9J08_003265 PDE2 CGDID:CAL0000217579 COORDS:Chr1_C_auris_B8441:2322973-2324712C (1740 nucleotides) translated using codon table 12 (579 amino acids) Verified ORF; Putative 3',5'-cyclic-AMP phosphodiesterase involved in cAMP catabolism and negative regulation of cAMP-mediated RAS signaling; null mutant is sensitive to heat stress and nutrient limitation, and shows decreased virulence in mice",6,"3',5'-cyclic-nucleotide phosphodiesterase",0.000989673
"B9J08_003265 PDE2 CGDID:CAL0000217579 COORDS:Chr1_C_auris_B8441:2322973-2324712C (1740 nucleotides) translated using codon table 12 (579 amino acids) Verified ORF; Putative 3',5'-cyclic-AMP phosphodiesterase involved in cAMP catabolism and negative regulation of cAMP-mediated RAS signaling; null mutant is sensitive to heat stress and nutrient limitation, and shows decreased virulence in mice",7,3'5'-cyclic nucleotide phosphodiesterase domain-containing protein,0.000708371
"B9J08_003265 PDE2 CGDID:CAL0000217579 COORDS:Chr1_C_auris_B8441:2322973-2324712C (1740 nucleotides) translated using codon table 12 (579 amino acids) Verified ORF; Putative 3',5'-cyclic-AMP phosphodiesterase involved in cAMP catabolism and negative regulation of cAMP-mediated RAS signaling; null mutant is sensitive to heat stress and nutrient limitation, and shows decreased virulence in mice",8,EC:3.1.4.35,0.000691698
"B9J08_003265 PDE2 CGDID:CAL0000217579 COORDS:Chr1_C_auris_B8441:2322973-2324712C (1740 nucleotides) translated using codon table 12 (579 amino acids) Verified ORF; Putative 3',5'-cyclic-AMP phosphodiesterase involved in cAMP catabolism and negative regulation of cAMP-mediated RAS signaling; null mutant is sensitive to heat stress and nutrient limitation, and shows decreased virulence in mice",9,Phosphodiesterase 9A,0.000282455
"B9J08_003265 PDE2 CGDID:CAL0000217579 COORDS:Chr1_C_auris_B8441:2322973-2324712C (1740 nucleotides) translated using codon table 12 (579 amino acids) Verified ORF; Putative 3',5'-cyclic-AMP phosphodiesterase involved in cAMP catabolism and negative regulation of cAMP-mediated RAS signaling; null mutant is sensitive to heat stress and nutrient limitation, and shows decreased virulence in mice",10,3'5'-cyclic nucleotide phosphodiesterase,0.000202092
"B9J08_003305 CDC25 CGDID:CAL0000218219 COORDS:Chr1_C_auris_B8441:2418700-2422737C (4038 nucleotides) translated using codon table 12 (1345 amino acids) Verified ORF; Putative guanyl-nucleotide exchange factor and activator of the Ras/adenylyl cyclase pathway; null mutant grows slowly and is sensitive to fluconazole, posaconazole, caspofungin, amphotericin B, peroxide, SDS, and diamide",1,Cell division control protein 25,0.252947794
"B9J08_003305 CDC25 CGDID:CAL0000218219 COORDS:Chr1_C_auris_B8441:2418700-2422737C (4038 nucleotides) translated using codon table 12 (1345 amino acids) Verified ORF; Putative guanyl-nucleotide exchange factor and activator of the Ras/adenylyl cyclase pathway; null mutant grows slowly and is sensitive to fluconazole, posaconazole, caspofungin, amphotericin B, peroxide, SDS, and diamide",2,Ras guanine nucleotide exchange factor domain-containing protein,0.0756397
"B9J08_003305 CDC25 CGDID:CAL0000218219 COORDS:Chr1_C_auris_B8441:2418700-2422737C (4038 nucleotides) translated using codon table 12 (1345 amino acids) Verified ORF; Putative guanyl-nucleotide exchange factor and activator of the Ras/adenylyl cyclase pathway; null mutant grows slowly and is sensitive to fluconazole, posaconazole, caspofungin, amphotericin B, peroxide, SDS, and diamide",3,Ras GEF,0.073528118
"B9J08_003305 CDC25 CGDID:CAL0000218219 COORDS:Chr1_C_auris_B8441:2418700-2422737C (4038 nucleotides) translated using codon table 12 (1345 amino acids) Verified ORF; Putative guanyl-nucleotide exchange factor and activator of the Ras/adenylyl cyclase pathway; null mutant grows slowly and is sensitive to fluconazole, posaconazole, caspofungin, amphotericin B, peroxide, SDS, and diamide",4,Ras guanine-nucleotide exchange protein Cdc25p,0.0567708
"B9J08_003305 CDC25 CGDID:CAL0000218219 COORDS:Chr1_C_auris_B8441:2418700-2422737C (4038 nucleotides) translated using codon table 12 (1345 amino acids) Verified ORF; Putative guanyl-nucleotide exchange factor and activator of the Ras/adenylyl cyclase pathway; null mutant grows slowly and is sensitive to fluconazole, posaconazole, caspofungin, amphotericin B, peroxide, SDS, and diamide",5,Ras guanine nucleotide exchange factor,0.021946385
"B9J08_003305 CDC25 CGDID:CAL0000218219 COORDS:Chr1_C_auris_B8441:2418700-2422737C (4038 nucleotides) translated using codon table 12 (1345 amino acids) Verified ORF; Putative guanyl-nucleotide exchange factor and activator of the Ras/adenylyl cyclase pathway; null mutant grows slowly and is sensitive to fluconazole, posaconazole, caspofungin, amphotericin B, peroxide, SDS, and diamide",6,Guanyl nucleotide exchange factor sql2,0.020243632
"B9J08_003305 CDC25 CGDID:CAL0000218219 COORDS:Chr1_C_auris_B8441:2418700-2422737C (4038 nucleotides) translated using codon table 12 (1345 amino acids) Verified ORF; Putative guanyl-nucleotide exchange factor and activator of the Ras/adenylyl cyclase pathway; null mutant grows slowly and is sensitive to fluconazole, posaconazole, caspofungin, amphotericin B, peroxide, SDS, and diamide",7,Ras guanine-nucleotide exchange protein,0.013826543
"B9J08_003305 CDC25 CGDID:CAL0000218219 COORDS:Chr1_C_auris_B8441:2418700-2422737C (4038 nucleotides) translated using codon table 12 (1345 amino acids) Verified ORF; Putative guanyl-nucleotide exchange factor and activator of the Ras/adenylyl cyclase pathway; null mutant grows slowly and is sensitive to fluconazole, posaconazole, caspofungin, amphotericin B, peroxide, SDS, and diamide",8,SH3 domain-containing protein,0.013454224
"B9J08_003305 CDC25 CGDID:CAL0000218219 COORDS:Chr1_C_auris_B8441:2418700-2422737C (4038 nucleotides) translated using codon table 12 (1345 amino acids) Verified ORF; Putative guanyl-nucleotide exchange factor and activator of the Ras/adenylyl cyclase pathway; null mutant grows slowly and is sensitive to fluconazole, posaconazole, caspofungin, amphotericin B, peroxide, SDS, and diamide",9,Guanine-nucleotide dissociation stimulator CDC25,0.013083931
"B9J08_003305 CDC25 CGDID:CAL0000218219 COORDS:Chr1_C_auris_B8441:2418700-2422737C (4038 nucleotides) translated using codon table 12 (1345 amino acids) Verified ORF; Putative guanyl-nucleotide exchange factor and activator of the Ras/adenylyl cyclase pathway; null mutant grows slowly and is sensitive to fluconazole, posaconazole, caspofungin, amphotericin B, peroxide, SDS, and diamide",10,Guanine nucleotide exchange factor scd1,0.011234995
B9J08_003372 RPN4 CGDID:CAL0000217087 COORDS:Chr1_C_auris_B8441:2546911-2548284W (1374 nucleotides) translated using codon table 12 (457 amino acids) Verified ORF; Transcription factor involved in regulation of drug efflux; autoregulates its own expression and activates transcription of <i>MDR1</i> and <i>CDR1</i>; appears to be degraded by a complex containing Ubr2p and Mub1p,1,C2H2-type domain-containing protein,0.758505397
B9J08_003372 RPN4 CGDID:CAL0000217087 COORDS:Chr1_C_auris_B8441:2546911-2548284W (1374 nucleotides) translated using codon table 12 (457 amino acids) Verified ORF; Transcription factor involved in regulation of drug efflux; autoregulates its own expression and activates transcription of <i>MDR1</i> and <i>CDR1</i>; appears to be degraded by a complex containing Ubr2p and Mub1p,2,Transcriptional regulator RPN4,0.030485009
B9J08_003372 RPN4 CGDID:CAL0000217087 COORDS:Chr1_C_auris_B8441:2546911-2548284W (1374 nucleotides) translated using codon table 12 (457 amino acids) Verified ORF; Transcription factor involved in regulation of drug efflux; autoregulates its own expression and activates transcription of <i>MDR1</i> and <i>CDR1</i>; appears to be degraded by a complex containing Ubr2p and Mub1p,3,C2H2 transcription factor,0.014202073
B9J08_003372 RPN4 CGDID:CAL0000217087 COORDS:Chr1_C_auris_B8441:2546911-2548284W (1374 nucleotides) translated using codon table 12 (457 amino acids) Verified ORF; Transcription factor involved in regulation of drug efflux; autoregulates its own expression and activates transcription of <i>MDR1</i> and <i>CDR1</i>; appears to be degraded by a complex containing Ubr2p and Mub1p,4,C2h2 transcription factor,0.010489708
B9J08_003372 RPN4 CGDID:CAL0000217087 COORDS:Chr1_C_auris_B8441:2546911-2548284W (1374 nucleotides) translated using codon table 12 (457 amino acids) Verified ORF; Transcription factor involved in regulation of drug efflux; autoregulates its own expression and activates transcription of <i>MDR1</i> and <i>CDR1</i>; appears to be degraded by a complex containing Ubr2p and Mub1p,5,C2H2 transcription factor Swi5,0.007625351
B9J08_003372 RPN4 CGDID:CAL0000217087 COORDS:Chr1_C_auris_B8441:2546911-2548284W (1374 nucleotides) translated using codon table 12 (457 amino acids) Verified ORF; Transcription factor involved in regulation of drug efflux; autoregulates its own expression and activates transcription of <i>MDR1</i> and <i>CDR1</i>; appears to be degraded by a complex containing Ubr2p and Mub1p,6,Zinc finger protein,0.005567553
B9J08_003372 RPN4 CGDID:CAL0000217087 COORDS:Chr1_C_auris_B8441:2546911-2548284W (1374 nucleotides) translated using codon table 12 (457 amino acids) Verified ORF; Transcription factor involved in regulation of drug efflux; autoregulates its own expression and activates transcription of <i>MDR1</i> and <i>CDR1</i>; appears to be degraded by a complex containing Ubr2p and Mub1p,7,C2h2 transcription factor protein,0.005107101
B9J08_003372 RPN4 CGDID:CAL0000217087 COORDS:Chr1_C_auris_B8441:2546911-2548284W (1374 nucleotides) translated using codon table 12 (457 amino acids) Verified ORF; Transcription factor involved in regulation of drug efflux; autoregulates its own expression and activates transcription of <i>MDR1</i> and <i>CDR1</i>; appears to be degraded by a complex containing Ubr2p and Mub1p,8,C2h2 finger domain containing protein,0.003926587
B9J08_003372 RPN4 CGDID:CAL0000217087 COORDS:Chr1_C_auris_B8441:2546911-2548284W (1374 nucleotides) translated using codon table 12 (457 amino acids) Verified ORF; Transcription factor involved in regulation of drug efflux; autoregulates its own expression and activates transcription of <i>MDR1</i> and <i>CDR1</i>; appears to be degraded by a complex containing Ubr2p and Mub1p,9,Transcription factor,0.003641626
B9J08_003372 RPN4 CGDID:CAL0000217087 COORDS:Chr1_C_auris_B8441:2546911-2548284W (1374 nucleotides) translated using codon table 12 (457 amino acids) Verified ORF; Transcription factor involved in regulation of drug efflux; autoregulates its own expression and activates transcription of <i>MDR1</i> and <i>CDR1</i>; appears to be degraded by a complex containing Ubr2p and Mub1p,10,Metal ion binding,0.003490281
B9J08_003374 ICL1 CGDID:CAL0000223823 COORDS:Chr1_C_auris_B8441:2551851-2553509W (1659 nucleotides) translated using codon table 12 (552 amino acids) Verified ORF; Protein that may be required for <i>C. auris</i> to grow well on skin; null mutant shows growth defects under skin-like conditions; orthologs have isocitrate lyase activity,1,Isocitrate lyase,0.905591242
B9J08_003374 ICL1 CGDID:CAL0000223823 COORDS:Chr1_C_auris_B8441:2551851-2553509W (1659 nucleotides) translated using codon table 12 (552 amino acids) Verified ORF; Protein that may be required for <i>C. auris</i> to grow well on skin; null mutant shows growth defects under skin-like conditions; orthologs have isocitrate lyase activity,2,Methylisocitrate lyase,0.023114357
B9J08_003374 ICL1 CGDID:CAL0000223823 COORDS:Chr1_C_auris_B8441:2551851-2553509W (1659 nucleotides) translated using codon table 12 (552 amino acids) Verified ORF; Protein that may be required for <i>C. auris</i> to grow well on skin; null mutant shows growth defects under skin-like conditions; orthologs have isocitrate lyase activity,3,EC:4.1.3.1,0.015057918
B9J08_003374 ICL1 CGDID:CAL0000223823 COORDS:Chr1_C_auris_B8441:2551851-2553509W (1659 nucleotides) translated using codon table 12 (552 amino acids) Verified ORF; Protein that may be required for <i>C. auris</i> to grow well on skin; null mutant shows growth defects under skin-like conditions; orthologs have isocitrate lyase activity,4,EC:4.1.3.30,0.011498919
B9J08_003374 ICL1 CGDID:CAL0000223823 COORDS:Chr1_C_auris_B8441:2551851-2553509W (1659 nucleotides) translated using codon table 12 (552 amino acids) Verified ORF; Protein that may be required for <i>C. auris</i> to grow well on skin; null mutant shows growth defects under skin-like conditions; orthologs have isocitrate lyase activity,5,Isocitratase,0.011182184
B9J08_003374 ICL1 CGDID:CAL0000223823 COORDS:Chr1_C_auris_B8441:2551851-2553509W (1659 nucleotides) translated using codon table 12 (552 amino acids) Verified ORF; Protein that may be required for <i>C. auris</i> to grow well on skin; null mutant shows growth defects under skin-like conditions; orthologs have isocitrate lyase activity,6,Isocitrase,0.005626475
B9J08_003374 ICL1 CGDID:CAL0000223823 COORDS:Chr1_C_auris_B8441:2551851-2553509W (1659 nucleotides) translated using codon table 12 (552 amino acids) Verified ORF; Protein that may be required for <i>C. auris</i> to grow well on skin; null mutant shows growth defects under skin-like conditions; orthologs have isocitrate lyase activity,7,"2-methylisocitrate lyase, mitochondrial",0.00523982
B9J08_003374 ICL1 CGDID:CAL0000223823 COORDS:Chr1_C_auris_B8441:2551851-2553509W (1659 nucleotides) translated using codon table 12 (552 amino acids) Verified ORF; Protein that may be required for <i>C. auris</i> to grow well on skin; null mutant shows growth defects under skin-like conditions; orthologs have isocitrate lyase activity,8,MICA,0.004838486
B9J08_003374 ICL1 CGDID:CAL0000223823 COORDS:Chr1_C_auris_B8441:2551851-2553509W (1659 nucleotides) translated using codon table 12 (552 amino acids) Verified ORF; Protein that may be required for <i>C. auris</i> to grow well on skin; null mutant shows growth defects under skin-like conditions; orthologs have isocitrate lyase activity,9,ICL,0.001981775
B9J08_003374 ICL1 CGDID:CAL0000223823 COORDS:Chr1_C_auris_B8441:2551851-2553509W (1659 nucleotides) translated using codon table 12 (552 amino acids) Verified ORF; Protein that may be required for <i>C. auris</i> to grow well on skin; null mutant shows growth defects under skin-like conditions; orthologs have isocitrate lyase activity,10,Threo-D(S)-isocitrate glyoxylate-lyase,0.000691052
"B9J08_003446 RAS1 CGDID:CAL0000225353 COORDS:Chr1_C_auris_B8441:2706728-2707459C (732 nucleotides) translated using codon table 12 (243 amino acids) Verified ORF; Putative RAS signal transduction GTPase; null mutant grows slowly and is sensitive to fluconazole, posaconazole, amphotericin B, peroxide, sodium dodecyl sulfate, and diamide, but shows normal virulence in mice",1,Ras-like protein 1,0.427426743
"B9J08_003446 RAS1 CGDID:CAL0000225353 COORDS:Chr1_C_auris_B8441:2706728-2707459C (732 nucleotides) translated using codon table 12 (243 amino acids) Verified ORF; Putative RAS signal transduction GTPase; null mutant grows slowly and is sensitive to fluconazole, posaconazole, amphotericin B, peroxide, sodium dodecyl sulfate, and diamide, but shows normal virulence in mice",2,Ras family protein,0.076049763
"B9J08_003446 RAS1 CGDID:CAL0000225353 COORDS:Chr1_C_auris_B8441:2706728-2707459C (732 nucleotides) translated using codon table 12 (243 amino acids) Verified ORF; Putative RAS signal transduction GTPase; null mutant grows slowly and is sensitive to fluconazole, posaconazole, amphotericin B, peroxide, sodium dodecyl sulfate, and diamide, but shows normal virulence in mice",3,Ras-like protein,0.055253322
"B9J08_003446 RAS1 CGDID:CAL0000225353 COORDS:Chr1_C_auris_B8441:2706728-2707459C (732 nucleotides) translated using codon table 12 (243 amino acids) Verified ORF; Putative RAS signal transduction GTPase; null mutant grows slowly and is sensitive to fluconazole, posaconazole, amphotericin B, peroxide, sodium dodecyl sulfate, and diamide, but shows normal virulence in mice",4,Ras protein,0.049348357
"B9J08_003446 RAS1 CGDID:CAL0000225353 COORDS:Chr1_C_auris_B8441:2706728-2707459C (732 nucleotides) translated using codon table 12 (243 amino acids) Verified ORF; Putative RAS signal transduction GTPase; null mutant grows slowly and is sensitive to fluconazole, posaconazole, amphotericin B, peroxide, sodium dodecyl sulfate, and diamide, but shows normal virulence in mice",5,Ras-domain-containing protein,0.035479805
"B9J08_003446 RAS1 CGDID:CAL0000225353 COORDS:Chr1_C_auris_B8441:2706728-2707459C (732 nucleotides) translated using codon table 12 (243 amino acids) Verified ORF; Putative RAS signal transduction GTPase; null mutant grows slowly and is sensitive to fluconazole, posaconazole, amphotericin B, peroxide, sodium dodecyl sulfate, and diamide, but shows normal virulence in mice",6,Ras family-domain-containing protein,0.026462285
"B9J08_003446 RAS1 CGDID:CAL0000225353 COORDS:Chr1_C_auris_B8441:2706728-2707459C (732 nucleotides) translated using codon table 12 (243 amino acids) Verified ORF; Putative RAS signal transduction GTPase; null mutant grows slowly and is sensitive to fluconazole, posaconazole, amphotericin B, peroxide, sodium dodecyl sulfate, and diamide, but shows normal virulence in mice",7,Protein ras-1,0.018230719
"B9J08_003446 RAS1 CGDID:CAL0000225353 COORDS:Chr1_C_auris_B8441:2706728-2707459C (732 nucleotides) translated using codon table 12 (243 amino acids) Verified ORF; Putative RAS signal transduction GTPase; null mutant grows slowly and is sensitive to fluconazole, posaconazole, amphotericin B, peroxide, sodium dodecyl sulfate, and diamide, but shows normal virulence in mice",8,Ras protein let-60,0.017939196
"B9J08_003446 RAS1 CGDID:CAL0000225353 COORDS:Chr1_C_auris_B8441:2706728-2707459C (732 nucleotides) translated using codon table 12 (243 amino acids) Verified ORF; Putative RAS signal transduction GTPase; null mutant grows slowly and is sensitive to fluconazole, posaconazole, amphotericin B, peroxide, sodium dodecyl sulfate, and diamide, but shows normal virulence in mice",9,Ras-like protein 2,0.011675373
"B9J08_003446 RAS1 CGDID:CAL0000225353 COORDS:Chr1_C_auris_B8441:2706728-2707459C (732 nucleotides) translated using codon table 12 (243 amino acids) Verified ORF; Putative RAS signal transduction GTPase; null mutant grows slowly and is sensitive to fluconazole, posaconazole, amphotericin B, peroxide, sodium dodecyl sulfate, and diamide, but shows normal virulence in mice",10,Ras-protein rsr1,0.010870317
B9J08_003450 SET2 CGDID:CAL0000227107 COORDS:Chr1_C_auris_B8441:2714880-2717072C (2193 nucleotides) translated using codon table 12 (730 amino acids) Verified ORF; Histone H3K36 methyltransferase; null mutant shows increased resistance to azoles,1,SET domain-containing protein 2,0.390535669
B9J08_003450 SET2 CGDID:CAL0000227107 COORDS:Chr1_C_auris_B8441:2714880-2717072C (2193 nucleotides) translated using codon table 12 (730 amino acids) Verified ORF; Histone H3K36 methyltransferase; null mutant shows increased resistance to azoles,2,"Histone-lysine N-methyltransferase, H3 lysine-36 specific",0.34667657
B9J08_003450 SET2 CGDID:CAL0000227107 COORDS:Chr1_C_auris_B8441:2714880-2717072C (2193 nucleotides) translated using codon table 12 (730 amino acids) Verified ORF; Histone H3K36 methyltransferase; null mutant shows increased resistance to azoles,3,EC:2.1.1.359,0.243409284
B9J08_003450 SET2 CGDID:CAL0000227107 COORDS:Chr1_C_auris_B8441:2714880-2717072C (2193 nucleotides) translated using codon table 12 (730 amino acids) Verified ORF; Histone H3K36 methyltransferase; null mutant shows increased resistance to azoles,4,Protein-serine/threonine phosphatase,0.000615268
B9J08_003450 SET2 CGDID:CAL0000227107 COORDS:Chr1_C_auris_B8441:2714880-2717072C (2193 nucleotides) translated using codon table 12 (730 amino acids) Verified ORF; Histone H3K36 methyltransferase; null mutant shows increased resistance to azoles,5,KMT2A methyltransferase,0.000588331
B9J08_003450 SET2 CGDID:CAL0000227107 COORDS:Chr1_C_auris_B8441:2714880-2717072C (2193 nucleotides) translated using codon table 12 (730 amino acids) Verified ORF; Histone H3K36 methyltransferase; null mutant shows increased resistance to azoles,6,[Histone H3]-lysine(27) N-trimethyltransferase,0.000396694
B9J08_003450 SET2 CGDID:CAL0000227107 COORDS:Chr1_C_auris_B8441:2714880-2717072C (2193 nucleotides) translated using codon table 12 (730 amino acids) Verified ORF; Histone H3K36 methyltransferase; null mutant shows increased resistance to azoles,7,Methyltransferase,0.000378717
B9J08_003450 SET2 CGDID:CAL0000227107 COORDS:Chr1_C_auris_B8441:2714880-2717072C (2193 nucleotides) translated using codon table 12 (730 amino acids) Verified ORF; Histone H3K36 methyltransferase; null mutant shows increased resistance to azoles,8,EC:3.5.1.88,0.000369059
B9J08_003450 SET2 CGDID:CAL0000227107 COORDS:Chr1_C_auris_B8441:2714880-2717072C (2193 nucleotides) translated using codon table 12 (730 amino acids) Verified ORF; Histone H3K36 methyltransferase; null mutant shows increased resistance to azoles,9,N-SET domain-containing protein,0.000357996
B9J08_003450 SET2 CGDID:CAL0000227107 COORDS:Chr1_C_auris_B8441:2714880-2717072C (2193 nucleotides) translated using codon table 12 (730 amino acids) Verified ORF; Histone H3K36 methyltransferase; null mutant shows increased resistance to azoles,10,"Histone methyltransferase, SET",0.000309607
"B9J08_003572 VAN1 CGDID:CAL0000220905 COORDS:Chr1_C_auris_B8441:2968759-2970220C (1462 nucleotides) translated using codon table 12 (463 amino acids) Verified ORF; Ortholog(s) have alpha-1,6-mannosyltransferase activity, role in cell wall mannoprotein biosynthetic process, protein N-linked glycosylation and mannan polymerase complex localization",1,Mannan polymerase I complex VAN1 subunit,0.224962721
"B9J08_003572 VAN1 CGDID:CAL0000220905 COORDS:Chr1_C_auris_B8441:2968759-2970220C (1462 nucleotides) translated using codon table 12 (463 amino acids) Verified ORF; Ortholog(s) have alpha-1,6-mannosyltransferase activity, role in cell wall mannoprotein biosynthetic process, protein N-linked glycosylation and mannan polymerase complex localization",2,Vanadate resistance protein,0.130067442
"B9J08_003572 VAN1 CGDID:CAL0000220905 COORDS:Chr1_C_auris_B8441:2968759-2970220C (1462 nucleotides) translated using codon table 12 (463 amino acids) Verified ORF; Ortholog(s) have alpha-1,6-mannosyltransferase activity, role in cell wall mannoprotein biosynthetic process, protein N-linked glycosylation and mannan polymerase complex localization",3,Glycosyltransferase family 62 protein,0.067589634
"B9J08_003572 VAN1 CGDID:CAL0000220905 COORDS:Chr1_C_auris_B8441:2968759-2970220C (1462 nucleotides) translated using codon table 12 (463 amino acids) Verified ORF; Ortholog(s) have alpha-1,6-mannosyltransferase activity, role in cell wall mannoprotein biosynthetic process, protein N-linked glycosylation and mannan polymerase complex localization",4,ANP1 protein,0.037281546
"B9J08_003572 VAN1 CGDID:CAL0000220905 COORDS:Chr1_C_auris_B8441:2968759-2970220C (1462 nucleotides) translated using codon table 12 (463 amino acids) Verified ORF; Ortholog(s) have alpha-1,6-mannosyltransferase activity, role in cell wall mannoprotein biosynthetic process, protein N-linked glycosylation and mannan polymerase complex localization",5,Anp1-domain-containing protein,0.030227659
"B9J08_003572 VAN1 CGDID:CAL0000220905 COORDS:Chr1_C_auris_B8441:2968759-2970220C (1462 nucleotides) translated using codon table 12 (463 amino acids) Verified ORF; Ortholog(s) have alpha-1,6-mannosyltransferase activity, role in cell wall mannoprotein biosynthetic process, protein N-linked glycosylation and mannan polymerase complex localization",6,Mannan polymerase complexes subunit MNN9,0.027570146
"B9J08_003572 VAN1 CGDID:CAL0000220905 COORDS:Chr1_C_auris_B8441:2968759-2970220C (1462 nucleotides) translated using codon table 12 (463 amino acids) Verified ORF; Ortholog(s) have alpha-1,6-mannosyltransferase activity, role in cell wall mannoprotein biosynthetic process, protein N-linked glycosylation and mannan polymerase complex localization",7,Anp1,0.019898666
"B9J08_003572 VAN1 CGDID:CAL0000220905 COORDS:Chr1_C_auris_B8441:2968759-2970220C (1462 nucleotides) translated using codon table 12 (463 amino acids) Verified ORF; Ortholog(s) have alpha-1,6-mannosyltransferase activity, role in cell wall mannoprotein biosynthetic process, protein N-linked glycosylation and mannan polymerase complex localization",8,Mannan polymerase complex subunit mnn9,0.018047302
"B9J08_003572 VAN1 CGDID:CAL0000220905 COORDS:Chr1_C_auris_B8441:2968759-2970220C (1462 nucleotides) translated using codon table 12 (463 amino acids) Verified ORF; Ortholog(s) have alpha-1,6-mannosyltransferase activity, role in cell wall mannoprotein biosynthetic process, protein N-linked glycosylation and mannan polymerase complex localization",9,Mannan polymerase II complex ANP1 subunit,0.012868639
"B9J08_003572 VAN1 CGDID:CAL0000220905 COORDS:Chr1_C_auris_B8441:2968759-2970220C (1462 nucleotides) translated using codon table 12 (463 amino acids) Verified ORF; Ortholog(s) have alpha-1,6-mannosyltransferase activity, role in cell wall mannoprotein biosynthetic process, protein N-linked glycosylation and mannan polymerase complex localization",10,"Vanadate resistance protein,",0.008832285
B9J08_003622 PLB3 CGDID:CAL0000222999 COORDS:Chr1_C_auris_B8441:3094276-3096168C (1893 nucleotides) translated using codon table 12 (630 amino acids) Verified ORF; Putative hydrolytic enzyme; upregulated in mature biofilms,1,SHSP domain-containing protein,0.039235428
B9J08_003622 PLB3 CGDID:CAL0000222999 COORDS:Chr1_C_auris_B8441:3094276-3096168C (1893 nucleotides) translated using codon table 12 (630 amino acids) Verified ORF; Putative hydrolytic enzyme; upregulated in mature biofilms,2,Protein PFC0760c-like,0.013711299
B9J08_003622 PLB3 CGDID:CAL0000222999 COORDS:Chr1_C_auris_B8441:3094276-3096168C (1893 nucleotides) translated using codon table 12 (630 amino acids) Verified ORF; Putative hydrolytic enzyme; upregulated in mature biofilms,3,Small heat shock protein,0.012798576
B9J08_003622 PLB3 CGDID:CAL0000222999 COORDS:Chr1_C_auris_B8441:3094276-3096168C (1893 nucleotides) translated using codon table 12 (630 amino acids) Verified ORF; Putative hydrolytic enzyme; upregulated in mature biofilms,4,Protein PFC0760c,0.012526755
B9J08_003622 PLB3 CGDID:CAL0000222999 COORDS:Chr1_C_auris_B8441:3094276-3096168C (1893 nucleotides) translated using codon table 12 (630 amino acids) Verified ORF; Putative hydrolytic enzyme; upregulated in mature biofilms,5,Protein SQS1,0.01151264
B9J08_003622 PLB3 CGDID:CAL0000222999 COORDS:Chr1_C_auris_B8441:3094276-3096168C (1893 nucleotides) translated using codon table 12 (630 amino acids) Verified ORF; Putative hydrolytic enzyme; upregulated in mature biofilms,6,RNA polymerase II nuclear localization protein IWR1,0.009139576
B9J08_003622 PLB3 CGDID:CAL0000222999 COORDS:Chr1_C_auris_B8441:3094276-3096168C (1893 nucleotides) translated using codon table 12 (630 amino acids) Verified ORF; Putative hydrolytic enzyme; upregulated in mature biofilms,7,E3 ubiquitin-protein ligase,0.007659307
B9J08_003622 PLB3 CGDID:CAL0000222999 COORDS:Chr1_C_auris_B8441:3094276-3096168C (1893 nucleotides) translated using codon table 12 (630 amino acids) Verified ORF; Putative hydrolytic enzyme; upregulated in mature biofilms,8,Protein SGT1,0.004263313
B9J08_003622 PLB3 CGDID:CAL0000222999 COORDS:Chr1_C_auris_B8441:3094276-3096168C (1893 nucleotides) translated using codon table 12 (630 amino acids) Verified ORF; Putative hydrolytic enzyme; upregulated in mature biofilms,9,E3 ubiquitin-protein ligase Topors,0.004069994
B9J08_003622 PLB3 CGDID:CAL0000222999 COORDS:Chr1_C_auris_B8441:3094276-3096168C (1893 nucleotides) translated using codon table 12 (630 amino acids) Verified ORF; Putative hydrolytic enzyme; upregulated in mature biofilms,10,Small heat shock protein HSP16.5,0.003992821
"B9J08_003737 ERG3 CGDID:CAL0000224693 COORDS:Chr1_C_auris_B8441:3328722-3329813C (1092 nucleotides) translated using codon table 12 (363 amino acids) Verified ORF; Ortholog(s) have C-5 sterol desaturase activity, role in ergosterol biosynthetic process and endoplasmic reticulum lumen localization",1,Fatty acid hydroxylase domain-containing protein,0.507279878
"B9J08_003737 ERG3 CGDID:CAL0000224693 COORDS:Chr1_C_auris_B8441:3328722-3329813C (1092 nucleotides) translated using codon table 12 (363 amino acids) Verified ORF; Ortholog(s) have C-5 sterol desaturase activity, role in ergosterol biosynthetic process and endoplasmic reticulum lumen localization",2,C-5 sterol desaturase,0.253778836
"B9J08_003737 ERG3 CGDID:CAL0000224693 COORDS:Chr1_C_auris_B8441:3328722-3329813C (1092 nucleotides) translated using codon table 12 (363 amino acids) Verified ORF; Ortholog(s) have C-5 sterol desaturase activity, role in ergosterol biosynthetic process and endoplasmic reticulum lumen localization",3,"Sterol delta 5,6-desaturase",0.045559785
"B9J08_003737 ERG3 CGDID:CAL0000224693 COORDS:Chr1_C_auris_B8441:3328722-3329813C (1092 nucleotides) translated using codon table 12 (363 amino acids) Verified ORF; Ortholog(s) have C-5 sterol desaturase activity, role in ergosterol biosynthetic process and endoplasmic reticulum lumen localization",4,Sterol-C5-desaturase,0.025263556
"B9J08_003737 ERG3 CGDID:CAL0000224693 COORDS:Chr1_C_auris_B8441:3328722-3329813C (1092 nucleotides) translated using codon table 12 (363 amino acids) Verified ORF; Ortholog(s) have C-5 sterol desaturase activity, role in ergosterol biosynthetic process and endoplasmic reticulum lumen localization",5,Delta(7)-sterol 5(6)-desaturase,0.022312377
"B9J08_003737 ERG3 CGDID:CAL0000224693 COORDS:Chr1_C_auris_B8441:3328722-3329813C (1092 nucleotides) translated using codon table 12 (363 amino acids) Verified ORF; Ortholog(s) have C-5 sterol desaturase activity, role in ergosterol biosynthetic process and endoplasmic reticulum lumen localization",6,EC:1.14.19.20,0.014817216
"B9J08_003737 ERG3 CGDID:CAL0000224693 COORDS:Chr1_C_auris_B8441:3328722-3329813C (1092 nucleotides) translated using codon table 12 (363 amino acids) Verified ORF; Ortholog(s) have C-5 sterol desaturase activity, role in ergosterol biosynthetic process and endoplasmic reticulum lumen localization",7,Lathosterol oxidase,0.013934813
"B9J08_003737 ERG3 CGDID:CAL0000224693 COORDS:Chr1_C_auris_B8441:3328722-3329813C (1092 nucleotides) translated using codon table 12 (363 amino acids) Verified ORF; Ortholog(s) have C-5 sterol desaturase activity, role in ergosterol biosynthetic process and endoplasmic reticulum lumen localization",8,C-5 sterol desaturase protein,0.009201894
"B9J08_003737 ERG3 CGDID:CAL0000224693 COORDS:Chr1_C_auris_B8441:3328722-3329813C (1092 nucleotides) translated using codon table 12 (363 amino acids) Verified ORF; Ortholog(s) have C-5 sterol desaturase activity, role in ergosterol biosynthetic process and endoplasmic reticulum lumen localization",9,"Sterol delta 5,6-desaturase,",0.005895815
"B9J08_003737 ERG3 CGDID:CAL0000224693 COORDS:Chr1_C_auris_B8441:3328722-3329813C (1092 nucleotides) translated using codon table 12 (363 amino acids) Verified ORF; Ortholog(s) have C-5 sterol desaturase activity, role in ergosterol biosynthetic process and endoplasmic reticulum lumen localization",10,Delta(7)-sterol-C5(6)-desaturase,0.003881698
"B9J08_003899 MUB1 CGDID:CAL0000219527 COORDS:Chr1_C_auris_B8441:3694698-3697313W (2616 nucleotides) translated using codon table 12 (871 amino acids) Verified ORF; Protein involved in ubiqutin-mediated degradation; acts with Ubr2p to regulate degradation of Rpn4p, which itself regulates drug efflux pumps",1,MYND-type domain-containing protein,0.964804973
"B9J08_003899 MUB1 CGDID:CAL0000219527 COORDS:Chr1_C_auris_B8441:3694698-3697313W (2616 nucleotides) translated using codon table 12 (871 amino acids) Verified ORF; Protein involved in ubiqutin-mediated degradation; acts with Ubr2p to regulate degradation of Rpn4p, which itself regulates drug efflux pumps",2,MYND-type zinc finger protein MUB1,0.004988093
"B9J08_003899 MUB1 CGDID:CAL0000219527 COORDS:Chr1_C_auris_B8441:3694698-3697313W (2616 nucleotides) translated using codon table 12 (871 amino acids) Verified ORF; Protein involved in ubiqutin-mediated degradation; acts with Ubr2p to regulate degradation of Rpn4p, which itself regulates drug efflux pumps",3,Suppressor of anucleate metulae protein B,0.001782477
"B9J08_003899 MUB1 CGDID:CAL0000219527 COORDS:Chr1_C_auris_B8441:3694698-3697313W (2616 nucleotides) translated using codon table 12 (871 amino acids) Verified ORF; Protein involved in ubiqutin-mediated degradation; acts with Ubr2p to regulate degradation of Rpn4p, which itself regulates drug efflux pumps",4,MYND finger protein,0.001420031
"B9J08_003899 MUB1 CGDID:CAL0000219527 COORDS:Chr1_C_auris_B8441:3694698-3697313W (2616 nucleotides) translated using codon table 12 (871 amino acids) Verified ORF; Protein involved in ubiqutin-mediated degradation; acts with Ubr2p to regulate degradation of Rpn4p, which itself regulates drug efflux pumps",5,MYND-type zinc finger protein samB,0.001198098
"B9J08_003899 MUB1 CGDID:CAL0000219527 COORDS:Chr1_C_auris_B8441:3694698-3697313W (2616 nucleotides) translated using codon table 12 (871 amino acids) Verified ORF; Protein involved in ubiqutin-mediated degradation; acts with Ubr2p to regulate degradation of Rpn4p, which itself regulates drug efflux pumps",6,MYND finger family protein,0.0011111
"B9J08_003899 MUB1 CGDID:CAL0000219527 COORDS:Chr1_C_auris_B8441:3694698-3697313W (2616 nucleotides) translated using codon table 12 (871 amino acids) Verified ORF; Protein involved in ubiqutin-mediated degradation; acts with Ubr2p to regulate degradation of Rpn4p, which itself regulates drug efflux pumps",7,MYND domain-containing protein,0.000979879
"B9J08_003899 MUB1 CGDID:CAL0000219527 COORDS:Chr1_C_auris_B8441:3694698-3697313W (2616 nucleotides) translated using codon table 12 (871 amino acids) Verified ORF; Protein involved in ubiqutin-mediated degradation; acts with Ubr2p to regulate degradation of Rpn4p, which itself regulates drug efflux pumps",8,MYND finger,0.000885035
"B9J08_003899 MUB1 CGDID:CAL0000219527 COORDS:Chr1_C_auris_B8441:3694698-3697313W (2616 nucleotides) translated using codon table 12 (871 amino acids) Verified ORF; Protein involved in ubiqutin-mediated degradation; acts with Ubr2p to regulate degradation of Rpn4p, which itself regulates drug efflux pumps",9,"MYND finger protein,",0.000662918
"B9J08_003899 MUB1 CGDID:CAL0000219527 COORDS:Chr1_C_auris_B8441:3694698-3697313W (2616 nucleotides) translated using codon table 12 (871 amino acids) Verified ORF; Protein involved in ubiqutin-mediated degradation; acts with Ubr2p to regulate degradation of Rpn4p, which itself regulates drug efflux pumps",10,Trithorax group protein osa,0.000446328
B9J08_003903 PGA52 CGDID:CAL0000218579 COORDS:Chr1_C_auris_B8441:3706784-3707920W (1137 nucleotides) translated using codon table 12 (378 amino acids) Verified ORF; Putative GPI-anchored cell wall protein; possibly involved in adhesion,1,Related to TOS1 Target of SBF,0.06396892
B9J08_003903 PGA52 CGDID:CAL0000218579 COORDS:Chr1_C_auris_B8441:3706784-3707920W (1137 nucleotides) translated using codon table 12 (378 amino acids) Verified ORF; Putative GPI-anchored cell wall protein; possibly involved in adhesion,2,Related to Cell wall protein PhiA,0.043417578
B9J08_003903 PGA52 CGDID:CAL0000218579 COORDS:Chr1_C_auris_B8441:3706784-3707920W (1137 nucleotides) translated using codon table 12 (378 amino acids) Verified ORF; Putative GPI-anchored cell wall protein; possibly involved in adhesion,3,Cell wall protein PhiA,0.036323635
B9J08_003903 PGA52 CGDID:CAL0000218579 COORDS:Chr1_C_auris_B8441:3706784-3707920W (1137 nucleotides) translated using codon table 12 (378 amino acids) Verified ORF; Putative GPI-anchored cell wall protein; possibly involved in adhesion,4,Cell wall protein,0.035256104
B9J08_003903 PGA52 CGDID:CAL0000218579 COORDS:Chr1_C_auris_B8441:3706784-3707920W (1137 nucleotides) translated using codon table 12 (378 amino acids) Verified ORF; Putative GPI-anchored cell wall protein; possibly involved in adhesion,5,GPI-anchored protein 52,0.033558072
B9J08_003903 PGA52 CGDID:CAL0000218579 COORDS:Chr1_C_auris_B8441:3706784-3707920W (1137 nucleotides) translated using codon table 12 (378 amino acids) Verified ORF; Putative GPI-anchored cell wall protein; possibly involved in adhesion,6,Secreted protein,0.027334248
B9J08_003903 PGA52 CGDID:CAL0000218579 COORDS:Chr1_C_auris_B8441:3706784-3707920W (1137 nucleotides) translated using codon table 12 (378 amino acids) Verified ORF; Putative GPI-anchored cell wall protein; possibly involved in adhesion,7,GPI-anchored protein,0.02594909
B9J08_003903 PGA52 CGDID:CAL0000218579 COORDS:Chr1_C_auris_B8441:3706784-3707920W (1137 nucleotides) translated using codon table 12 (378 amino acids) Verified ORF; Putative GPI-anchored cell wall protein; possibly involved in adhesion,8,Protein TOS1,0.022444953
B9J08_003903 PGA52 CGDID:CAL0000218579 COORDS:Chr1_C_auris_B8441:3706784-3707920W (1137 nucleotides) translated using codon table 12 (378 amino acids) Verified ORF; Putative GPI-anchored cell wall protein; possibly involved in adhesion,9,Tos1p,0.022303862
B9J08_003903 PGA52 CGDID:CAL0000218579 COORDS:Chr1_C_auris_B8441:3706784-3707920W (1137 nucleotides) translated using codon table 12 (378 amino acids) Verified ORF; Putative GPI-anchored cell wall protein; possibly involved in adhesion,10,GPI-anchored cell wall protein,0.012914183
"B9J08_003924 IRA2 CGDID:CAL0000218765 COORDS:Chr1_C_auris_B8441:3752903-3760783C (7881 nucleotides) translated using codon table 12 (2626 amino acids) Verified ORF; Putative GTPase activator involved in RAS protein signal transduction; null mutant is sensitive to fluconazole, sodium dodecyl sulfate, and diamide",1,Ras-GAP domain-containing protein,0.541564852
"B9J08_003924 IRA2 CGDID:CAL0000218765 COORDS:Chr1_C_auris_B8441:3752903-3760783C (7881 nucleotides) translated using codon table 12 (2626 amino acids) Verified ORF; Putative GTPase activator involved in RAS protein signal transduction; null mutant is sensitive to fluconazole, sodium dodecyl sulfate, and diamide",2,Nuclear pore complex protein,0.010661245
"B9J08_003924 IRA2 CGDID:CAL0000218765 COORDS:Chr1_C_auris_B8441:3752903-3760783C (7881 nucleotides) translated using codon table 12 (2626 amino acids) Verified ORF; Putative GTPase activator involved in RAS protein signal transduction; null mutant is sensitive to fluconazole, sodium dodecyl sulfate, and diamide",3,Ras GTPase activating protein,0.009268544
"B9J08_003924 IRA2 CGDID:CAL0000218765 COORDS:Chr1_C_auris_B8441:3752903-3760783C (7881 nucleotides) translated using codon table 12 (2626 amino acids) Verified ORF; Putative GTPase activator involved in RAS protein signal transduction; null mutant is sensitive to fluconazole, sodium dodecyl sulfate, and diamide",4,Ras GTPase activating protein ira2,0.009088685
"B9J08_003924 IRA2 CGDID:CAL0000218765 COORDS:Chr1_C_auris_B8441:3752903-3760783C (7881 nucleotides) translated using codon table 12 (2626 amino acids) Verified ORF; Putative GTPase activator involved in RAS protein signal transduction; null mutant is sensitive to fluconazole, sodium dodecyl sulfate, and diamide",5,RasGTPase-activating protein,0.007839847
"B9J08_003924 IRA2 CGDID:CAL0000218765 COORDS:Chr1_C_auris_B8441:3752903-3760783C (7881 nucleotides) translated using codon table 12 (2626 amino acids) Verified ORF; Putative GTPase activator involved in RAS protein signal transduction; null mutant is sensitive to fluconazole, sodium dodecyl sulfate, and diamide",6,ANK_REP_REGION domain-containing protein,0.00764854
"B9J08_003924 IRA2 CGDID:CAL0000218765 COORDS:Chr1_C_auris_B8441:3752903-3760783C (7881 nucleotides) translated using codon table 12 (2626 amino acids) Verified ORF; Putative GTPase activator involved in RAS protein signal transduction; null mutant is sensitive to fluconazole, sodium dodecyl sulfate, and diamide",7,Nuclear pore protein,0.006895987
"B9J08_003924 IRA2 CGDID:CAL0000218765 COORDS:Chr1_C_auris_B8441:3752903-3760783C (7881 nucleotides) translated using codon table 12 (2626 amino acids) Verified ORF; Putative GTPase activator involved in RAS protein signal transduction; null mutant is sensitive to fluconazole, sodium dodecyl sulfate, and diamide",8,Ras GEF,0.00633364
"B9J08_003924 IRA2 CGDID:CAL0000218765 COORDS:Chr1_C_auris_B8441:3752903-3760783C (7881 nucleotides) translated using codon table 12 (2626 amino acids) Verified ORF; Putative GTPase activator involved in RAS protein signal transduction; null mutant is sensitive to fluconazole, sodium dodecyl sulfate, and diamide",9,Ras GTPase-activating protein,0.006238105
"B9J08_003924 IRA2 CGDID:CAL0000218765 COORDS:Chr1_C_auris_B8441:3752903-3760783C (7881 nucleotides) translated using codon table 12 (2626 amino acids) Verified ORF; Putative GTPase activator involved in RAS protein signal transduction; null mutant is sensitive to fluconazole, sodium dodecyl sulfate, and diamide",10,Nuclear transport receptor exportin 4 (Importin beta superfamily),0.006052037
B9J08_003951 ADE2 CGDID:CAL0000217201 COORDS:Chr1_C_auris_B8441:3818346-3820025C (1680 nucleotides) translated using codon table 12 (559 amino acids) Verified ORF; Putative phosphoribosylaminoimidazole carboxylase activity with a role in adenine biosynthesis; null mutant shows decreased virulence in a <i>C. elegans</i> infection model,1,EC:4.1.1.21,0.62521202
B9J08_003951 ADE2 CGDID:CAL0000217201 COORDS:Chr1_C_auris_B8441:3818346-3820025C (1680 nucleotides) translated using codon table 12 (559 amino acids) Verified ORF; Putative phosphoribosylaminoimidazole carboxylase activity with a role in adenine biosynthesis; null mutant shows decreased virulence in a <i>C. elegans</i> infection model,2,Phosphoribosylaminoimidazole carboxylase,0.310777467
B9J08_003951 ADE2 CGDID:CAL0000217201 COORDS:Chr1_C_auris_B8441:3818346-3820025C (1680 nucleotides) translated using codon table 12 (559 amino acids) Verified ORF; Putative phosphoribosylaminoimidazole carboxylase activity with a role in adenine biosynthesis; null mutant shows decreased virulence in a <i>C. elegans</i> infection model,3,AIR carboxylase,0.027148826
B9J08_003951 ADE2 CGDID:CAL0000217201 COORDS:Chr1_C_auris_B8441:3818346-3820025C (1680 nucleotides) translated using codon table 12 (559 amino acids) Verified ORF; Putative phosphoribosylaminoimidazole carboxylase activity with a role in adenine biosynthesis; null mutant shows decreased virulence in a <i>C. elegans</i> infection model,4,AIRC,0.012855968
B9J08_003951 ADE2 CGDID:CAL0000217201 COORDS:Chr1_C_auris_B8441:3818346-3820025C (1680 nucleotides) translated using codon table 12 (559 amino acids) Verified ORF; Putative phosphoribosylaminoimidazole carboxylase activity with a role in adenine biosynthesis; null mutant shows decreased virulence in a <i>C. elegans</i> infection model,5,EC:6.3.2.6,0.005123949
B9J08_003951 ADE2 CGDID:CAL0000217201 COORDS:Chr1_C_auris_B8441:3818346-3820025C (1680 nucleotides) translated using codon table 12 (559 amino acids) Verified ORF; Putative phosphoribosylaminoimidazole carboxylase activity with a role in adenine biosynthesis; null mutant shows decreased virulence in a <i>C. elegans</i> infection model,6,SAICAR synthetase,0.001463851
B9J08_003951 ADE2 CGDID:CAL0000217201 COORDS:Chr1_C_auris_B8441:3818346-3820025C (1680 nucleotides) translated using codon table 12 (559 amino acids) Verified ORF; Putative phosphoribosylaminoimidazole carboxylase activity with a role in adenine biosynthesis; null mutant shows decreased virulence in a <i>C. elegans</i> infection model,7,EC:2.1.2.-,0.000952164
B9J08_003951 ADE2 CGDID:CAL0000217201 COORDS:Chr1_C_auris_B8441:3818346-3820025C (1680 nucleotides) translated using codon table 12 (559 amino acids) Verified ORF; Putative phosphoribosylaminoimidazole carboxylase activity with a role in adenine biosynthesis; null mutant shows decreased virulence in a <i>C. elegans</i> infection model,8,EC:2.1.2.11,0.000761553
B9J08_003951 ADE2 CGDID:CAL0000217201 COORDS:Chr1_C_auris_B8441:3818346-3820025C (1680 nucleotides) translated using codon table 12 (559 amino acids) Verified ORF; Putative phosphoribosylaminoimidazole carboxylase activity with a role in adenine biosynthesis; null mutant shows decreased virulence in a <i>C. elegans</i> infection model,9,Phosphoribosylaminoimidazole-succinocarboxamide synthase,0.000686693
B9J08_003951 ADE2 CGDID:CAL0000217201 COORDS:Chr1_C_auris_B8441:3818346-3820025C (1680 nucleotides) translated using codon table 12 (559 amino acids) Verified ORF; Putative phosphoribosylaminoimidazole carboxylase activity with a role in adenine biosynthesis; null mutant shows decreased virulence in a <i>C. elegans</i> infection model,10,ATP-grasp domain-containing protein,0.000537933
B9J08_003981 MDR1 CGDID:CAL0000221279 COORDS:Chr1_C_auris_B8441:3875495-3877144C (1650 nucleotides) translated using codon table 12 (549 amino acids) Verified ORF; Putative efflux transporter of the major facilitator superfamily; expression is increased in some fluconazole-resistant isolates,1,MFS domain-containing protein,0.292043961
B9J08_003981 MDR1 CGDID:CAL0000221279 COORDS:Chr1_C_auris_B8441:3875495-3877144C (1650 nucleotides) translated using codon table 12 (549 amino acids) Verified ORF; Putative efflux transporter of the major facilitator superfamily; expression is increased in some fluconazole-resistant isolates,2,Multidrug resistance protein,0.128455786
B9J08_003981 MDR1 CGDID:CAL0000221279 COORDS:Chr1_C_auris_B8441:3875495-3877144C (1650 nucleotides) translated using codon table 12 (549 amino acids) Verified ORF; Putative efflux transporter of the major facilitator superfamily; expression is increased in some fluconazole-resistant isolates,3,MFS general substrate transporter,0.053393305
B9J08_003981 MDR1 CGDID:CAL0000221279 COORDS:Chr1_C_auris_B8441:3875495-3877144C (1650 nucleotides) translated using codon table 12 (549 amino acids) Verified ORF; Putative efflux transporter of the major facilitator superfamily; expression is increased in some fluconazole-resistant isolates,4,Multidrug resistance protein 1,0.052664117
B9J08_003981 MDR1 CGDID:CAL0000221279 COORDS:Chr1_C_auris_B8441:3875495-3877144C (1650 nucleotides) translated using codon table 12 (549 amino acids) Verified ORF; Putative efflux transporter of the major facilitator superfamily; expression is increased in some fluconazole-resistant isolates,5,Multidrug resistance protein-like protein,0.041343537
B9J08_003981 MDR1 CGDID:CAL0000221279 COORDS:Chr1_C_auris_B8441:3875495-3877144C (1650 nucleotides) translated using codon table 12 (549 amino acids) Verified ORF; Putative efflux transporter of the major facilitator superfamily; expression is increased in some fluconazole-resistant isolates,6,Caffeine resistance protein 5,0.015218317
B9J08_003981 MDR1 CGDID:CAL0000221279 COORDS:Chr1_C_auris_B8441:3875495-3877144C (1650 nucleotides) translated using codon table 12 (549 amino acids) Verified ORF; Putative efflux transporter of the major facilitator superfamily; expression is increased in some fluconazole-resistant isolates,7,FLR1-like protein,0.012595263
B9J08_003981 MDR1 CGDID:CAL0000221279 COORDS:Chr1_C_auris_B8441:3875495-3877144C (1650 nucleotides) translated using codon table 12 (549 amino acids) Verified ORF; Putative efflux transporter of the major facilitator superfamily; expression is increased in some fluconazole-resistant isolates,8,Polyamine transporter 1,0.009877267
B9J08_003981 MDR1 CGDID:CAL0000221279 COORDS:Chr1_C_auris_B8441:3875495-3877144C (1650 nucleotides) translated using codon table 12 (549 amino acids) Verified ORF; Putative efflux transporter of the major facilitator superfamily; expression is increased in some fluconazole-resistant isolates,9,"Multidrug resistance protein,",0.006520206
B9J08_003981 MDR1 CGDID:CAL0000221279 COORDS:Chr1_C_auris_B8441:3875495-3877144C (1650 nucleotides) translated using codon table 12 (549 amino acids) Verified ORF; Putative efflux transporter of the major facilitator superfamily; expression is increased in some fluconazole-resistant isolates,10,Multidrug resistance,0.00642423
"B9J08_004027 WOR1 CGDID:CAL0000226815 COORDS:Chr1_C_auris_B8441:3983975-3985288W (1314 nucleotides) translated using codon table 12 (437 amino acids) Verified ORF; Putative transcription factor that regulates white-brown phenotypic switching; null mutant shows delayed and decreased switching from white to brown, while overexpression increases switching",1,Gluconate transport inducer 1/Pac2,0.251359629
"B9J08_004027 WOR1 CGDID:CAL0000226815 COORDS:Chr1_C_auris_B8441:3983975-3985288W (1314 nucleotides) translated using codon table 12 (437 amino acids) Verified ORF; Putative transcription factor that regulates white-brown phenotypic switching; null mutant shows delayed and decreased switching from white to brown, while overexpression increases switching",2,Camp independent regulatory protein,0.16607764
"B9J08_004027 WOR1 CGDID:CAL0000226815 COORDS:Chr1_C_auris_B8441:3983975-3985288W (1314 nucleotides) translated using codon table 12 (437 amino acids) Verified ORF; Putative transcription factor that regulates white-brown phenotypic switching; null mutant shows delayed and decreased switching from white to brown, while overexpression increases switching",3,Transcriptional regulator MIT1,0.127461058
"B9J08_004027 WOR1 CGDID:CAL0000226815 COORDS:Chr1_C_auris_B8441:3983975-3985288W (1314 nucleotides) translated using codon table 12 (437 amino acids) Verified ORF; Putative transcription factor that regulates white-brown phenotypic switching; null mutant shows delayed and decreased switching from white to brown, while overexpression increases switching",4,CAMP-independent regulatory protein pac2,0.117157836
"B9J08_004027 WOR1 CGDID:CAL0000226815 COORDS:Chr1_C_auris_B8441:3983975-3985288W (1314 nucleotides) translated using codon table 12 (437 amino acids) Verified ORF; Putative transcription factor that regulates white-brown phenotypic switching; null mutant shows delayed and decreased switching from white to brown, while overexpression increases switching",5,Gti1/Pac2 family-domain-containing protein,0.028263743
"B9J08_004027 WOR1 CGDID:CAL0000226815 COORDS:Chr1_C_auris_B8441:3983975-3985288W (1314 nucleotides) translated using codon table 12 (437 amino acids) Verified ORF; Putative transcription factor that regulates white-brown phenotypic switching; null mutant shows delayed and decreased switching from white to brown, while overexpression increases switching",6,Gluconate transport-inducing protein,0.022349076
"B9J08_004027 WOR1 CGDID:CAL0000226815 COORDS:Chr1_C_auris_B8441:3983975-3985288W (1314 nucleotides) translated using codon table 12 (437 amino acids) Verified ORF; Putative transcription factor that regulates white-brown phenotypic switching; null mutant shows delayed and decreased switching from white to brown, while overexpression increases switching",7,Transcription factor,0.010835054
"B9J08_004027 WOR1 CGDID:CAL0000226815 COORDS:Chr1_C_auris_B8441:3983975-3985288W (1314 nucleotides) translated using codon table 12 (437 amino acids) Verified ORF; Putative transcription factor that regulates white-brown phenotypic switching; null mutant shows delayed and decreased switching from white to brown, while overexpression increases switching",8,Ryp1,0.010813495
"B9J08_004027 WOR1 CGDID:CAL0000226815 COORDS:Chr1_C_auris_B8441:3983975-3985288W (1314 nucleotides) translated using codon table 12 (437 amino acids) Verified ORF; Putative transcription factor that regulates white-brown phenotypic switching; null mutant shows delayed and decreased switching from white to brown, while overexpression increases switching",9,White-opaque regulator 1,0.009799925
"B9J08_004027 WOR1 CGDID:CAL0000226815 COORDS:Chr1_C_auris_B8441:3983975-3985288W (1314 nucleotides) translated using codon table 12 (437 amino acids) Verified ORF; Putative transcription factor that regulates white-brown phenotypic switching; null mutant shows delayed and decreased switching from white to brown, while overexpression increases switching",10,Gluconate transporter inducer Gti1,0.007678922
B9J08_004030 TPK1 CGDID:CAL0000226265 COORDS:Chr1_C_auris_B8441:3994941-3996092C (1152 nucleotides) translated using codon table 12 (383 amino acids) Verified ORF; Predicted catalytic subunit of cAMP-dependent protein kinase,1,CAMP-dependent protein kinase type 2,0.299778563
B9J08_004030 TPK1 CGDID:CAL0000226265 COORDS:Chr1_C_auris_B8441:3994941-3996092C (1152 nucleotides) translated using codon table 12 (383 amino acids) Verified ORF; Predicted catalytic subunit of cAMP-dependent protein kinase,2,Tpk2p,0.063991954
B9J08_004030 TPK1 CGDID:CAL0000226265 COORDS:Chr1_C_auris_B8441:3994941-3996092C (1152 nucleotides) translated using codon table 12 (383 amino acids) Verified ORF; Predicted catalytic subunit of cAMP-dependent protein kinase,3,TPK3-like protein,0.046616525
B9J08_004030 TPK1 CGDID:CAL0000226265 COORDS:Chr1_C_auris_B8441:3994941-3996092C (1152 nucleotides) translated using codon table 12 (383 amino acids) Verified ORF; Predicted catalytic subunit of cAMP-dependent protein kinase,4,Tpk1p,0.045738559
B9J08_004030 TPK1 CGDID:CAL0000226265 COORDS:Chr1_C_auris_B8441:3994941-3996092C (1152 nucleotides) translated using codon table 12 (383 amino acids) Verified ORF; Predicted catalytic subunit of cAMP-dependent protein kinase,5,Pkinase-domain-containing protein,0.03809517
B9J08_004030 TPK1 CGDID:CAL0000226265 COORDS:Chr1_C_auris_B8441:3994941-3996092C (1152 nucleotides) translated using codon table 12 (383 amino acids) Verified ORF; Predicted catalytic subunit of cAMP-dependent protein kinase,6,Kinase-like protein,0.023624888
B9J08_004030 TPK1 CGDID:CAL0000226265 COORDS:Chr1_C_auris_B8441:3994941-3996092C (1152 nucleotides) translated using codon table 12 (383 amino acids) Verified ORF; Predicted catalytic subunit of cAMP-dependent protein kinase,7,EC:2.7.11.11,0.01941077
B9J08_004030 TPK1 CGDID:CAL0000226265 COORDS:Chr1_C_auris_B8441:3994941-3996092C (1152 nucleotides) translated using codon table 12 (383 amino acids) Verified ORF; Predicted catalytic subunit of cAMP-dependent protein kinase,8,Tpk3p,0.018613257
B9J08_004030 TPK1 CGDID:CAL0000226265 COORDS:Chr1_C_auris_B8441:3994941-3996092C (1152 nucleotides) translated using codon table 12 (383 amino acids) Verified ORF; Predicted catalytic subunit of cAMP-dependent protein kinase,9,CAMP-dependent protein kinase type 1,0.01824613
B9J08_004030 TPK1 CGDID:CAL0000226265 COORDS:Chr1_C_auris_B8441:3994941-3996092C (1152 nucleotides) translated using codon table 12 (383 amino acids) Verified ORF; Predicted catalytic subunit of cAMP-dependent protein kinase,10,CAMP-dependent protein kinase catalytic subunit,0.015343754
B9J08_004061 MRR1 CGDID:CAL0000217129 COORDS:Chr1_C_auris_B8441:4052562-4055282W (2721 nucleotides) translated using codon table 12 (906 amino acids) Verified ORF; Putative Zn(II)2Cys6 transcription factor; likely involved in regulation of the efflux pump Mdr1p and the methylglyoxal reductase Mgd1p; plays a role in sensitivity to fluconazole and azoffluxin,1,Zn(2)-C6 fungal-type domain-containing protein,0.408523615
B9J08_004061 MRR1 CGDID:CAL0000217129 COORDS:Chr1_C_auris_B8441:4052562-4055282W (2721 nucleotides) translated using codon table 12 (906 amino acids) Verified ORF; Putative Zn(II)2Cys6 transcription factor; likely involved in regulation of the efflux pump Mdr1p and the methylglyoxal reductase Mgd1p; plays a role in sensitivity to fluconazole and azoffluxin,2,Multidrug resistance regulator 1,0.111767417
B9J08_004061 MRR1 CGDID:CAL0000217129 COORDS:Chr1_C_auris_B8441:4052562-4055282W (2721 nucleotides) translated using codon table 12 (906 amino acids) Verified ORF; Putative Zn(II)2Cys6 transcription factor; likely involved in regulation of the efflux pump Mdr1p and the methylglyoxal reductase Mgd1p; plays a role in sensitivity to fluconazole and azoffluxin,3,Oleate activated transcription factor 3,0.015531648
B9J08_004061 MRR1 CGDID:CAL0000217129 COORDS:Chr1_C_auris_B8441:4052562-4055282W (2721 nucleotides) translated using codon table 12 (906 amino acids) Verified ORF; Putative Zn(II)2Cys6 transcription factor; likely involved in regulation of the efflux pump Mdr1p and the methylglyoxal reductase Mgd1p; plays a role in sensitivity to fluconazole and azoffluxin,4,Transcription factor,0.012225363
B9J08_004061 MRR1 CGDID:CAL0000217129 COORDS:Chr1_C_auris_B8441:4052562-4055282W (2721 nucleotides) translated using codon table 12 (906 amino acids) Verified ORF; Putative Zn(II)2Cys6 transcription factor; likely involved in regulation of the efflux pump Mdr1p and the methylglyoxal reductase Mgd1p; plays a role in sensitivity to fluconazole and azoffluxin,5,Heme-responsive zinc finger transcription factor HAP1,0.011774774
B9J08_004061 MRR1 CGDID:CAL0000217129 COORDS:Chr1_C_auris_B8441:4052562-4055282W (2721 nucleotides) translated using codon table 12 (906 amino acids) Verified ORF; Putative Zn(II)2Cys6 transcription factor; likely involved in regulation of the efflux pump Mdr1p and the methylglyoxal reductase Mgd1p; plays a role in sensitivity to fluconazole and azoffluxin,6,OefC,0.008827481
B9J08_004061 MRR1 CGDID:CAL0000217129 COORDS:Chr1_C_auris_B8441:4052562-4055282W (2721 nucleotides) translated using codon table 12 (906 amino acids) Verified ORF; Putative Zn(II)2Cys6 transcription factor; likely involved in regulation of the efflux pump Mdr1p and the methylglyoxal reductase Mgd1p; plays a role in sensitivity to fluconazole and azoffluxin,7,Oleate-activated transcription factor 1,0.007869169
B9J08_004061 MRR1 CGDID:CAL0000217129 COORDS:Chr1_C_auris_B8441:4052562-4055282W (2721 nucleotides) translated using codon table 12 (906 amino acids) Verified ORF; Putative Zn(II)2Cys6 transcription factor; likely involved in regulation of the efflux pump Mdr1p and the methylglyoxal reductase Mgd1p; plays a role in sensitivity to fluconazole and azoffluxin,8,"WGS project CCBQ000000000 data, contig 00015",0.004690091
B9J08_004061 MRR1 CGDID:CAL0000217129 COORDS:Chr1_C_auris_B8441:4052562-4055282W (2721 nucleotides) translated using codon table 12 (906 amino acids) Verified ORF; Putative Zn(II)2Cys6 transcription factor; likely involved in regulation of the efflux pump Mdr1p and the methylglyoxal reductase Mgd1p; plays a role in sensitivity to fluconazole and azoffluxin,9,"WGS project CCBQ000000000 data, contig 00107",0.003595217
B9J08_004061 MRR1 CGDID:CAL0000217129 COORDS:Chr1_C_auris_B8441:4052562-4055282W (2721 nucleotides) translated using codon table 12 (906 amino acids) Verified ORF; Putative Zn(II)2Cys6 transcription factor; likely involved in regulation of the efflux pump Mdr1p and the methylglyoxal reductase Mgd1p; plays a role in sensitivity to fluconazole and azoffluxin,10,"WGS project CCBQ000000000 data, contig 00106",0.002930083
B9J08_004076 FUR1 CGDID:CAL0000223195 COORDS:Chr1_C_auris_B8441:4076918-4077574C (657 nucleotides) translated using codon table 12 (218 amino acids) Verified ORF; Putative uracil phosphoribosyltransferase; orthologs act in salvage of pyrimidine-containing compounds; mutations are associated with high flucytosine resistance in clinical isolates,1,Uracil phosphoribosyltransferase,0.522054004
B9J08_004076 FUR1 CGDID:CAL0000223195 COORDS:Chr1_C_auris_B8441:4076918-4077574C (657 nucleotides) translated using codon table 12 (218 amino acids) Verified ORF; Putative uracil phosphoribosyltransferase; orthologs act in salvage of pyrimidine-containing compounds; mutations are associated with high flucytosine resistance in clinical isolates,2,PRTase-like protein,0.099609588
B9J08_004076 FUR1 CGDID:CAL0000223195 COORDS:Chr1_C_auris_B8441:4076918-4077574C (657 nucleotides) translated using codon table 12 (218 amino acids) Verified ORF; Putative uracil phosphoribosyltransferase; orthologs act in salvage of pyrimidine-containing compounds; mutations are associated with high flucytosine resistance in clinical isolates,3,"Uracil phosphoribosyltransferase,",0.051348831
B9J08_004076 FUR1 CGDID:CAL0000223195 COORDS:Chr1_C_auris_B8441:4076918-4077574C (657 nucleotides) translated using codon table 12 (218 amino acids) Verified ORF; Putative uracil phosphoribosyltransferase; orthologs act in salvage of pyrimidine-containing compounds; mutations are associated with high flucytosine resistance in clinical isolates,4,EC:2.4.2.9,0.044801077
B9J08_004076 FUR1 CGDID:CAL0000223195 COORDS:Chr1_C_auris_B8441:4076918-4077574C (657 nucleotides) translated using codon table 12 (218 amino acids) Verified ORF; Putative uracil phosphoribosyltransferase; orthologs act in salvage of pyrimidine-containing compounds; mutations are associated with high flucytosine resistance in clinical isolates,5,Uracil phosphoribosyltransferase FUR1,0.027291816
B9J08_004076 FUR1 CGDID:CAL0000223195 COORDS:Chr1_C_auris_B8441:4076918-4077574C (657 nucleotides) translated using codon table 12 (218 amino acids) Verified ORF; Putative uracil phosphoribosyltransferase; orthologs act in salvage of pyrimidine-containing compounds; mutations are associated with high flucytosine resistance in clinical isolates,6,Uracil phosphoribosyltransferase-domain-containing protein,0.024362552
B9J08_004076 FUR1 CGDID:CAL0000223195 COORDS:Chr1_C_auris_B8441:4076918-4077574C (657 nucleotides) translated using codon table 12 (218 amino acids) Verified ORF; Putative uracil phosphoribosyltransferase; orthologs act in salvage of pyrimidine-containing compounds; mutations are associated with high flucytosine resistance in clinical isolates,7,UPRTase,0.008432722
B9J08_004076 FUR1 CGDID:CAL0000223195 COORDS:Chr1_C_auris_B8441:4076918-4077574C (657 nucleotides) translated using codon table 12 (218 amino acids) Verified ORF; Putative uracil phosphoribosyltransferase; orthologs act in salvage of pyrimidine-containing compounds; mutations are associated with high flucytosine resistance in clinical isolates,8,UMP pyrophosphorylase,0.007749112
B9J08_004076 FUR1 CGDID:CAL0000223195 COORDS:Chr1_C_auris_B8441:4076918-4077574C (657 nucleotides) translated using codon table 12 (218 amino acids) Verified ORF; Putative uracil phosphoribosyltransferase; orthologs act in salvage of pyrimidine-containing compounds; mutations are associated with high flucytosine resistance in clinical isolates,9,Uracil phosphoribosyl transferase,0.007128934
B9J08_004076 FUR1 CGDID:CAL0000223195 COORDS:Chr1_C_auris_B8441:4076918-4077574C (657 nucleotides) translated using codon table 12 (218 amino acids) Verified ORF; Putative uracil phosphoribosyltransferase; orthologs act in salvage of pyrimidine-containing compounds; mutations are associated with high flucytosine resistance in clinical isolates,10,Uracyl phosphoribosyltransferase,0.007022414
B9J08_004098 IFF4 CGDID:CAL0000224613 COORDS:Chr1_C_auris_B8441:4133025-4136768C (3744 nucleotides) translated using codon table 12 (1247 amino acids) Verified ORF; Putative GPI anchor protein; possibly involved in adhesion; downregulated in response to zinc oxide nanoparticles and during the switch from white to brown cells,1,Hyphal_reg_CWP domain-containing protein,0.922883675
B9J08_004098 IFF4 CGDID:CAL0000224613 COORDS:Chr1_C_auris_B8441:4133025-4136768C (3744 nucleotides) translated using codon table 12 (1247 amino acids) Verified ORF; Putative GPI anchor protein; possibly involved in adhesion; downregulated in response to zinc oxide nanoparticles and during the switch from white to brown cells,2,Hyphally regulated cell wall protein,0.017762727
B9J08_004098 IFF4 CGDID:CAL0000224613 COORDS:Chr1_C_auris_B8441:4133025-4136768C (3744 nucleotides) translated using codon table 12 (1247 amino acids) Verified ORF; Putative GPI anchor protein; possibly involved in adhesion; downregulated in response to zinc oxide nanoparticles and during the switch from white to brown cells,3,Hyphally regulated cell wall protein 1,0.008144019
B9J08_004098 IFF4 CGDID:CAL0000224613 COORDS:Chr1_C_auris_B8441:4133025-4136768C (3744 nucleotides) translated using codon table 12 (1247 amino acids) Verified ORF; Putative GPI anchor protein; possibly involved in adhesion; downregulated in response to zinc oxide nanoparticles and during the switch from white to brown cells,4,Hyphally regulated cell wall protein 3,0.004417233
B9J08_004098 IFF4 CGDID:CAL0000224613 COORDS:Chr1_C_auris_B8441:4133025-4136768C (3744 nucleotides) translated using codon table 12 (1247 amino acids) Verified ORF; Putative GPI anchor protein; possibly involved in adhesion; downregulated in response to zinc oxide nanoparticles and during the switch from white to brown cells,5,"Hyphally regulated cell wall protein,",0.003220174
B9J08_004098 IFF4 CGDID:CAL0000224613 COORDS:Chr1_C_auris_B8441:4133025-4136768C (3744 nucleotides) translated using codon table 12 (1247 amino acids) Verified ORF; Putative GPI anchor protein; possibly involved in adhesion; downregulated in response to zinc oxide nanoparticles and during the switch from white to brown cells,6,Hyphally regulated cell wall protein 3-like,0.002941168
B9J08_004098 IFF4 CGDID:CAL0000224613 COORDS:Chr1_C_auris_B8441:4133025-4136768C (3744 nucleotides) translated using codon table 12 (1247 amino acids) Verified ORF; Putative GPI anchor protein; possibly involved in adhesion; downregulated in response to zinc oxide nanoparticles and during the switch from white to brown cells,7,Hyphally regulated cell wall protein 1-like,0.001992336
B9J08_004098 IFF4 CGDID:CAL0000224613 COORDS:Chr1_C_auris_B8441:4133025-4136768C (3744 nucleotides) translated using codon table 12 (1247 amino acids) Verified ORF; Putative GPI anchor protein; possibly involved in adhesion; downregulated in response to zinc oxide nanoparticles and during the switch from white to brown cells,8,Hyphally regulated cell wall protein 2,0.001014157
B9J08_004098 IFF4 CGDID:CAL0000224613 COORDS:Chr1_C_auris_B8441:4133025-4136768C (3744 nucleotides) translated using codon table 12 (1247 amino acids) Verified ORF; Putative GPI anchor protein; possibly involved in adhesion; downregulated in response to zinc oxide nanoparticles and during the switch from white to brown cells,9,Agglutinin-like protein,0.000625778
B9J08_004098 IFF4 CGDID:CAL0000224613 COORDS:Chr1_C_auris_B8441:4133025-4136768C (3744 nucleotides) translated using codon table 12 (1247 amino acids) Verified ORF; Putative GPI anchor protein; possibly involved in adhesion; downregulated in response to zinc oxide nanoparticles and during the switch from white to brown cells,10,Hyphal glycoprotein,0.000517916
B9J08_000010 CAT2 CGDID:CAL0000223233 COORDS:Chr2_C_auris_B8441:24849-26711W (1863 nucleotides) translated using codon table 12 (620 amino acids) Verified ORF; Protein that may be required for <i>C. auris</i> to grow well on skin; null mutant shows growth defects under skin-like conditions; orthologs have carnitine O-acetyltransferase activity,1,Carn_acyltransf domain-containing protein,0.391131498
B9J08_000010 CAT2 CGDID:CAL0000223233 COORDS:Chr2_C_auris_B8441:24849-26711W (1863 nucleotides) translated using codon table 12 (620 amino acids) Verified ORF; Protein that may be required for <i>C. auris</i> to grow well on skin; null mutant shows growth defects under skin-like conditions; orthologs have carnitine O-acetyltransferase activity,2,Acyltransferase ChoActase/COT/CPT,0.152160443
B9J08_000010 CAT2 CGDID:CAL0000223233 COORDS:Chr2_C_auris_B8441:24849-26711W (1863 nucleotides) translated using codon table 12 (620 amino acids) Verified ORF; Protein that may be required for <i>C. auris</i> to grow well on skin; null mutant shows growth defects under skin-like conditions; orthologs have carnitine O-acetyltransferase activity,3,"Carnitine O-acetyltransferase, mitochondrial",0.093097932
B9J08_000010 CAT2 CGDID:CAL0000223233 COORDS:Chr2_C_auris_B8441:24849-26711W (1863 nucleotides) translated using codon table 12 (620 amino acids) Verified ORF; Protein that may be required for <i>C. auris</i> to grow well on skin; null mutant shows growth defects under skin-like conditions; orthologs have carnitine O-acetyltransferase activity,4,Carnitine O-acetyltransferase,0.079265435
B9J08_000010 CAT2 CGDID:CAL0000223233 COORDS:Chr2_C_auris_B8441:24849-26711W (1863 nucleotides) translated using codon table 12 (620 amino acids) Verified ORF; Protein that may be required for <i>C. auris</i> to grow well on skin; null mutant shows growth defects under skin-like conditions; orthologs have carnitine O-acetyltransferase activity,5,EC:2.3.1.7,0.029073544
B9J08_000010 CAT2 CGDID:CAL0000223233 COORDS:Chr2_C_auris_B8441:24849-26711W (1863 nucleotides) translated using codon table 12 (620 amino acids) Verified ORF; Protein that may be required for <i>C. auris</i> to grow well on skin; null mutant shows growth defects under skin-like conditions; orthologs have carnitine O-acetyltransferase activity,6,Carnitine O-acetyltransferase mitochondrial,0.012926104
B9J08_000010 CAT2 CGDID:CAL0000223233 COORDS:Chr2_C_auris_B8441:24849-26711W (1863 nucleotides) translated using codon table 12 (620 amino acids) Verified ORF; Protein that may be required for <i>C. auris</i> to grow well on skin; null mutant shows growth defects under skin-like conditions; orthologs have carnitine O-acetyltransferase activity,7,Carnitine o-acetyltransferase,0.011302985
B9J08_000010 CAT2 CGDID:CAL0000223233 COORDS:Chr2_C_auris_B8441:24849-26711W (1863 nucleotides) translated using codon table 12 (620 amino acids) Verified ORF; Protein that may be required for <i>C. auris</i> to grow well on skin; null mutant shows growth defects under skin-like conditions; orthologs have carnitine O-acetyltransferase activity,8,Carnitine acetyl transferase,0.011132812
B9J08_000010 CAT2 CGDID:CAL0000223233 COORDS:Chr2_C_auris_B8441:24849-26711W (1863 nucleotides) translated using codon table 12 (620 amino acids) Verified ORF; Protein that may be required for <i>C. auris</i> to grow well on skin; null mutant shows growth defects under skin-like conditions; orthologs have carnitine O-acetyltransferase activity,9,Choline/Carnitine o-acyltransferase,0.008791624
B9J08_000010 CAT2 CGDID:CAL0000223233 COORDS:Chr2_C_auris_B8441:24849-26711W (1863 nucleotides) translated using codon table 12 (620 amino acids) Verified ORF; Protein that may be required for <i>C. auris</i> to grow well on skin; null mutant shows growth defects under skin-like conditions; orthologs have carnitine O-acetyltransferase activity,10,Mitochondrial carnitine O-acetyltransferase,0.004887786
B9J08_000044 DOT1 CGDID:CAL0000217657 COORDS:Chr2_C_auris_B8441:100900-104259W (3360 nucleotides) translated using codon table 12 (1119 amino acids) Verified ORF; Histone H3K79 methyltransferase; null mutant shows increased sensitivity to AmB and a moderate elevation in susceptibility to echinocandins,1,"Histone-lysine N-methyltransferase, H3 lysine-79 specific",0.26833522
B9J08_000044 DOT1 CGDID:CAL0000217657 COORDS:Chr2_C_auris_B8441:100900-104259W (3360 nucleotides) translated using codon table 12 (1119 amino acids) Verified ORF; Histone H3K79 methyltransferase; null mutant shows increased sensitivity to AmB and a moderate elevation in susceptibility to echinocandins,2,Histone H3-K79 methyltransferase,0.252319389
B9J08_000044 DOT1 CGDID:CAL0000217657 COORDS:Chr2_C_auris_B8441:100900-104259W (3360 nucleotides) translated using codon table 12 (1119 amino acids) Verified ORF; Histone H3K79 methyltransferase; null mutant shows increased sensitivity to AmB and a moderate elevation in susceptibility to echinocandins,3,EC:2.1.1.360,0.213087005
B9J08_000044 DOT1 CGDID:CAL0000217657 COORDS:Chr2_C_auris_B8441:100900-104259W (3360 nucleotides) translated using codon table 12 (1119 amino acids) Verified ORF; Histone H3K79 methyltransferase; null mutant shows increased sensitivity to AmB and a moderate elevation in susceptibility to echinocandins,4,"Histone-lysine N-methyltransferase, H3 lysine-79 specific-like",0.062660915
B9J08_000044 DOT1 CGDID:CAL0000217657 COORDS:Chr2_C_auris_B8441:100900-104259W (3360 nucleotides) translated using codon table 12 (1119 amino acids) Verified ORF; Histone H3K79 methyltransferase; null mutant shows increased sensitivity to AmB and a moderate elevation in susceptibility to echinocandins,5,Histone H3,0.029859673
B9J08_000044 DOT1 CGDID:CAL0000217657 COORDS:Chr2_C_auris_B8441:100900-104259W (3360 nucleotides) translated using codon table 12 (1119 amino acids) Verified ORF; Histone H3K79 methyltransferase; null mutant shows increased sensitivity to AmB and a moderate elevation in susceptibility to echinocandins,6,Histone H2B,0.009029298
B9J08_000044 DOT1 CGDID:CAL0000217657 COORDS:Chr2_C_auris_B8441:100900-104259W (3360 nucleotides) translated using codon table 12 (1119 amino acids) Verified ORF; Histone H3K79 methyltransferase; null mutant shows increased sensitivity to AmB and a moderate elevation in susceptibility to echinocandins,7,Histone-fold,0.004597971
B9J08_000044 DOT1 CGDID:CAL0000217657 COORDS:Chr2_C_auris_B8441:100900-104259W (3360 nucleotides) translated using codon table 12 (1119 amino acids) Verified ORF; Histone H3K79 methyltransferase; null mutant shows increased sensitivity to AmB and a moderate elevation in susceptibility to echinocandins,8,"Histone-lysine N-methyltransferase, H3 lysine-79 specific-like protein",0.00448234
B9J08_000044 DOT1 CGDID:CAL0000217657 COORDS:Chr2_C_auris_B8441:100900-104259W (3360 nucleotides) translated using codon table 12 (1119 amino acids) Verified ORF; Histone H3K79 methyltransferase; null mutant shows increased sensitivity to AmB and a moderate elevation in susceptibility to echinocandins,9,SET domain-containing protein,0.00430766
B9J08_000044 DOT1 CGDID:CAL0000217657 COORDS:Chr2_C_auris_B8441:100900-104259W (3360 nucleotides) translated using codon table 12 (1119 amino acids) Verified ORF; Histone H3K79 methyltransferase; null mutant shows increased sensitivity to AmB and a moderate elevation in susceptibility to echinocandins,10,Histone domain-containing protein,0.004238985
B9J08_000117 PGA26 CGDID:CAL0000224047 COORDS:Chr2_C_auris_B8441:255941-256717C (777 nucleotides) translated using codon table 12 (258 amino acids) Verified ORF; Putative GPI-anchored cell wall protein; possibly involved in adherence,1,GPI-anchored protein,0.04582905
B9J08_000117 PGA26 CGDID:CAL0000224047 COORDS:Chr2_C_auris_B8441:255941-256717C (777 nucleotides) translated using codon table 12 (258 amino acids) Verified ORF; Putative GPI-anchored cell wall protein; possibly involved in adherence,2,Related to sporozoite surface protein 2,0.034851024
B9J08_000117 PGA26 CGDID:CAL0000224047 COORDS:Chr2_C_auris_B8441:255941-256717C (777 nucleotides) translated using codon table 12 (258 amino acids) Verified ORF; Putative GPI-anchored cell wall protein; possibly involved in adherence,3,Cell wall protein,0.028250471
B9J08_000117 PGA26 CGDID:CAL0000224047 COORDS:Chr2_C_auris_B8441:255941-256717C (777 nucleotides) translated using codon table 12 (258 amino acids) Verified ORF; Putative GPI-anchored cell wall protein; possibly involved in adherence,4,Cell wall mannoprotein CIS3,0.028204102
B9J08_000117 PGA26 CGDID:CAL0000224047 COORDS:Chr2_C_auris_B8441:255941-256717C (777 nucleotides) translated using codon table 12 (258 amino acids) Verified ORF; Putative GPI-anchored cell wall protein; possibly involved in adherence,5,Str. FM013,0.027225942
B9J08_000117 PGA26 CGDID:CAL0000224047 COORDS:Chr2_C_auris_B8441:255941-256717C (777 nucleotides) translated using codon table 12 (258 amino acids) Verified ORF; Putative GPI-anchored cell wall protein; possibly involved in adherence,6,Extracellular serine-rich protein,0.023901342
B9J08_000117 PGA26 CGDID:CAL0000224047 COORDS:Chr2_C_auris_B8441:255941-256717C (777 nucleotides) translated using codon table 12 (258 amino acids) Verified ORF; Putative GPI-anchored cell wall protein; possibly involved in adherence,7,GPI anchored protein,0.01933132
B9J08_000117 PGA26 CGDID:CAL0000224047 COORDS:Chr2_C_auris_B8441:255941-256717C (777 nucleotides) translated using codon table 12 (258 amino acids) Verified ORF; Putative GPI-anchored cell wall protein; possibly involved in adherence,8,Clock-controlled protein 6,0.014423316
B9J08_000117 PGA26 CGDID:CAL0000224047 COORDS:Chr2_C_auris_B8441:255941-256717C (777 nucleotides) translated using codon table 12 (258 amino acids) Verified ORF; Putative GPI-anchored cell wall protein; possibly involved in adherence,9,SAG-related sequence SRS10,0.013847465
B9J08_000117 PGA26 CGDID:CAL0000224047 COORDS:Chr2_C_auris_B8441:255941-256717C (777 nucleotides) translated using codon table 12 (258 amino acids) Verified ORF; Putative GPI-anchored cell wall protein; possibly involved in adherence,10,"GPI anchored protein,",0.00653986
"B9J08_000164 CDR1 CGDID:CAL0000220423 COORDS:Chr2_C_auris_B8441:348928-353454C (4527 nucleotides) translated using codon table 12 (1508 amino acids) Verified ORF; Putative transmembrane xenobiotic transporter, overexpressed in response to fluconazole; likely involved in cellular cation homeostasis",1,Multidrug resistance protein CDR1,0.296191677
"B9J08_000164 CDR1 CGDID:CAL0000220423 COORDS:Chr2_C_auris_B8441:348928-353454C (4527 nucleotides) translated using codon table 12 (1508 amino acids) Verified ORF; Putative transmembrane xenobiotic transporter, overexpressed in response to fluconazole; likely involved in cellular cation homeostasis",2,ABC transporter CDR4,0.11531722
"B9J08_000164 CDR1 CGDID:CAL0000220423 COORDS:Chr2_C_auris_B8441:348928-353454C (4527 nucleotides) translated using codon table 12 (1508 amino acids) Verified ORF; Putative transmembrane xenobiotic transporter, overexpressed in response to fluconazole; likely involved in cellular cation homeostasis",3,ABC-2 type transporter-domain-containing protein,0.046815984
"B9J08_000164 CDR1 CGDID:CAL0000220423 COORDS:Chr2_C_auris_B8441:348928-353454C (4527 nucleotides) translated using codon table 12 (1508 amino acids) Verified ORF; Putative transmembrane xenobiotic transporter, overexpressed in response to fluconazole; likely involved in cellular cation homeostasis",4,Multidrug resistance protein CDR2,0.046677515
"B9J08_000164 CDR1 CGDID:CAL0000220423 COORDS:Chr2_C_auris_B8441:348928-353454C (4527 nucleotides) translated using codon table 12 (1508 amino acids) Verified ORF; Putative transmembrane xenobiotic transporter, overexpressed in response to fluconazole; likely involved in cellular cation homeostasis",5,ABC-2 type transporter,0.037323302
"B9J08_000164 CDR1 CGDID:CAL0000220423 COORDS:Chr2_C_auris_B8441:348928-353454C (4527 nucleotides) translated using codon table 12 (1508 amino acids) Verified ORF; Putative transmembrane xenobiotic transporter, overexpressed in response to fluconazole; likely involved in cellular cation homeostasis",6,ATPase,0.036547096
"B9J08_000164 CDR1 CGDID:CAL0000220423 COORDS:Chr2_C_auris_B8441:348928-353454C (4527 nucleotides) translated using codon table 12 (1508 amino acids) Verified ORF; Putative transmembrane xenobiotic transporter, overexpressed in response to fluconazole; likely involved in cellular cation homeostasis",7,CDR ABC transporter,0.02762074
"B9J08_000164 CDR1 CGDID:CAL0000220423 COORDS:Chr2_C_auris_B8441:348928-353454C (4527 nucleotides) translated using codon table 12 (1508 amino acids) Verified ORF; Putative transmembrane xenobiotic transporter, overexpressed in response to fluconazole; likely involved in cellular cation homeostasis",8,ZEB2-regulated ABC transporter 1,0.024125938
"B9J08_000164 CDR1 CGDID:CAL0000220423 COORDS:Chr2_C_auris_B8441:348928-353454C (4527 nucleotides) translated using codon table 12 (1508 amino acids) Verified ORF; Putative transmembrane xenobiotic transporter, overexpressed in response to fluconazole; likely involved in cellular cation homeostasis",9,ATP-binding cassette transporter,0.023209721
"B9J08_000164 CDR1 CGDID:CAL0000220423 COORDS:Chr2_C_auris_B8441:348928-353454C (4527 nucleotides) translated using codon table 12 (1508 amino acids) Verified ORF; Putative transmembrane xenobiotic transporter, overexpressed in response to fluconazole; likely involved in cellular cation homeostasis",10,ATP-binding cassette transporter CGR1,0.017959978
B9J08_000172 ITR1 CGDID:CAL0000223993 COORDS:Chr2_C_auris_B8441:366310-367986C (1677 nucleotides) translated using codon table 12 (558 amino acids) Verified ORF; Putative sugar transporter containing transmembrane domains,1,MFS domain-containing protein,0.5618803
B9J08_000172 ITR1 CGDID:CAL0000223993 COORDS:Chr2_C_auris_B8441:366310-367986C (1677 nucleotides) translated using codon table 12 (558 amino acids) Verified ORF; Putative sugar transporter containing transmembrane domains,2,General substrate transporter,0.043433305
B9J08_000172 ITR1 CGDID:CAL0000223993 COORDS:Chr2_C_auris_B8441:366310-367986C (1677 nucleotides) translated using codon table 12 (558 amino acids) Verified ORF; Putative sugar transporter containing transmembrane domains,3,Myo-inositol transporter 1,0.028244363
B9J08_000172 ITR1 CGDID:CAL0000223993 COORDS:Chr2_C_auris_B8441:366310-367986C (1677 nucleotides) translated using codon table 12 (558 amino acids) Verified ORF; Putative sugar transporter containing transmembrane domains,4,Myo-inositol transporter,0.027518758
B9J08_000172 ITR1 CGDID:CAL0000223993 COORDS:Chr2_C_auris_B8441:366310-367986C (1677 nucleotides) translated using codon table 12 (558 amino acids) Verified ORF; Putative sugar transporter containing transmembrane domains,5,Related to Myo-inositol transport protein ITR1,0.026482987
B9J08_000172 ITR1 CGDID:CAL0000223993 COORDS:Chr2_C_auris_B8441:366310-367986C (1677 nucleotides) translated using codon table 12 (558 amino acids) Verified ORF; Putative sugar transporter containing transmembrane domains,6,Related to myo-inositol transport protein ITR1,0.02116692
B9J08_000172 ITR1 CGDID:CAL0000223993 COORDS:Chr2_C_auris_B8441:366310-367986C (1677 nucleotides) translated using codon table 12 (558 amino acids) Verified ORF; Putative sugar transporter containing transmembrane domains,7,High-affinity glucose transporter,0.014776849
B9J08_000172 ITR1 CGDID:CAL0000223993 COORDS:Chr2_C_auris_B8441:366310-367986C (1677 nucleotides) translated using codon table 12 (558 amino acids) Verified ORF; Putative sugar transporter containing transmembrane domains,8,MFS transporter,0.011974369
B9J08_000172 ITR1 CGDID:CAL0000223993 COORDS:Chr2_C_auris_B8441:366310-367986C (1677 nucleotides) translated using codon table 12 (558 amino acids) Verified ORF; Putative sugar transporter containing transmembrane domains,9,Inositol transporter 1,0.008110725
B9J08_000172 ITR1 CGDID:CAL0000223993 COORDS:Chr2_C_auris_B8441:366310-367986C (1677 nucleotides) translated using codon table 12 (558 amino acids) Verified ORF; Putative sugar transporter containing transmembrane domains,10,Related to Myo-inositol transporter 2,0.007304022
B9J08_000270 UPC2 CGDID:CAL0000223989 COORDS:Chr2_C_auris_B8441:559588-561441C (1854 nucleotides) translated using codon table 12 (617 amino acids) Verified ORF; Putative DNA-binding transcription activator; required for azole resistance; upregulates <i>ERG11</i> and <i>MDR1</i> and plays a role in regulation of <i>MRR1</i>,1,Zn(2)-C6 fungal-type domain-containing protein,0.655510167
B9J08_000270 UPC2 CGDID:CAL0000223989 COORDS:Chr2_C_auris_B8441:559588-561441C (1854 nucleotides) translated using codon table 12 (617 amino acids) Verified ORF; Putative DNA-binding transcription activator; required for azole resistance; upregulates <i>ERG11</i> and <i>MDR1</i> and plays a role in regulation of <i>MRR1</i>,2,Sterol uptake control protein 2,0.038872286
B9J08_000270 UPC2 CGDID:CAL0000223989 COORDS:Chr2_C_auris_B8441:559588-561441C (1854 nucleotides) translated using codon table 12 (617 amino acids) Verified ORF; Putative DNA-binding transcription activator; required for azole resistance; upregulates <i>ERG11</i> and <i>MDR1</i> and plays a role in regulation of <i>MRR1</i>,3,Upc2,0.0193348
B9J08_000270 UPC2 CGDID:CAL0000223989 COORDS:Chr2_C_auris_B8441:559588-561441C (1854 nucleotides) translated using codon table 12 (617 amino acids) Verified ORF; Putative DNA-binding transcription activator; required for azole resistance; upregulates <i>ERG11</i> and <i>MDR1</i> and plays a role in regulation of <i>MRR1</i>,4,Transcriptional regulatory protein UME6,0.018639924
B9J08_000270 UPC2 CGDID:CAL0000223989 COORDS:Chr2_C_auris_B8441:559588-561441C (1854 nucleotides) translated using codon table 12 (617 amino acids) Verified ORF; Putative DNA-binding transcription activator; required for azole resistance; upregulates <i>ERG11</i> and <i>MDR1</i> and plays a role in regulation of <i>MRR1</i>,5,Upc2 protein,0.015222236
B9J08_000270 UPC2 CGDID:CAL0000223989 COORDS:Chr2_C_auris_B8441:559588-561441C (1854 nucleotides) translated using codon table 12 (617 amino acids) Verified ORF; Putative DNA-binding transcription activator; required for azole resistance; upregulates <i>ERG11</i> and <i>MDR1</i> and plays a role in regulation of <i>MRR1</i>,6,C6 transcription factor,0.013673431
B9J08_000270 UPC2 CGDID:CAL0000223989 COORDS:Chr2_C_auris_B8441:559588-561441C (1854 nucleotides) translated using codon table 12 (617 amino acids) Verified ORF; Putative DNA-binding transcription activator; required for azole resistance; upregulates <i>ERG11</i> and <i>MDR1</i> and plays a role in regulation of <i>MRR1</i>,7,Transcription factor UPC2,0.012895784
B9J08_000270 UPC2 CGDID:CAL0000223989 COORDS:Chr2_C_auris_B8441:559588-561441C (1854 nucleotides) translated using codon table 12 (617 amino acids) Verified ORF; Putative DNA-binding transcription activator; required for azole resistance; upregulates <i>ERG11</i> and <i>MDR1</i> and plays a role in regulation of <i>MRR1</i>,8,Transcriptional regulatory protein,0.009669989
B9J08_000270 UPC2 CGDID:CAL0000223989 COORDS:Chr2_C_auris_B8441:559588-561441C (1854 nucleotides) translated using codon table 12 (617 amino acids) Verified ORF; Putative DNA-binding transcription activator; required for azole resistance; upregulates <i>ERG11</i> and <i>MDR1</i> and plays a role in regulation of <i>MRR1</i>,9,Arginine metabolism regulation protein II,0.008460771
B9J08_000270 UPC2 CGDID:CAL0000223989 COORDS:Chr2_C_auris_B8441:559588-561441C (1854 nucleotides) translated using codon table 12 (617 amino acids) Verified ORF; Putative DNA-binding transcription activator; required for azole resistance; upregulates <i>ERG11</i> and <i>MDR1</i> and plays a role in regulation of <i>MRR1</i>,10,Transcription factor,0.006878833
B9J08_000347 HGT18 CGDID:CAL0000216757 COORDS:Chr2_C_auris_B8441:706624-708090C (1467 nucleotides) translated using codon table 12 (488 amino acids) Verified ORF; Putative sugar transporter containing transmembrane domains,1,MFS domain-containing protein,0.377293709
B9J08_000347 HGT18 CGDID:CAL0000216757 COORDS:Chr2_C_auris_B8441:706624-708090C (1467 nucleotides) translated using codon table 12 (488 amino acids) Verified ORF; Putative sugar transporter containing transmembrane domains,2,Hexose transporter,0.037256587
B9J08_000347 HGT18 CGDID:CAL0000216757 COORDS:Chr2_C_auris_B8441:706624-708090C (1467 nucleotides) translated using codon table 12 (488 amino acids) Verified ORF; Putative sugar transporter containing transmembrane domains,3,Hexose transporter protein,0.037241223
B9J08_000347 HGT18 CGDID:CAL0000216757 COORDS:Chr2_C_auris_B8441:706624-708090C (1467 nucleotides) translated using codon table 12 (488 amino acids) Verified ORF; Putative sugar transporter containing transmembrane domains,4,Metabolite transport protein,0.035986079
B9J08_000347 HGT18 CGDID:CAL0000216757 COORDS:Chr2_C_auris_B8441:706624-708090C (1467 nucleotides) translated using codon table 12 (488 amino acids) Verified ORF; Putative sugar transporter containing transmembrane domains,5,General substrate transporter,0.024827825
B9J08_000347 HGT18 CGDID:CAL0000216757 COORDS:Chr2_C_auris_B8441:706624-708090C (1467 nucleotides) translated using codon table 12 (488 amino acids) Verified ORF; Putative sugar transporter containing transmembrane domains,6,Metabolite transport protein csbC,0.002430663
B9J08_000347 HGT18 CGDID:CAL0000216757 COORDS:Chr2_C_auris_B8441:706624-708090C (1467 nucleotides) translated using codon table 12 (488 amino acids) Verified ORF; Putative sugar transporter containing transmembrane domains,7,Metabolite transport protein YBR241C,0.002016569
B9J08_000347 HGT18 CGDID:CAL0000216757 COORDS:Chr2_C_auris_B8441:706624-708090C (1467 nucleotides) translated using codon table 12 (488 amino acids) Verified ORF; Putative sugar transporter containing transmembrane domains,8,Metabolite transport,0.000361833
B9J08_000347 HGT18 CGDID:CAL0000216757 COORDS:Chr2_C_auris_B8441:706624-708090C (1467 nucleotides) translated using codon table 12 (488 amino acids) Verified ORF; Putative sugar transporter containing transmembrane domains,9,Metabolite transport protein YBR241C-like,0.000163295
B9J08_000347 HGT18 CGDID:CAL0000216757 COORDS:Chr2_C_auris_B8441:706624-708090C (1467 nucleotides) translated using codon table 12 (488 amino acids) Verified ORF; Putative sugar transporter containing transmembrane domains,10,JXXY16_1_G0019840.mRNA.1.CDS.1,4.61E-05
B9J08_000363 NCE103 CGDID:CAL0000219545 COORDS:Chr2_C_auris_B8441:733195-734004C (810 nucleotides) translated using codon table 12 (269 amino acids) Verified ORF; Putative carbonic anhydrase that converts CO2 into bicarbonate; appears to be required for <i>C. auris</i> infection of skin; regulated by Rca1 and Efg1,1,Carbonate dehydratase,0.435043684
B9J08_000363 NCE103 CGDID:CAL0000219545 COORDS:Chr2_C_auris_B8441:733195-734004C (810 nucleotides) translated using codon table 12 (269 amino acids) Verified ORF; Putative carbonic anhydrase that converts CO2 into bicarbonate; appears to be required for <i>C. auris</i> infection of skin; regulated by Rca1 and Efg1,2,EC:4.2.1.1,0.291975873
B9J08_000363 NCE103 CGDID:CAL0000219545 COORDS:Chr2_C_auris_B8441:733195-734004C (810 nucleotides) translated using codon table 12 (269 amino acids) Verified ORF; Putative carbonic anhydrase that converts CO2 into bicarbonate; appears to be required for <i>C. auris</i> infection of skin; regulated by Rca1 and Efg1,3,Carbonic anhydrase,0.267414842
B9J08_000363 NCE103 CGDID:CAL0000219545 COORDS:Chr2_C_auris_B8441:733195-734004C (810 nucleotides) translated using codon table 12 (269 amino acids) Verified ORF; Putative carbonic anhydrase that converts CO2 into bicarbonate; appears to be required for <i>C. auris</i> infection of skin; regulated by Rca1 and Efg1,4,Carbonic anhydrase 1,0.000299038
B9J08_000363 NCE103 CGDID:CAL0000219545 COORDS:Chr2_C_auris_B8441:733195-734004C (810 nucleotides) translated using codon table 12 (269 amino acids) Verified ORF; Putative carbonic anhydrase that converts CO2 into bicarbonate; appears to be required for <i>C. auris</i> infection of skin; regulated by Rca1 and Efg1,5,Beta-carbonic anhydrase 1,0.000194919
B9J08_000363 NCE103 CGDID:CAL0000219545 COORDS:Chr2_C_auris_B8441:733195-734004C (810 nucleotides) translated using codon table 12 (269 amino acids) Verified ORF; Putative carbonic anhydrase that converts CO2 into bicarbonate; appears to be required for <i>C. auris</i> infection of skin; regulated by Rca1 and Efg1,6,Carbonic anhydrase 2,0.000176479
B9J08_000363 NCE103 CGDID:CAL0000219545 COORDS:Chr2_C_auris_B8441:733195-734004C (810 nucleotides) translated using codon table 12 (269 amino acids) Verified ORF; Putative carbonic anhydrase that converts CO2 into bicarbonate; appears to be required for <i>C. auris</i> infection of skin; regulated by Rca1 and Efg1,7,Alpha-carbonic anhydrase domain-containing protein,6.80E-05
B9J08_000363 NCE103 CGDID:CAL0000219545 COORDS:Chr2_C_auris_B8441:733195-734004C (810 nucleotides) translated using codon table 12 (269 amino acids) Verified ORF; Putative carbonic anhydrase that converts CO2 into bicarbonate; appears to be required for <i>C. auris</i> infection of skin; regulated by Rca1 and Efg1,8,Alpha carbonic anhydrase,5.18E-05
B9J08_000363 NCE103 CGDID:CAL0000219545 COORDS:Chr2_C_auris_B8441:733195-734004C (810 nucleotides) translated using codon table 12 (269 amino acids) Verified ORF; Putative carbonic anhydrase that converts CO2 into bicarbonate; appears to be required for <i>C. auris</i> infection of skin; regulated by Rca1 and Efg1,9,Aconitate hydratase,4.67E-05
B9J08_000363 NCE103 CGDID:CAL0000219545 COORDS:Chr2_C_auris_B8441:733195-734004C (810 nucleotides) translated using codon table 12 (269 amino acids) Verified ORF; Putative carbonic anhydrase that converts CO2 into bicarbonate; appears to be required for <i>C. auris</i> infection of skin; regulated by Rca1 and Efg1,10,Bifunctional carbonic anhydrase/acetyltransferase,3.90E-05
B9J08_000447 CRZ2 CGDID:CAL0000223503 COORDS:Chr2_C_auris_B8441:948115-949302C (1188 nucleotides) translated using codon table 12 (395 amino acids) Verified ORF; Putative zinc finger transcription factor; distinct from putative paralog <i>CRZ1</i> in not appearing to mediate signaling from calcineurin; downregulated in brown cells and overexpression causes increased switching,1,Transcriptional regulator CRZ1,0.103680314
B9J08_000447 CRZ2 CGDID:CAL0000223503 COORDS:Chr2_C_auris_B8441:948115-949302C (1188 nucleotides) translated using codon table 12 (395 amino acids) Verified ORF; Putative zinc finger transcription factor; distinct from putative paralog <i>CRZ1</i> in not appearing to mediate signaling from calcineurin; downregulated in brown cells and overexpression causes increased switching,2,Zinc finger protein,0.081582911
B9J08_000447 CRZ2 CGDID:CAL0000223503 COORDS:Chr2_C_auris_B8441:948115-949302C (1188 nucleotides) translated using codon table 12 (395 amino acids) Verified ORF; Putative zinc finger transcription factor; distinct from putative paralog <i>CRZ1</i> in not appearing to mediate signaling from calcineurin; downregulated in brown cells and overexpression causes increased switching,3,"Zinc finger, C2H2",0.041703498
B9J08_000447 CRZ2 CGDID:CAL0000223503 COORDS:Chr2_C_auris_B8441:948115-949302C (1188 nucleotides) translated using codon table 12 (395 amino acids) Verified ORF; Putative zinc finger transcription factor; distinct from putative paralog <i>CRZ1</i> in not appearing to mediate signaling from calcineurin; downregulated in brown cells and overexpression causes increased switching,4,C2H2 finger domain transcription factor mtfA,0.034750139
B9J08_000447 CRZ2 CGDID:CAL0000223503 COORDS:Chr2_C_auris_B8441:948115-949302C (1188 nucleotides) translated using codon table 12 (395 amino acids) Verified ORF; Putative zinc finger transcription factor; distinct from putative paralog <i>CRZ1</i> in not appearing to mediate signaling from calcineurin; downregulated in brown cells and overexpression causes increased switching,5,C2H2 finger domain protein,0.031673413
B9J08_000447 CRZ2 CGDID:CAL0000223503 COORDS:Chr2_C_auris_B8441:948115-949302C (1188 nucleotides) translated using codon table 12 (395 amino acids) Verified ORF; Putative zinc finger transcription factor; distinct from putative paralog <i>CRZ1</i> in not appearing to mediate signaling from calcineurin; downregulated in brown cells and overexpression causes increased switching,6,C2H2 transcription factor RfeC,0.030852049
B9J08_000447 CRZ2 CGDID:CAL0000223503 COORDS:Chr2_C_auris_B8441:948115-949302C (1188 nucleotides) translated using codon table 12 (395 amino acids) Verified ORF; Putative zinc finger transcription factor; distinct from putative paralog <i>CRZ1</i> in not appearing to mediate signaling from calcineurin; downregulated in brown cells and overexpression causes increased switching,7,C2H2 finger domain-containing protein,0.02349637
B9J08_000447 CRZ2 CGDID:CAL0000223503 COORDS:Chr2_C_auris_B8441:948115-949302C (1188 nucleotides) translated using codon table 12 (395 amino acids) Verified ORF; Putative zinc finger transcription factor; distinct from putative paralog <i>CRZ1</i> in not appearing to mediate signaling from calcineurin; downregulated in brown cells and overexpression causes increased switching,8,Transcriptional regulator STP3,0.014188711
B9J08_000447 CRZ2 CGDID:CAL0000223503 COORDS:Chr2_C_auris_B8441:948115-949302C (1188 nucleotides) translated using codon table 12 (395 amino acids) Verified ORF; Putative zinc finger transcription factor; distinct from putative paralog <i>CRZ1</i> in not appearing to mediate signaling from calcineurin; downregulated in brown cells and overexpression causes increased switching,9,"C2H2 finger domain protein,",0.012573517
B9J08_000447 CRZ2 CGDID:CAL0000223503 COORDS:Chr2_C_auris_B8441:948115-949302C (1188 nucleotides) translated using codon table 12 (395 amino acids) Verified ORF; Putative zinc finger transcription factor; distinct from putative paralog <i>CRZ1</i> in not appearing to mediate signaling from calcineurin; downregulated in brown cells and overexpression causes increased switching,10,C2H2 type zinc finger containing protein,0.012429401
B9J08_000468 ACE2 CGDID:CAL0000227779 COORDS:Chr2_C_auris_B8441:993281-995104C (1824 nucleotides) translated using codon table 12 (607 amino acids) Verified ORF; Predicted DNA-binding transcription factor; involved in regulation of cell morphology,1,C2H2-type domain-containing protein,0.37638241
B9J08_000468 ACE2 CGDID:CAL0000227779 COORDS:Chr2_C_auris_B8441:993281-995104C (1824 nucleotides) translated using codon table 12 (607 amino acids) Verified ORF; Predicted DNA-binding transcription factor; involved in regulation of cell morphology,2,Transcriptional regulator STP1,0.08279806
B9J08_000468 ACE2 CGDID:CAL0000227779 COORDS:Chr2_C_auris_B8441:993281-995104C (1824 nucleotides) translated using codon table 12 (607 amino acids) Verified ORF; Predicted DNA-binding transcription factor; involved in regulation of cell morphology,3,C2H2 transcription factor,0.040337969
B9J08_000468 ACE2 CGDID:CAL0000227779 COORDS:Chr2_C_auris_B8441:993281-995104C (1824 nucleotides) translated using codon table 12 (607 amino acids) Verified ORF; Predicted DNA-binding transcription factor; involved in regulation of cell morphology,4,Transcriptional regulator STP2,0.032387533
B9J08_000468 ACE2 CGDID:CAL0000227779 COORDS:Chr2_C_auris_B8441:993281-995104C (1824 nucleotides) translated using codon table 12 (607 amino acids) Verified ORF; Predicted DNA-binding transcription factor; involved in regulation of cell morphology,5,C2H2-type zinc finger transcription factor,0.024587255
B9J08_000468 ACE2 CGDID:CAL0000227779 COORDS:Chr2_C_auris_B8441:993281-995104C (1824 nucleotides) translated using codon table 12 (607 amino acids) Verified ORF; Predicted DNA-binding transcription factor; involved in regulation of cell morphology,6,C2H2 transcription factor Swi5,0.02338583
B9J08_000468 ACE2 CGDID:CAL0000227779 COORDS:Chr2_C_auris_B8441:993281-995104C (1824 nucleotides) translated using codon table 12 (607 amino acids) Verified ORF; Predicted DNA-binding transcription factor; involved in regulation of cell morphology,7,Transcriptional regulator STP3,0.018254902
B9J08_000468 ACE2 CGDID:CAL0000227779 COORDS:Chr2_C_auris_B8441:993281-995104C (1824 nucleotides) translated using codon table 12 (607 amino acids) Verified ORF; Predicted DNA-binding transcription factor; involved in regulation of cell morphology,8,Metallothionein expression activator,0.015739088
B9J08_000468 ACE2 CGDID:CAL0000227779 COORDS:Chr2_C_auris_B8441:993281-995104C (1824 nucleotides) translated using codon table 12 (607 amino acids) Verified ORF; Predicted DNA-binding transcription factor; involved in regulation of cell morphology,9,Zinc finger protein,0.014682795
B9J08_000468 ACE2 CGDID:CAL0000227779 COORDS:Chr2_C_auris_B8441:993281-995104C (1824 nucleotides) translated using codon table 12 (607 amino acids) Verified ORF; Predicted DNA-binding transcription factor; involved in regulation of cell morphology,10,"Zinc finger, C2H2",0.009562048
B9J08_000582 HGT16 CGDID:CAL0000227349 COORDS:Chr2_C_auris_B8441:1246267-1247937C (1671 nucleotides) translated using codon table 12 (556 amino acids) Verified ORF; Putative sugar transporter containing transmembrane domains,1,MFS domain-containing protein,0.535761727
B9J08_000582 HGT16 CGDID:CAL0000227349 COORDS:Chr2_C_auris_B8441:1246267-1247937C (1671 nucleotides) translated using codon table 12 (556 amino acids) Verified ORF; Putative sugar transporter containing transmembrane domains,2,Quinate permease,0.169769075
B9J08_000582 HGT16 CGDID:CAL0000227349 COORDS:Chr2_C_auris_B8441:1246267-1247937C (1671 nucleotides) translated using codon table 12 (556 amino acids) Verified ORF; Putative sugar transporter containing transmembrane domains,3,Related to quinate transport protein,0.033939222
B9J08_000582 HGT16 CGDID:CAL0000227349 COORDS:Chr2_C_auris_B8441:1246267-1247937C (1671 nucleotides) translated using codon table 12 (556 amino acids) Verified ORF; Putative sugar transporter containing transmembrane domains,4,General substrate transporter,0.033262208
B9J08_000582 HGT16 CGDID:CAL0000227349 COORDS:Chr2_C_auris_B8441:1246267-1247937C (1671 nucleotides) translated using codon table 12 (556 amino acids) Verified ORF; Putative sugar transporter containing transmembrane domains,5,Sugar transporter,0.021078849
B9J08_000582 HGT16 CGDID:CAL0000227349 COORDS:Chr2_C_auris_B8441:1246267-1247937C (1671 nucleotides) translated using codon table 12 (556 amino acids) Verified ORF; Putative sugar transporter containing transmembrane domains,6,D-xylose-proton symporter,0.005836406
B9J08_000582 HGT16 CGDID:CAL0000227349 COORDS:Chr2_C_auris_B8441:1246267-1247937C (1671 nucleotides) translated using codon table 12 (556 amino acids) Verified ORF; Putative sugar transporter containing transmembrane domains,7,Quinate permease protein,0.005627119
B9J08_000582 HGT16 CGDID:CAL0000227349 COORDS:Chr2_C_auris_B8441:1246267-1247937C (1671 nucleotides) translated using codon table 12 (556 amino acids) Verified ORF; Putative sugar transporter containing transmembrane domains,8,"MFS transporter, SP family, sugar:H+ symporter",0.004915295
B9J08_000582 HGT16 CGDID:CAL0000227349 COORDS:Chr2_C_auris_B8441:1246267-1247937C (1671 nucleotides) translated using codon table 12 (556 amino acids) Verified ORF; Putative sugar transporter containing transmembrane domains,9,MFS transporter,0.004876946
B9J08_000582 HGT16 CGDID:CAL0000227349 COORDS:Chr2_C_auris_B8441:1246267-1247937C (1671 nucleotides) translated using codon table 12 (556 amino acids) Verified ORF; Putative sugar transporter containing transmembrane domains,10,Related to transporter protein,0.004133309
"B9J08_000592 UME6 CGDID:CAL0000223385 COORDS:Chr2_C_auris_B8441:1265967-1267295C (1329 nucleotides) translated using codon table 12 (442 amino acids) Verified ORF; Putative Zn(II)2Cys6 DNA-binding transcription factor; involved in regulation of pseudohyphal growth, adhesion, and biofilm formation; appears to regulate expression of SCF1, HGC1, and ALS4498",1,Zn(2)-C6 fungal-type domain-containing protein,0.839979757
"B9J08_000592 UME6 CGDID:CAL0000223385 COORDS:Chr2_C_auris_B8441:1265967-1267295C (1329 nucleotides) translated using codon table 12 (442 amino acids) Verified ORF; Putative Zn(II)2Cys6 DNA-binding transcription factor; involved in regulation of pseudohyphal growth, adhesion, and biofilm formation; appears to regulate expression of SCF1, HGC1, and ALS4498",2,Transcriptional regulatory protein,0.036770195
"B9J08_000592 UME6 CGDID:CAL0000223385 COORDS:Chr2_C_auris_B8441:1265967-1267295C (1329 nucleotides) translated using codon table 12 (442 amino acids) Verified ORF; Putative Zn(II)2Cys6 DNA-binding transcription factor; involved in regulation of pseudohyphal growth, adhesion, and biofilm formation; appears to regulate expression of SCF1, HGC1, and ALS4498",3,Transcription factor,0.009974045
"B9J08_000592 UME6 CGDID:CAL0000223385 COORDS:Chr2_C_auris_B8441:1265967-1267295C (1329 nucleotides) translated using codon table 12 (442 amino acids) Verified ORF; Putative Zn(II)2Cys6 DNA-binding transcription factor; involved in regulation of pseudohyphal growth, adhesion, and biofilm formation; appears to regulate expression of SCF1, HGC1, and ALS4498",4,Zn(2)-C6 fungal-type DNA-binding domain,0.00343643
"B9J08_000592 UME6 CGDID:CAL0000223385 COORDS:Chr2_C_auris_B8441:1265967-1267295C (1329 nucleotides) translated using codon table 12 (442 amino acids) Verified ORF; Putative Zn(II)2Cys6 DNA-binding transcription factor; involved in regulation of pseudohyphal growth, adhesion, and biofilm formation; appears to regulate expression of SCF1, HGC1, and ALS4498",5,Transcription factor cys6,0.003267941
"B9J08_000592 UME6 CGDID:CAL0000223385 COORDS:Chr2_C_auris_B8441:1265967-1267295C (1329 nucleotides) translated using codon table 12 (442 amino acids) Verified ORF; Putative Zn(II)2Cys6 DNA-binding transcription factor; involved in regulation of pseudohyphal growth, adhesion, and biofilm formation; appears to regulate expression of SCF1, HGC1, and ALS4498",6,Transcription factor cys6 protein,0.003035736
"B9J08_000592 UME6 CGDID:CAL0000223385 COORDS:Chr2_C_auris_B8441:1265967-1267295C (1329 nucleotides) translated using codon table 12 (442 amino acids) Verified ORF; Putative Zn(II)2Cys6 DNA-binding transcription factor; involved in regulation of pseudohyphal growth, adhesion, and biofilm formation; appears to regulate expression of SCF1, HGC1, and ALS4498",7,Transcriptional regulatory protein UME6,0.002679769
"B9J08_000592 UME6 CGDID:CAL0000223385 COORDS:Chr2_C_auris_B8441:1265967-1267295C (1329 nucleotides) translated using codon table 12 (442 amino acids) Verified ORF; Putative Zn(II)2Cys6 DNA-binding transcription factor; involved in regulation of pseudohyphal growth, adhesion, and biofilm formation; appears to regulate expression of SCF1, HGC1, and ALS4498",8,C6 finger domain protein,0.002212957
"B9J08_000592 UME6 CGDID:CAL0000223385 COORDS:Chr2_C_auris_B8441:1265967-1267295C (1329 nucleotides) translated using codon table 12 (442 amino acids) Verified ORF; Putative Zn(II)2Cys6 DNA-binding transcription factor; involved in regulation of pseudohyphal growth, adhesion, and biofilm formation; appears to regulate expression of SCF1, HGC1, and ALS4498",9,Nitrogen assimilation transcription factor nit-4,0.002102712
"B9J08_000592 UME6 CGDID:CAL0000223385 COORDS:Chr2_C_auris_B8441:1265967-1267295C (1329 nucleotides) translated using codon table 12 (442 amino acids) Verified ORF; Putative Zn(II)2Cys6 DNA-binding transcription factor; involved in regulation of pseudohyphal growth, adhesion, and biofilm formation; appears to regulate expression of SCF1, HGC1, and ALS4498",10,C6 finger domain-containing protein,0.002095868
B9J08_000675 CGDID:CAL0000227587 COORDS:Chr2_C_auris_B8441:1437293-1445119C (7827 nucleotides) translated using codon table 12 (2608 amino acids) Verified ORF; Putative adhesin; null mutant in the ARO382 strain background shows reduced adherence to keratinocytes,1,PA14 domain-containing protein,0.88284096
B9J08_000675 CGDID:CAL0000227587 COORDS:Chr2_C_auris_B8441:1437293-1445119C (7827 nucleotides) translated using codon table 12 (2608 amino acids) Verified ORF; Putative adhesin; null mutant in the ARO382 strain background shows reduced adherence to keratinocytes,2,Flocculation protein FLO9,0.010807634
B9J08_000675 CGDID:CAL0000227587 COORDS:Chr2_C_auris_B8441:1437293-1445119C (7827 nucleotides) translated using codon table 12 (2608 amino acids) Verified ORF; Putative adhesin; null mutant in the ARO382 strain background shows reduced adherence to keratinocytes,3,Flocculation protein FLO5,0.006947932
B9J08_000675 CGDID:CAL0000227587 COORDS:Chr2_C_auris_B8441:1437293-1445119C (7827 nucleotides) translated using codon table 12 (2608 amino acids) Verified ORF; Putative adhesin; null mutant in the ARO382 strain background shows reduced adherence to keratinocytes,4,Hyphal_reg_CWP domain-containing protein,0.006483934
B9J08_000675 CGDID:CAL0000227587 COORDS:Chr2_C_auris_B8441:1437293-1445119C (7827 nucleotides) translated using codon table 12 (2608 amino acids) Verified ORF; Putative adhesin; null mutant in the ARO382 strain background shows reduced adherence to keratinocytes,5,Flocculation protein FLO1,0.004087613
B9J08_000675 CGDID:CAL0000227587 COORDS:Chr2_C_auris_B8441:1437293-1445119C (7827 nucleotides) translated using codon table 12 (2608 amino acids) Verified ORF; Putative adhesin; null mutant in the ARO382 strain background shows reduced adherence to keratinocytes,6,Flocculation protein FLO9-like,0.003950101
B9J08_000675 CGDID:CAL0000227587 COORDS:Chr2_C_auris_B8441:1437293-1445119C (7827 nucleotides) translated using codon table 12 (2608 amino acids) Verified ORF; Putative adhesin; null mutant in the ARO382 strain background shows reduced adherence to keratinocytes,7,Agglutinin-like protein,0.003615798
B9J08_000675 CGDID:CAL0000227587 COORDS:Chr2_C_auris_B8441:1437293-1445119C (7827 nucleotides) translated using codon table 12 (2608 amino acids) Verified ORF; Putative adhesin; null mutant in the ARO382 strain background shows reduced adherence to keratinocytes,8,Flocculation protein FLO10,0.003182936
B9J08_000675 CGDID:CAL0000227587 COORDS:Chr2_C_auris_B8441:1437293-1445119C (7827 nucleotides) translated using codon table 12 (2608 amino acids) Verified ORF; Putative adhesin; null mutant in the ARO382 strain background shows reduced adherence to keratinocytes,9,Flocculation protein FLO11-like,0.002180713
B9J08_000675 CGDID:CAL0000227587 COORDS:Chr2_C_auris_B8441:1437293-1445119C (7827 nucleotides) translated using codon table 12 (2608 amino acids) Verified ORF; Putative adhesin; null mutant in the ARO382 strain background shows reduced adherence to keratinocytes,10,PA14 domain containing protein,0.002164233
"B9J08_000765 CAS5 CGDID:CAL0000226391 COORDS:Chr2_C_auris_B8441:1643870-1645909W (2040 nucleotides) translated using codon table 12 (679 amino acids) Verified ORF; Ortholog(s) have DNA-binding transcription factor activity, RNA polymerase II-specific, RNA polymerase II cis-regulatory region sequence-specific DNA binding, RNA polymerase II-specific DNA-binding transcription factor binding activity",1,BHLH domain-containing protein,0.38062538
"B9J08_000765 CAS5 CGDID:CAL0000226391 COORDS:Chr2_C_auris_B8441:1643870-1645909W (2040 nucleotides) translated using codon table 12 (679 amino acids) Verified ORF; Ortholog(s) have DNA-binding transcription factor activity, RNA polymerase II-specific, RNA polymerase II cis-regulatory region sequence-specific DNA binding, RNA polymerase II-specific DNA-binding transcription factor binding activity",2,Developmental regulatory protein wetA,0.057597249
"B9J08_000765 CAS5 CGDID:CAL0000226391 COORDS:Chr2_C_auris_B8441:1643870-1645909W (2040 nucleotides) translated using codon table 12 (679 amino acids) Verified ORF; Ortholog(s) have DNA-binding transcription factor activity, RNA polymerase II-specific, RNA polymerase II cis-regulatory region sequence-specific DNA binding, RNA polymerase II-specific DNA-binding transcription factor binding activity",3,Protein kinase domain-containing protein,0.053349086
"B9J08_000765 CAS5 CGDID:CAL0000226391 COORDS:Chr2_C_auris_B8441:1643870-1645909W (2040 nucleotides) translated using codon table 12 (679 amino acids) Verified ORF; Ortholog(s) have DNA-binding transcription factor activity, RNA polymerase II-specific, RNA polymerase II cis-regulatory region sequence-specific DNA binding, RNA polymerase II-specific DNA-binding transcription factor binding activity",4,EC:3.1.3.48,0.021447251
"B9J08_000765 CAS5 CGDID:CAL0000226391 COORDS:Chr2_C_auris_B8441:1643870-1645909W (2040 nucleotides) translated using codon table 12 (679 amino acids) Verified ORF; Ortholog(s) have DNA-binding transcription factor activity, RNA polymerase II-specific, RNA polymerase II cis-regulatory region sequence-specific DNA binding, RNA polymerase II-specific DNA-binding transcription factor binding activity",5,Protein-tyrosine-phosphatase,0.016213322
"B9J08_000765 CAS5 CGDID:CAL0000226391 COORDS:Chr2_C_auris_B8441:1643870-1645909W (2040 nucleotides) translated using codon table 12 (679 amino acids) Verified ORF; Ortholog(s) have DNA-binding transcription factor activity, RNA polymerase II-specific, RNA polymerase II cis-regulatory region sequence-specific DNA binding, RNA polymerase II-specific DNA-binding transcription factor binding activity",6,C2H2-type domain-containing protein,0.015795725
"B9J08_000765 CAS5 CGDID:CAL0000226391 COORDS:Chr2_C_auris_B8441:1643870-1645909W (2040 nucleotides) translated using codon table 12 (679 amino acids) Verified ORF; Ortholog(s) have DNA-binding transcription factor activity, RNA polymerase II-specific, RNA polymerase II cis-regulatory region sequence-specific DNA binding, RNA polymerase II-specific DNA-binding transcription factor binding activity",7,DH domain-containing protein,0.011264654
"B9J08_000765 CAS5 CGDID:CAL0000226391 COORDS:Chr2_C_auris_B8441:1643870-1645909W (2040 nucleotides) translated using codon table 12 (679 amino acids) Verified ORF; Ortholog(s) have DNA-binding transcription factor activity, RNA polymerase II-specific, RNA polymerase II cis-regulatory region sequence-specific DNA binding, RNA polymerase II-specific DNA-binding transcription factor binding activity",8,Related to wee1 kinase,0.00757945
"B9J08_000765 CAS5 CGDID:CAL0000226391 COORDS:Chr2_C_auris_B8441:1643870-1645909W (2040 nucleotides) translated using codon table 12 (679 amino acids) Verified ORF; Ortholog(s) have DNA-binding transcription factor activity, RNA polymerase II-specific, RNA polymerase II cis-regulatory region sequence-specific DNA binding, RNA polymerase II-specific DNA-binding transcription factor binding activity",9,Stress-activated map kinase-interacting protein 1,0.00341593
"B9J08_000765 CAS5 CGDID:CAL0000226391 COORDS:Chr2_C_auris_B8441:1643870-1645909W (2040 nucleotides) translated using codon table 12 (679 amino acids) Verified ORF; Ortholog(s) have DNA-binding transcription factor activity, RNA polymerase II-specific, RNA polymerase II cis-regulatory region sequence-specific DNA binding, RNA polymerase II-specific DNA-binding transcription factor binding activity",10,"WGS project CABT00000000 data, contig 2.3",0.00117249
"B9J08_000837 PMR1 CGDID:CAL0000218001 COORDS:Chr2_C_auris_B8441:1807486-1810257C (2772 nucleotides) translated using codon table 12 (923 amino acids) Verified ORF; Ortholog(s) have P-type calcium transporter activity, P-type manganese transporter activity, calcium ion binding activity",1,EC:7.2.2.10,0.565280237
"B9J08_000837 PMR1 CGDID:CAL0000218001 COORDS:Chr2_C_auris_B8441:1807486-1810257C (2772 nucleotides) translated using codon table 12 (923 amino acids) Verified ORF; Ortholog(s) have P-type calcium transporter activity, P-type manganese transporter activity, calcium ion binding activity",2,Calcium-transporting ATPase,0.378264929
"B9J08_000837 PMR1 CGDID:CAL0000218001 COORDS:Chr2_C_auris_B8441:1807486-1810257C (2772 nucleotides) translated using codon table 12 (923 amino acids) Verified ORF; Ortholog(s) have P-type calcium transporter activity, P-type manganese transporter activity, calcium ion binding activity",3,Cation_ATPase_N domain-containing protein,0.014990475
"B9J08_000837 PMR1 CGDID:CAL0000218001 COORDS:Chr2_C_auris_B8441:1807486-1810257C (2772 nucleotides) translated using codon table 12 (923 amino acids) Verified ORF; Ortholog(s) have P-type calcium transporter activity, P-type manganese transporter activity, calcium ion binding activity",4,P-type Ca(2+) transporter,0.009674522
"B9J08_000837 PMR1 CGDID:CAL0000218001 COORDS:Chr2_C_auris_B8441:1807486-1810257C (2772 nucleotides) translated using codon table 12 (923 amino acids) Verified ORF; Ortholog(s) have P-type calcium transporter activity, P-type manganese transporter activity, calcium ion binding activity",5,Ca2+-transporting ATPase,0.001182188
"B9J08_000837 PMR1 CGDID:CAL0000218001 COORDS:Chr2_C_auris_B8441:1807486-1810257C (2772 nucleotides) translated using codon table 12 (923 amino acids) Verified ORF; Ortholog(s) have P-type calcium transporter activity, P-type manganese transporter activity, calcium ion binding activity",6,Calcium-transporting ATPase 1,0.001094831
"B9J08_000837 PMR1 CGDID:CAL0000218001 COORDS:Chr2_C_auris_B8441:1807486-1810257C (2772 nucleotides) translated using codon table 12 (923 amino acids) Verified ORF; Ortholog(s) have P-type calcium transporter activity, P-type manganese transporter activity, calcium ion binding activity",7,"Magnesium-transporting ATPase, P-type 1",0.001016059
"B9J08_000837 PMR1 CGDID:CAL0000218001 COORDS:Chr2_C_auris_B8441:1807486-1810257C (2772 nucleotides) translated using codon table 12 (923 amino acids) Verified ORF; Ortholog(s) have P-type calcium transporter activity, P-type manganese transporter activity, calcium ion binding activity",8,EC:3.6.3.8,0.000856651
"B9J08_000837 PMR1 CGDID:CAL0000218001 COORDS:Chr2_C_auris_B8441:1807486-1810257C (2772 nucleotides) translated using codon table 12 (923 amino acids) Verified ORF; Ortholog(s) have P-type calcium transporter activity, P-type manganese transporter activity, calcium ion binding activity",9,Calcium-transporting P-type ATPase,0.000816242
"B9J08_000837 PMR1 CGDID:CAL0000218001 COORDS:Chr2_C_auris_B8441:1807486-1810257C (2772 nucleotides) translated using codon table 12 (923 amino acids) Verified ORF; Ortholog(s) have P-type calcium transporter activity, P-type manganese transporter activity, calcium ion binding activity",10,"Potassium/sodium efflux P-type ATPase, fungal-type",0.000593037
"B9J08_000852 RTT109 CGDID:CAL0000227173 COORDS:Chr2_C_auris_B8441:1842994-1844208C (1215 nucleotides) translated using codon table 12 (404 amino acids) Verified ORF; Histone H3 acetyltransferase; appears to acetylate lysine H3K56 collaboratively with Gcn5p; null mutant shows decreased resistance to echinocandins, azoles, and AmpB",1,Histone acetyltransferase,0.687213497
"B9J08_000852 RTT109 CGDID:CAL0000227173 COORDS:Chr2_C_auris_B8441:1842994-1844208C (1215 nucleotides) translated using codon table 12 (404 amino acids) Verified ORF; Histone H3 acetyltransferase; appears to acetylate lysine H3K56 collaboratively with Gcn5p; null mutant shows decreased resistance to echinocandins, azoles, and AmpB",2,EC:2.3.1.48,0.30160419
"B9J08_000852 RTT109 CGDID:CAL0000227173 COORDS:Chr2_C_auris_B8441:1842994-1844208C (1215 nucleotides) translated using codon table 12 (404 amino acids) Verified ORF; Histone H3 acetyltransferase; appears to acetylate lysine H3K56 collaboratively with Gcn5p; null mutant shows decreased resistance to echinocandins, azoles, and AmpB",3,MYST-type HAT domain-containing protein,0.002816801
"B9J08_000852 RTT109 CGDID:CAL0000227173 COORDS:Chr2_C_auris_B8441:1842994-1844208C (1215 nucleotides) translated using codon table 12 (404 amino acids) Verified ORF; Histone H3 acetyltransferase; appears to acetylate lysine H3K56 collaboratively with Gcn5p; null mutant shows decreased resistance to echinocandins, azoles, and AmpB",4,Lysine acetyltransferase,0.000444482
"B9J08_000852 RTT109 CGDID:CAL0000227173 COORDS:Chr2_C_auris_B8441:1842994-1844208C (1215 nucleotides) translated using codon table 12 (404 amino acids) Verified ORF; Histone H3 acetyltransferase; appears to acetylate lysine H3K56 collaboratively with Gcn5p; null mutant shows decreased resistance to echinocandins, azoles, and AmpB",5,Histone acetyltransferase GCN5,0.000307952
"B9J08_000852 RTT109 CGDID:CAL0000227173 COORDS:Chr2_C_auris_B8441:1842994-1844208C (1215 nucleotides) translated using codon table 12 (404 amino acids) Verified ORF; Histone H3 acetyltransferase; appears to acetylate lysine H3K56 collaboratively with Gcn5p; null mutant shows decreased resistance to echinocandins, azoles, and AmpB",6,Hypothetical protein,0.000188304
"B9J08_000852 RTT109 CGDID:CAL0000227173 COORDS:Chr2_C_auris_B8441:1842994-1844208C (1215 nucleotides) translated using codon table 12 (404 amino acids) Verified ORF; Histone H3 acetyltransferase; appears to acetylate lysine H3K56 collaboratively with Gcn5p; null mutant shows decreased resistance to echinocandins, azoles, and AmpB",7,N-acetyltransferase domain-containing protein,0.000186897
"B9J08_000852 RTT109 CGDID:CAL0000227173 COORDS:Chr2_C_auris_B8441:1842994-1844208C (1215 nucleotides) translated using codon table 12 (404 amino acids) Verified ORF; Histone H3 acetyltransferase; appears to acetylate lysine H3K56 collaboratively with Gcn5p; null mutant shows decreased resistance to echinocandins, azoles, and AmpB",8,Histone O-acetyltransferase,0.000142611
"B9J08_000852 RTT109 CGDID:CAL0000227173 COORDS:Chr2_C_auris_B8441:1842994-1844208C (1215 nucleotides) translated using codon table 12 (404 amino acids) Verified ORF; Histone H3 acetyltransferase; appears to acetylate lysine H3K56 collaboratively with Gcn5p; null mutant shows decreased resistance to echinocandins, azoles, and AmpB",9,"Histone acetyltransferase,",0.000140518
"B9J08_000852 RTT109 CGDID:CAL0000227173 COORDS:Chr2_C_auris_B8441:1842994-1844208C (1215 nucleotides) translated using codon table 12 (404 amino acids) Verified ORF; Histone H3 acetyltransferase; appears to acetylate lysine H3K56 collaboratively with Gcn5p; null mutant shows decreased resistance to echinocandins, azoles, and AmpB",10,Histone O acetyltransferase,0.00010585
B9J08_000938 HGT10 CGDID:CAL0000221581 COORDS:Chr2_C_auris_B8441:2038275-2039975W (1701 nucleotides) translated using codon table 12 (566 amino acids) Verified ORF; Putative sugar transporter containing transmembrane domains,1,Sugar transporter STL1,0.388844164
B9J08_000938 HGT10 CGDID:CAL0000221581 COORDS:Chr2_C_auris_B8441:2038275-2039975W (1701 nucleotides) translated using codon table 12 (566 amino acids) Verified ORF; Putative sugar transporter containing transmembrane domains,2,MFS domain-containing protein,0.313123161
B9J08_000938 HGT10 CGDID:CAL0000221581 COORDS:Chr2_C_auris_B8441:2038275-2039975W (1701 nucleotides) translated using codon table 12 (566 amino acids) Verified ORF; Putative sugar transporter containing transmembrane domains,3,Hexose carrier protein,0.037163161
B9J08_000938 HGT10 CGDID:CAL0000221581 COORDS:Chr2_C_auris_B8441:2038275-2039975W (1701 nucleotides) translated using codon table 12 (566 amino acids) Verified ORF; Putative sugar transporter containing transmembrane domains,4,General substrate transporter,0.03576691
B9J08_000938 HGT10 CGDID:CAL0000221581 COORDS:Chr2_C_auris_B8441:2038275-2039975W (1701 nucleotides) translated using codon table 12 (566 amino acids) Verified ORF; Putative sugar transporter containing transmembrane domains,5,Sugar transporter,0.027909363
B9J08_000938 HGT10 CGDID:CAL0000221581 COORDS:Chr2_C_auris_B8441:2038275-2039975W (1701 nucleotides) translated using codon table 12 (566 amino acids) Verified ORF; Putative sugar transporter containing transmembrane domains,6,Sugar/inositol transporter,0.020959114
B9J08_000938 HGT10 CGDID:CAL0000221581 COORDS:Chr2_C_auris_B8441:2038275-2039975W (1701 nucleotides) translated using codon table 12 (566 amino acids) Verified ORF; Putative sugar transporter containing transmembrane domains,7,Sugar transporter stl1,0.018131956
B9J08_000938 HGT10 CGDID:CAL0000221581 COORDS:Chr2_C_auris_B8441:2038275-2039975W (1701 nucleotides) translated using codon table 12 (566 amino acids) Verified ORF; Putative sugar transporter containing transmembrane domains,8,Sugar porter (SP) family MFS transporter,0.010314541
B9J08_000938 HGT10 CGDID:CAL0000221581 COORDS:Chr2_C_auris_B8441:2038275-2039975W (1701 nucleotides) translated using codon table 12 (566 amino acids) Verified ORF; Putative sugar transporter containing transmembrane domains,9,Monosaccharide transporter,0.007856515
B9J08_000938 HGT10 CGDID:CAL0000221581 COORDS:Chr2_C_auris_B8441:2038275-2039975W (1701 nucleotides) translated using codon table 12 (566 amino acids) Verified ORF; Putative sugar transporter containing transmembrane domains,10,Related to sugar transport protein STL1,0.005499321
"B9J08_001015 HGT13 CGDID:CAL0000220275 COORDS:Chr2_C_auris_B8441:2211460-2213085C (1626 nucleotides) translated using codon table 12 (541 amino acids) Verified ORF; Putative sugar transporter containing transmembrane domains, appears to also import drugs;  downregulated in response to flucoazole; null mutant shows increased resistance to fluconazole",1,MFS domain-containing protein,0.482067592
"B9J08_001015 HGT13 CGDID:CAL0000220275 COORDS:Chr2_C_auris_B8441:2211460-2213085C (1626 nucleotides) translated using codon table 12 (541 amino acids) Verified ORF; Putative sugar transporter containing transmembrane domains, appears to also import drugs;  downregulated in response to flucoazole; null mutant shows increased resistance to fluconazole",2,Sugar transporter STL1,0.239874911
"B9J08_001015 HGT13 CGDID:CAL0000220275 COORDS:Chr2_C_auris_B8441:2211460-2213085C (1626 nucleotides) translated using codon table 12 (541 amino acids) Verified ORF; Putative sugar transporter containing transmembrane domains, appears to also import drugs;  downregulated in response to flucoazole; null mutant shows increased resistance to fluconazole",3,Sugar transporter,0.052545269
"B9J08_001015 HGT13 CGDID:CAL0000220275 COORDS:Chr2_C_auris_B8441:2211460-2213085C (1626 nucleotides) translated using codon table 12 (541 amino acids) Verified ORF; Putative sugar transporter containing transmembrane domains, appears to also import drugs;  downregulated in response to flucoazole; null mutant shows increased resistance to fluconazole",4,General substrate transporter,0.042993367
"B9J08_001015 HGT13 CGDID:CAL0000220275 COORDS:Chr2_C_auris_B8441:2211460-2213085C (1626 nucleotides) translated using codon table 12 (541 amino acids) Verified ORF; Putative sugar transporter containing transmembrane domains, appears to also import drugs;  downregulated in response to flucoazole; null mutant shows increased resistance to fluconazole",5,Sugar porter (SP) family MFS transporter,0.015045214
"B9J08_001015 HGT13 CGDID:CAL0000220275 COORDS:Chr2_C_auris_B8441:2211460-2213085C (1626 nucleotides) translated using codon table 12 (541 amino acids) Verified ORF; Putative sugar transporter containing transmembrane domains, appears to also import drugs;  downregulated in response to flucoazole; null mutant shows increased resistance to fluconazole",6,Sugar/inositol transporter,0.01178121
"B9J08_001015 HGT13 CGDID:CAL0000220275 COORDS:Chr2_C_auris_B8441:2211460-2213085C (1626 nucleotides) translated using codon table 12 (541 amino acids) Verified ORF; Putative sugar transporter containing transmembrane domains, appears to also import drugs;  downregulated in response to flucoazole; null mutant shows increased resistance to fluconazole",7,Sugar transporter stl1,0.00983474
"B9J08_001015 HGT13 CGDID:CAL0000220275 COORDS:Chr2_C_auris_B8441:2211460-2213085C (1626 nucleotides) translated using codon table 12 (541 amino acids) Verified ORF; Putative sugar transporter containing transmembrane domains, appears to also import drugs;  downregulated in response to flucoazole; null mutant shows increased resistance to fluconazole",8,MFS sugar transporter,0.008083971
"B9J08_001015 HGT13 CGDID:CAL0000220275 COORDS:Chr2_C_auris_B8441:2211460-2213085C (1626 nucleotides) translated using codon table 12 (541 amino acids) Verified ORF; Putative sugar transporter containing transmembrane domains, appears to also import drugs;  downregulated in response to flucoazole; null mutant shows increased resistance to fluconazole",9,Sugar transporter family protein,0.005448506
"B9J08_001015 HGT13 CGDID:CAL0000220275 COORDS:Chr2_C_auris_B8441:2211460-2213085C (1626 nucleotides) translated using codon table 12 (541 amino acids) Verified ORF; Putative sugar transporter containing transmembrane domains, appears to also import drugs;  downregulated in response to flucoazole; null mutant shows increased resistance to fluconazole",10,Hexose carrier protein,0.005262413
B9J08_001951 CSA1 CGDID:CAL0000217845 COORDS:Chr3_C_auris_B8441:23436-25220W (1785 nucleotides) translated using codon table 12 (594 amino acids) Verified ORF; Putative mycelial surface antigen involved in adhesion; downregulated in response to zinc oxide nanoparticles,1,CFEM domain-containing protein,0.090650185
B9J08_001951 CSA1 CGDID:CAL0000217845 COORDS:Chr3_C_auris_B8441:23436-25220W (1785 nucleotides) translated using codon table 12 (594 amino acids) Verified ORF; Putative mycelial surface antigen involved in adhesion; downregulated in response to zinc oxide nanoparticles,2,Cell wall protein,0.069289314
B9J08_001951 CSA1 CGDID:CAL0000217845 COORDS:Chr3_C_auris_B8441:23436-25220W (1785 nucleotides) translated using codon table 12 (594 amino acids) Verified ORF; Putative mycelial surface antigen involved in adhesion; downregulated in response to zinc oxide nanoparticles,3,"Extracellular membrane protein, CFEM domain protein",0.060786873
B9J08_001951 CSA1 CGDID:CAL0000217845 COORDS:Chr3_C_auris_B8441:23436-25220W (1785 nucleotides) translated using codon table 12 (594 amino acids) Verified ORF; Putative mycelial surface antigen involved in adhesion; downregulated in response to zinc oxide nanoparticles,4,WSC domain-containing protein,0.026833051
B9J08_001951 CSA1 CGDID:CAL0000217845 COORDS:Chr3_C_auris_B8441:23436-25220W (1785 nucleotides) translated using codon table 12 (594 amino acids) Verified ORF; Putative mycelial surface antigen involved in adhesion; downregulated in response to zinc oxide nanoparticles,5,GPI-anchored protein pfl2,0.0203712
B9J08_001951 CSA1 CGDID:CAL0000217845 COORDS:Chr3_C_auris_B8441:23436-25220W (1785 nucleotides) translated using codon table 12 (594 amino acids) Verified ORF; Putative mycelial surface antigen involved in adhesion; downregulated in response to zinc oxide nanoparticles,6,"Extracellular membrane protein, CFEM domain",0.018376061
B9J08_001951 CSA1 CGDID:CAL0000217845 COORDS:Chr3_C_auris_B8441:23436-25220W (1785 nucleotides) translated using codon table 12 (594 amino acids) Verified ORF; Putative mycelial surface antigen involved in adhesion; downregulated in response to zinc oxide nanoparticles,7,But2 domain-containing protein,0.017856652
B9J08_001951 CSA1 CGDID:CAL0000217845 COORDS:Chr3_C_auris_B8441:23436-25220W (1785 nucleotides) translated using codon table 12 (594 amino acids) Verified ORF; Putative mycelial surface antigen involved in adhesion; downregulated in response to zinc oxide nanoparticles,8,Secreted protein,0.014892376
B9J08_001951 CSA1 CGDID:CAL0000217845 COORDS:Chr3_C_auris_B8441:23436-25220W (1785 nucleotides) translated using codon table 12 (594 amino acids) Verified ORF; Putative mycelial surface antigen involved in adhesion; downregulated in response to zinc oxide nanoparticles,9,Cell wall protein 1,0.014215101
B9J08_001951 CSA1 CGDID:CAL0000217845 COORDS:Chr3_C_auris_B8441:23436-25220W (1785 nucleotides) translated using codon table 12 (594 amino acids) Verified ORF; Putative mycelial surface antigen involved in adhesion; downregulated in response to zinc oxide nanoparticles,10,GPI-anchored protein,0.013020262
B9J08_002019 MRS7 CGDID:CAL0000226329 COORDS:Chr3_C_auris_B8441:159506-160903W (1398 nucleotides) translated using codon table 12 (465 amino acids) Verified ORF; Putative mitochondrial membrane protein; has a role in azole resistance; mutant mrs7p-D293H displays resistance to fluconazole and voriconazole that is not to due altered expression of efflux pumps,1,Letm1 RBD domain-containing protein,0.336493911
B9J08_002019 MRS7 CGDID:CAL0000226329 COORDS:Chr3_C_auris_B8441:159506-160903W (1398 nucleotides) translated using codon table 12 (465 amino acids) Verified ORF; Putative mitochondrial membrane protein; has a role in azole resistance; mutant mrs7p-D293H displays resistance to fluconazole and voriconazole that is not to due altered expression of efflux pumps,2,Mitochondrial distribution and morphology protein 38,0.129912482
B9J08_002019 MRS7 CGDID:CAL0000226329 COORDS:Chr3_C_auris_B8441:159506-160903W (1398 nucleotides) translated using codon table 12 (465 amino acids) Verified ORF; Putative mitochondrial membrane protein; has a role in azole resistance; mutant mrs7p-D293H displays resistance to fluconazole and voriconazole that is not to due altered expression of efflux pumps,3,LETM1-domain-containing protein,0.091371511
B9J08_002019 MRS7 CGDID:CAL0000226329 COORDS:Chr3_C_auris_B8441:159506-160903W (1398 nucleotides) translated using codon table 12 (465 amino acids) Verified ORF; Putative mitochondrial membrane protein; has a role in azole resistance; mutant mrs7p-D293H displays resistance to fluconazole and voriconazole that is not to due altered expression of efflux pumps,4,"LETM1 domain-containing protein YLH47, mitochondrial",0.071057566
B9J08_002019 MRS7 CGDID:CAL0000226329 COORDS:Chr3_C_auris_B8441:159506-160903W (1398 nucleotides) translated using codon table 12 (465 amino acids) Verified ORF; Putative mitochondrial membrane protein; has a role in azole resistance; mutant mrs7p-D293H displays resistance to fluconazole and voriconazole that is not to due altered expression of efflux pumps,5,MRS7 family protein,0.025706879
B9J08_002019 MRS7 CGDID:CAL0000226329 COORDS:Chr3_C_auris_B8441:159506-160903W (1398 nucleotides) translated using codon table 12 (465 amino acids) Verified ORF; Putative mitochondrial membrane protein; has a role in azole resistance; mutant mrs7p-D293H displays resistance to fluconazole and voriconazole that is not to due altered expression of efflux pumps,6,Leucine zipper-EF-hand-containing transmembrane protein 1,0.010792324
B9J08_002019 MRS7 CGDID:CAL0000226329 COORDS:Chr3_C_auris_B8441:159506-160903W (1398 nucleotides) translated using codon table 12 (465 amino acids) Verified ORF; Putative mitochondrial membrane protein; has a role in azole resistance; mutant mrs7p-D293H displays resistance to fluconazole and voriconazole that is not to due altered expression of efflux pumps,7,LETM1 domain-containing protein YLH47,0.008866989
B9J08_002019 MRS7 CGDID:CAL0000226329 COORDS:Chr3_C_auris_B8441:159506-160903W (1398 nucleotides) translated using codon table 12 (465 amino acids) Verified ORF; Putative mitochondrial membrane protein; has a role in azole resistance; mutant mrs7p-D293H displays resistance to fluconazole and voriconazole that is not to due altered expression of efflux pumps,8,Mitochondrial inner membrane protein OXA1,0.008796253
B9J08_002019 MRS7 CGDID:CAL0000226329 COORDS:Chr3_C_auris_B8441:159506-160903W (1398 nucleotides) translated using codon table 12 (465 amino acids) Verified ORF; Putative mitochondrial membrane protein; has a role in azole resistance; mutant mrs7p-D293H displays resistance to fluconazole and voriconazole that is not to due altered expression of efflux pumps,9,LETM1-like protein-domain-containing protein,0.008695946
B9J08_002019 MRS7 CGDID:CAL0000226329 COORDS:Chr3_C_auris_B8441:159506-160903W (1398 nucleotides) translated using codon table 12 (465 amino acids) Verified ORF; Putative mitochondrial membrane protein; has a role in azole resistance; mutant mrs7p-D293H displays resistance to fluconazole and voriconazole that is not to due altered expression of efflux pumps,10,Mitochondrial inner membrane protein,0.008273546
B9J08_002079 RDC3 CGDID:CAL0000216065 COORDS:Chr3_C_auris_B8441:290538-292235W (1698 nucleotides) translated using codon table 12 (565 amino acids) Verified ORF; Putative transmembrane transporter; upregulated in mature biofilms,1,MFS domain-containing protein,0.565238358
B9J08_002079 RDC3 CGDID:CAL0000216065 COORDS:Chr3_C_auris_B8441:290538-292235W (1698 nucleotides) translated using codon table 12 (565 amino acids) Verified ORF; Putative transmembrane transporter; upregulated in mature biofilms,2,MFS general substrate transporter,0.089116742
B9J08_002079 RDC3 CGDID:CAL0000216065 COORDS:Chr3_C_auris_B8441:290538-292235W (1698 nucleotides) translated using codon table 12 (565 amino acids) Verified ORF; Putative transmembrane transporter; upregulated in mature biofilms,3,Major facilitator superfamily transporter,0.035157533
B9J08_002079 RDC3 CGDID:CAL0000216065 COORDS:Chr3_C_auris_B8441:290538-292235W (1698 nucleotides) translated using codon table 12 (565 amino acids) Verified ORF; Putative transmembrane transporter; upregulated in mature biofilms,4,Major facilitator superfamily domain-containing protein,0.012899209
B9J08_002079 RDC3 CGDID:CAL0000216065 COORDS:Chr3_C_auris_B8441:290538-292235W (1698 nucleotides) translated using codon table 12 (565 amino acids) Verified ORF; Putative transmembrane transporter; upregulated in mature biofilms,5,Transporter AQR1,0.012588899
B9J08_002079 RDC3 CGDID:CAL0000216065 COORDS:Chr3_C_auris_B8441:290538-292235W (1698 nucleotides) translated using codon table 12 (565 amino acids) Verified ORF; Putative transmembrane transporter; upregulated in mature biofilms,6,Quinidine resistance protein 1,0.00768982
B9J08_002079 RDC3 CGDID:CAL0000216065 COORDS:Chr3_C_auris_B8441:290538-292235W (1698 nucleotides) translated using codon table 12 (565 amino acids) Verified ORF; Putative transmembrane transporter; upregulated in mature biofilms,7,MFS transporter,0.005718738
B9J08_002079 RDC3 CGDID:CAL0000216065 COORDS:Chr3_C_auris_B8441:290538-292235W (1698 nucleotides) translated using codon table 12 (565 amino acids) Verified ORF; Putative transmembrane transporter; upregulated in mature biofilms,8,Related to MFS domain-containing protein,0.005478845
B9J08_002079 RDC3 CGDID:CAL0000216065 COORDS:Chr3_C_auris_B8441:290538-292235W (1698 nucleotides) translated using codon table 12 (565 amino acids) Verified ORF; Putative transmembrane transporter; upregulated in mature biofilms,9,Related to MFS multidrug transporter,0.004402422
B9J08_002079 RDC3 CGDID:CAL0000216065 COORDS:Chr3_C_auris_B8441:290538-292235W (1698 nucleotides) translated using codon table 12 (565 amino acids) Verified ORF; Putative transmembrane transporter; upregulated in mature biofilms,10,Quinidine resistance protein 2,0.003742228
B9J08_002096 CRZ1 CGDID:CAL0000218085 COORDS:Chr3_C_auris_B8441:325763-327502W (1740 nucleotides) translated using codon table 12 (579 amino acids) Verified ORF; Putative zinc finger transcription factor; appears to mediate responses to membrane and ER stress and drug susceptibility as a downstream factor of calcineurin; expression increases upon exposure to caspofungin,1,Transcriptional regulator CRZ1,0.223472861
B9J08_002096 CRZ1 CGDID:CAL0000218085 COORDS:Chr3_C_auris_B8441:325763-327502W (1740 nucleotides) translated using codon table 12 (579 amino acids) Verified ORF; Putative zinc finger transcription factor; appears to mediate responses to membrane and ER stress and drug susceptibility as a downstream factor of calcineurin; expression increases upon exposure to caspofungin,2,Zinc finger protein,0.056964603
B9J08_002096 CRZ1 CGDID:CAL0000218085 COORDS:Chr3_C_auris_B8441:325763-327502W (1740 nucleotides) translated using codon table 12 (579 amino acids) Verified ORF; Putative zinc finger transcription factor; appears to mediate responses to membrane and ER stress and drug susceptibility as a downstream factor of calcineurin; expression increases upon exposure to caspofungin,3,Transcription factor,0.052735358
B9J08_002096 CRZ1 CGDID:CAL0000218085 COORDS:Chr3_C_auris_B8441:325763-327502W (1740 nucleotides) translated using codon table 12 (579 amino acids) Verified ORF; Putative zinc finger transcription factor; appears to mediate responses to membrane and ER stress and drug susceptibility as a downstream factor of calcineurin; expression increases upon exposure to caspofungin,4,"Zinc finger, C2H2",0.019337713
B9J08_002096 CRZ1 CGDID:CAL0000218085 COORDS:Chr3_C_auris_B8441:325763-327502W (1740 nucleotides) translated using codon table 12 (579 amino acids) Verified ORF; Putative zinc finger transcription factor; appears to mediate responses to membrane and ER stress and drug susceptibility as a downstream factor of calcineurin; expression increases upon exposure to caspofungin,5,Crz1p,0.016926343
B9J08_002096 CRZ1 CGDID:CAL0000218085 COORDS:Chr3_C_auris_B8441:325763-327502W (1740 nucleotides) translated using codon table 12 (579 amino acids) Verified ORF; Putative zinc finger transcription factor; appears to mediate responses to membrane and ER stress and drug susceptibility as a downstream factor of calcineurin; expression increases upon exposure to caspofungin,6,DNA-binding transcription factor,0.016181957
B9J08_002096 CRZ1 CGDID:CAL0000218085 COORDS:Chr3_C_auris_B8441:325763-327502W (1740 nucleotides) translated using codon table 12 (579 amino acids) Verified ORF; Putative zinc finger transcription factor; appears to mediate responses to membrane and ER stress and drug susceptibility as a downstream factor of calcineurin; expression increases upon exposure to caspofungin,7,Regulatory protein SWI5,0.013145585
B9J08_002096 CRZ1 CGDID:CAL0000218085 COORDS:Chr3_C_auris_B8441:325763-327502W (1740 nucleotides) translated using codon table 12 (579 amino acids) Verified ORF; Putative zinc finger transcription factor; appears to mediate responses to membrane and ER stress and drug susceptibility as a downstream factor of calcineurin; expression increases upon exposure to caspofungin,8,Transcriptional regulator CRZ2,0.011290079
B9J08_002096 CRZ1 CGDID:CAL0000218085 COORDS:Chr3_C_auris_B8441:325763-327502W (1740 nucleotides) translated using codon table 12 (579 amino acids) Verified ORF; Putative zinc finger transcription factor; appears to mediate responses to membrane and ER stress and drug susceptibility as a downstream factor of calcineurin; expression increases upon exposure to caspofungin,9,Related to Transcriptional regulator CRZ1,0.010446676
B9J08_002096 CRZ1 CGDID:CAL0000218085 COORDS:Chr3_C_auris_B8441:325763-327502W (1740 nucleotides) translated using codon table 12 (579 amino acids) Verified ORF; Putative zinc finger transcription factor; appears to mediate responses to membrane and ER stress and drug susceptibility as a downstream factor of calcineurin; expression increases upon exposure to caspofungin,10,Crz1,0.009495972
"B9J08_001125 SNQ2 CGDID:CAL0000223137 COORDS:Chr3_C_auris_B8441:768197-772657C (4461 nucleotides) translated using codon table 12 (1486 amino acids) Verified ORF; Has domain(s) with predicted ABC-type transporter activity, ATP binding, ATPase, ATPase-coupled transmembrane transporter activity, role in transmembrane transport and membrane localization",1,ABC transporter CDR4,0.147495063
"B9J08_001125 SNQ2 CGDID:CAL0000223137 COORDS:Chr3_C_auris_B8441:768197-772657C (4461 nucleotides) translated using codon table 12 (1486 amino acids) Verified ORF; Has domain(s) with predicted ABC-type transporter activity, ATP binding, ATPase, ATPase-coupled transmembrane transporter activity, role in transmembrane transport and membrane localization",2,ABC-2 type transporter-domain-containing protein,0.039943599
"B9J08_001125 SNQ2 CGDID:CAL0000223137 COORDS:Chr3_C_auris_B8441:768197-772657C (4461 nucleotides) translated using codon table 12 (1486 amino acids) Verified ORF; Has domain(s) with predicted ABC-type transporter activity, ATP binding, ATPase, ATPase-coupled transmembrane transporter activity, role in transmembrane transport and membrane localization",3,ATP-binding multidrug cassette transport protein,0.036860181
"B9J08_001125 SNQ2 CGDID:CAL0000223137 COORDS:Chr3_C_auris_B8441:768197-772657C (4461 nucleotides) translated using codon table 12 (1486 amino acids) Verified ORF; Has domain(s) with predicted ABC-type transporter activity, ATP binding, ATPase, ATPase-coupled transmembrane transporter activity, role in transmembrane transport and membrane localization",4,ABC transporter,0.024374398
"B9J08_001125 SNQ2 CGDID:CAL0000223137 COORDS:Chr3_C_auris_B8441:768197-772657C (4461 nucleotides) translated using codon table 12 (1486 amino acids) Verified ORF; Has domain(s) with predicted ABC-type transporter activity, ATP binding, ATPase, ATPase-coupled transmembrane transporter activity, role in transmembrane transport and membrane localization",5,Protein SNQ2,0.022754625
"B9J08_001125 SNQ2 CGDID:CAL0000223137 COORDS:Chr3_C_auris_B8441:768197-772657C (4461 nucleotides) translated using codon table 12 (1486 amino acids) Verified ORF; Has domain(s) with predicted ABC-type transporter activity, ATP binding, ATPase, ATPase-coupled transmembrane transporter activity, role in transmembrane transport and membrane localization",6,Multidrug resistance protein CDR1,0.022182546
"B9J08_001125 SNQ2 CGDID:CAL0000223137 COORDS:Chr3_C_auris_B8441:768197-772657C (4461 nucleotides) translated using codon table 12 (1486 amino acids) Verified ORF; Has domain(s) with predicted ABC-type transporter activity, ATP binding, ATPase, ATPase-coupled transmembrane transporter activity, role in transmembrane transport and membrane localization",7,ATP-binding cassette transporter,0.019707831
"B9J08_001125 SNQ2 CGDID:CAL0000223137 COORDS:Chr3_C_auris_B8441:768197-772657C (4461 nucleotides) translated using codon table 12 (1486 amino acids) Verified ORF; Has domain(s) with predicted ABC-type transporter activity, ATP binding, ATPase, ATPase-coupled transmembrane transporter activity, role in transmembrane transport and membrane localization",8,ABC-2 type transporter,0.018799117
"B9J08_001125 SNQ2 CGDID:CAL0000223137 COORDS:Chr3_C_auris_B8441:768197-772657C (4461 nucleotides) translated using codon table 12 (1486 amino acids) Verified ORF; Has domain(s) with predicted ABC-type transporter activity, ATP binding, ATPase, ATPase-coupled transmembrane transporter activity, role in transmembrane transport and membrane localization",9,Pleiotropic drug resistance protein,0.018646232
"B9J08_001125 SNQ2 CGDID:CAL0000223137 COORDS:Chr3_C_auris_B8441:768197-772657C (4461 nucleotides) translated using codon table 12 (1486 amino acids) Verified ORF; Has domain(s) with predicted ABC-type transporter activity, ATP binding, ATPase, ATPase-coupled transmembrane transporter activity, role in transmembrane transport and membrane localization",10,ATP-binding cassette transporter Abc11p,0.015493872
B9J08_001270 RCA1 CGDID:CAL0000227821 COORDS:Chr3_C_auris_B8441:1069451-1070599W (1149 nucleotides) translated using codon table 12 (382 amino acids) Verified ORF; Putative transcription factor; appears to promote switching from white to brown state; null mutant shows delayed switching and higher amounts of brown pigmentation,1,BZIP domain-containing protein,0.828222037
B9J08_001270 RCA1 CGDID:CAL0000227821 COORDS:Chr3_C_auris_B8441:1069451-1070599W (1149 nucleotides) translated using codon table 12 (382 amino acids) Verified ORF; Putative transcription factor; appears to promote switching from white to brown state; null mutant shows delayed switching and higher amounts of brown pigmentation,2,BZIP transcription factor,0.040415203
B9J08_001270 RCA1 CGDID:CAL0000227821 COORDS:Chr3_C_auris_B8441:1069451-1070599W (1149 nucleotides) translated using codon table 12 (382 amino acids) Verified ORF; Putative transcription factor; appears to promote switching from white to brown state; null mutant shows delayed switching and higher amounts of brown pigmentation,3,"BZIP transcription factor, bZIP-1",0.013444361
B9J08_001270 RCA1 CGDID:CAL0000227821 COORDS:Chr3_C_auris_B8441:1069451-1070599W (1149 nucleotides) translated using codon table 12 (382 amino acids) Verified ORF; Putative transcription factor; appears to promote switching from white to brown state; null mutant shows delayed switching and higher amounts of brown pigmentation,4,Transcription factor,0.005052427
B9J08_001270 RCA1 CGDID:CAL0000227821 COORDS:Chr3_C_auris_B8441:1069451-1070599W (1149 nucleotides) translated using codon table 12 (382 amino acids) Verified ORF; Putative transcription factor; appears to promote switching from white to brown state; null mutant shows delayed switching and higher amounts of brown pigmentation,5,Transcription factor kapC,0.004503363
B9J08_001270 RCA1 CGDID:CAL0000227821 COORDS:Chr3_C_auris_B8441:1069451-1070599W (1149 nucleotides) translated using codon table 12 (382 amino acids) Verified ORF; Putative transcription factor; appears to promote switching from white to brown state; null mutant shows delayed switching and higher amounts of brown pigmentation,6,Basic-leucine zipper transcription factor,0.004183036
B9J08_001270 RCA1 CGDID:CAL0000227821 COORDS:Chr3_C_auris_B8441:1069451-1070599W (1149 nucleotides) translated using codon table 12 (382 amino acids) Verified ORF; Putative transcription factor; appears to promote switching from white to brown state; null mutant shows delayed switching and higher amounts of brown pigmentation,7,BZIP transcription factor domain-containing protein,0.00353795
B9J08_001270 RCA1 CGDID:CAL0000227821 COORDS:Chr3_C_auris_B8441:1069451-1070599W (1149 nucleotides) translated using codon table 12 (382 amino acids) Verified ORF; Putative transcription factor; appears to promote switching from white to brown state; null mutant shows delayed switching and higher amounts of brown pigmentation,8,Cyclic AMP-responsive element-binding protein 5,0.003335828
B9J08_001270 RCA1 CGDID:CAL0000227821 COORDS:Chr3_C_auris_B8441:1069451-1070599W (1149 nucleotides) translated using codon table 12 (382 amino acids) Verified ORF; Putative transcription factor; appears to promote switching from white to brown state; null mutant shows delayed switching and higher amounts of brown pigmentation,9,BZIP transcription factor protein,0.003073296
B9J08_001270 RCA1 CGDID:CAL0000227821 COORDS:Chr3_C_auris_B8441:1069451-1070599W (1149 nucleotides) translated using codon table 12 (382 amino acids) Verified ORF; Putative transcription factor; appears to promote switching from white to brown state; null mutant shows delayed switching and higher amounts of brown pigmentation,10,Cyclic AMP-responsive element-binding protein 5-like,0.002515443
"B9J08_001292 SOD4 CGDID:CAL0000224003 COORDS:Chr3_C_auris_B8441:1124585-1125172W (588 nucleotides) translated using codon table 12 (195 amino acids) Verified ORF; Copper-containing superoxide dismutase, induced during iron starvation",1,Sod_Cu domain-containing protein,0.496645754
"B9J08_001292 SOD4 CGDID:CAL0000224003 COORDS:Chr3_C_auris_B8441:1124585-1125172W (588 nucleotides) translated using codon table 12 (195 amino acids) Verified ORF; Copper-containing superoxide dismutase, induced during iron starvation",2,Superoxide dismutase,0.135730542
"B9J08_001292 SOD4 CGDID:CAL0000224003 COORDS:Chr3_C_auris_B8441:1124585-1125172W (588 nucleotides) translated using codon table 12 (195 amino acids) Verified ORF; Copper-containing superoxide dismutase, induced during iron starvation",3,Superoxide dismutase [Cu-Zn],0.058984866
"B9J08_001292 SOD4 CGDID:CAL0000224003 COORDS:Chr3_C_auris_B8441:1124585-1125172W (588 nucleotides) translated using codon table 12 (195 amino acids) Verified ORF; Copper-containing superoxide dismutase, induced during iron starvation",4,"Cu,Zn superoxide dismutase-like protein",0.033151337
"B9J08_001292 SOD4 CGDID:CAL0000224003 COORDS:Chr3_C_auris_B8441:1124585-1125172W (588 nucleotides) translated using codon table 12 (195 amino acids) Verified ORF; Copper-containing superoxide dismutase, induced during iron starvation",5,EC:1.15.1.1,0.018628307
"B9J08_001292 SOD4 CGDID:CAL0000224003 COORDS:Chr3_C_auris_B8441:1124585-1125172W (588 nucleotides) translated using codon table 12 (195 amino acids) Verified ORF; Copper-containing superoxide dismutase, induced during iron starvation",6,Copper/zinc superoxide dismutase SODC,0.017417163
"B9J08_001292 SOD4 CGDID:CAL0000224003 COORDS:Chr3_C_auris_B8441:1124585-1125172W (588 nucleotides) translated using codon table 12 (195 amino acids) Verified ORF; Copper-containing superoxide dismutase, induced during iron starvation",7,Cu/Zn superoxide dismutase-like protein,0.015763212
"B9J08_001292 SOD4 CGDID:CAL0000224003 COORDS:Chr3_C_auris_B8441:1124585-1125172W (588 nucleotides) translated using codon table 12 (195 amino acids) Verified ORF; Copper-containing superoxide dismutase, induced during iron starvation",8,Cell surface superoxide dismutase [Cu-Zn] 4,0.013999175
"B9J08_001292 SOD4 CGDID:CAL0000224003 COORDS:Chr3_C_auris_B8441:1124585-1125172W (588 nucleotides) translated using codon table 12 (195 amino acids) Verified ORF; Copper-containing superoxide dismutase, induced during iron starvation",9,Cytosolic Cu/Zn superoxide dismutase,0.013323043
"B9J08_001292 SOD4 CGDID:CAL0000224003 COORDS:Chr3_C_auris_B8441:1124585-1125172W (588 nucleotides) translated using codon table 12 (195 amino acids) Verified ORF; Copper-containing superoxide dismutase, induced during iron starvation",10,Cell surface superoxide dismutase,0.013120273
"B9J08_001415 UBR2 CGDID:CAL0000224787 COORDS:Chr3_C_auris_B8441:1404787-1409760C (4974 nucleotides) translated using codon table 12 (1657 amino acids) Verified ORF; Putative ubiquitin protein ligase; involved in ubiquitin-dependent protein catabolism; acts together with Mub1p to regulate degradation of Rpn4p, which itself regulates drug efflux pumps",1,E3 ubiquitin-protein ligase,0.523479605
"B9J08_001415 UBR2 CGDID:CAL0000224787 COORDS:Chr3_C_auris_B8441:1404787-1409760C (4974 nucleotides) translated using codon table 12 (1657 amino acids) Verified ORF; Putative ubiquitin protein ligase; involved in ubiquitin-dependent protein catabolism; acts together with Mub1p to regulate degradation of Rpn4p, which itself regulates drug efflux pumps",2,EC:2.3.2.27,0.234800161
"B9J08_001415 UBR2 CGDID:CAL0000224787 COORDS:Chr3_C_auris_B8441:1404787-1409760C (4974 nucleotides) translated using codon table 12 (1657 amino acids) Verified ORF; Putative ubiquitin protein ligase; involved in ubiquitin-dependent protein catabolism; acts together with Mub1p to regulate degradation of Rpn4p, which itself regulates drug efflux pumps",3,HECT domain-containing protein,0.023069636
"B9J08_001415 UBR2 CGDID:CAL0000224787 COORDS:Chr3_C_auris_B8441:1404787-1409760C (4974 nucleotides) translated using codon table 12 (1657 amino acids) Verified ORF; Putative ubiquitin protein ligase; involved in ubiquitin-dependent protein catabolism; acts together with Mub1p to regulate degradation of Rpn4p, which itself regulates drug efflux pumps",4,E3 ubiquitin-protein ligase upl6,0.02029419
"B9J08_001415 UBR2 CGDID:CAL0000224787 COORDS:Chr3_C_auris_B8441:1404787-1409760C (4974 nucleotides) translated using codon table 12 (1657 amino acids) Verified ORF; Putative ubiquitin protein ligase; involved in ubiquitin-dependent protein catabolism; acts together with Mub1p to regulate degradation of Rpn4p, which itself regulates drug efflux pumps",5,RING-type domain-containing protein,0.009688339
"B9J08_001415 UBR2 CGDID:CAL0000224787 COORDS:Chr3_C_auris_B8441:1404787-1409760C (4974 nucleotides) translated using codon table 12 (1657 amino acids) Verified ORF; Putative ubiquitin protein ligase; involved in ubiquitin-dependent protein catabolism; acts together with Mub1p to regulate degradation of Rpn4p, which itself regulates drug efflux pumps",6,HECT-type E3 ubiquitin transferase,0.006293318
"B9J08_001415 UBR2 CGDID:CAL0000224787 COORDS:Chr3_C_auris_B8441:1404787-1409760C (4974 nucleotides) translated using codon table 12 (1657 amino acids) Verified ORF; Putative ubiquitin protein ligase; involved in ubiquitin-dependent protein catabolism; acts together with Mub1p to regulate degradation of Rpn4p, which itself regulates drug efflux pumps",7,Nuclear pore complex protein,0.006210713
"B9J08_001415 UBR2 CGDID:CAL0000224787 COORDS:Chr3_C_auris_B8441:1404787-1409760C (4974 nucleotides) translated using codon table 12 (1657 amino acids) Verified ORF; Putative ubiquitin protein ligase; involved in ubiquitin-dependent protein catabolism; acts together with Mub1p to regulate degradation of Rpn4p, which itself regulates drug efflux pumps",8,RING-type E3 ubiquitin transferase listerin,0.006136919
"B9J08_001415 UBR2 CGDID:CAL0000224787 COORDS:Chr3_C_auris_B8441:1404787-1409760C (4974 nucleotides) translated using codon table 12 (1657 amino acids) Verified ORF; Putative ubiquitin protein ligase; involved in ubiquitin-dependent protein catabolism; acts together with Mub1p to regulate degradation of Rpn4p, which itself regulates drug efflux pumps",9,Gamma-tubulin complex component,0.005390365
"B9J08_001415 UBR2 CGDID:CAL0000224787 COORDS:Chr3_C_auris_B8441:1404787-1409760C (4974 nucleotides) translated using codon table 12 (1657 amino acids) Verified ORF; Putative ubiquitin protein ligase; involved in ubiquitin-dependent protein catabolism; acts together with Mub1p to regulate degradation of Rpn4p, which itself regulates drug efflux pumps",10,E3 ubiquitin-protein ligase RNF123,0.00445032
B9J08_001458 SCF1 CGDID:CAL0000216887 COORDS:Chr3_C_auris_B8441:1506983-1509280W (2298 nucleotides) translated using codon table 12 (765 amino acids) Verified ORF; <i>Candida auris</i>-specific adhesin; required for adhesion to inert surfaces; also involved in cell-cell aggregation and biofilm formation; appears to be regulated by Ume6p,1,Flo11 domain-containing protein,0.831351846
B9J08_001458 SCF1 CGDID:CAL0000216887 COORDS:Chr3_C_auris_B8441:1506983-1509280W (2298 nucleotides) translated using codon table 12 (765 amino acids) Verified ORF; <i>Candida auris</i>-specific adhesin; required for adhesion to inert surfaces; also involved in cell-cell aggregation and biofilm formation; appears to be regulated by Ume6p,2,SUN domain-containing protein,0.01251204
B9J08_001458 SCF1 CGDID:CAL0000216887 COORDS:Chr3_C_auris_B8441:1506983-1509280W (2298 nucleotides) translated using codon table 12 (765 amino acids) Verified ORF; <i>Candida auris</i>-specific adhesin; required for adhesion to inert surfaces; also involved in cell-cell aggregation and biofilm formation; appears to be regulated by Ume6p,3,Hyphal_reg_CWP domain-containing protein,0.010691199
B9J08_001458 SCF1 CGDID:CAL0000216887 COORDS:Chr3_C_auris_B8441:1506983-1509280W (2298 nucleotides) translated using codon table 12 (765 amino acids) Verified ORF; <i>Candida auris</i>-specific adhesin; required for adhesion to inert surfaces; also involved in cell-cell aggregation and biofilm formation; appears to be regulated by Ume6p,4,GH16 domain-containing protein,0.006733987
B9J08_001458 SCF1 CGDID:CAL0000216887 COORDS:Chr3_C_auris_B8441:1506983-1509280W (2298 nucleotides) translated using codon table 12 (765 amino acids) Verified ORF; <i>Candida auris</i>-specific adhesin; required for adhesion to inert surfaces; also involved in cell-cell aggregation and biofilm formation; appears to be regulated by Ume6p,5,FTP domain-containing protein,0.00506952
B9J08_001458 SCF1 CGDID:CAL0000216887 COORDS:Chr3_C_auris_B8441:1506983-1509280W (2298 nucleotides) translated using codon table 12 (765 amino acids) Verified ORF; <i>Candida auris</i>-specific adhesin; required for adhesion to inert surfaces; also involved in cell-cell aggregation and biofilm formation; appears to be regulated by Ume6p,6,Cell wall protein DAN4,0.004627391
B9J08_001458 SCF1 CGDID:CAL0000216887 COORDS:Chr3_C_auris_B8441:1506983-1509280W (2298 nucleotides) translated using codon table 12 (765 amino acids) Verified ORF; <i>Candida auris</i>-specific adhesin; required for adhesion to inert surfaces; also involved in cell-cell aggregation and biofilm formation; appears to be regulated by Ume6p,7,F5/8 type C domain-containing protein,0.004200051
B9J08_001458 SCF1 CGDID:CAL0000216887 COORDS:Chr3_C_auris_B8441:1506983-1509280W (2298 nucleotides) translated using codon table 12 (765 amino acids) Verified ORF; <i>Candida auris</i>-specific adhesin; required for adhesion to inert surfaces; also involved in cell-cell aggregation and biofilm formation; appears to be regulated by Ume6p,8,WSC domain-containing protein,0.003742014
B9J08_001458 SCF1 CGDID:CAL0000216887 COORDS:Chr3_C_auris_B8441:1506983-1509280W (2298 nucleotides) translated using codon table 12 (765 amino acids) Verified ORF; <i>Candida auris</i>-specific adhesin; required for adhesion to inert surfaces; also involved in cell-cell aggregation and biofilm formation; appears to be regulated by Ume6p,9,Hyphally regulated cell wall protein 1,0.002328089
B9J08_001458 SCF1 CGDID:CAL0000216887 COORDS:Chr3_C_auris_B8441:1506983-1509280W (2298 nucleotides) translated using codon table 12 (765 amino acids) Verified ORF; <i>Candida auris</i>-specific adhesin; required for adhesion to inert surfaces; also involved in cell-cell aggregation and biofilm formation; appears to be regulated by Ume6p,10,Flo11,0.001765806
B9J08_004918 HSP90 CGDID:CAL0000223047 COORDS:Chr4_C_auris_B8441:62114-64240W (2127 nucleotides) translated using codon table 12 (708 amino acids) Verified ORF; Essential chaperone protein; represses filamentous growth; involved in tolerance to azoles and temperature-induced signal transduction,1,Heat shock protein 90,0.240245649
B9J08_004918 HSP90 CGDID:CAL0000223047 COORDS:Chr4_C_auris_B8441:62114-64240W (2127 nucleotides) translated using codon table 12 (708 amino acids) Verified ORF; Essential chaperone protein; represses filamentous growth; involved in tolerance to azoles and temperature-induced signal transduction,2,HATPase_c domain-containing protein,0.164700983
B9J08_004918 HSP90 CGDID:CAL0000223047 COORDS:Chr4_C_auris_B8441:62114-64240W (2127 nucleotides) translated using codon table 12 (708 amino acids) Verified ORF; Essential chaperone protein; represses filamentous growth; involved in tolerance to azoles and temperature-induced signal transduction,3,Hsp90-like protein,0.095994226
B9J08_004918 HSP90 CGDID:CAL0000223047 COORDS:Chr4_C_auris_B8441:62114-64240W (2127 nucleotides) translated using codon table 12 (708 amino acids) Verified ORF; Essential chaperone protein; represses filamentous growth; involved in tolerance to azoles and temperature-induced signal transduction,4,HSP90-domain-containing protein,0.095516467
B9J08_004918 HSP90 CGDID:CAL0000223047 COORDS:Chr4_C_auris_B8441:62114-64240W (2127 nucleotides) translated using codon table 12 (708 amino acids) Verified ORF; Essential chaperone protein; represses filamentous growth; involved in tolerance to azoles and temperature-induced signal transduction,5,Hsp90 protein-domain-containing protein,0.034778901
B9J08_004918 HSP90 CGDID:CAL0000223047 COORDS:Chr4_C_auris_B8441:62114-64240W (2127 nucleotides) translated using codon table 12 (708 amino acids) Verified ORF; Essential chaperone protein; represses filamentous growth; involved in tolerance to azoles and temperature-induced signal transduction,6,Heat shock protein,0.029252709
B9J08_004918 HSP90 CGDID:CAL0000223047 COORDS:Chr4_C_auris_B8441:62114-64240W (2127 nucleotides) translated using codon table 12 (708 amino acids) Verified ORF; Essential chaperone protein; represses filamentous growth; involved in tolerance to azoles and temperature-induced signal transduction,7,ATP-dependent molecular chaperone HSC82,0.022927613
B9J08_004918 HSP90 CGDID:CAL0000223047 COORDS:Chr4_C_auris_B8441:62114-64240W (2127 nucleotides) translated using codon table 12 (708 amino acids) Verified ORF; Essential chaperone protein; represses filamentous growth; involved in tolerance to azoles and temperature-induced signal transduction,8,Heat shock protein 90 homolog,0.018930418
B9J08_004918 HSP90 CGDID:CAL0000223047 COORDS:Chr4_C_auris_B8441:62114-64240W (2127 nucleotides) translated using codon table 12 (708 amino acids) Verified ORF; Essential chaperone protein; represses filamentous growth; involved in tolerance to azoles and temperature-induced signal transduction,9,Hsp90-domain-containing protein,0.015266133
B9J08_004918 HSP90 CGDID:CAL0000223047 COORDS:Chr4_C_auris_B8441:62114-64240W (2127 nucleotides) translated using codon table 12 (708 amino acids) Verified ORF; Essential chaperone protein; represses filamentous growth; involved in tolerance to azoles and temperature-induced signal transduction,10,Heat shock protein 80,0.012573175
B9J08_004946 HGC1 CGDID:CAL0000221515 COORDS:Chr4_C_auris_B8441:116208-117707W (1500 nucleotides) translated using codon table 12 (499 amino acids) Verified ORF; Putative filament-specific G1 cyclin-related protein; involved in regulation of pseudohyphal morphogenesis and biofilm formation; appears to be regulated by Ume6p,1,Cyclin N-terminal domain-containing protein,0.204480501
B9J08_004946 HGC1 CGDID:CAL0000221515 COORDS:Chr4_C_auris_B8441:116208-117707W (1500 nucleotides) translated using codon table 12 (499 amino acids) Verified ORF; Putative filament-specific G1 cyclin-related protein; involved in regulation of pseudohyphal morphogenesis and biofilm formation; appears to be regulated by Ume6p,2,CYCLIN domain-containing protein,0.157058314
B9J08_004946 HGC1 CGDID:CAL0000221515 COORDS:Chr4_C_auris_B8441:116208-117707W (1500 nucleotides) translated using codon table 12 (499 amino acids) Verified ORF; Putative filament-specific G1 cyclin-related protein; involved in regulation of pseudohyphal morphogenesis and biofilm formation; appears to be regulated by Ume6p,3,Cyclin-like protein,0.085578815
B9J08_004946 HGC1 CGDID:CAL0000221515 COORDS:Chr4_C_auris_B8441:116208-117707W (1500 nucleotides) translated using codon table 12 (499 amino acids) Verified ORF; Putative filament-specific G1 cyclin-related protein; involved in regulation of pseudohyphal morphogenesis and biofilm formation; appears to be regulated by Ume6p,4,G1/S-specific cyclin,0.044456173
B9J08_004946 HGC1 CGDID:CAL0000221515 COORDS:Chr4_C_auris_B8441:116208-117707W (1500 nucleotides) translated using codon table 12 (499 amino acids) Verified ORF; Putative filament-specific G1 cyclin-related protein; involved in regulation of pseudohyphal morphogenesis and biofilm formation; appears to be regulated by Ume6p,5,G1/S-specific cyclin CLN3,0.037010245
B9J08_004946 HGC1 CGDID:CAL0000221515 COORDS:Chr4_C_auris_B8441:116208-117707W (1500 nucleotides) translated using codon table 12 (499 amino acids) Verified ORF; Putative filament-specific G1 cyclin-related protein; involved in regulation of pseudohyphal morphogenesis and biofilm formation; appears to be regulated by Ume6p,6,G1/S-specific cyclin CLN1,0.036783146
B9J08_004946 HGC1 CGDID:CAL0000221515 COORDS:Chr4_C_auris_B8441:116208-117707W (1500 nucleotides) translated using codon table 12 (499 amino acids) Verified ORF; Putative filament-specific G1 cyclin-related protein; involved in regulation of pseudohyphal morphogenesis and biofilm formation; appears to be regulated by Ume6p,7,Cyclin,0.033036857
B9J08_004946 HGC1 CGDID:CAL0000221515 COORDS:Chr4_C_auris_B8441:116208-117707W (1500 nucleotides) translated using codon table 12 (499 amino acids) Verified ORF; Putative filament-specific G1 cyclin-related protein; involved in regulation of pseudohyphal morphogenesis and biofilm formation; appears to be regulated by Ume6p,8,G1/S-specific cyclin CLN2,0.023041915
B9J08_004946 HGC1 CGDID:CAL0000221515 COORDS:Chr4_C_auris_B8441:116208-117707W (1500 nucleotides) translated using codon table 12 (499 amino acids) Verified ORF; Putative filament-specific G1 cyclin-related protein; involved in regulation of pseudohyphal morphogenesis and biofilm formation; appears to be regulated by Ume6p,9,G1/S-specific cyclin Cln1,0.017544521
B9J08_004946 HGC1 CGDID:CAL0000221515 COORDS:Chr4_C_auris_B8441:116208-117707W (1500 nucleotides) translated using codon table 12 (499 amino acids) Verified ORF; Putative filament-specific G1 cyclin-related protein; involved in regulation of pseudohyphal morphogenesis and biofilm formation; appears to be regulated by Ume6p,10,G2/mitotic-specific cyclin-B3,0.010041432
"B9J08_004950 CNA1 CGDID:CAL0000218007 COORDS:Chr4_C_auris_B8441:125312-126997W (1686 nucleotides) translated using codon table 12 (561 amino acids) Verified ORF; Putative catalytic subunit of calcineurin B (Ca[2+]-calmodulin-regulated S/T protein phosphatase); forms a complex with Cnb1; null mutant shows reduced tolerance of extreme heat, cell wall stress, and all tested azoles and echinocandins",1,Serine/threonine-protein phosphatase,0.519304969
"B9J08_004950 CNA1 CGDID:CAL0000218007 COORDS:Chr4_C_auris_B8441:125312-126997W (1686 nucleotides) translated using codon table 12 (561 amino acids) Verified ORF; Putative catalytic subunit of calcineurin B (Ca[2+]-calmodulin-regulated S/T protein phosphatase); forms a complex with Cnb1; null mutant shows reduced tolerance of extreme heat, cell wall stress, and all tested azoles and echinocandins",2,EC:3.1.3.16,0.468347358
"B9J08_004950 CNA1 CGDID:CAL0000218007 COORDS:Chr4_C_auris_B8441:125312-126997W (1686 nucleotides) translated using codon table 12 (561 amino acids) Verified ORF; Putative catalytic subunit of calcineurin B (Ca[2+]-calmodulin-regulated S/T protein phosphatase); forms a complex with Cnb1; null mutant shows reduced tolerance of extreme heat, cell wall stress, and all tested azoles and echinocandins",3,Protein-serine/threonine phosphatase,0.001556488
"B9J08_004950 CNA1 CGDID:CAL0000218007 COORDS:Chr4_C_auris_B8441:125312-126997W (1686 nucleotides) translated using codon table 12 (561 amino acids) Verified ORF; Putative catalytic subunit of calcineurin B (Ca[2+]-calmodulin-regulated S/T protein phosphatase); forms a complex with Cnb1; null mutant shows reduced tolerance of extreme heat, cell wall stress, and all tested azoles and echinocandins",4,SER_THR_PHOSPHATASE domain-containing protein,0.000914516
"B9J08_004950 CNA1 CGDID:CAL0000218007 COORDS:Chr4_C_auris_B8441:125312-126997W (1686 nucleotides) translated using codon table 12 (561 amino acids) Verified ORF; Putative catalytic subunit of calcineurin B (Ca[2+]-calmodulin-regulated S/T protein phosphatase); forms a complex with Cnb1; null mutant shows reduced tolerance of extreme heat, cell wall stress, and all tested azoles and echinocandins",5,Hypothetical protein,0.000404008
"B9J08_004950 CNA1 CGDID:CAL0000218007 COORDS:Chr4_C_auris_B8441:125312-126997W (1686 nucleotides) translated using codon table 12 (561 amino acids) Verified ORF; Putative catalytic subunit of calcineurin B (Ca[2+]-calmodulin-regulated S/T protein phosphatase); forms a complex with Cnb1; null mutant shows reduced tolerance of extreme heat, cell wall stress, and all tested azoles and echinocandins",6,EC:2.7.11.1,0.000377399
"B9J08_004950 CNA1 CGDID:CAL0000218007 COORDS:Chr4_C_auris_B8441:125312-126997W (1686 nucleotides) translated using codon table 12 (561 amino acids) Verified ORF; Putative catalytic subunit of calcineurin B (Ca[2+]-calmodulin-regulated S/T protein phosphatase); forms a complex with Cnb1; null mutant shows reduced tolerance of extreme heat, cell wall stress, and all tested azoles and echinocandins",7,Metallo-dependent phosphatase-like protein,0.000353813
"B9J08_004950 CNA1 CGDID:CAL0000218007 COORDS:Chr4_C_auris_B8441:125312-126997W (1686 nucleotides) translated using codon table 12 (561 amino acids) Verified ORF; Putative catalytic subunit of calcineurin B (Ca[2+]-calmodulin-regulated S/T protein phosphatase); forms a complex with Cnb1; null mutant shows reduced tolerance of extreme heat, cell wall stress, and all tested azoles and echinocandins",8,Serine/threonine-protein phosphatase PP2A-1 catalytic subunit,0.000254169
"B9J08_004950 CNA1 CGDID:CAL0000218007 COORDS:Chr4_C_auris_B8441:125312-126997W (1686 nucleotides) translated using codon table 12 (561 amino acids) Verified ORF; Putative catalytic subunit of calcineurin B (Ca[2+]-calmodulin-regulated S/T protein phosphatase); forms a complex with Cnb1; null mutant shows reduced tolerance of extreme heat, cell wall stress, and all tested azoles and echinocandins",9,Serine/threonine-protein phosphatase PP2A-2 catalytic subunit,0.000211637
"B9J08_004950 CNA1 CGDID:CAL0000218007 COORDS:Chr4_C_auris_B8441:125312-126997W (1686 nucleotides) translated using codon table 12 (561 amino acids) Verified ORF; Putative catalytic subunit of calcineurin B (Ca[2+]-calmodulin-regulated S/T protein phosphatase); forms a complex with Cnb1; null mutant shows reduced tolerance of extreme heat, cell wall stress, and all tested azoles and echinocandins",10,Protein phosphatase 3 catalytic subunit alpha,0.000181514
"B9J08_004982 PDR16 CGDID:CAL0000223761 COORDS:Chr4_C_auris_B8441:193123-194163W (1041 nucleotides) translated using codon table 12 (346 amino acids) Verified ORF; Putative fungal phosphatidylinositol transfer protein; involved in susceptibility to azoles; overexpression increases resistance to azoles, amphotericin B, and 5-fluorocytosine",1,CRAL-TRIO domain-containing protein,0.481588642
"B9J08_004982 PDR16 CGDID:CAL0000223761 COORDS:Chr4_C_auris_B8441:193123-194163W (1041 nucleotides) translated using codon table 12 (346 amino acids) Verified ORF; Putative fungal phosphatidylinositol transfer protein; involved in susceptibility to azoles; overexpression increases resistance to azoles, amphotericin B, and 5-fluorocytosine",2,CRAL/TRIO domain-containing protein,0.100322883
"B9J08_004982 PDR16 CGDID:CAL0000223761 COORDS:Chr4_C_auris_B8441:193123-194163W (1041 nucleotides) translated using codon table 12 (346 amino acids) Verified ORF; Putative fungal phosphatidylinositol transfer protein; involved in susceptibility to azoles; overexpression increases resistance to azoles, amphotericin B, and 5-fluorocytosine",3,Phosphatidylinositol transfer protein PDR16,0.077505275
"B9J08_004982 PDR16 CGDID:CAL0000223761 COORDS:Chr4_C_auris_B8441:193123-194163W (1041 nucleotides) translated using codon table 12 (346 amino acids) Verified ORF; Putative fungal phosphatidylinositol transfer protein; involved in susceptibility to azoles; overexpression increases resistance to azoles, amphotericin B, and 5-fluorocytosine",4,Phosphatidylinositol transfer protein PDR17,0.061622122
"B9J08_004982 PDR16 CGDID:CAL0000223761 COORDS:Chr4_C_auris_B8441:193123-194163W (1041 nucleotides) translated using codon table 12 (346 amino acids) Verified ORF; Putative fungal phosphatidylinositol transfer protein; involved in susceptibility to azoles; overexpression increases resistance to azoles, amphotericin B, and 5-fluorocytosine",5,Pleiotropic drug resistance protein,0.020419228
"B9J08_004982 PDR16 CGDID:CAL0000223761 COORDS:Chr4_C_auris_B8441:193123-194163W (1041 nucleotides) translated using codon table 12 (346 amino acids) Verified ORF; Putative fungal phosphatidylinositol transfer protein; involved in susceptibility to azoles; overexpression increases resistance to azoles, amphotericin B, and 5-fluorocytosine",6,CRAL-TRIO domain-containing protein C23B6.04c,0.009663264
"B9J08_004982 PDR16 CGDID:CAL0000223761 COORDS:Chr4_C_auris_B8441:193123-194163W (1041 nucleotides) translated using codon table 12 (346 amino acids) Verified ORF; Putative fungal phosphatidylinositol transfer protein; involved in susceptibility to azoles; overexpression increases resistance to azoles, amphotericin B, and 5-fluorocytosine",7,CRAL/TRIO domain protein,0.007578048
"B9J08_004982 PDR16 CGDID:CAL0000223761 COORDS:Chr4_C_auris_B8441:193123-194163W (1041 nucleotides) translated using codon table 12 (346 amino acids) Verified ORF; Putative fungal phosphatidylinositol transfer protein; involved in susceptibility to azoles; overexpression increases resistance to azoles, amphotericin B, and 5-fluorocytosine",8,Cral trio domain-containing protein,0.005108937
"B9J08_004982 PDR16 CGDID:CAL0000223761 COORDS:Chr4_C_auris_B8441:193123-194163W (1041 nucleotides) translated using codon table 12 (346 amino acids) Verified ORF; Putative fungal phosphatidylinositol transfer protein; involved in susceptibility to azoles; overexpression increases resistance to azoles, amphotericin B, and 5-fluorocytosine",9,Related to PDR16 protein,0.00504822
"B9J08_004982 PDR16 CGDID:CAL0000223761 COORDS:Chr4_C_auris_B8441:193123-194163W (1041 nucleotides) translated using codon table 12 (346 amino acids) Verified ORF; Putative fungal phosphatidylinositol transfer protein; involved in susceptibility to azoles; overexpression increases resistance to azoles, amphotericin B, and 5-fluorocytosine",10,"WGS project CCBQ000000000 data, contig 00015",0.004806399
B9J08_005025 HGT19 CGDID:CAL0000217769 COORDS:Chr4_C_auris_B8441:281802-283694W (1893 nucleotides) translated using codon table 12 (630 amino acids) Verified ORF; Putative sugar transporter containing transmembrane domain,1,MFS domain-containing protein,0.659142115
B9J08_005025 HGT19 CGDID:CAL0000217769 COORDS:Chr4_C_auris_B8441:281802-283694W (1893 nucleotides) translated using codon table 12 (630 amino acids) Verified ORF; Putative sugar transporter containing transmembrane domain,2,Related to myo-inositol transport protein ITR1,0.036927049
B9J08_005025 HGT19 CGDID:CAL0000217769 COORDS:Chr4_C_auris_B8441:281802-283694W (1893 nucleotides) translated using codon table 12 (630 amino acids) Verified ORF; Putative sugar transporter containing transmembrane domain,3,D-xylose-proton symporter,0.015888595
B9J08_005025 HGT19 CGDID:CAL0000217769 COORDS:Chr4_C_auris_B8441:281802-283694W (1893 nucleotides) translated using codon table 12 (630 amino acids) Verified ORF; Putative sugar transporter containing transmembrane domain,4,Polyol transporter 5,0.013508499
B9J08_005025 HGT19 CGDID:CAL0000217769 COORDS:Chr4_C_auris_B8441:281802-283694W (1893 nucleotides) translated using codon table 12 (630 amino acids) Verified ORF; Putative sugar transporter containing transmembrane domain,5,MFS sugar transporter,0.013119747
B9J08_005025 HGT19 CGDID:CAL0000217769 COORDS:Chr4_C_auris_B8441:281802-283694W (1893 nucleotides) translated using codon table 12 (630 amino acids) Verified ORF; Putative sugar transporter containing transmembrane domain,6,Sugar transporter,0.008749806
B9J08_005025 HGT19 CGDID:CAL0000217769 COORDS:Chr4_C_auris_B8441:281802-283694W (1893 nucleotides) translated using codon table 12 (630 amino acids) Verified ORF; Putative sugar transporter containing transmembrane domain,7,Metabolite transport protein YwtG,0.008748242
B9J08_005025 HGT19 CGDID:CAL0000217769 COORDS:Chr4_C_auris_B8441:281802-283694W (1893 nucleotides) translated using codon table 12 (630 amino acids) Verified ORF; Putative sugar transporter containing transmembrane domain,8,MFS transporter,0.007598274
B9J08_005025 HGT19 CGDID:CAL0000217769 COORDS:Chr4_C_auris_B8441:281802-283694W (1893 nucleotides) translated using codon table 12 (630 amino acids) Verified ORF; Putative sugar transporter containing transmembrane domain,9,Metabolite transport protein,0.007166402
B9J08_005025 HGT19 CGDID:CAL0000217769 COORDS:Chr4_C_auris_B8441:281802-283694W (1893 nucleotides) translated using codon table 12 (630 amino acids) Verified ORF; Putative sugar transporter containing transmembrane domain,10,Hexose transporter protein,0.005264235
"B9J08_005133 GCN5 CGDID:CAL0000216941 COORDS:Chr4_C_auris_B8441:517416-518984W (1569 nucleotides) translated using codon table 12 (522 amino acids) Verified ORF; Primary histone H3 acetyltransferase; null mutant shows abnormal cell walls, increased sensitivity to caspofungin and to killing by macrophages and neutrophils <i>ex vivo</i>, and reduced virulence in mice",1,Histone acetyltransferase GCN5,0.578677504
"B9J08_005133 GCN5 CGDID:CAL0000216941 COORDS:Chr4_C_auris_B8441:517416-518984W (1569 nucleotides) translated using codon table 12 (522 amino acids) Verified ORF; Primary histone H3 acetyltransferase; null mutant shows abnormal cell walls, increased sensitivity to caspofungin and to killing by macrophages and neutrophils <i>ex vivo</i>, and reduced virulence in mice",2,EC:2.3.1.48,0.418250287
"B9J08_005133 GCN5 CGDID:CAL0000216941 COORDS:Chr4_C_auris_B8441:517416-518984W (1569 nucleotides) translated using codon table 12 (522 amino acids) Verified ORF; Primary histone H3 acetyltransferase; null mutant shows abnormal cell walls, increased sensitivity to caspofungin and to killing by macrophages and neutrophils <i>ex vivo</i>, and reduced virulence in mice",3,MYST-type HAT domain-containing protein,0.000214254
"B9J08_005133 GCN5 CGDID:CAL0000216941 COORDS:Chr4_C_auris_B8441:517416-518984W (1569 nucleotides) translated using codon table 12 (522 amino acids) Verified ORF; Primary histone H3 acetyltransferase; null mutant shows abnormal cell walls, increased sensitivity to caspofungin and to killing by macrophages and neutrophils <i>ex vivo</i>, and reduced virulence in mice",4,Lysine acetyltransferase GCN5,0.000169199
"B9J08_005133 GCN5 CGDID:CAL0000216941 COORDS:Chr4_C_auris_B8441:517416-518984W (1569 nucleotides) translated using codon table 12 (522 amino acids) Verified ORF; Primary histone H3 acetyltransferase; null mutant shows abnormal cell walls, increased sensitivity to caspofungin and to killing by macrophages and neutrophils <i>ex vivo</i>, and reduced virulence in mice",5,HAT1,5.50E-05
"B9J08_005133 GCN5 CGDID:CAL0000216941 COORDS:Chr4_C_auris_B8441:517416-518984W (1569 nucleotides) translated using codon table 12 (522 amino acids) Verified ORF; Primary histone H3 acetyltransferase; null mutant shows abnormal cell walls, increased sensitivity to caspofungin and to killing by macrophages and neutrophils <i>ex vivo</i>, and reduced virulence in mice",6,N-acetyltransferase domain-containing protein,3.68E-05
"B9J08_005133 GCN5 CGDID:CAL0000216941 COORDS:Chr4_C_auris_B8441:517416-518984W (1569 nucleotides) translated using codon table 12 (522 amino acids) Verified ORF; Primary histone H3 acetyltransferase; null mutant shows abnormal cell walls, increased sensitivity to caspofungin and to killing by macrophages and neutrophils <i>ex vivo</i>, and reduced virulence in mice",7,EC:2.1.1.354,3.51E-05
"B9J08_005133 GCN5 CGDID:CAL0000216941 COORDS:Chr4_C_auris_B8441:517416-518984W (1569 nucleotides) translated using codon table 12 (522 amino acids) Verified ORF; Primary histone H3 acetyltransferase; null mutant shows abnormal cell walls, increased sensitivity to caspofungin and to killing by macrophages and neutrophils <i>ex vivo</i>, and reduced virulence in mice",8,MYST-1,2.52E-05
"B9J08_005133 GCN5 CGDID:CAL0000216941 COORDS:Chr4_C_auris_B8441:517416-518984W (1569 nucleotides) translated using codon table 12 (522 amino acids) Verified ORF; Primary histone H3 acetyltransferase; null mutant shows abnormal cell walls, increased sensitivity to caspofungin and to killing by macrophages and neutrophils <i>ex vivo</i>, and reduced virulence in mice",9,Histone acetyltransferase Histone acetyltransferase GCN5,2.30E-05
"B9J08_005133 GCN5 CGDID:CAL0000216941 COORDS:Chr4_C_auris_B8441:517416-518984W (1569 nucleotides) translated using codon table 12 (522 amino acids) Verified ORF; Primary histone H3 acetyltransferase; null mutant shows abnormal cell walls, increased sensitivity to caspofungin and to killing by macrophages and neutrophils <i>ex vivo</i>, and reduced virulence in mice",10,TRNA (cytosine(34)-C(5))-methyltransferase,2.30E-05
"B9J08_005230 ERG251 CGDID:CAL0000217303 COORDS:Chr4_C_auris_B8441:720324-722432C (2109 nucleotides) translated using codon table 12 (428 amino acids) Verified ORF; Putative C4-methyl oxidase; likely involved in ergosterol biosynthesis and biofilm formation, especially under low oxygen conditions; null mutant cannot grow under extreme hypoxia",1,60S ribosomal protein L20,0.501494042
"B9J08_005230 ERG251 CGDID:CAL0000217303 COORDS:Chr4_C_auris_B8441:720324-722432C (2109 nucleotides) translated using codon table 12 (428 amino acids) Verified ORF; Putative C4-methyl oxidase; likely involved in ergosterol biosynthesis and biofilm formation, especially under low oxygen conditions; null mutant cannot grow under extreme hypoxia",2,Ribosomal_L18A domain-containing protein,0.223453335
"B9J08_005230 ERG251 CGDID:CAL0000217303 COORDS:Chr4_C_auris_B8441:720324-722432C (2109 nucleotides) translated using codon table 12 (428 amino acids) Verified ORF; Putative C4-methyl oxidase; likely involved in ergosterol biosynthesis and biofilm formation, especially under low oxygen conditions; null mutant cannot grow under extreme hypoxia",3,60S ribosomal protein L20-B,0.052160579
"B9J08_005230 ERG251 CGDID:CAL0000217303 COORDS:Chr4_C_auris_B8441:720324-722432C (2109 nucleotides) translated using codon table 12 (428 amino acids) Verified ORF; Putative C4-methyl oxidase; likely involved in ergosterol biosynthesis and biofilm formation, especially under low oxygen conditions; null mutant cannot grow under extreme hypoxia",4,60S ribosomal protein L20-A,0.034717354
"B9J08_005230 ERG251 CGDID:CAL0000217303 COORDS:Chr4_C_auris_B8441:720324-722432C (2109 nucleotides) translated using codon table 12 (428 amino acids) Verified ORF; Putative C4-methyl oxidase; likely involved in ergosterol biosynthesis and biofilm formation, especially under low oxygen conditions; null mutant cannot grow under extreme hypoxia",5,Ribosomal protein L18ae,0.026244907
"B9J08_005230 ERG251 CGDID:CAL0000217303 COORDS:Chr4_C_auris_B8441:720324-722432C (2109 nucleotides) translated using codon table 12 (428 amino acids) Verified ORF; Putative C4-methyl oxidase; likely involved in ergosterol biosynthesis and biofilm formation, especially under low oxygen conditions; null mutant cannot grow under extreme hypoxia",6,(pine wood nematode) hypothetical protein,0.009855471
"B9J08_005230 ERG251 CGDID:CAL0000217303 COORDS:Chr4_C_auris_B8441:720324-722432C (2109 nucleotides) translated using codon table 12 (428 amino acids) Verified ORF; Putative C4-methyl oxidase; likely involved in ergosterol biosynthesis and biofilm formation, especially under low oxygen conditions; null mutant cannot grow under extreme hypoxia",7,60S ribosomal protein L18a,0.008458056
"B9J08_005230 ERG251 CGDID:CAL0000217303 COORDS:Chr4_C_auris_B8441:720324-722432C (2109 nucleotides) translated using codon table 12 (428 amino acids) Verified ORF; Putative C4-methyl oxidase; likely involved in ergosterol biosynthesis and biofilm formation, especially under low oxygen conditions; null mutant cannot grow under extreme hypoxia",8,Hypothetical protein,0.007021058
"B9J08_005230 ERG251 CGDID:CAL0000217303 COORDS:Chr4_C_auris_B8441:720324-722432C (2109 nucleotides) translated using codon table 12 (428 amino acids) Verified ORF; Putative C4-methyl oxidase; likely involved in ergosterol biosynthesis and biofilm formation, especially under low oxygen conditions; null mutant cannot grow under extreme hypoxia",9,Ribosomal protein L18ae family,0.002866537
"B9J08_005230 ERG251 CGDID:CAL0000217303 COORDS:Chr4_C_auris_B8441:720324-722432C (2109 nucleotides) translated using codon table 12 (428 amino acids) Verified ORF; Putative C4-methyl oxidase; likely involved in ergosterol biosynthesis and biofilm formation, especially under low oxygen conditions; null mutant cannot grow under extreme hypoxia",10,60s ribosomal protein l20,0.002165127
B9J08_005340 ERG6 CGDID:CAL0000222719 COORDS:Chr4_C_auris_B8441:960903-962030C (1128 nucleotides) translated using codon table 12 (375 amino acids) Verified ORF; Sterol 24-C-methyltransferase involved in ergosterol biosynthesis; mutation leads to amphotericin B resistance,1,Delta(24)-sterol C-methyltransferase,0.443595702
B9J08_005340 ERG6 CGDID:CAL0000222719 COORDS:Chr4_C_auris_B8441:960903-962030C (1128 nucleotides) translated using codon table 12 (375 amino acids) Verified ORF; Sterol 24-C-methyltransferase involved in ergosterol biosynthesis; mutation leads to amphotericin B resistance,2,EC:2.1.1.41,0.27749
B9J08_005340 ERG6 CGDID:CAL0000222719 COORDS:Chr4_C_auris_B8441:960903-962030C (1128 nucleotides) translated using codon table 12 (375 amino acids) Verified ORF; Sterol 24-C-methyltransferase involved in ergosterol biosynthesis; mutation leads to amphotericin B resistance,3,Sterol 24-C-methyltransferase,0.23685867
B9J08_005340 ERG6 CGDID:CAL0000222719 COORDS:Chr4_C_auris_B8441:960903-962030C (1128 nucleotides) translated using codon table 12 (375 amino acids) Verified ORF; Sterol 24-C-methyltransferase involved in ergosterol biosynthesis; mutation leads to amphotericin B resistance,4,SAM_MT_ERG6_SMT domain-containing protein,0.008065605
B9J08_005340 ERG6 CGDID:CAL0000222719 COORDS:Chr4_C_auris_B8441:960903-962030C (1128 nucleotides) translated using codon table 12 (375 amino acids) Verified ORF; Sterol 24-C-methyltransferase involved in ergosterol biosynthesis; mutation leads to amphotericin B resistance,5,Sterol 24-C-methyltransferase erg-4,0.007187366
B9J08_005340 ERG6 CGDID:CAL0000222719 COORDS:Chr4_C_auris_B8441:960903-962030C (1128 nucleotides) translated using codon table 12 (375 amino acids) Verified ORF; Sterol 24-C-methyltransferase involved in ergosterol biosynthesis; mutation leads to amphotericin B resistance,6,S-adenosyl-L-methionine-dependent methyltransferase,0.002348704
B9J08_005340 ERG6 CGDID:CAL0000222719 COORDS:Chr4_C_auris_B8441:960903-962030C (1128 nucleotides) translated using codon table 12 (375 amino acids) Verified ORF; Sterol 24-C-methyltransferase involved in ergosterol biosynthesis; mutation leads to amphotericin B resistance,7,Cyclopropane-fatty-acyl-phospholipid synthase,0.001814532
B9J08_005340 ERG6 CGDID:CAL0000222719 COORDS:Chr4_C_auris_B8441:960903-962030C (1128 nucleotides) translated using codon table 12 (375 amino acids) Verified ORF; Sterol 24-C-methyltransferase involved in ergosterol biosynthesis; mutation leads to amphotericin B resistance,8,Methyltransferase,0.001301692
B9J08_005340 ERG6 CGDID:CAL0000222719 COORDS:Chr4_C_auris_B8441:960903-962030C (1128 nucleotides) translated using codon table 12 (375 amino acids) Verified ORF; Sterol 24-C-methyltransferase involved in ergosterol biosynthesis; mutation leads to amphotericin B resistance,9,Fatty acid methyltransferase,0.000894236
B9J08_005340 ERG6 CGDID:CAL0000222719 COORDS:Chr4_C_auris_B8441:960903-962030C (1128 nucleotides) translated using codon table 12 (375 amino acids) Verified ORF; Sterol 24-C-methyltransferase involved in ergosterol biosynthesis; mutation leads to amphotericin B resistance,10,Sterol 24-C-methyltransferase erg6,0.000457933
B9J08_005344 CAP1 CGDID:CAL0000226287 COORDS:Chr4_C_auris_B8441:970556-971980W (1425 nucleotides) translated using codon table 12 (474 amino acids) Verified ORF; Putative transcription factor; involved in cellular response to drugs; mutants show increased resistance to clioquinol and increased expression of MDR1,1,BZIP domain-containing protein,0.807125936
B9J08_005344 CAP1 CGDID:CAL0000226287 COORDS:Chr4_C_auris_B8441:970556-971980W (1425 nucleotides) translated using codon table 12 (474 amino acids) Verified ORF; Putative transcription factor; involved in cellular response to drugs; mutants show increased resistance to clioquinol and increased expression of MDR1,2,AP-1-like transcription factor YAP1,0.010868808
B9J08_005344 CAP1 CGDID:CAL0000226287 COORDS:Chr4_C_auris_B8441:970556-971980W (1425 nucleotides) translated using codon table 12 (474 amino acids) Verified ORF; Putative transcription factor; involved in cellular response to drugs; mutants show increased resistance to clioquinol and increased expression of MDR1,3,AP-1-like transcription factor,0.007541844
B9J08_005344 CAP1 CGDID:CAL0000226287 COORDS:Chr4_C_auris_B8441:970556-971980W (1425 nucleotides) translated using codon table 12 (474 amino acids) Verified ORF; Putative transcription factor; involved in cellular response to drugs; mutants show increased resistance to clioquinol and increased expression of MDR1,4,Transcription factor,0.006520483
B9J08_005344 CAP1 CGDID:CAL0000226287 COORDS:Chr4_C_auris_B8441:970556-971980W (1425 nucleotides) translated using codon table 12 (474 amino acids) Verified ORF; Putative transcription factor; involved in cellular response to drugs; mutants show increased resistance to clioquinol and increased expression of MDR1,5,BZIP transcription factor,0.005910097
B9J08_005344 CAP1 CGDID:CAL0000226287 COORDS:Chr4_C_auris_B8441:970556-971980W (1425 nucleotides) translated using codon table 12 (474 amino acids) Verified ORF; Putative transcription factor; involved in cellular response to drugs; mutants show increased resistance to clioquinol and increased expression of MDR1,6,PAP1-domain-containing protein,0.004238195
B9J08_005344 CAP1 CGDID:CAL0000226287 COORDS:Chr4_C_auris_B8441:970556-971980W (1425 nucleotides) translated using codon table 12 (474 amino acids) Verified ORF; Putative transcription factor; involved in cellular response to drugs; mutants show increased resistance to clioquinol and increased expression of MDR1,7,Transcription factor PAP1,0.004147464
B9J08_005344 CAP1 CGDID:CAL0000226287 COORDS:Chr4_C_auris_B8441:970556-971980W (1425 nucleotides) translated using codon table 12 (474 amino acids) Verified ORF; Putative transcription factor; involved in cellular response to drugs; mutants show increased resistance to clioquinol and increased expression of MDR1,8,Ap1,0.002386948
B9J08_005344 CAP1 CGDID:CAL0000226287 COORDS:Chr4_C_auris_B8441:970556-971980W (1425 nucleotides) translated using codon table 12 (474 amino acids) Verified ORF; Putative transcription factor; involved in cellular response to drugs; mutants show increased resistance to clioquinol and increased expression of MDR1,9,Transcription factor PAP1-domain-containing protein,0.002151703
B9J08_005344 CAP1 CGDID:CAL0000226287 COORDS:Chr4_C_auris_B8441:970556-971980W (1425 nucleotides) translated using codon table 12 (474 amino acids) Verified ORF; Putative transcription factor; involved in cellular response to drugs; mutants show increased resistance to clioquinol and increased expression of MDR1,10,"Activating transcription factor, other eukaryote",0.001821345
"B9J08_005356 SET1 CGDID:CAL0000226457 COORDS:Chr4_C_auris_B8441:997610-1000774W (3165 nucleotides) translated using codon table 12 (1054 amino acids) Verified ORF; Histone H3K4 methyltransferase; null mutant shows decreased resistance to echinocandins, azoles, and AmpB",1,"Histone-lysine N-methyltransferase, H3 lysine-4 specific",0.476059423
"B9J08_005356 SET1 CGDID:CAL0000226457 COORDS:Chr4_C_auris_B8441:997610-1000774W (3165 nucleotides) translated using codon table 12 (1054 amino acids) Verified ORF; Histone H3K4 methyltransferase; null mutant shows decreased resistance to echinocandins, azoles, and AmpB",2,EC:2.1.1.354,0.419747844
"B9J08_005356 SET1 CGDID:CAL0000226457 COORDS:Chr4_C_auris_B8441:997610-1000774W (3165 nucleotides) translated using codon table 12 (1054 amino acids) Verified ORF; Histone H3K4 methyltransferase; null mutant shows decreased resistance to echinocandins, azoles, and AmpB",3,SET domain-containing protein 1,0.077303141
"B9J08_005356 SET1 CGDID:CAL0000226457 COORDS:Chr4_C_auris_B8441:997610-1000774W (3165 nucleotides) translated using codon table 12 (1054 amino acids) Verified ORF; Histone H3K4 methyltransferase; null mutant shows decreased resistance to echinocandins, azoles, and AmpB",4,[Histone H3]-lysine(4) N-trimethyltransferase,0.008528963
"B9J08_005356 SET1 CGDID:CAL0000226457 COORDS:Chr4_C_auris_B8441:997610-1000774W (3165 nucleotides) translated using codon table 12 (1054 amino acids) Verified ORF; Histone H3K4 methyltransferase; null mutant shows decreased resistance to echinocandins, azoles, and AmpB",5,Histone H3-K79 methyltransferase,0.002151666
"B9J08_005356 SET1 CGDID:CAL0000226457 COORDS:Chr4_C_auris_B8441:997610-1000774W (3165 nucleotides) translated using codon table 12 (1054 amino acids) Verified ORF; Histone H3K4 methyltransferase; null mutant shows decreased resistance to echinocandins, azoles, and AmpB",6,COMPASS component SET1,0.0017936
"B9J08_005356 SET1 CGDID:CAL0000226457 COORDS:Chr4_C_auris_B8441:997610-1000774W (3165 nucleotides) translated using codon table 12 (1054 amino acids) Verified ORF; Histone H3K4 methyltransferase; null mutant shows decreased resistance to echinocandins, azoles, and AmpB",7,[Histone H3]-trimethyl-L-lysine(4) demethylase,0.001003292
"B9J08_005356 SET1 CGDID:CAL0000226457 COORDS:Chr4_C_auris_B8441:997610-1000774W (3165 nucleotides) translated using codon table 12 (1054 amino acids) Verified ORF; Histone H3K4 methyltransferase; null mutant shows decreased resistance to echinocandins, azoles, and AmpB",8,SET domain-containing protein,0.00064402
"B9J08_005356 SET1 CGDID:CAL0000226457 COORDS:Chr4_C_auris_B8441:997610-1000774W (3165 nucleotides) translated using codon table 12 (1054 amino acids) Verified ORF; Histone H3K4 methyltransferase; null mutant shows decreased resistance to echinocandins, azoles, and AmpB",9,"Lysine N-methyltransferase,",0.000319803
"B9J08_005356 SET1 CGDID:CAL0000226457 COORDS:Chr4_C_auris_B8441:997610-1000774W (3165 nucleotides) translated using codon table 12 (1054 amino acids) Verified ORF; Histone H3K4 methyltransferase; null mutant shows decreased resistance to echinocandins, azoles, and AmpB",10,EC:2.3.1.48,0.000274063
"B9J08_005421 SAP5 CGDID:CAL0000219041 COORDS:Chr4_C_auris_B8441:1154242-1155855C (1614 nucleotides) translated using codon table 12 (537 amino acids) Verified ORF; Putative aspartic-type endopeptidase; appears to play a minor role, if any; null mutant shows normal secretion of aspartyl protease and normal formation of biofilms and hyphae",1,Peptidase A1 domain-containing protein,0.851130884
"B9J08_005421 SAP5 CGDID:CAL0000219041 COORDS:Chr4_C_auris_B8441:1154242-1155855C (1614 nucleotides) translated using codon table 12 (537 amino acids) Verified ORF; Putative aspartic-type endopeptidase; appears to play a minor role, if any; null mutant shows normal secretion of aspartyl protease and normal formation of biofilms and hyphae",2,Acid protease,0.017325608
"B9J08_005421 SAP5 CGDID:CAL0000219041 COORDS:Chr4_C_auris_B8441:1154242-1155855C (1614 nucleotides) translated using codon table 12 (537 amino acids) Verified ORF; Putative aspartic-type endopeptidase; appears to play a minor role, if any; null mutant shows normal secretion of aspartyl protease and normal formation of biofilms and hyphae",3,EC:3.4.23.24,0.011130513
"B9J08_005421 SAP5 CGDID:CAL0000219041 COORDS:Chr4_C_auris_B8441:1154242-1155855C (1614 nucleotides) translated using codon table 12 (537 amino acids) Verified ORF; Putative aspartic-type endopeptidase; appears to play a minor role, if any; null mutant shows normal secretion of aspartyl protease and normal formation of biofilms and hyphae",4,Peptidase A1,0.010650392
"B9J08_005421 SAP5 CGDID:CAL0000219041 COORDS:Chr4_C_auris_B8441:1154242-1155855C (1614 nucleotides) translated using codon table 12 (537 amino acids) Verified ORF; Putative aspartic-type endopeptidase; appears to play a minor role, if any; null mutant shows normal secretion of aspartyl protease and normal formation of biofilms and hyphae",5,Aspartyl protease,0.007167006
"B9J08_005421 SAP5 CGDID:CAL0000219041 COORDS:Chr4_C_auris_B8441:1154242-1155855C (1614 nucleotides) translated using codon table 12 (537 amino acids) Verified ORF; Putative aspartic-type endopeptidase; appears to play a minor role, if any; null mutant shows normal secretion of aspartyl protease and normal formation of biofilms and hyphae",6,Secreted aspartic protease,0.006014299
"B9J08_005421 SAP5 CGDID:CAL0000219041 COORDS:Chr4_C_auris_B8441:1154242-1155855C (1614 nucleotides) translated using codon table 12 (537 amino acids) Verified ORF; Putative aspartic-type endopeptidase; appears to play a minor role, if any; null mutant shows normal secretion of aspartyl protease and normal formation of biofilms and hyphae",7,Candidapepsin,0.005915756
"B9J08_005421 SAP5 CGDID:CAL0000219041 COORDS:Chr4_C_auris_B8441:1154242-1155855C (1614 nucleotides) translated using codon table 12 (537 amino acids) Verified ORF; Putative aspartic-type endopeptidase; appears to play a minor role, if any; null mutant shows normal secretion of aspartyl protease and normal formation of biofilms and hyphae",8,Secreted aspartic proteinase,0.004689722
"B9J08_005421 SAP5 CGDID:CAL0000219041 COORDS:Chr4_C_auris_B8441:1154242-1155855C (1614 nucleotides) translated using codon table 12 (537 amino acids) Verified ORF; Putative aspartic-type endopeptidase; appears to play a minor role, if any; null mutant shows normal secretion of aspartyl protease and normal formation of biofilms and hyphae",9,Aspartic peptidase domain-containing protein,0.004277683
"B9J08_005421 SAP5 CGDID:CAL0000219041 COORDS:Chr4_C_auris_B8441:1154242-1155855C (1614 nucleotides) translated using codon table 12 (537 amino acids) Verified ORF; Putative aspartic-type endopeptidase; appears to play a minor role, if any; null mutant shows normal secretion of aspartyl protease and normal formation of biofilms and hyphae",10,Related to aspartic-type signal peptidase,0.00340794
"B9J08_005505 RIP1 CGDID:CAL0000221609 COORDS:Chr4_C_auris_B8441:1328753-1329385C (633 nucleotides) translated using codon table 12 (210 amino acids) Verified ORF; Putative catalytic subunit of cytochrome bc1; orthologs have ubiquinol-cytochrome-c reductase activity, converting ubiquinol to cytochrome c; null mutant shows decreased resistance to AmpB",1,"Cytochrome b-c1 complex subunit Rieske, mitochondrial",0.521851908
"B9J08_005505 RIP1 CGDID:CAL0000221609 COORDS:Chr4_C_auris_B8441:1328753-1329385C (633 nucleotides) translated using codon table 12 (210 amino acids) Verified ORF; Putative catalytic subunit of cytochrome bc1; orthologs have ubiquinol-cytochrome-c reductase activity, converting ubiquinol to cytochrome c; null mutant shows decreased resistance to AmpB",2,EC:7.1.1.8,0.463167264
"B9J08_005505 RIP1 CGDID:CAL0000221609 COORDS:Chr4_C_auris_B8441:1328753-1329385C (633 nucleotides) translated using codon table 12 (210 amino acids) Verified ORF; Putative catalytic subunit of cytochrome bc1; orthologs have ubiquinol-cytochrome-c reductase activity, converting ubiquinol to cytochrome c; null mutant shows decreased resistance to AmpB",3,"Ubiquinol-cytochrome c reductase, Rieske iron-sulfur polypeptide 1",0.003306209
"B9J08_005505 RIP1 CGDID:CAL0000221609 COORDS:Chr4_C_auris_B8441:1328753-1329385C (633 nucleotides) translated using codon table 12 (210 amino acids) Verified ORF; Putative catalytic subunit of cytochrome bc1; orthologs have ubiquinol-cytochrome-c reductase activity, converting ubiquinol to cytochrome c; null mutant shows decreased resistance to AmpB",4,Ubiquinol-cytochrome c reductase iron-sulfur subunit,0.001470107
"B9J08_005505 RIP1 CGDID:CAL0000221609 COORDS:Chr4_C_auris_B8441:1328753-1329385C (633 nucleotides) translated using codon table 12 (210 amino acids) Verified ORF; Putative catalytic subunit of cytochrome bc1; orthologs have ubiquinol-cytochrome-c reductase activity, converting ubiquinol to cytochrome c; null mutant shows decreased resistance to AmpB",5,Rieske iron-sulfur protein,0.001225396
"B9J08_005505 RIP1 CGDID:CAL0000221609 COORDS:Chr4_C_auris_B8441:1328753-1329385C (633 nucleotides) translated using codon table 12 (210 amino acids) Verified ORF; Putative catalytic subunit of cytochrome bc1; orthologs have ubiquinol-cytochrome-c reductase activity, converting ubiquinol to cytochrome c; null mutant shows decreased resistance to AmpB",6,"Cytochrome b-c1 complex subunit Rieske-2, mitochondrial",0.000744344
"B9J08_005505 RIP1 CGDID:CAL0000221609 COORDS:Chr4_C_auris_B8441:1328753-1329385C (633 nucleotides) translated using codon table 12 (210 amino acids) Verified ORF; Putative catalytic subunit of cytochrome bc1; orthologs have ubiquinol-cytochrome-c reductase activity, converting ubiquinol to cytochrome c; null mutant shows decreased resistance to AmpB",7,"Ubiquinol-cytochrome c reductase, Rieske iron-sulfur polypeptide I",0.000563482
"B9J08_005505 RIP1 CGDID:CAL0000221609 COORDS:Chr4_C_auris_B8441:1328753-1329385C (633 nucleotides) translated using codon table 12 (210 amino acids) Verified ORF; Putative catalytic subunit of cytochrome bc1; orthologs have ubiquinol-cytochrome-c reductase activity, converting ubiquinol to cytochrome c; null mutant shows decreased resistance to AmpB",8,Complex III subunit 5,0.000344188
"B9J08_005505 RIP1 CGDID:CAL0000221609 COORDS:Chr4_C_auris_B8441:1328753-1329385C (633 nucleotides) translated using codon table 12 (210 amino acids) Verified ORF; Putative catalytic subunit of cytochrome bc1; orthologs have ubiquinol-cytochrome-c reductase activity, converting ubiquinol to cytochrome c; null mutant shows decreased resistance to AmpB",9,Cytochrome b-c1 complex subunit Rieske,0.000312933
"B9J08_005505 RIP1 CGDID:CAL0000221609 COORDS:Chr4_C_auris_B8441:1328753-1329385C (633 nucleotides) translated using codon table 12 (210 amino acids) Verified ORF; Putative catalytic subunit of cytochrome bc1; orthologs have ubiquinol-cytochrome-c reductase activity, converting ubiquinol to cytochrome c; null mutant shows decreased resistance to AmpB",10,"Ubiquinol-cytochrome c reductase, iron-sulfur subunit",0.000300625
B9J08_005568 HGT2 CGDID:CAL0000216495 COORDS:Chr4_C_auris_B8441:1410751-1412436W (1686 nucleotides) translated using codon table 12 (561 amino acids) Verified ORF; Putative sugar transporter containing transmembrane domains; downregulated in response to flucoazole treatment,1,MFS domain-containing protein,0.582709651
B9J08_005568 HGT2 CGDID:CAL0000216495 COORDS:Chr4_C_auris_B8441:1410751-1412436W (1686 nucleotides) translated using codon table 12 (561 amino acids) Verified ORF; Putative sugar transporter containing transmembrane domains; downregulated in response to flucoazole treatment,2,High-affinity glucose transporter,0.099402761
B9J08_005568 HGT2 CGDID:CAL0000216495 COORDS:Chr4_C_auris_B8441:1410751-1412436W (1686 nucleotides) translated using codon table 12 (561 amino acids) Verified ORF; Putative sugar transporter containing transmembrane domains; downregulated in response to flucoazole treatment,3,High affinity glucose transporter,0.030195008
B9J08_005568 HGT2 CGDID:CAL0000216495 COORDS:Chr4_C_auris_B8441:1410751-1412436W (1686 nucleotides) translated using codon table 12 (561 amino acids) Verified ORF; Putative sugar transporter containing transmembrane domains; downregulated in response to flucoazole treatment,4,General substrate transporter,0.026994032
B9J08_005568 HGT2 CGDID:CAL0000216495 COORDS:Chr4_C_auris_B8441:1410751-1412436W (1686 nucleotides) translated using codon table 12 (561 amino acids) Verified ORF; Putative sugar transporter containing transmembrane domains; downregulated in response to flucoazole treatment,5,Sugar transporter,0.024400325
B9J08_005568 HGT2 CGDID:CAL0000216495 COORDS:Chr4_C_auris_B8441:1410751-1412436W (1686 nucleotides) translated using codon table 12 (561 amino acids) Verified ORF; Putative sugar transporter containing transmembrane domains; downregulated in response to flucoazole treatment,6,Quinate permease,0.009391219
B9J08_005568 HGT2 CGDID:CAL0000216495 COORDS:Chr4_C_auris_B8441:1410751-1412436W (1686 nucleotides) translated using codon table 12 (561 amino acids) Verified ORF; Putative sugar transporter containing transmembrane domains; downregulated in response to flucoazole treatment,7,Sugar transporter protein,0.005058571
B9J08_005568 HGT2 CGDID:CAL0000216495 COORDS:Chr4_C_auris_B8441:1410751-1412436W (1686 nucleotides) translated using codon table 12 (561 amino acids) Verified ORF; Putative sugar transporter containing transmembrane domains; downregulated in response to flucoazole treatment,8,Hexose transporter,0.00500731
B9J08_005568 HGT2 CGDID:CAL0000216495 COORDS:Chr4_C_auris_B8441:1410751-1412436W (1686 nucleotides) translated using codon table 12 (561 amino acids) Verified ORF; Putative sugar transporter containing transmembrane domains; downregulated in response to flucoazole treatment,9,"MFS transporter, SP family, sugar:H+ symporter",0.004581773
B9J08_005568 HGT2 CGDID:CAL0000216495 COORDS:Chr4_C_auris_B8441:1410751-1412436W (1686 nucleotides) translated using codon table 12 (561 amino acids) Verified ORF; Putative sugar transporter containing transmembrane domains; downregulated in response to flucoazole treatment,10,Major facilitator superfamily protein,0.003827873
B9J08_004477 CGDID:CAL0000219101 COORDS:Chr5_C_auris_B8441:28795-30084C (1290 nucleotides) translated using codon table 12 (429 amino acids) Verified ORF; Putative extracellular matrix protein; upregulated in mature biofilms; has a domain with predicted hydrolase activity; orthologs hydrolyze O-glycosyl compounds,1,Cellulase domain-containing protein,0.392661524
B9J08_004477 CGDID:CAL0000219101 COORDS:Chr5_C_auris_B8441:28795-30084C (1290 nucleotides) translated using codon table 12 (429 amino acids) Verified ORF; Putative extracellular matrix protein; upregulated in mature biofilms; has a domain with predicted hydrolase activity; orthologs hydrolyze O-glycosyl compounds,2,"Glucan 1,3-beta-glucosidase",0.14725678
B9J08_004477 CGDID:CAL0000219101 COORDS:Chr5_C_auris_B8441:28795-30084C (1290 nucleotides) translated using codon table 12 (429 amino acids) Verified ORF; Putative extracellular matrix protein; upregulated in mature biofilms; has a domain with predicted hydrolase activity; orthologs hydrolyze O-glycosyl compounds,3,Glycoside hydrolase family 5 protein,0.067686052
B9J08_004477 CGDID:CAL0000219101 COORDS:Chr5_C_auris_B8441:28795-30084C (1290 nucleotides) translated using codon table 12 (429 amino acids) Verified ORF; Putative extracellular matrix protein; upregulated in mature biofilms; has a domain with predicted hydrolase activity; orthologs hydrolyze O-glycosyl compounds,4,Glycoside hydrolase,0.06724816
B9J08_004477 CGDID:CAL0000219101 COORDS:Chr5_C_auris_B8441:28795-30084C (1290 nucleotides) translated using codon table 12 (429 amino acids) Verified ORF; Putative extracellular matrix protein; upregulated in mature biofilms; has a domain with predicted hydrolase activity; orthologs hydrolyze O-glycosyl compounds,5,"Exo-1,3-beta-glucanase",0.059423145
B9J08_004477 CGDID:CAL0000219101 COORDS:Chr5_C_auris_B8441:28795-30084C (1290 nucleotides) translated using codon table 12 (429 amino acids) Verified ORF; Putative extracellular matrix protein; upregulated in mature biofilms; has a domain with predicted hydrolase activity; orthologs hydrolyze O-glycosyl compounds,6,"Glucan 1,3-beta-glucosidase A",0.027991376
B9J08_004477 CGDID:CAL0000219101 COORDS:Chr5_C_auris_B8441:28795-30084C (1290 nucleotides) translated using codon table 12 (429 amino acids) Verified ORF; Putative extracellular matrix protein; upregulated in mature biofilms; has a domain with predicted hydrolase activity; orthologs hydrolyze O-glycosyl compounds,7,"Exo-beta-1,3-glucanase",0.022410148
B9J08_004477 CGDID:CAL0000219101 COORDS:Chr5_C_auris_B8441:28795-30084C (1290 nucleotides) translated using codon table 12 (429 amino acids) Verified ORF; Putative extracellular matrix protein; upregulated in mature biofilms; has a domain with predicted hydrolase activity; orthologs hydrolyze O-glycosyl compounds,8,EC:3.2.1.58,0.022343178
B9J08_004477 CGDID:CAL0000219101 COORDS:Chr5_C_auris_B8441:28795-30084C (1290 nucleotides) translated using codon table 12 (429 amino acids) Verified ORF; Putative extracellular matrix protein; upregulated in mature biofilms; has a domain with predicted hydrolase activity; orthologs hydrolyze O-glycosyl compounds,9,Glucan 13-beta-glucosidase protein,0.014009893
B9J08_004477 CGDID:CAL0000219101 COORDS:Chr5_C_auris_B8441:28795-30084C (1290 nucleotides) translated using codon table 12 (429 amino acids) Verified ORF; Putative extracellular matrix protein; upregulated in mature biofilms; has a domain with predicted hydrolase activity; orthologs hydrolyze O-glycosyl compounds,10,Glycoside hydrolase family 5,0.012207346
"B9J08_004498 ALS4498 CGDID:CAL0000217705 COORDS:Chr5_C_auris_B8441:76752-79271W (2520 nucleotides) translated using codon table 12 (839 amino acids) Verified ORF; Putative cell-surface adhesin, similar to <i>C. albicans</i> Als3p; involved in cell-cell adhesion and biofilm formation; appears to be regulated by Ume6p",1,Candida_ALS_N domain-containing protein,0.478467467
"B9J08_004498 ALS4498 CGDID:CAL0000217705 COORDS:Chr5_C_auris_B8441:76752-79271W (2520 nucleotides) translated using codon table 12 (839 amino acids) Verified ORF; Putative cell-surface adhesin, similar to <i>C. albicans</i> Als3p; involved in cell-cell adhesion and biofilm formation; appears to be regulated by Ume6p",2,Flo11 domain-containing protein,0.098485654
"B9J08_004498 ALS4498 CGDID:CAL0000217705 COORDS:Chr5_C_auris_B8441:76752-79271W (2520 nucleotides) translated using codon table 12 (839 amino acids) Verified ORF; Putative cell-surface adhesin, similar to <i>C. albicans</i> Als3p; involved in cell-cell adhesion and biofilm formation; appears to be regulated by Ume6p",3,Agglutinin-like protein,0.027561273
"B9J08_004498 ALS4498 CGDID:CAL0000217705 COORDS:Chr5_C_auris_B8441:76752-79271W (2520 nucleotides) translated using codon table 12 (839 amino acids) Verified ORF; Putative cell-surface adhesin, similar to <i>C. albicans</i> Als3p; involved in cell-cell adhesion and biofilm formation; appears to be regulated by Ume6p",4,PA14 domain-containing protein,0.016396369
"B9J08_004498 ALS4498 CGDID:CAL0000217705 COORDS:Chr5_C_auris_B8441:76752-79271W (2520 nucleotides) translated using codon table 12 (839 amino acids) Verified ORF; Putative cell-surface adhesin, similar to <i>C. albicans</i> Als3p; involved in cell-cell adhesion and biofilm formation; appears to be regulated by Ume6p",5,GPS domain-containing protein,0.01113954
"B9J08_004498 ALS4498 CGDID:CAL0000217705 COORDS:Chr5_C_auris_B8441:76752-79271W (2520 nucleotides) translated using codon table 12 (839 amino acids) Verified ORF; Putative cell-surface adhesin, similar to <i>C. albicans</i> Als3p; involved in cell-cell adhesion and biofilm formation; appears to be regulated by Ume6p",6,Apple domain-containing protein,0.010928197
"B9J08_004498 ALS4498 CGDID:CAL0000217705 COORDS:Chr5_C_auris_B8441:76752-79271W (2520 nucleotides) translated using codon table 12 (839 amino acids) Verified ORF; Putative cell-surface adhesin, similar to <i>C. albicans</i> Als3p; involved in cell-cell adhesion and biofilm formation; appears to be regulated by Ume6p",7,Agglutinin-like protein 1,0.010193984
"B9J08_004498 ALS4498 CGDID:CAL0000217705 COORDS:Chr5_C_auris_B8441:76752-79271W (2520 nucleotides) translated using codon table 12 (839 amino acids) Verified ORF; Putative cell-surface adhesin, similar to <i>C. albicans</i> Als3p; involved in cell-cell adhesion and biofilm formation; appears to be regulated by Ume6p",8,Ig-like domain-containing protein,0.009627849
"B9J08_004498 ALS4498 CGDID:CAL0000217705 COORDS:Chr5_C_auris_B8441:76752-79271W (2520 nucleotides) translated using codon table 12 (839 amino acids) Verified ORF; Putative cell-surface adhesin, similar to <i>C. albicans</i> Als3p; involved in cell-cell adhesion and biofilm formation; appears to be regulated by Ume6p",9,Hyphal_reg_CWP domain-containing protein,0.008426793
"B9J08_004498 ALS4498 CGDID:CAL0000217705 COORDS:Chr5_C_auris_B8441:76752-79271W (2520 nucleotides) translated using codon table 12 (839 amino acids) Verified ORF; Putative cell-surface adhesin, similar to <i>C. albicans</i> Als3p; involved in cell-cell adhesion and biofilm formation; appears to be regulated by Ume6p",10,Agglutinin-like protein 2,0.008045638
B9J08_004540 CYR1 CGDID:CAL0000218097 COORDS:Chr5_C_auris_B8441:169750-175641W (5892 nucleotides) translated using codon table 12 (1963 amino acids) Verified ORF; Predicted adenylate cyclase,1,ATP pyrophosphate-lyase,0.360146321
B9J08_004540 CYR1 CGDID:CAL0000218097 COORDS:Chr5_C_auris_B8441:169750-175641W (5892 nucleotides) translated using codon table 12 (1963 amino acids) Verified ORF; Predicted adenylate cyclase,2,EC:4.6.1.1,0.223762092
B9J08_004540 CYR1 CGDID:CAL0000218097 COORDS:Chr5_C_auris_B8441:169750-175641W (5892 nucleotides) translated using codon table 12 (1963 amino acids) Verified ORF; Predicted adenylate cyclase,3,Adenylyl cyclase,0.211956857
B9J08_004540 CYR1 CGDID:CAL0000218097 COORDS:Chr5_C_auris_B8441:169750-175641W (5892 nucleotides) translated using codon table 12 (1963 amino acids) Verified ORF; Predicted adenylate cyclase,4,Adenylate cyclase,0.182887794
B9J08_004540 CYR1 CGDID:CAL0000218097 COORDS:Chr5_C_auris_B8441:169750-175641W (5892 nucleotides) translated using codon table 12 (1963 amino acids) Verified ORF; Predicted adenylate cyclase,5,Guanylate cyclase,0.001810583
B9J08_004540 CYR1 CGDID:CAL0000218097 COORDS:Chr5_C_auris_B8441:169750-175641W (5892 nucleotides) translated using codon table 12 (1963 amino acids) Verified ORF; Predicted adenylate cyclase,6,AK/ATPase,0.00097541
B9J08_004540 CYR1 CGDID:CAL0000218097 COORDS:Chr5_C_auris_B8441:169750-175641W (5892 nucleotides) translated using codon table 12 (1963 amino acids) Verified ORF; Predicted adenylate cyclase,7,CYTH domain-containing protein,0.00087852
B9J08_004540 CYR1 CGDID:CAL0000218097 COORDS:Chr5_C_auris_B8441:169750-175641W (5892 nucleotides) translated using codon table 12 (1963 amino acids) Verified ORF; Predicted adenylate cyclase,8,Class III adenylate cyclase,0.000813027
B9J08_004540 CYR1 CGDID:CAL0000218097 COORDS:Chr5_C_auris_B8441:169750-175641W (5892 nucleotides) translated using codon table 12 (1963 amino acids) Verified ORF; Predicted adenylate cyclase,9,Adenylate/guanylate cyclase,0.000501639
B9J08_004540 CYR1 CGDID:CAL0000218097 COORDS:Chr5_C_auris_B8441:169750-175641W (5892 nucleotides) translated using codon table 12 (1963 amino acids) Verified ORF; Predicted adenylate cyclase,10,EC:2.7.1.29,0.000368046
B9J08_004692 HGT3 CGDID:CAL0000221463 COORDS:Chr5_C_auris_B8441:528216-529982W (1767 nucleotides) translated using codon table 12 (588 amino acids) Verified ORF; Putative sugar transporter containing transmembrane domains,1,MFS domain-containing protein,0.608255681
B9J08_004692 HGT3 CGDID:CAL0000221463 COORDS:Chr5_C_auris_B8441:528216-529982W (1767 nucleotides) translated using codon table 12 (588 amino acids) Verified ORF; Putative sugar transporter containing transmembrane domains,2,General substrate transporter,0.076183257
B9J08_004692 HGT3 CGDID:CAL0000221463 COORDS:Chr5_C_auris_B8441:528216-529982W (1767 nucleotides) translated using codon table 12 (588 amino acids) Verified ORF; Putative sugar transporter containing transmembrane domains,3,Sugar transporter STL1,0.059822291
B9J08_004692 HGT3 CGDID:CAL0000221463 COORDS:Chr5_C_auris_B8441:528216-529982W (1767 nucleotides) translated using codon table 12 (588 amino acids) Verified ORF; Putative sugar transporter containing transmembrane domains,4,High-affinity glucose transporter,0.04344072
B9J08_004692 HGT3 CGDID:CAL0000221463 COORDS:Chr5_C_auris_B8441:528216-529982W (1767 nucleotides) translated using codon table 12 (588 amino acids) Verified ORF; Putative sugar transporter containing transmembrane domains,5,MFS monosaccharide transporter,0.018937235
B9J08_004692 HGT3 CGDID:CAL0000221463 COORDS:Chr5_C_auris_B8441:528216-529982W (1767 nucleotides) translated using codon table 12 (588 amino acids) Verified ORF; Putative sugar transporter containing transmembrane domains,6,Sugar transporter,0.009354659
B9J08_004692 HGT3 CGDID:CAL0000221463 COORDS:Chr5_C_auris_B8441:528216-529982W (1767 nucleotides) translated using codon table 12 (588 amino acids) Verified ORF; Putative sugar transporter containing transmembrane domains,7,MFS transporter,0.008325965
B9J08_004692 HGT3 CGDID:CAL0000221463 COORDS:Chr5_C_auris_B8441:528216-529982W (1767 nucleotides) translated using codon table 12 (588 amino acids) Verified ORF; Putative sugar transporter containing transmembrane domains,8,"Major facilitator superfamily domain, general substrate transporter",0.007613245
B9J08_004692 HGT3 CGDID:CAL0000221463 COORDS:Chr5_C_auris_B8441:528216-529982W (1767 nucleotides) translated using codon table 12 (588 amino acids) Verified ORF; Putative sugar transporter containing transmembrane domains,9,"MFS monosaccharide transporter,",0.007103177
B9J08_004692 HGT3 CGDID:CAL0000221463 COORDS:Chr5_C_auris_B8441:528216-529982W (1767 nucleotides) translated using codon table 12 (588 amino acids) Verified ORF; Putative sugar transporter containing transmembrane domains,10,MFS sugar transporter,0.006799192
B9J08_004797 HGT7 CGDID:CAL0000218207 COORDS:Chr5_C_auris_B8441:765456-767096C (1641 nucleotides) translated using codon table 12 (546 amino acids) Verified ORF; Putative sugar transporter containing transmembrane domains; downregulated in response to flucoazole treatment,1,MFS domain-containing protein,0.175449628
B9J08_004797 HGT7 CGDID:CAL0000218207 COORDS:Chr5_C_auris_B8441:765456-767096C (1641 nucleotides) translated using codon table 12 (546 amino acids) Verified ORF; Putative sugar transporter containing transmembrane domains; downregulated in response to flucoazole treatment,2,Hexose transporter 2,0.065636973
B9J08_004797 HGT7 CGDID:CAL0000218207 COORDS:Chr5_C_auris_B8441:765456-767096C (1641 nucleotides) translated using codon table 12 (546 amino acids) Verified ORF; Putative sugar transporter containing transmembrane domains; downregulated in response to flucoazole treatment,3,Hexose transporter,0.04978784
B9J08_004797 HGT7 CGDID:CAL0000218207 COORDS:Chr5_C_auris_B8441:765456-767096C (1641 nucleotides) translated using codon table 12 (546 amino acids) Verified ORF; Putative sugar transporter containing transmembrane domains; downregulated in response to flucoazole treatment,4,Hexose transporter hxt1,0.009942952
B9J08_004797 HGT7 CGDID:CAL0000218207 COORDS:Chr5_C_auris_B8441:765456-767096C (1641 nucleotides) translated using codon table 12 (546 amino acids) Verified ORF; Putative sugar transporter containing transmembrane domains; downregulated in response to flucoazole treatment,5,Sugar transporter,0.009537422
B9J08_004797 HGT7 CGDID:CAL0000218207 COORDS:Chr5_C_auris_B8441:765456-767096C (1641 nucleotides) translated using codon table 12 (546 amino acids) Verified ORF; Putative sugar transporter containing transmembrane domains; downregulated in response to flucoazole treatment,6,Hexose transporter HXT15,0.002786347
B9J08_004797 HGT7 CGDID:CAL0000218207 COORDS:Chr5_C_auris_B8441:765456-767096C (1641 nucleotides) translated using codon table 12 (546 amino acids) Verified ORF; Putative sugar transporter containing transmembrane domains; downregulated in response to flucoazole treatment,7,Hexose transporter HXT14,0.002309763
B9J08_004797 HGT7 CGDID:CAL0000218207 COORDS:Chr5_C_auris_B8441:765456-767096C (1641 nucleotides) translated using codon table 12 (546 amino acids) Verified ORF; Putative sugar transporter containing transmembrane domains; downregulated in response to flucoazole treatment,8,Hexose transporter hxt5,0.002159468
B9J08_004797 HGT7 CGDID:CAL0000218207 COORDS:Chr5_C_auris_B8441:765456-767096C (1641 nucleotides) translated using codon table 12 (546 amino acids) Verified ORF; Putative sugar transporter containing transmembrane domains; downregulated in response to flucoazole treatment,9,Hexose transporter hxt11,0.001483042
B9J08_004797 HGT7 CGDID:CAL0000218207 COORDS:Chr5_C_auris_B8441:765456-767096C (1641 nucleotides) translated using codon table 12 (546 amino acids) Verified ORF; Putative sugar transporter containing transmembrane domains; downregulated in response to flucoazole treatment,10,Hexose transporter hxt6,0.001068897
B9J08_004820 TAC1b CGDID:CAL0000221493 COORDS:Chr5_C_auris_B8441:814778-817384W (2607 nucleotides) translated using codon table 12 (868 amino acids) Verified ORF; Transcriptional activator of the drug-responsive genes CDR1 and CDR2; gain-of-function mutations are associated with resistance to fluconazole and manogepix,1,Zn(2)-C6 fungal-type domain-containing protein,0.597413534
B9J08_004820 TAC1b CGDID:CAL0000221493 COORDS:Chr5_C_auris_B8441:814778-817384W (2607 nucleotides) translated using codon table 12 (868 amino acids) Verified ORF; Transcriptional activator of the drug-responsive genes CDR1 and CDR2; gain-of-function mutations are associated with resistance to fluconazole and manogepix,2,Neosartiricin B biosynthesis protein R,0.100380998
B9J08_004820 TAC1b CGDID:CAL0000221493 COORDS:Chr5_C_auris_B8441:814778-817384W (2607 nucleotides) translated using codon table 12 (868 amino acids) Verified ORF; Transcriptional activator of the drug-responsive genes CDR1 and CDR2; gain-of-function mutations are associated with resistance to fluconazole and manogepix,3,C6 finger domain transcription factor nscR,0.083076831
B9J08_004820 TAC1b CGDID:CAL0000221493 COORDS:Chr5_C_auris_B8441:814778-817384W (2607 nucleotides) translated using codon table 12 (868 amino acids) Verified ORF; Transcriptional activator of the drug-responsive genes CDR1 and CDR2; gain-of-function mutations are associated with resistance to fluconazole and manogepix,4,Fungal-specific transcription factor domain-containing protein,0.033672503
B9J08_004820 TAC1b CGDID:CAL0000221493 COORDS:Chr5_C_auris_B8441:814778-817384W (2607 nucleotides) translated using codon table 12 (868 amino acids) Verified ORF; Transcriptional activator of the drug-responsive genes CDR1 and CDR2; gain-of-function mutations are associated with resistance to fluconazole and manogepix,5,Transcription factor,0.01559649
B9J08_004820 TAC1b CGDID:CAL0000221493 COORDS:Chr5_C_auris_B8441:814778-817384W (2607 nucleotides) translated using codon table 12 (868 amino acids) Verified ORF; Transcriptional activator of the drug-responsive genes CDR1 and CDR2; gain-of-function mutations are associated with resistance to fluconazole and manogepix,6,Fungal-specific transcription factor domain-domain-containing protein,0.010592002
B9J08_004820 TAC1b CGDID:CAL0000221493 COORDS:Chr5_C_auris_B8441:814778-817384W (2607 nucleotides) translated using codon table 12 (868 amino acids) Verified ORF; Transcriptional activator of the drug-responsive genes CDR1 and CDR2; gain-of-function mutations are associated with resistance to fluconazole and manogepix,7,Transcriptional regulatory protein,0.007617079
B9J08_004820 TAC1b CGDID:CAL0000221493 COORDS:Chr5_C_auris_B8441:814778-817384W (2607 nucleotides) translated using codon table 12 (868 amino acids) Verified ORF; Transcriptional activator of the drug-responsive genes CDR1 and CDR2; gain-of-function mutations are associated with resistance to fluconazole and manogepix,8,Fungal specific transcription factor,0.006725797
B9J08_004820 TAC1b CGDID:CAL0000221493 COORDS:Chr5_C_auris_B8441:814778-817384W (2607 nucleotides) translated using codon table 12 (868 amino acids) Verified ORF; Transcriptional activator of the drug-responsive genes CDR1 and CDR2; gain-of-function mutations are associated with resistance to fluconazole and manogepix,9,Fungal-specific transcription factor,0.005314212
B9J08_004820 TAC1b CGDID:CAL0000221493 COORDS:Chr5_C_auris_B8441:814778-817384W (2607 nucleotides) translated using codon table 12 (868 amino acids) Verified ORF; Transcriptional activator of the drug-responsive genes CDR1 and CDR2; gain-of-function mutations are associated with resistance to fluconazole and manogepix,10,Fungal specific transcription factor domain-containing protein,0.005161066
B9J08_004892 HYR3 CGDID:CAL0000216105 COORDS:Chr5_C_auris_B8441:977862-983024C (5163 nucleotides) translated using codon table 12 (1720 amino acids) Verified ORF; Putative adhesin; upregulated in mature biofilms,1,Hyphal_reg_CWP domain-containing protein,0.906636294
B9J08_004892 HYR3 CGDID:CAL0000216105 COORDS:Chr5_C_auris_B8441:977862-983024C (5163 nucleotides) translated using codon table 12 (1720 amino acids) Verified ORF; Putative adhesin; upregulated in mature biofilms,2,Hyphally regulated cell wall protein,0.018860127
B9J08_004892 HYR3 CGDID:CAL0000216105 COORDS:Chr5_C_auris_B8441:977862-983024C (5163 nucleotides) translated using codon table 12 (1720 amino acids) Verified ORF; Putative adhesin; upregulated in mature biofilms,3,Hyphally regulated cell wall protein 1,0.013353234
B9J08_004892 HYR3 CGDID:CAL0000216105 COORDS:Chr5_C_auris_B8441:977862-983024C (5163 nucleotides) translated using codon table 12 (1720 amino acids) Verified ORF; Putative adhesin; upregulated in mature biofilms,4,Hyphally regulated cell wall protein 3,0.009247544
B9J08_004892 HYR3 CGDID:CAL0000216105 COORDS:Chr5_C_auris_B8441:977862-983024C (5163 nucleotides) translated using codon table 12 (1720 amino acids) Verified ORF; Putative adhesin; upregulated in mature biofilms,5,"Hyphally regulated cell wall protein,",0.004118652
B9J08_004892 HYR3 CGDID:CAL0000216105 COORDS:Chr5_C_auris_B8441:977862-983024C (5163 nucleotides) translated using codon table 12 (1720 amino acids) Verified ORF; Putative adhesin; upregulated in mature biofilms,6,Hyphally regulated cell wall protein 3-like,0.003994146
B9J08_004892 HYR3 CGDID:CAL0000216105 COORDS:Chr5_C_auris_B8441:977862-983024C (5163 nucleotides) translated using codon table 12 (1720 amino acids) Verified ORF; Putative adhesin; upregulated in mature biofilms,7,Hyphally regulated cell wall protein 1-like,0.002728422
B9J08_004892 HYR3 CGDID:CAL0000216105 COORDS:Chr5_C_auris_B8441:977862-983024C (5163 nucleotides) translated using codon table 12 (1720 amino acids) Verified ORF; Putative adhesin; upregulated in mature biofilms,8,WSC domain-containing protein,0.001640018
B9J08_004892 HYR3 CGDID:CAL0000216105 COORDS:Chr5_C_auris_B8441:977862-983024C (5163 nucleotides) translated using codon table 12 (1720 amino acids) Verified ORF; Putative adhesin; upregulated in mature biofilms,9,Hyphally regulated cell wall protein 2,0.001215438
B9J08_004892 HYR3 CGDID:CAL0000216105 COORDS:Chr5_C_auris_B8441:977862-983024C (5163 nucleotides) translated using codon table 12 (1720 amino acids) Verified ORF; Putative adhesin; upregulated in mature biofilms,10,"Hyphally regulated cell wall protein 1,",0.000667174
B9J08_004109 IFF4109 CGDID:CAL0000220355 COORDS:Chr6_C_auris_B8441:24784-33624W (8841 nucleotides) translated using codon table 12 (2946 amino acids) Verified ORF; Adhesin protein; null mutant shows adhesive defects; upregulated during switch from white to brown cells,1,Hyphal_reg_CWP domain-containing protein,0.911909264
B9J08_004109 IFF4109 CGDID:CAL0000220355 COORDS:Chr6_C_auris_B8441:24784-33624W (8841 nucleotides) translated using codon table 12 (2946 amino acids) Verified ORF; Adhesin protein; null mutant shows adhesive defects; upregulated during switch from white to brown cells,2,Hyphally regulated cell wall protein 1,0.01642949
B9J08_004109 IFF4109 CGDID:CAL0000220355 COORDS:Chr6_C_auris_B8441:24784-33624W (8841 nucleotides) translated using codon table 12 (2946 amino acids) Verified ORF; Adhesin protein; null mutant shows adhesive defects; upregulated during switch from white to brown cells,3,Hyphally regulated cell wall protein,0.013668535
B9J08_004109 IFF4109 CGDID:CAL0000220355 COORDS:Chr6_C_auris_B8441:24784-33624W (8841 nucleotides) translated using codon table 12 (2946 amino acids) Verified ORF; Adhesin protein; null mutant shows adhesive defects; upregulated during switch from white to brown cells,4,Hyphally regulated cell wall protein 3,0.007280367
B9J08_004109 IFF4109 CGDID:CAL0000220355 COORDS:Chr6_C_auris_B8441:24784-33624W (8841 nucleotides) translated using codon table 12 (2946 amino acids) Verified ORF; Adhesin protein; null mutant shows adhesive defects; upregulated during switch from white to brown cells,5,"Hyphally regulated cell wall protein,",0.002855151
B9J08_004109 IFF4109 CGDID:CAL0000220355 COORDS:Chr6_C_auris_B8441:24784-33624W (8841 nucleotides) translated using codon table 12 (2946 amino acids) Verified ORF; Adhesin protein; null mutant shows adhesive defects; upregulated during switch from white to brown cells,6,Hyphally regulated cell wall protein 1-like,0.002807111
B9J08_004109 IFF4109 CGDID:CAL0000220355 COORDS:Chr6_C_auris_B8441:24784-33624W (8841 nucleotides) translated using codon table 12 (2946 amino acids) Verified ORF; Adhesin protein; null mutant shows adhesive defects; upregulated during switch from white to brown cells,7,Hyphally regulated cell wall protein 3-like,0.002800748
B9J08_004109 IFF4109 CGDID:CAL0000220355 COORDS:Chr6_C_auris_B8441:24784-33624W (8841 nucleotides) translated using codon table 12 (2946 amino acids) Verified ORF; Adhesin protein; null mutant shows adhesive defects; upregulated during switch from white to brown cells,8,"Hyphally regulated cell wall protein 1,",0.001398523
B9J08_004109 IFF4109 CGDID:CAL0000220355 COORDS:Chr6_C_auris_B8441:24784-33624W (8841 nucleotides) translated using codon table 12 (2946 amino acids) Verified ORF; Adhesin protein; null mutant shows adhesive defects; upregulated during switch from white to brown cells,9,Hyphally regulated cell wall protein 2,0.001008497
B9J08_004109 IFF4109 CGDID:CAL0000220355 COORDS:Chr6_C_auris_B8441:24784-33624W (8841 nucleotides) translated using codon table 12 (2946 amino acids) Verified ORF; Adhesin protein; null mutant shows adhesive defects; upregulated during switch from white to brown cells,10,Hyphal cell wall protein,0.000502813
B9J08_004112 ALS5 CGDID:CAL0000218251 COORDS:Chr6_C_auris_B8441:41881-47268C (5388 nucleotides) translated using codon table 12 (1795 amino acids) Verified ORF; Cell surface adhesin; involved in skin colonization; upregulated in response to caspofungin and in brown cells; associated with autoaggregation; null mutant fails to form aggregates and shows reduced adhesion to laminin and keratinocytes,1,Candida_ALS_N domain-containing protein,0.41831274
B9J08_004112 ALS5 CGDID:CAL0000218251 COORDS:Chr6_C_auris_B8441:41881-47268C (5388 nucleotides) translated using codon table 12 (1795 amino acids) Verified ORF; Cell surface adhesin; involved in skin colonization; upregulated in response to caspofungin and in brown cells; associated with autoaggregation; null mutant fails to form aggregates and shows reduced adhesion to laminin and keratinocytes,2,Agglutinin-like protein,0.134974027
B9J08_004112 ALS5 CGDID:CAL0000218251 COORDS:Chr6_C_auris_B8441:41881-47268C (5388 nucleotides) translated using codon table 12 (1795 amino acids) Verified ORF; Cell surface adhesin; involved in skin colonization; upregulated in response to caspofungin and in brown cells; associated with autoaggregation; null mutant fails to form aggregates and shows reduced adhesion to laminin and keratinocytes,3,Agglutinin-like protein 1,0.066736413
B9J08_004112 ALS5 CGDID:CAL0000218251 COORDS:Chr6_C_auris_B8441:41881-47268C (5388 nucleotides) translated using codon table 12 (1795 amino acids) Verified ORF; Cell surface adhesin; involved in skin colonization; upregulated in response to caspofungin and in brown cells; associated with autoaggregation; null mutant fails to form aggregates and shows reduced adhesion to laminin and keratinocytes,4,Agglutinin-like protein 5,0.035663647
B9J08_004112 ALS5 CGDID:CAL0000218251 COORDS:Chr6_C_auris_B8441:41881-47268C (5388 nucleotides) translated using codon table 12 (1795 amino acids) Verified ORF; Cell surface adhesin; involved in skin colonization; upregulated in response to caspofungin and in brown cells; associated with autoaggregation; null mutant fails to form aggregates and shows reduced adhesion to laminin and keratinocytes,5,Adhesin,0.025922538
B9J08_004112 ALS5 CGDID:CAL0000218251 COORDS:Chr6_C_auris_B8441:41881-47268C (5388 nucleotides) translated using codon table 12 (1795 amino acids) Verified ORF; Cell surface adhesin; involved in skin colonization; upregulated in response to caspofungin and in brown cells; associated with autoaggregation; null mutant fails to form aggregates and shows reduced adhesion to laminin and keratinocytes,6,Agglutinin-like protein 2,0.01851156
B9J08_004112 ALS5 CGDID:CAL0000218251 COORDS:Chr6_C_auris_B8441:41881-47268C (5388 nucleotides) translated using codon table 12 (1795 amino acids) Verified ORF; Cell surface adhesin; involved in skin colonization; upregulated in response to caspofungin and in brown cells; associated with autoaggregation; null mutant fails to form aggregates and shows reduced adhesion to laminin and keratinocytes,7,Peptidase A1 domain-containing protein,0.017050778
B9J08_004112 ALS5 CGDID:CAL0000218251 COORDS:Chr6_C_auris_B8441:41881-47268C (5388 nucleotides) translated using codon table 12 (1795 amino acids) Verified ORF; Cell surface adhesin; involved in skin colonization; upregulated in response to caspofungin and in brown cells; associated with autoaggregation; null mutant fails to form aggregates and shows reduced adhesion to laminin and keratinocytes,8,But2 domain-containing protein,0.011445353
B9J08_004112 ALS5 CGDID:CAL0000218251 COORDS:Chr6_C_auris_B8441:41881-47268C (5388 nucleotides) translated using codon table 12 (1795 amino acids) Verified ORF; Cell surface adhesin; involved in skin colonization; upregulated in response to caspofungin and in brown cells; associated with autoaggregation; null mutant fails to form aggregates and shows reduced adhesion to laminin and keratinocytes,9,Hyphal_reg_CWP domain-containing protein,0.011235654
B9J08_004112 ALS5 CGDID:CAL0000218251 COORDS:Chr6_C_auris_B8441:41881-47268C (5388 nucleotides) translated using codon table 12 (1795 amino acids) Verified ORF; Cell surface adhesin; involved in skin colonization; upregulated in response to caspofungin and in brown cells; associated with autoaggregation; null mutant fails to form aggregates and shows reduced adhesion to laminin and keratinocytes,10,PA14 domain-containing protein,0.009547482
B9J08_004173 LIP1 CGDID:CAL0000221121 COORDS:Chr6_C_auris_B8441:216029-217561W (1533 nucleotides) translated using codon table 12 (510 amino acids) Verified ORF; Putative triglyceride lipase with a role in lipid catabolism; upregulated in brown cells compared to white cells,1,EC:3.1.1.3,0.630752583
B9J08_004173 LIP1 CGDID:CAL0000221121 COORDS:Chr6_C_auris_B8441:216029-217561W (1533 nucleotides) translated using codon table 12 (510 amino acids) Verified ORF; Putative triglyceride lipase with a role in lipid catabolism; upregulated in brown cells compared to white cells,2,Triacylglycerol lipase,0.073025648
B9J08_004173 LIP1 CGDID:CAL0000221121 COORDS:Chr6_C_auris_B8441:216029-217561W (1533 nucleotides) translated using codon table 12 (510 amino acids) Verified ORF; Putative triglyceride lipase with a role in lipid catabolism; upregulated in brown cells compared to white cells,3,Lipase,0.049035728
B9J08_004173 LIP1 CGDID:CAL0000221121 COORDS:Chr6_C_auris_B8441:216029-217561W (1533 nucleotides) translated using codon table 12 (510 amino acids) Verified ORF; Putative triglyceride lipase with a role in lipid catabolism; upregulated in brown cells compared to white cells,4,Secretory lipase,0.029069142
B9J08_004173 LIP1 CGDID:CAL0000221121 COORDS:Chr6_C_auris_B8441:216029-217561W (1533 nucleotides) translated using codon table 12 (510 amino acids) Verified ORF; Putative triglyceride lipase with a role in lipid catabolism; upregulated in brown cells compared to white cells,5,EC:3.1.1.5,0.022794099
B9J08_004173 LIP1 CGDID:CAL0000221121 COORDS:Chr6_C_auris_B8441:216029-217561W (1533 nucleotides) translated using codon table 12 (510 amino acids) Verified ORF; Putative triglyceride lipase with a role in lipid catabolism; upregulated in brown cells compared to white cells,6,EC:3.1.1.-,0.021973386
B9J08_004173 LIP1 CGDID:CAL0000221121 COORDS:Chr6_C_auris_B8441:216029-217561W (1533 nucleotides) translated using codon table 12 (510 amino acids) Verified ORF; Putative triglyceride lipase with a role in lipid catabolism; upregulated in brown cells compared to white cells,7,Carboxylic ester hydrolase,0.02142433
B9J08_004173 LIP1 CGDID:CAL0000221121 COORDS:Chr6_C_auris_B8441:216029-217561W (1533 nucleotides) translated using codon table 12 (510 amino acids) Verified ORF; Putative triglyceride lipase with a role in lipid catabolism; upregulated in brown cells compared to white cells,8,LIP-domain-containing protein,0.021063823
B9J08_004173 LIP1 CGDID:CAL0000221121 COORDS:Chr6_C_auris_B8441:216029-217561W (1533 nucleotides) translated using codon table 12 (510 amino acids) Verified ORF; Putative triglyceride lipase with a role in lipid catabolism; upregulated in brown cells compared to white cells,9,Lysophospholipase,0.015309245
B9J08_004173 LIP1 CGDID:CAL0000221121 COORDS:Chr6_C_auris_B8441:216029-217561W (1533 nucleotides) translated using codon table 12 (510 amino acids) Verified ORF; Putative triglyceride lipase with a role in lipid catabolism; upregulated in brown cells compared to white cells,10,Lipase 5,0.009185722
B9J08_004176 LIP2 CGDID:CAL0000226363 COORDS:Chr6_C_auris_B8441:223506-225083W (1578 nucleotides) translated using codon table 12 (525 amino acids) Verified ORF; Putative triglyceride lipase involved in lipid catabolism,1,EC:3.1.1.3,0.690983951
B9J08_004176 LIP2 CGDID:CAL0000226363 COORDS:Chr6_C_auris_B8441:223506-225083W (1578 nucleotides) translated using codon table 12 (525 amino acids) Verified ORF; Putative triglyceride lipase involved in lipid catabolism,2,Triacylglycerol lipase,0.062364754
B9J08_004176 LIP2 CGDID:CAL0000226363 COORDS:Chr6_C_auris_B8441:223506-225083W (1578 nucleotides) translated using codon table 12 (525 amino acids) Verified ORF; Putative triglyceride lipase involved in lipid catabolism,3,Carboxylic ester hydrolase,0.046959846
B9J08_004176 LIP2 CGDID:CAL0000226363 COORDS:Chr6_C_auris_B8441:223506-225083W (1578 nucleotides) translated using codon table 12 (525 amino acids) Verified ORF; Putative triglyceride lipase involved in lipid catabolism,4,EC:3.1.1.-,0.040316115
B9J08_004176 LIP2 CGDID:CAL0000226363 COORDS:Chr6_C_auris_B8441:223506-225083W (1578 nucleotides) translated using codon table 12 (525 amino acids) Verified ORF; Putative triglyceride lipase involved in lipid catabolism,5,Secretory lipase,0.008695627
B9J08_004176 LIP2 CGDID:CAL0000226363 COORDS:Chr6_C_auris_B8441:223506-225083W (1578 nucleotides) translated using codon table 12 (525 amino acids) Verified ORF; Putative triglyceride lipase involved in lipid catabolism,6,Lysophospholipase,0.006489582
B9J08_004176 LIP2 CGDID:CAL0000226363 COORDS:Chr6_C_auris_B8441:223506-225083W (1578 nucleotides) translated using codon table 12 (525 amino acids) Verified ORF; Putative triglyceride lipase involved in lipid catabolism,7,EC:3.1.1.5,0.00578545
B9J08_004176 LIP2 CGDID:CAL0000226363 COORDS:Chr6_C_auris_B8441:223506-225083W (1578 nucleotides) translated using codon table 12 (525 amino acids) Verified ORF; Putative triglyceride lipase involved in lipid catabolism,8,Secretory lipase-domain-containing protein,0.005349881
B9J08_004176 LIP2 CGDID:CAL0000226363 COORDS:Chr6_C_auris_B8441:223506-225083W (1578 nucleotides) translated using codon table 12 (525 amino acids) Verified ORF; Putative triglyceride lipase involved in lipid catabolism,9,Lipase,0.004580729
B9J08_004176 LIP2 CGDID:CAL0000226363 COORDS:Chr6_C_auris_B8441:223506-225083W (1578 nucleotides) translated using codon table 12 (525 amino acids) Verified ORF; Putative triglyceride lipase involved in lipid catabolism,10,Hypothetical_protein,0.004239543
B9J08_004192 GDH2 CGDID:CAL0000222105 COORDS:Chr6_C_auris_B8441:261434-264619C (3186 nucleotides) translated using codon table 12 (1061 amino acids) Verified ORF; Putative NAD-dependent glutamate dehydrogenase; catalyzes deamination of glutamate to alpha-ketoglutarate; fungal-specific; null mutant cannot alkalinize the environment but shows normal virulence in a blood infection model,1,NAD-specific glutamate dehydrogenase,0.599743629
B9J08_004192 GDH2 CGDID:CAL0000222105 COORDS:Chr6_C_auris_B8441:261434-264619C (3186 nucleotides) translated using codon table 12 (1061 amino acids) Verified ORF; Putative NAD-dependent glutamate dehydrogenase; catalyzes deamination of glutamate to alpha-ketoglutarate; fungal-specific; null mutant cannot alkalinize the environment but shows normal virulence in a blood infection model,2,EC:1.4.1.2,0.364647774
B9J08_004192 GDH2 CGDID:CAL0000222105 COORDS:Chr6_C_auris_B8441:261434-264619C (3186 nucleotides) translated using codon table 12 (1061 amino acids) Verified ORF; Putative NAD-dependent glutamate dehydrogenase; catalyzes deamination of glutamate to alpha-ketoglutarate; fungal-specific; null mutant cannot alkalinize the environment but shows normal virulence in a blood infection model,3,Glutamate dehydrogenase,0.012168634
B9J08_004192 GDH2 CGDID:CAL0000222105 COORDS:Chr6_C_auris_B8441:261434-264619C (3186 nucleotides) translated using codon table 12 (1061 amino acids) Verified ORF; Putative NAD-dependent glutamate dehydrogenase; catalyzes deamination of glutamate to alpha-ketoglutarate; fungal-specific; null mutant cannot alkalinize the environment but shows normal virulence in a blood infection model,4,ELFV_dehydrog domain-containing protein,0.004049801
B9J08_004192 GDH2 CGDID:CAL0000222105 COORDS:Chr6_C_auris_B8441:261434-264619C (3186 nucleotides) translated using codon table 12 (1061 amino acids) Verified ORF; Putative NAD-dependent glutamate dehydrogenase; catalyzes deamination of glutamate to alpha-ketoglutarate; fungal-specific; null mutant cannot alkalinize the environment but shows normal virulence in a blood infection model,5,NAD-glutamate dehydrogenase,0.00165615
B9J08_004192 GDH2 CGDID:CAL0000222105 COORDS:Chr6_C_auris_B8441:261434-264619C (3186 nucleotides) translated using codon table 12 (1061 amino acids) Verified ORF; Putative NAD-dependent glutamate dehydrogenase; catalyzes deamination of glutamate to alpha-ketoglutarate; fungal-specific; null mutant cannot alkalinize the environment but shows normal virulence in a blood infection model,6,Glycine dehydrogenase (aminomethyl-transferring),0.001130332
B9J08_004192 GDH2 CGDID:CAL0000222105 COORDS:Chr6_C_auris_B8441:261434-264619C (3186 nucleotides) translated using codon table 12 (1061 amino acids) Verified ORF; Putative NAD-dependent glutamate dehydrogenase; catalyzes deamination of glutamate to alpha-ketoglutarate; fungal-specific; null mutant cannot alkalinize the environment but shows normal virulence in a blood infection model,7,NAD(+)-specific glutamate dehydrogenase,0.000946472
B9J08_004192 GDH2 CGDID:CAL0000222105 COORDS:Chr6_C_auris_B8441:261434-264619C (3186 nucleotides) translated using codon table 12 (1061 amino acids) Verified ORF; Putative NAD-dependent glutamate dehydrogenase; catalyzes deamination of glutamate to alpha-ketoglutarate; fungal-specific; null mutant cannot alkalinize the environment but shows normal virulence in a blood infection model,8,NADP-specific glutamate dehydrogenase,0.000926491
B9J08_004192 GDH2 CGDID:CAL0000222105 COORDS:Chr6_C_auris_B8441:261434-264619C (3186 nucleotides) translated using codon table 12 (1061 amino acids) Verified ORF; Putative NAD-dependent glutamate dehydrogenase; catalyzes deamination of glutamate to alpha-ketoglutarate; fungal-specific; null mutant cannot alkalinize the environment but shows normal virulence in a blood infection model,9,NAD(+)-dependent glutamate dehydrogenase,0.000225858
B9J08_004192 GDH2 CGDID:CAL0000222105 COORDS:Chr6_C_auris_B8441:261434-264619C (3186 nucleotides) translated using codon table 12 (1061 amino acids) Verified ORF; Putative NAD-dependent glutamate dehydrogenase; catalyzes deamination of glutamate to alpha-ketoglutarate; fungal-specific; null mutant cannot alkalinize the environment but shows normal virulence in a blood infection model,10,NAD-dependent glutamate dehydrogenase,0.000175335
B9J08_004264 HGT14 CGDID:CAL0000219213 COORDS:Chr6_C_auris_B8441:421750-423573C (1824 nucleotides) translated using codon table 12 (607 amino acids) Verified ORF; Putative sugar transporter containing transmembrane domains; downregulated in response to flucoazole treatment,1,MFS domain-containing protein,0.605321568
B9J08_004264 HGT14 CGDID:CAL0000219213 COORDS:Chr6_C_auris_B8441:421750-423573C (1824 nucleotides) translated using codon table 12 (607 amino acids) Verified ORF; Putative sugar transporter containing transmembrane domains; downregulated in response to flucoazole treatment,2,Quinate permease,0.10393251
B9J08_004264 HGT14 CGDID:CAL0000219213 COORDS:Chr6_C_auris_B8441:421750-423573C (1824 nucleotides) translated using codon table 12 (607 amino acids) Verified ORF; Putative sugar transporter containing transmembrane domains; downregulated in response to flucoazole treatment,3,General substrate transporter,0.044604544
B9J08_004264 HGT14 CGDID:CAL0000219213 COORDS:Chr6_C_auris_B8441:421750-423573C (1824 nucleotides) translated using codon table 12 (607 amino acids) Verified ORF; Putative sugar transporter containing transmembrane domains; downregulated in response to flucoazole treatment,4,Sugar transporter,0.02115858
B9J08_004264 HGT14 CGDID:CAL0000219213 COORDS:Chr6_C_auris_B8441:421750-423573C (1824 nucleotides) translated using codon table 12 (607 amino acids) Verified ORF; Putative sugar transporter containing transmembrane domains; downregulated in response to flucoazole treatment,5,Related to quinate transport protein,0.01156083
B9J08_004264 HGT14 CGDID:CAL0000219213 COORDS:Chr6_C_auris_B8441:421750-423573C (1824 nucleotides) translated using codon table 12 (607 amino acids) Verified ORF; Putative sugar transporter containing transmembrane domains; downregulated in response to flucoazole treatment,6,Hexose transporter,0.006394451
B9J08_004264 HGT14 CGDID:CAL0000219213 COORDS:Chr6_C_auris_B8441:421750-423573C (1824 nucleotides) translated using codon table 12 (607 amino acids) Verified ORF; Putative sugar transporter containing transmembrane domains; downregulated in response to flucoazole treatment,7,MFS transporter,0.00532449
B9J08_004264 HGT14 CGDID:CAL0000219213 COORDS:Chr6_C_auris_B8441:421750-423573C (1824 nucleotides) translated using codon table 12 (607 amino acids) Verified ORF; Putative sugar transporter containing transmembrane domains; downregulated in response to flucoazole treatment,8,High-affinity glucose transporter,0.005305414
B9J08_004264 HGT14 CGDID:CAL0000219213 COORDS:Chr6_C_auris_B8441:421750-423573C (1824 nucleotides) translated using codon table 12 (607 amino acids) Verified ORF; Putative sugar transporter containing transmembrane domains; downregulated in response to flucoazole treatment,9,Related to quinate permease,0.004904119
B9J08_004264 HGT14 CGDID:CAL0000219213 COORDS:Chr6_C_auris_B8441:421750-423573C (1824 nucleotides) translated using codon table 12 (607 amino acids) Verified ORF; Putative sugar transporter containing transmembrane domains; downregulated in response to flucoazole treatment,10,Hexose transporter protein,0.003433722
B9J08_004436 HGT5 CGDID:CAL0000222397 COORDS:Chr6_C_auris_B8441:808704-810755C (2052 nucleotides) translated using codon table 12 (683 amino acids) Verified ORF; Putative sugar transporter containing transmembrane domains; downregulated in response to flucoazole treatment,1,MFS domain-containing protein,0.709241764
B9J08_004436 HGT5 CGDID:CAL0000222397 COORDS:Chr6_C_auris_B8441:808704-810755C (2052 nucleotides) translated using codon table 12 (683 amino acids) Verified ORF; Putative sugar transporter containing transmembrane domains; downregulated in response to flucoazole treatment,2,Sugar transporter STL1,0.040286367
B9J08_004436 HGT5 CGDID:CAL0000222397 COORDS:Chr6_C_auris_B8441:808704-810755C (2052 nucleotides) translated using codon table 12 (683 amino acids) Verified ORF; Putative sugar transporter containing transmembrane domains; downregulated in response to flucoazole treatment,3,General substrate transporter,0.015694317
B9J08_004436 HGT5 CGDID:CAL0000222397 COORDS:Chr6_C_auris_B8441:808704-810755C (2052 nucleotides) translated using codon table 12 (683 amino acids) Verified ORF; Putative sugar transporter containing transmembrane domains; downregulated in response to flucoazole treatment,4,MFS general substrate transporter,0.010545442
B9J08_004436 HGT5 CGDID:CAL0000222397 COORDS:Chr6_C_auris_B8441:808704-810755C (2052 nucleotides) translated using codon table 12 (683 amino acids) Verified ORF; Putative sugar transporter containing transmembrane domains; downregulated in response to flucoazole treatment,5,Sugar transporter,0.009362156
B9J08_004436 HGT5 CGDID:CAL0000222397 COORDS:Chr6_C_auris_B8441:808704-810755C (2052 nucleotides) translated using codon table 12 (683 amino acids) Verified ORF; Putative sugar transporter containing transmembrane domains; downregulated in response to flucoazole treatment,6,Related to sugar transport protein STP1,0.006788521
B9J08_004436 HGT5 CGDID:CAL0000222397 COORDS:Chr6_C_auris_B8441:808704-810755C (2052 nucleotides) translated using codon table 12 (683 amino acids) Verified ORF; Putative sugar transporter containing transmembrane domains; downregulated in response to flucoazole treatment,7,Related to sugar transporter,0.00586359
B9J08_004436 HGT5 CGDID:CAL0000222397 COORDS:Chr6_C_auris_B8441:808704-810755C (2052 nucleotides) translated using codon table 12 (683 amino acids) Verified ORF; Putative sugar transporter containing transmembrane domains; downregulated in response to flucoazole treatment,8,"Major facilitator superfamily domain, general substrate transporter",0.005295145
B9J08_004436 HGT5 CGDID:CAL0000222397 COORDS:Chr6_C_auris_B8441:808704-810755C (2052 nucleotides) translated using codon table 12 (683 amino acids) Verified ORF; Putative sugar transporter containing transmembrane domains; downregulated in response to flucoazole treatment,9,Mfs sugar,0.004320018
B9J08_004436 HGT5 CGDID:CAL0000222397 COORDS:Chr6_C_auris_B8441:808704-810755C (2052 nucleotides) translated using codon table 12 (683 amino acids) Verified ORF; Putative sugar transporter containing transmembrane domains; downregulated in response to flucoazole treatment,10,Mfs monosaccharide,0.004197178
"B9J08_004469 PGA7 CGDID:CAL0000226505 COORDS:Chr6_C_auris_B8441:896128-896721W (594 nucleotides) translated using codon table 12 (197 amino acids) Verified ORF; Protein with a putative role in adhesion, upregulated during biofilm formation",1,CFEM domain-containing protein,0.443099826
"B9J08_004469 PGA7 CGDID:CAL0000226505 COORDS:Chr6_C_auris_B8441:896128-896721W (594 nucleotides) translated using codon table 12 (197 amino acids) Verified ORF; Protein with a putative role in adhesion, upregulated during biofilm formation",2,GPI-anchored protein,0.043022077
"B9J08_004469 PGA7 CGDID:CAL0000226505 COORDS:Chr6_C_auris_B8441:896128-896721W (594 nucleotides) translated using codon table 12 (197 amino acids) Verified ORF; Protein with a putative role in adhesion, upregulated during biofilm formation",3,GPI anchored CFEM domain protein,0.027634164
"B9J08_004469 PGA7 CGDID:CAL0000226505 COORDS:Chr6_C_auris_B8441:896128-896721W (594 nucleotides) translated using codon table 12 (197 amino acids) Verified ORF; Protein with a putative role in adhesion, upregulated during biofilm formation",4,"Extracellular membrane protein, CFEM domain protein",0.021274914
"B9J08_004469 PGA7 CGDID:CAL0000226505 COORDS:Chr6_C_auris_B8441:896128-896721W (594 nucleotides) translated using codon table 12 (197 amino acids) Verified ORF; Protein with a putative role in adhesion, upregulated during biofilm formation",5,GPI-anchor protein,0.019644393
"B9J08_004469 PGA7 CGDID:CAL0000226505 COORDS:Chr6_C_auris_B8441:896128-896721W (594 nucleotides) translated using codon table 12 (197 amino acids) Verified ORF; Protein with a putative role in adhesion, upregulated during biofilm formation",6,HFB protein,0.018505678
"B9J08_004469 PGA7 CGDID:CAL0000226505 COORDS:Chr6_C_auris_B8441:896128-896721W (594 nucleotides) translated using codon table 12 (197 amino acids) Verified ORF; Protein with a putative role in adhesion, upregulated during biofilm formation",7,GPI anchored CFEM domain-containing protein,0.015273516
"B9J08_004469 PGA7 CGDID:CAL0000226505 COORDS:Chr6_C_auris_B8441:896128-896721W (594 nucleotides) translated using codon table 12 (197 amino acids) Verified ORF; Protein with a putative role in adhesion, upregulated during biofilm formation",8,GPI anchored protein,0.006906244
"B9J08_004469 PGA7 CGDID:CAL0000226505 COORDS:Chr6_C_auris_B8441:896128-896721W (594 nucleotides) translated using codon table 12 (197 amino acids) Verified ORF; Protein with a putative role in adhesion, upregulated during biofilm formation",9,GPI-anchor protein 14,0.006265884
"B9J08_004469 PGA7 CGDID:CAL0000226505 COORDS:Chr6_C_auris_B8441:896128-896721W (594 nucleotides) translated using codon table 12 (197 amino acids) Verified ORF; Protein with a putative role in adhesion, upregulated during biofilm formation",10,Cfem domain-containing protein,0.005869173
B9J08_002250 HGT12 CGDID:CAL0000225655 COORDS:Chr7_C_auris_B8441:36451-38022W (1572 nucleotides) translated using codon table 12 (523 amino acids) Verified ORF; Putative sugar transporter containing transmembrane domains; downregulated in response to flucoazole treatment,1,MFS domain-containing protein,0.448908061
B9J08_002250 HGT12 CGDID:CAL0000225655 COORDS:Chr7_C_auris_B8441:36451-38022W (1572 nucleotides) translated using codon table 12 (523 amino acids) Verified ORF; Putative sugar transporter containing transmembrane domains; downregulated in response to flucoazole treatment,2,Glucose transporter rco-3,0.085214714
B9J08_002250 HGT12 CGDID:CAL0000225655 COORDS:Chr7_C_auris_B8441:36451-38022W (1572 nucleotides) translated using codon table 12 (523 amino acids) Verified ORF; Putative sugar transporter containing transmembrane domains; downregulated in response to flucoazole treatment,3,General substrate transporter,0.064802979
B9J08_002250 HGT12 CGDID:CAL0000225655 COORDS:Chr7_C_auris_B8441:36451-38022W (1572 nucleotides) translated using codon table 12 (523 amino acids) Verified ORF; Putative sugar transporter containing transmembrane domains; downregulated in response to flucoazole treatment,4,MFS monosaccharide transporter,0.0474086
B9J08_002250 HGT12 CGDID:CAL0000225655 COORDS:Chr7_C_auris_B8441:36451-38022W (1572 nucleotides) translated using codon table 12 (523 amino acids) Verified ORF; Putative sugar transporter containing transmembrane domains; downregulated in response to flucoazole treatment,5,Glucose transporter,0.020456329
B9J08_002250 HGT12 CGDID:CAL0000225655 COORDS:Chr7_C_auris_B8441:36451-38022W (1572 nucleotides) translated using codon table 12 (523 amino acids) Verified ORF; Putative sugar transporter containing transmembrane domains; downregulated in response to flucoazole treatment,6,High affinity glucose transporter RGT2,0.016412913
B9J08_002250 HGT12 CGDID:CAL0000225655 COORDS:Chr7_C_auris_B8441:36451-38022W (1572 nucleotides) translated using codon table 12 (523 amino acids) Verified ORF; Putative sugar transporter containing transmembrane domains; downregulated in response to flucoazole treatment,7,"MFS monosaccharide transporter,",0.011086416
B9J08_002250 HGT12 CGDID:CAL0000225655 COORDS:Chr7_C_auris_B8441:36451-38022W (1572 nucleotides) translated using codon table 12 (523 amino acids) Verified ORF; Putative sugar transporter containing transmembrane domains; downregulated in response to flucoazole treatment,8,MFS transporter,0.007736485
B9J08_002250 HGT12 CGDID:CAL0000225655 COORDS:Chr7_C_auris_B8441:36451-38022W (1572 nucleotides) translated using codon table 12 (523 amino acids) Verified ORF; Putative sugar transporter containing transmembrane domains; downregulated in response to flucoazole treatment,9,Hexose transporter,0.00691191
B9J08_002250 HGT12 CGDID:CAL0000225655 COORDS:Chr7_C_auris_B8441:36451-38022W (1572 nucleotides) translated using codon table 12 (523 amino acids) Verified ORF; Putative sugar transporter containing transmembrane domains; downregulated in response to flucoazole treatment,10,High-affinity glucose transporter SNF3,0.006381989
B9J08_002259 HGT4 CGDID:CAL0000225675 COORDS:Chr7_C_auris_B8441:57391-59565W (2175 nucleotides) translated using codon table 12 (724 amino acids) Verified ORF; Putative sugar transporter containing transmembrane domains; downregulated in response to flucoazole treatment,1,MFS domain-containing protein,0.612363881
B9J08_002259 HGT4 CGDID:CAL0000225675 COORDS:Chr7_C_auris_B8441:57391-59565W (2175 nucleotides) translated using codon table 12 (724 amino acids) Verified ORF; Putative sugar transporter containing transmembrane domains; downregulated in response to flucoazole treatment,2,High-affinity glucose transporter SNF3,0.048641661
B9J08_002259 HGT4 CGDID:CAL0000225675 COORDS:Chr7_C_auris_B8441:57391-59565W (2175 nucleotides) translated using codon table 12 (724 amino acids) Verified ORF; Putative sugar transporter containing transmembrane domains; downregulated in response to flucoazole treatment,3,General substrate transporter,0.048321849
B9J08_002259 HGT4 CGDID:CAL0000225675 COORDS:Chr7_C_auris_B8441:57391-59565W (2175 nucleotides) translated using codon table 12 (724 amino acids) Verified ORF; Putative sugar transporter containing transmembrane domains; downregulated in response to flucoazole treatment,4,MFS monosaccharide transporter,0.026513185
B9J08_002259 HGT4 CGDID:CAL0000225675 COORDS:Chr7_C_auris_B8441:57391-59565W (2175 nucleotides) translated using codon table 12 (724 amino acids) Verified ORF; Putative sugar transporter containing transmembrane domains; downregulated in response to flucoazole treatment,5,High-affinity glucose transporter,0.019805061
B9J08_002259 HGT4 CGDID:CAL0000225675 COORDS:Chr7_C_auris_B8441:57391-59565W (2175 nucleotides) translated using codon table 12 (724 amino acids) Verified ORF; Putative sugar transporter containing transmembrane domains; downregulated in response to flucoazole treatment,6,Sugar transporter,0.011557088
B9J08_002259 HGT4 CGDID:CAL0000225675 COORDS:Chr7_C_auris_B8441:57391-59565W (2175 nucleotides) translated using codon table 12 (724 amino acids) Verified ORF; Putative sugar transporter containing transmembrane domains; downregulated in response to flucoazole treatment,7,High-affinity glucose transporter ght2,0.011383903
B9J08_002259 HGT4 CGDID:CAL0000225675 COORDS:Chr7_C_auris_B8441:57391-59565W (2175 nucleotides) translated using codon table 12 (724 amino acids) Verified ORF; Putative sugar transporter containing transmembrane domains; downregulated in response to flucoazole treatment,8,MFS transporter,0.009233189
B9J08_002259 HGT4 CGDID:CAL0000225675 COORDS:Chr7_C_auris_B8441:57391-59565W (2175 nucleotides) translated using codon table 12 (724 amino acids) Verified ORF; Putative sugar transporter containing transmembrane domains; downregulated in response to flucoazole treatment,9,Hexose transporter,0.007153493
B9J08_002259 HGT4 CGDID:CAL0000225675 COORDS:Chr7_C_auris_B8441:57391-59565W (2175 nucleotides) translated using codon table 12 (724 amino acids) Verified ORF; Putative sugar transporter containing transmembrane domains; downregulated in response to flucoazole treatment,10,"MFS transporter, SP family, sugar:H+ symporter",0.007105548
"B9J08_002262 KRE6 CGDID:CAL0000218681 COORDS:Chr7_C_auris_B8441:69776-71806W (2031 nucleotides) translated using codon table 12 (676 amino acids) Verified ORF; Putative beta-1,6 glucan synthase; possibly involved in biofilm formation; upregulated upon interaction with mammalian dermal cells; null mutant shows increased resistance to echinocandins",1,GH16 domain-containing protein,0.339872163
"B9J08_002262 KRE6 CGDID:CAL0000218681 COORDS:Chr7_C_auris_B8441:69776-71806W (2031 nucleotides) translated using codon table 12 (676 amino acids) Verified ORF; Putative beta-1,6 glucan synthase; possibly involved in biofilm formation; upregulated upon interaction with mammalian dermal cells; null mutant shows increased resistance to echinocandins",2,Beta-glucan synthesis-associated protein KRE6,0.186991988
"B9J08_002262 KRE6 CGDID:CAL0000218681 COORDS:Chr7_C_auris_B8441:69776-71806W (2031 nucleotides) translated using codon table 12 (676 amino acids) Verified ORF; Putative beta-1,6 glucan synthase; possibly involved in biofilm formation; upregulated upon interaction with mammalian dermal cells; null mutant shows increased resistance to echinocandins",3,Beta-glucan synthesis-associated,0.099470873
"B9J08_002262 KRE6 CGDID:CAL0000218681 COORDS:Chr7_C_auris_B8441:69776-71806W (2031 nucleotides) translated using codon table 12 (676 amino acids) Verified ORF; Putative beta-1,6 glucan synthase; possibly involved in biofilm formation; upregulated upon interaction with mammalian dermal cells; null mutant shows increased resistance to echinocandins",4,Glycoside hydrolase family 16 protein,0.09919291
"B9J08_002262 KRE6 CGDID:CAL0000218681 COORDS:Chr7_C_auris_B8441:69776-71806W (2031 nucleotides) translated using codon table 12 (676 amino acids) Verified ORF; Putative beta-1,6 glucan synthase; possibly involved in biofilm formation; upregulated upon interaction with mammalian dermal cells; null mutant shows increased resistance to echinocandins",5,Glucosidase,0.068787122
"B9J08_002262 KRE6 CGDID:CAL0000218681 COORDS:Chr7_C_auris_B8441:69776-71806W (2031 nucleotides) translated using codon table 12 (676 amino acids) Verified ORF; Putative beta-1,6 glucan synthase; possibly involved in biofilm formation; upregulated upon interaction with mammalian dermal cells; null mutant shows increased resistance to echinocandins",6,"Beta-1,6 glucan synthetase",0.017572871
"B9J08_002262 KRE6 CGDID:CAL0000218681 COORDS:Chr7_C_auris_B8441:69776-71806W (2031 nucleotides) translated using codon table 12 (676 amino acids) Verified ORF; Putative beta-1,6 glucan synthase; possibly involved in biofilm formation; upregulated upon interaction with mammalian dermal cells; null mutant shows increased resistance to echinocandins",7,Beta-glucan synthesis-associated protein,0.014099395
"B9J08_002262 KRE6 CGDID:CAL0000218681 COORDS:Chr7_C_auris_B8441:69776-71806W (2031 nucleotides) translated using codon table 12 (676 amino acids) Verified ORF; Putative beta-1,6 glucan synthase; possibly involved in biofilm formation; upregulated upon interaction with mammalian dermal cells; null mutant shows increased resistance to echinocandins",8,"Related to KRE6-beta-1,6-glucan synthetase",0.009306262
"B9J08_002262 KRE6 CGDID:CAL0000218681 COORDS:Chr7_C_auris_B8441:69776-71806W (2031 nucleotides) translated using codon table 12 (676 amino acids) Verified ORF; Putative beta-1,6 glucan synthase; possibly involved in biofilm formation; upregulated upon interaction with mammalian dermal cells; null mutant shows increased resistance to echinocandins",9,"Glucosidase,",0.005352331
"B9J08_002262 KRE6 CGDID:CAL0000218681 COORDS:Chr7_C_auris_B8441:69776-71806W (2031 nucleotides) translated using codon table 12 (676 amino acids) Verified ORF; Putative beta-1,6 glucan synthase; possibly involved in biofilm formation; upregulated upon interaction with mammalian dermal cells; null mutant shows increased resistance to echinocandins",10,Concanavalin A-like lectin/glucanase,0.004979172
"B9J08_002263 KRE6b CGDID:CAL0000220029 COORDS:Chr7_C_auris_B8441:72574-74592W (2019 nucleotides) translated using codon table 12 (672 amino acids) Verified ORF; Putative beta-1,6 glucan synthase; has possible redundancy with the adjacent gene <i>KRE6</i>; null mutant shows abnormal cell wall morphology",1,GH16 domain-containing protein,0.357658753
"B9J08_002263 KRE6b CGDID:CAL0000220029 COORDS:Chr7_C_auris_B8441:72574-74592W (2019 nucleotides) translated using codon table 12 (672 amino acids) Verified ORF; Putative beta-1,6 glucan synthase; has possible redundancy with the adjacent gene <i>KRE6</i>; null mutant shows abnormal cell wall morphology",2,Beta-glucan synthesis-associated protein KRE6,0.171429662
"B9J08_002263 KRE6b CGDID:CAL0000220029 COORDS:Chr7_C_auris_B8441:72574-74592W (2019 nucleotides) translated using codon table 12 (672 amino acids) Verified ORF; Putative beta-1,6 glucan synthase; has possible redundancy with the adjacent gene <i>KRE6</i>; null mutant shows abnormal cell wall morphology",3,Beta-glucan synthesis-associated,0.123881811
"B9J08_002263 KRE6b CGDID:CAL0000220029 COORDS:Chr7_C_auris_B8441:72574-74592W (2019 nucleotides) translated using codon table 12 (672 amino acids) Verified ORF; Putative beta-1,6 glucan synthase; has possible redundancy with the adjacent gene <i>KRE6</i>; null mutant shows abnormal cell wall morphology",4,Glycoside hydrolase family 16 protein,0.102892993
"B9J08_002263 KRE6b CGDID:CAL0000220029 COORDS:Chr7_C_auris_B8441:72574-74592W (2019 nucleotides) translated using codon table 12 (672 amino acids) Verified ORF; Putative beta-1,6 glucan synthase; has possible redundancy with the adjacent gene <i>KRE6</i>; null mutant shows abnormal cell wall morphology",5,Beta-glucan synthesis-associated protein,0.046310337
"B9J08_002263 KRE6b CGDID:CAL0000220029 COORDS:Chr7_C_auris_B8441:72574-74592W (2019 nucleotides) translated using codon table 12 (672 amino acids) Verified ORF; Putative beta-1,6 glucan synthase; has possible redundancy with the adjacent gene <i>KRE6</i>; null mutant shows abnormal cell wall morphology",6,Glucosidase,0.023086197
"B9J08_002263 KRE6b CGDID:CAL0000220029 COORDS:Chr7_C_auris_B8441:72574-74592W (2019 nucleotides) translated using codon table 12 (672 amino acids) Verified ORF; Putative beta-1,6 glucan synthase; has possible redundancy with the adjacent gene <i>KRE6</i>; null mutant shows abnormal cell wall morphology",7,"Beta-1,6 glucan synthetase",0.017971389
"B9J08_002263 KRE6b CGDID:CAL0000220029 COORDS:Chr7_C_auris_B8441:72574-74592W (2019 nucleotides) translated using codon table 12 (672 amino acids) Verified ORF; Putative beta-1,6 glucan synthase; has possible redundancy with the adjacent gene <i>KRE6</i>; null mutant shows abnormal cell wall morphology",8,Beta-glucan synthesis-associated protein-domain-containing protein,0.014077797
"B9J08_002263 KRE6b CGDID:CAL0000220029 COORDS:Chr7_C_auris_B8441:72574-74592W (2019 nucleotides) translated using codon table 12 (672 amino acids) Verified ORF; Putative beta-1,6 glucan synthase; has possible redundancy with the adjacent gene <i>KRE6</i>; null mutant shows abnormal cell wall morphology",9,Glycoside hydrolase,0.008676756
"B9J08_002263 KRE6b CGDID:CAL0000220029 COORDS:Chr7_C_auris_B8441:72574-74592W (2019 nucleotides) translated using codon table 12 (672 amino acids) Verified ORF; Putative beta-1,6 glucan synthase; has possible redundancy with the adjacent gene <i>KRE6</i>; null mutant shows abnormal cell wall morphology",10,Concanavalin A-like lectin/glucanase,0.00503555
B9J08_002435 FCY2 CGDID:CAL0000219897 COORDS:Chr7_C_auris_B8441:443793-445319C (1527 nucleotides) translated using codon table 12 (508 amino acids) Verified ORF; Putative cytidine transmembrane transporter; mutations are associated with resistance to the prodrug 5-fluorocytosine (5FC),1,Purine-cytosine permease,0.522347207
B9J08_002435 FCY2 CGDID:CAL0000219897 COORDS:Chr7_C_auris_B8441:443793-445319C (1527 nucleotides) translated using codon table 12 (508 amino acids) Verified ORF; Putative cytidine transmembrane transporter; mutations are associated with resistance to the prodrug 5-fluorocytosine (5FC),2,Purine-cytosine permease FCY21,0.065610782
B9J08_002435 FCY2 CGDID:CAL0000219897 COORDS:Chr7_C_auris_B8441:443793-445319C (1527 nucleotides) translated using codon table 12 (508 amino acids) Verified ORF; Putative cytidine transmembrane transporter; mutations are associated with resistance to the prodrug 5-fluorocytosine (5FC),3,Purine-cytosine permease FCY2,0.051518805
B9J08_002435 FCY2 CGDID:CAL0000219897 COORDS:Chr7_C_auris_B8441:443793-445319C (1527 nucleotides) translated using codon table 12 (508 amino acids) Verified ORF; Putative cytidine transmembrane transporter; mutations are associated with resistance to the prodrug 5-fluorocytosine (5FC),4,"Purine-cytosine permease,",0.038637925
B9J08_002435 FCY2 CGDID:CAL0000219897 COORDS:Chr7_C_auris_B8441:443793-445319C (1527 nucleotides) translated using codon table 12 (508 amino acids) Verified ORF; Putative cytidine transmembrane transporter; mutations are associated with resistance to the prodrug 5-fluorocytosine (5FC),5,NCS1 nucleoside transporter,0.025719256
B9J08_002435 FCY2 CGDID:CAL0000219897 COORDS:Chr7_C_auris_B8441:443793-445319C (1527 nucleotides) translated using codon table 12 (508 amino acids) Verified ORF; Putative cytidine transmembrane transporter; mutations are associated with resistance to the prodrug 5-fluorocytosine (5FC),6,Cytosine-purine permease,0.024742466
B9J08_002435 FCY2 CGDID:CAL0000219897 COORDS:Chr7_C_auris_B8441:443793-445319C (1527 nucleotides) translated using codon table 12 (508 amino acids) Verified ORF; Putative cytidine transmembrane transporter; mutations are associated with resistance to the prodrug 5-fluorocytosine (5FC),7,Purine-cytosine permease FCY22,0.024488537
B9J08_002435 FCY2 CGDID:CAL0000219897 COORDS:Chr7_C_auris_B8441:443793-445319C (1527 nucleotides) translated using codon table 12 (508 amino acids) Verified ORF; Putative cytidine transmembrane transporter; mutations are associated with resistance to the prodrug 5-fluorocytosine (5FC),8,Nucleoside transporter,0.017416017
B9J08_002435 FCY2 CGDID:CAL0000219897 COORDS:Chr7_C_auris_B8441:443793-445319C (1527 nucleotides) translated using codon table 12 (508 amino acids) Verified ORF; Putative cytidine transmembrane transporter; mutations are associated with resistance to the prodrug 5-fluorocytosine (5FC),9,Purine-cytosine permease protein,0.012367679
B9J08_002435 FCY2 CGDID:CAL0000219897 COORDS:Chr7_C_auris_B8441:443793-445319C (1527 nucleotides) translated using codon table 12 (508 amino acids) Verified ORF; Putative cytidine transmembrane transporter; mutations are associated with resistance to the prodrug 5-fluorocytosine (5FC),10,FCY21,0.010367742
"B9J08_002549 PDE1 CGDID:CAL0000227543 COORDS:Chr7_C_auris_B8441:713199-714254C (1056 nucleotides) translated using codon table 12 (351 amino acids) Verified ORF; Putative 3',5'-cyclic-AMP phosphodiesterase involved in cAMP catabolism and negative regulation of cAMP-mediated RAS signaling; null mutant resembles wild type, but double mutation with pde2 amplifies sensitivity to heat stress",1,"3',5'-cyclic-nucleotide phosphodiesterase",0.375196976
"B9J08_002549 PDE1 CGDID:CAL0000227543 COORDS:Chr7_C_auris_B8441:713199-714254C (1056 nucleotides) translated using codon table 12 (351 amino acids) Verified ORF; Putative 3',5'-cyclic-AMP phosphodiesterase involved in cAMP catabolism and negative regulation of cAMP-mediated RAS signaling; null mutant resembles wild type, but double mutation with pde2 amplifies sensitivity to heat stress",2,"3',5'-cyclic-nucleotide phosphodiesterase pde1",0.129432846
"B9J08_002549 PDE1 CGDID:CAL0000227543 COORDS:Chr7_C_auris_B8441:713199-714254C (1056 nucleotides) translated using codon table 12 (351 amino acids) Verified ORF; Putative 3',5'-cyclic-AMP phosphodiesterase involved in cAMP catabolism and negative regulation of cAMP-mediated RAS signaling; null mutant resembles wild type, but double mutation with pde2 amplifies sensitivity to heat stress",3,EC:3.1.4.17,0.050740896
"B9J08_002549 PDE1 CGDID:CAL0000227543 COORDS:Chr7_C_auris_B8441:713199-714254C (1056 nucleotides) translated using codon table 12 (351 amino acids) Verified ORF; Putative 3',5'-cyclic-AMP phosphodiesterase involved in cAMP catabolism and negative regulation of cAMP-mediated RAS signaling; null mutant resembles wild type, but double mutation with pde2 amplifies sensitivity to heat stress",4,Lactamase_B domain-containing protein,0.03982388
"B9J08_002549 PDE1 CGDID:CAL0000227543 COORDS:Chr7_C_auris_B8441:713199-714254C (1056 nucleotides) translated using codon table 12 (351 amino acids) Verified ORF; Putative 3',5'-cyclic-AMP phosphodiesterase involved in cAMP catabolism and negative regulation of cAMP-mediated RAS signaling; null mutant resembles wild type, but double mutation with pde2 amplifies sensitivity to heat stress",5,Cyclic-AMP phosphodiesterase,0.034703261
"B9J08_002549 PDE1 CGDID:CAL0000227543 COORDS:Chr7_C_auris_B8441:713199-714254C (1056 nucleotides) translated using codon table 12 (351 amino acids) Verified ORF; Putative 3',5'-cyclic-AMP phosphodiesterase involved in cAMP catabolism and negative regulation of cAMP-mediated RAS signaling; null mutant resembles wild type, but double mutation with pde2 amplifies sensitivity to heat stress",6,"Related to 3`,5`-cyclic-nucleotide phosphodiesterase",0.024641621
"B9J08_002549 PDE1 CGDID:CAL0000227543 COORDS:Chr7_C_auris_B8441:713199-714254C (1056 nucleotides) translated using codon table 12 (351 amino acids) Verified ORF; Putative 3',5'-cyclic-AMP phosphodiesterase involved in cAMP catabolism and negative regulation of cAMP-mediated RAS signaling; null mutant resembles wild type, but double mutation with pde2 amplifies sensitivity to heat stress",7,CAMP phosphodiesterases class-II-domain-containing protein,0.022830839
"B9J08_002549 PDE1 CGDID:CAL0000227543 COORDS:Chr7_C_auris_B8441:713199-714254C (1056 nucleotides) translated using codon table 12 (351 amino acids) Verified ORF; Putative 3',5'-cyclic-AMP phosphodiesterase involved in cAMP catabolism and negative regulation of cAMP-mediated RAS signaling; null mutant resembles wild type, but double mutation with pde2 amplifies sensitivity to heat stress",8,"3',5'-cyclic-nucleotide phosphodiesterase 1",0.019429972
"B9J08_002549 PDE1 CGDID:CAL0000227543 COORDS:Chr7_C_auris_B8441:713199-714254C (1056 nucleotides) translated using codon table 12 (351 amino acids) Verified ORF; Putative 3',5'-cyclic-AMP phosphodiesterase involved in cAMP catabolism and negative regulation of cAMP-mediated RAS signaling; null mutant resembles wild type, but double mutation with pde2 amplifies sensitivity to heat stress",9,Low-affinity cAMP phosphodiesterase,0.012033612
"B9J08_002549 PDE1 CGDID:CAL0000227543 COORDS:Chr7_C_auris_B8441:713199-714254C (1056 nucleotides) translated using codon table 12 (351 amino acids) Verified ORF; Putative 3',5'-cyclic-AMP phosphodiesterase involved in cAMP catabolism and negative regulation of cAMP-mediated RAS signaling; null mutant resembles wild type, but double mutation with pde2 amplifies sensitivity to heat stress",10,CAMP-specific phosphodiesterase,0.01146873
"B9J08_002582 CGDID:CAL0000219107 COORDS:Chr7_C_auris_B8441:767617-770202W (2586 nucleotides) translated using codon table 12 (861 amino acids) Verified ORF; Putative cell-surface adhesin, upregulated during switch from white to brown cells",1,Candida_ALS_N domain-containing protein,0.505239268
"B9J08_002582 CGDID:CAL0000219107 COORDS:Chr7_C_auris_B8441:767617-770202W (2586 nucleotides) translated using codon table 12 (861 amino acids) Verified ORF; Putative cell-surface adhesin, upregulated during switch from white to brown cells",2,Agglutinin-like protein,0.109404138
"B9J08_002582 CGDID:CAL0000219107 COORDS:Chr7_C_auris_B8441:767617-770202W (2586 nucleotides) translated using codon table 12 (861 amino acids) Verified ORF; Putative cell-surface adhesin, upregulated during switch from white to brown cells",3,Agglutinin-like protein 1,0.049173185
"B9J08_002582 CGDID:CAL0000219107 COORDS:Chr7_C_auris_B8441:767617-770202W (2586 nucleotides) translated using codon table 12 (861 amino acids) Verified ORF; Putative cell-surface adhesin, upregulated during switch from white to brown cells",4,Agglutinin-like protein 6,0.03938902
"B9J08_002582 CGDID:CAL0000219107 COORDS:Chr7_C_auris_B8441:767617-770202W (2586 nucleotides) translated using codon table 12 (861 amino acids) Verified ORF; Putative cell-surface adhesin, upregulated during switch from white to brown cells",5,Agglutinin-like protein 7,0.02476814
"B9J08_002582 CGDID:CAL0000219107 COORDS:Chr7_C_auris_B8441:767617-770202W (2586 nucleotides) translated using codon table 12 (861 amino acids) Verified ORF; Putative cell-surface adhesin, upregulated during switch from white to brown cells",6,Agglutinin-like protein 5,0.021414805
"B9J08_002582 CGDID:CAL0000219107 COORDS:Chr7_C_auris_B8441:767617-770202W (2586 nucleotides) translated using codon table 12 (861 amino acids) Verified ORF; Putative cell-surface adhesin, upregulated during switch from white to brown cells",7,Agglutinin-like protein 9,0.017247893
"B9J08_002582 CGDID:CAL0000219107 COORDS:Chr7_C_auris_B8441:767617-770202W (2586 nucleotides) translated using codon table 12 (861 amino acids) Verified ORF; Putative cell-surface adhesin, upregulated during switch from white to brown cells",8,Agglutinin-like protein 2,0.014687263
"B9J08_002582 CGDID:CAL0000219107 COORDS:Chr7_C_auris_B8441:767617-770202W (2586 nucleotides) translated using codon table 12 (861 amino acids) Verified ORF; Putative cell-surface adhesin, upregulated during switch from white to brown cells",9,Agglutinin-like protein 10,0.010361055
"B9J08_002582 CGDID:CAL0000219107 COORDS:Chr7_C_auris_B8441:767617-770202W (2586 nucleotides) translated using codon table 12 (861 amino acids) Verified ORF; Putative cell-surface adhesin, upregulated during switch from white to brown cells",10,"Agglutinin-like protein,",0.009254505