Protein,ProtNLM_Top1,ProtNLM_Top1_Score,ProtNLM_Top10
B9J08_000005,GPI anchored protein,0.1325214030536454,"GPI anchored protein [0.1325] | GPI anchored protein, [0.0865] | Secreted protein [0.0361] | Cell wall protein [0.0344] | Hypothetical_protein [0.0258] | Expressed protein [0.0201] | GPI-anchored protein [0.0142] | GPI-anchored protein 26 [0.0092] | Cell wall [0.0075] | GPI-anchored protein pfl2 [0.0072]"
B9J08_000006,Hypothetical protein,0.0705935035912406,"Hypothetical protein [0.0706] | Hypothetical_protein [0.0481] | PH domain-containing protein [0.0223] | Phage protein [0.0135] | Polymerase [0.0115] | Gag-pol polyprotein [0.0111] | Conserved domain protein [0.0109] | Integrase [0.0069] | Hypothetical conserved protein [0.0067] | WGS project CCBQ000000000 data, contig 00015 [0.0031]"
B9J08_000014,PWI domain-containing protein,0.8315791122355279,"PWI domain-containing protein [0.8316] | RING-type domain-containing protein [0.0068] | RNA-binding protein 25-like [0.0041] | Trichohyalin-like [0.0041] | Hypothetical protein [0.0031] | Stress response protein NST1 [0.0030] | RNA-binding protein 25 [0.0026] | Small-subunit processome, Utp14 [0.0026] | Small-subunit processome [0.0019] | Similar to [0.0019]"
B9J08_000019,37S ribosomal protein rsm28,0.0380680229487214,"37S ribosomal protein rsm28 [0.0381] | DUF4378 domain-containing protein [0.0336] | 37S ribosomal protein rsm28, mitochondrial [0.0333] | Hypothetical protein [0.0259] | 37S ribosomal protein RSM28, mitochondrial [0.0249] | Hypothetical_protein [0.0231] | Required for respiratory growth protein 8, mitochondrial [0.0189] | WGS project CCBQ000000000 data, contig 00015 [0.0154] | WGS project CCBQ000000000 data, contig 00106 [0.0093] | DUF4048 domain-containing protein [0.0092]"
B9J08_000021,Bromo domain-containing protein,0.2004495120930359,Bromo domain-containing protein [0.2004] | Hypothetical protein [0.0240] | JmjC domain-containing protein [0.0188] | TFIIS N-terminal domain-containing protein [0.0180] | (pine wood nematode) hypothetical protein [0.0161] | DUF4806 domain-containing protein [0.0146] | Transcription termination factor 1 [0.0144] | Myb-like domain-containing protein [0.0137] | TFIIS helical bundle-like domain containing protein [0.0062] | TFIIS helical bundle-like domain [0.0023]
B9J08_000022,Virion core protein,0.0742025562650697,Virion core protein [0.0742] | DUF3822 family protein [0.0694] | COesterase domain-containing protein [0.0527] | Virion structural protein [0.0525] | MacB_PCD domain-containing protein [0.0381] | Methyltransferase [0.0215] | Gasdermin domain-containing protein [0.0167] | DUF3822 domain-containing protein [0.0135] | DUF3846 domain-containing protein [0.0118] | Virion core protein (Lumpy skin disease virus) [0.0101]
B9J08_000040,DUF4704 domain-containing protein,0.0609950831118475,DUF4704 domain-containing protein [0.0610] | Hypothetical_protein [0.0545] | EC:2.7.11.1 [0.0339] | DUF4042 domain-containing protein [0.0247] | Rap-GAP domain-containing protein [0.0234] | EC:3.4.19.12 [0.0225] | Integrator complex subunit 2 [0.0209] | Serine/threonine-protein kinase ATR [0.0201] | DUF1741 domain-containing protein [0.0198] | Serine/threonine-protein kinase TEL1 [0.0094]
B9J08_000043,ANK_REP_REGION domain-containing protein,0.0482880470369484,"ANK_REP_REGION domain-containing protein [0.0483] | RRM domain-containing protein [0.0393] | Histone H3-K79 methyltransferase [0.0229] | BRCT domain-containing protein [0.0159] | Protein kinase domain-containing protein [0.0157] | RING-type domain-containing protein [0.0149] | Histone deacetylase [0.0052] | Histone-lysine N-methyltransferase [0.0048] | Histone deacetylase SIR2 [0.0037] | Histone-lysine N-methyltransferase, H3 lysine-9 specific SUVH5 [0.0022]"
B9J08_000052,Hypothetical protein,0.1909717070597697,"Hypothetical protein [0.1910] | (thale cress) hypothetical protein [0.0453] | Transmembrane protein [0.0449] | Complex I-B14.7 [0.0434] | Hypothetical_protein [0.0356] | NADH-ubiquinone oxidoreductase subunit B14.7 [0.0341] | NADH dehydrogenase [ubiquinone] 1 alpha subcomplex subunit 11 [0.0280] | Hypothetical_protein_-_conserved [0.0241] | Complex I assembly factor TIMMDC1, mitochondrial [0.0223] | Transmembrane protein, [0.0206]"
B9J08_000070,BHLH domain-containing protein,0.032766307193276,"BHLH domain-containing protein [0.0328] | J domain-containing protein [0.0311] | BZIP domain-containing protein [0.0274] | GATA-type domain-containing protein [0.0214] | Transcription factor [0.0123] | Transcriptional regulator [0.0046] | Transcriptional activator [0.0042] | WGS project CCBQ000000000 data, contig 00015 [0.0034] | Transcriptional regulatory protein [0.0034] | WGS project CCBQ000000000 data, contig 00106 [0.0020]"
B9J08_000086,LisH domain-containing protein,0.0333084579403749,LisH domain-containing protein [0.0333] | CACTA en-spm transposon protein [0.0250] | Tetratricopeptide repeat (TPR)-like superfamily protein [0.0160] | Hypothetical protein [0.0104] | (pine wood nematode) hypothetical protein [0.0082] | Alpha-type protein kinase domain-containing protein [0.0076] | Protein kinase domain-containing protein [0.0063] | Tetratricopeptide repeat protein 28 [0.0033] | LisH domain-containing protein C1711.05-like [0.0027] | TRNA-synt_2c domain-containing protein [0.0026]
B9J08_000110,Helitron_like_N domain-containing protein,0.0809769628302752,Helitron_like_N domain-containing protein [0.0810] | Aldo_ket_red domain-containing protein [0.0139] | Hypothetical protein [0.0119] | Pentatricopeptide repeat-containing protein [0.0091] | ATP synthase mitochondrial F1 complex assembly factor 2 [0.0087] | Helicase [0.0073] | DUF294_C domain-containing protein [0.0067] | DUF2236 domain-containing protein [0.0064] | ATP-dependent DNA helicase [0.0060] | Acyl-CoA_dh_N domain-containing protein [0.0060]
B9J08_000116,Cell wall protein,0.0691119361140267,"Cell wall protein [0.0691] | Extracellular serine-threonine rich protein [0.0580] | GPI anchored protein [0.0427] | Str. FM013 [0.0300] | GPI anchored protein, [0.0275] | Secreted protein [0.0148] | Extracellular proline-serine rich protein [0.0133] | Cell wall protein, [0.0130] | Extracellular serine-rich protein [0.0108] | Extracellular serine-threonine rich [0.0070]"
B9J08_000117,GPI-anchored protein,0.0458290502135111,"GPI-anchored protein [0.0458] | Related to sporozoite surface protein 2 [0.0349] | Cell wall protein [0.0283] | Cell wall mannoprotein CIS3 [0.0282] | Str. FM013 [0.0272] | Extracellular serine-rich protein [0.0239] | GPI anchored protein [0.0193] | Clock-controlled protein 6 [0.0144] | SAG-related sequence SRS10 [0.0138] | GPI anchored protein, [0.0065]"
B9J08_000119,YtxH domain-containing protein,0.0752423605690288,YtxH domain-containing protein [0.0752] | Sporulation protein [0.0526] | DUF4350 domain-containing protein [0.0441] | DUF4362 domain-containing protein [0.0363] | Flagellar basal body-associated protein FliL [0.0325] | Flagellar M-ring protein FliF [0.0197] | DUF1421 domain containing protein [0.0185] | SIMPL domain-containing protein [0.0184] | DUF4363 family protein [0.0162] | Cell division protein [0.0160]
B9J08_000124,Hypothetical_protein,0.0703316654939231,Hypothetical_protein [0.0703] | Protein kinase domain-containing protein [0.0512] | ANK_REP_REGION domain-containing protein [0.0290] | Pheromone-regulated membrane protein 10 [0.0137] | Frequency clock protein [0.0136] | HECT domain-containing protein [0.0129] | F-box domain-containing protein [0.0123] | Fcf2 domain-containing protein [0.0111] | Pheromone-regulated membrane protein [0.0045] | Serine/threonine protein kinase [0.0037]
B9J08_000158,"Transmembrane protein,",0.0365017091136658,"Transmembrane protein, [0.0365] | ADP,ATP carrier protein [0.0344] | DUF5658 domain-containing protein [0.0305] | Integral membrane protein [0.0294] | Transmembrane protein [0.0277] | Golgi apparatus membrane protein TVP23 homolog [0.0261] | G protein-coupled receptor [0.0250] | PH domain-containing protein [0.0242] | Golgi apparatus membrane protein TVP23 [0.0168] | Serine/threonine protein kinase [0.0062]"
B9J08_000197,GRIP domain-containing protein,0.0368754843256158,GRIP domain-containing protein [0.0369] | TACC_C domain-containing protein [0.0363] | Golgin subfamily A member 4-like [0.0308] | Golgin subfamily A member 4 [0.0277] | (thale cress) hypothetical protein [0.0234] | Hypothetical_protein [0.0112] | Intracellular protein transport protein USO1-like [0.0104] | Myosin-11-like [0.0097] | M protein repeat protein [0.0090] | Protein MLP1 homolog [0.0083]
B9J08_000211,Transmembrane protein,0.0455220107779271,"Transmembrane protein [0.0455] | Hypothetical protein [0.0452] | Membrane protein US8A [0.0320] | Hypothetical_protein_-_conserved [0.0256] | Hypothetical_protein [0.0192] | Hypothetical_protein_conserved [0.0183] | Transposase [0.0168] | Transmembrane protein, [0.0088] | Serine/threonine-protein kinase [0.0080] | Non-structural protein NP-1 [0.0075]"
B9J08_000221,Secreted protein,0.0337153123924241,Secreted protein [0.0337] | S-protein homolog [0.0236] | AbfB domain-containing protein [0.0192] | Cupredoxin [0.0176] | DUF1968 domain-containing protein [0.0134] | Lamin tail domain-containing protein [0.0134] | Dermatopontin1 [0.0110] | DUF1996 domain-containing protein [0.0065] | Agglutinin-2 [0.0048] | Dermatopontin [0.0044]
B9J08_000224,DUF817 domain-containing protein,0.1698047993897251,DUF817 domain-containing protein [0.1698] | DUF817 family protein [0.1054] | DUF418 domain-containing protein [0.0825] | Conserved plasma membrane protein [0.0784] | DUF887-domain-containing protein [0.0215] | ER lumen protein retaining receptor [0.0185] | ER lumen protein-retaining receptor C28H8.4 [0.0183] | UPF0641 membrane protein [0.0162] | ER lumen protein-retaining receptor [0.0147] | MASE4 domain-containing protein [0.0129]
B9J08_000249,Protein TSSC4,0.0866319455543794,Protein TSSC4 [0.0866] | (pine wood nematode) hypothetical protein [0.0366] | Hypothetical protein [0.0248] | Suppressor protein SRP40-like [0.0246] | (thale cress) hypothetical protein [0.0235] | Protein ENL-like [0.0121] | Protein BIG GRAIN 1-like A [0.0118] | Suppressor protein SRP40 [0.0117] | Protein ENL [0.0109] | Protein BIG GRAIN 1-like B [0.0065]
B9J08_000259,HIG1 domain-containing protein,0.820527259083487,"HIG1 domain-containing protein [0.8205] | Respiratory supercomplex factor 2, mitochondrial [0.0133] | Respiratory supercomplex factor 1, mitochondrial [0.0111] | Respiratory supercomplex factor 2-like protein [0.0064] | Hypothetical_protein [0.0050] | Respiratory supercomplex factor 2 [0.0021] | Hypoxia induced protein conserved region-domain-containing protein [0.0020] | HIG1 domain family member 1A, mitochondrial [0.0014] | WGS project CCBQ000000000 data, contig 00015 [0.0014] | Hypoxia induced protein conserved region [0.0012]"
B9J08_000266,Str. FM013,0.0610801570285603,"Str. FM013 [0.0611] | Ricin B-type lectin domain-containing protein [0.0338] | Secreted protein [0.0273] | Rieske domain-containing protein [0.0178] | Copper amine oxidase [0.0121] | WGS project CBMI000000000 data, contig [0.0114] | (Z [0.0080] | Related to cell wall protein PhiA [0.0071] | WGS project CABT00000000 data, contig 2.3 [0.0067] | WGS project CABT00000000 data, contig 2.1 [0.0063]"
B9J08_000292,Similar to,0.0655918882407611,"Similar to [0.0656] | Hypothetical_protein [0.0246] | Cytosolic protein [0.0160] | Conserved serine-rich protein [0.0135] | Signal peptide protein [0.0126] | Conserved protein [0.0100] | Protein lifeguard 1 [0.0086] | WGS project CBMI000000000 data, contig [0.0085] | Pupal cuticle protein [0.0078] | Protein lifeguard 1-like [0.0036]"
B9J08_000295,"ATP synthase subunit e, mitochondrial",0.2402549574250947,"ATP synthase subunit e, mitochondrial [0.2403] | Inner membrane assembly complex subunit 17 [0.0337] | Hypothetical_protein [0.0238] | Mitochondrial ATP synthase subunit e [0.0203] | (pine wood nematode) hypothetical protein [0.0194] | F-type H+-transporting ATPase subunit b [0.0146] | Mitochondrial ATP synthase subunit e, [0.0104] | Mitochondrial ATP synthase subunit [0.0102] | Cytochrome c oxidase assembly protein COX16 homolog, mitochondrial [0.0088] | Cytochrome c oxidase assembly factor 3 [0.0060]"
B9J08_000308,GIT domain-containing protein,0.0586848082720767,GIT domain-containing protein [0.0587] | Coiled-coil domain-containing protein 149 [0.0377] | Coiled-coil domain-containing protein [0.0372] | Hypothetical protein [0.0359] | CCDC92 domain-containing protein [0.0220] | Golgin-84 [0.0190] | Coiled-coil domain-containing protein 52 [0.0185] | Coiled-coil domain-containing protein 16 [0.0160] | Protein CASP [0.0131] | Golgin subfamily A member 2-like [0.0124]
B9J08_000336,Filaggrin,0.0342685325153659,Filaggrin [0.0343] | Fibroin heavy chain [0.0167] | Collagen alpha-1(I) chain [0.0159] | Cell surface protein [0.0079] | Filaggrin-like [0.0058] | Collagen triple helix repeat protein [0.0058] | Collagen alpha-1(I) chain-like [0.0041] | Cell surface antigen Sca1 [0.0035] | Related to LEA domain protein [0.0034] | Collagen alpha-1(III) chain [0.0030]
B9J08_000357,(pine wood nematode) hypothetical protein,0.0422080245692042,"(pine wood nematode) hypothetical protein [0.0422] | Hypothetical protein [0.0257] | Hypothetical_protein [0.0120] | Zinc finger protein [0.0053] | Enhancer of mRNA-decapping protein 4-like [0.0039] | Hypothetical_protein_-_conserved [0.0027] | DUF3300 domain-containing protein [0.0026] | WGS project CBMG000000000 data, contig CS5907- [0.0025] | Enhancer of polycomb-like protein [0.0020] | Enhancer of mRNA-decapping protein 4 [0.0019]"
B9J08_000361,Hypothetical protein,0.0431269109269952,Hypothetical protein [0.0431] | Metastasis suppressor protein 1 [0.0333] | SCAPER_N domain-containing protein [0.0281] | IMD domain-containing protein [0.0206] | GIT1_C domain-containing protein [0.0152] | Metastasis suppressor protein 1-like [0.0093] | Schwannomin-interacting protein 1 [0.0088] | UDENN FLCN/SMCR8-type domain-containing protein [0.0068] | Metastasis suppressor 1 [0.0067] | Rop guanine nucleotide exchange factor 7 [0.0037]
B9J08_000369,Hypothetical protein,0.0305005010118919,Hypothetical protein [0.0305] | Secreted protein [0.0185] | Hypothetical_protein [0.0130] | Similar to [0.0125] | Small integral membrane protein 7 [0.0072] | Hypothetical_protein_-_conserved [0.0059] | Small integral membrane protein 8 [0.0052] | Membrane lipoprotein [0.0039] | Proline-rich family protein [0.0039] | Small integral membrane protein 20 [0.0037]
B9J08_000375,Group 5 allergen,0.0374734459265064,Group 5 allergen [0.0375] | Group 3 allergen [0.0156] | (pine wood nematode) hypothetical protein [0.0151] | Myoglobin [0.0142] | Group protein [0.0142] | Haem_bd domain-containing protein [0.0117] | Alpha-globin [0.0112] | DUF2760 domain-containing protein [0.0069] | DUF2796 domain-containing protein [0.0058] | Group 5 allergen-like protein [0.0057]
B9J08_000380,RNB domain-containing protein,0.365734211402129,"RNB domain-containing protein [0.3657] | RNB-domain-containing protein [0.1200] | EC:3.1.13.1 [0.0605] | Exoribonuclease II, mitochondrial [0.0267] | Exoribonuclease II [0.0198] | Ribonuclease P protein subunit [0.0102] | Ribonuclease P [0.0096] | Ribonuclease [0.0083] | Mitochondrial exoribonuclease Cyt-4 [0.0067] | RNB-like protein [0.0058]"
B9J08_000403,YBL081Wp-like protein,0.0261048806969139,YBL081Wp-like protein [0.0261] | Arf-GAP domain-containing protein [0.0250] | YBL081W [0.0161] | GATA zinc finger domain-containing protein 14 [0.0152] | AT-hook motif nuclear-localized protein [0.0142] | GATA zinc finger domain-containing protein 14-like [0.0136] | Zinc finger protein JACKDAW-like [0.0068] | Phosphatidylinositol-binding clathrin assembly protein LAP [0.0064] | Epsin [0.0057] | Zinc finger protein [0.0056]
B9J08_000429,Aminopeptidase,0.0467717486470378,Aminopeptidase [0.0468] | Methionyl-tRNA formyltransferase [0.0380] | Nucleic acid-binding protein [0.0222] | AlaDh_PNT_N domain-containing protein [0.0210] | Peptidyl-prolyl cis-trans isomerase [0.0198] | Peptidyl-prolyl cis-trans isomerase-like 2 [0.0120] | AA_kinase domain-containing protein [0.0110] | Aminoacylproline aminopeptidase [0.0106] | Metallo-hydrolase/oxidoreductase [0.0095] | Peptidyl-tRNA hydrolase [0.0092]
B9J08_000438,Cell wall protein,0.1409224397935855,"Cell wall protein [0.1409] | GPI anchored protein [0.0904] | Secreted protein [0.0365] | Cell wall protein PGA31 [0.0212] | GPI anchored protein, [0.0199] | Cell wall mannoprotein CIS3 [0.0198] | Hyphal_reg_CWP domain-containing protein [0.0116] | Cell wall protein, [0.0109] | Cell wall protein Phi1 [0.0105] | GPI anchored serine-rich protein [0.0094]"
B9J08_000439,Transmembrane protein,0.1837724908227675,"Transmembrane protein [0.1838] | B12D domain-containing protein [0.1324] | Transmembrane protein, [0.0317] | Hypothetical_protein [0.0305] | Hypothetical_protein_-_conserved [0.0293] | Ubiquinol-cytochrome-c reductase complex assembly factor 3 [0.0252] | Unnamed product [0.0240] | (pine wood nematode) hypothetical protein [0.0236] | Hypothetical_protein_conserved [0.0170] | (thale cress) hypothetical protein [0.0159]"
B9J08_000440,(thale cress) hypothetical protein,0.0292136294413877,(thale cress) hypothetical protein [0.0292] | Ovule protein [0.0291] | Hypothetical protein [0.0224] | Ethylene-responsive transcription factor 1 [0.0215] | AP2/ERF domain-containing protein [0.0211] | Transcription factor [0.0117] | Protein FAR1-RELATED SEQUENCE [0.0113] | Ethylene responsive element binding protein [0.0093] | Ethylene-responsive transcription factor 5-like [0.0092] | Ethylene-responsive transcription factor [0.0087]
B9J08_000441,Myb_DNA-bind_5 domain-containing protein,0.1903197683468877,Myb_DNA-bind_5 domain-containing protein [0.1903] | MADF domain-containing protein [0.0665] | (thale cress) hypothetical protein [0.0599] | Hypothetical protein [0.0262] | ARID domain-containing protein [0.0236] | (pine wood nematode) hypothetical protein [0.0191] | Myb-like domain-containing protein [0.0101] | Zgc: [0.0076] | Myb_DNA-bind_2 domain-containing protein [0.0061] | F-box domain-containing protein [0.0039]
B9J08_000448,N-acetyltransferase domain-containing protein,0.4272966025150223,N-acetyltransferase domain-containing protein [0.4273] | EC:2.3.1.48 [0.0843] | Histone acetyltransferase [0.0771] | EC:2.3.1.97 [0.0407] | Acetyltransferase [0.0212] | Bromo domain-containing protein [0.0177] | EC:2.3.1.257 [0.0147] | GNAT family N-acetyltransferase [0.0120] | Glycylpeptide N-tetradecanoyltransferase [0.0109] | EC:2.3.1.4 [0.0085]
B9J08_000456,Hypothetical protein,0.0546344358217392,Hypothetical protein [0.0546] | (pine wood nematode) hypothetical protein [0.0203] | BLVR domain-containing protein [0.0128] | Kri1_C domain-containing protein [0.0114] | Hypothetical_protein [0.0111] | Membrane associated protein [0.0086] | Signal recognition particle subunit srp14 [0.0079] | ATP-dependent DNA helicase [0.0061] | Signal recognition particle subunit srp68 [0.0043] | Inner centromere protein A [0.0037]
B9J08_000472,Secreted protein,0.0912293890668975,Secreted protein [0.0912] | Hypothetical protein [0.0467] | (pine wood nematode) hypothetical protein [0.0184] | Secreted phosphoprotein 24 [0.0117] | Effector protein [0.0082] | DUF4476 domain-containing protein [0.0070] | Secreted phosphoprotein 2 [0.0040] | Secreted phosphoprotein 1 [0.0037] | Autophagy-related protein [0.0028] | DUF4230 domain-containing protein [0.0027]
B9J08_000481,NADH dehydrogenase [ubiquinone] 1 alpha subcomplex subunit 13,0.261474502577451,"NADH dehydrogenase [ubiquinone] 1 alpha subcomplex subunit 13 [0.2615] | Hypothetical_protein [0.1297] | NADH-ubiquinone oxidoreductase subunit [0.1174] | Complex I-B16.6 [0.0761] | Hypothetical protein [0.0394] | NADH-ubiquinone oxidoreductase [0.0271] | Mitochondrial protein [0.0270] | Cytochrome c oxidase assembly protein COX16, mitochondrial [0.0252] | Conserved protein [0.0134] | Mitochondrial import inner membrane translocase subunit Tim21 [0.0122]"
B9J08_000502,Transmembrane protein,0.1139199974261049,"Transmembrane protein [0.1139] | Transmembrane protein, [0.1134] | Hypothetical_protein [0.0096] | WGS project CBMI000000000 data, contig [0.0090] | Mitochondrial import inner membrane translocase subunit Tim21 [0.0073] | Mitochondrial import inner membrane translocase subunit tim50 [0.0071] | Conserved protein [0.0069] | WGS project CCBQ000000000 data, contig 00015 [0.0051] | Mitochondrial import inner membrane translocase subunit TIM21 [0.0047] | WGS project CABT00000000 data, contig 2.2 [0.0044]"
B9J08_000505,THO complex subunit 2,0.5179557502044007,"THO complex subunit 2 [0.5180] | THOC2_N domain-containing protein [0.1685] | THO complex subunit 2-like [0.0222] | THO complex, subunit THOC1 [0.0163] | MIF4G domain-containing protein [0.0152] | CCR4-NOT transcription complex subunit 11 [0.0142] | Hypothetical protein [0.0093] | THO complex subunit 2 (inferred by orthology to a human protein) [0.0081] | Tho2 domain-containing protein [0.0059] | THO complex subunit 2-like protein [0.0041]"
B9J08_000521,T-SNARE coiled-coil homology domain-containing protein,0.0889212926673131,T-SNARE coiled-coil homology domain-containing protein [0.0889] | T-SNARE [0.0252] | Hypothetical_protein [0.0251] | Hypothetical protein [0.0189] | (pine wood nematode) hypothetical protein [0.0149] | Protein 2 [0.0044] | F-BAR domain-containing protein [0.0039] | Piso0_002498 protein [0.0029] | Similar to Saccharomyces cerevisiae YER005C ATG16 Protein with a role in endocytosis and exocytosis [0.0000] | Similar to Saccharomyces cerevisiae YAL013C ATG16 Protein with a role in endocytosis and exocytosis [0.0000]
B9J08_000540,DNA helicase,0.039128204779344,DNA helicase [0.0391] | Ovule protein [0.0265] | DNA ligase 1-like [0.0232] | Flocculation protein FLO11-like [0.0224] | DNA ligase 1 [0.0167] | Transcription factor [0.0111] | DNA ligase [0.0092] | ATP-dependent DNA helicase Q-like 5 [0.0074] | Fanconi anemia group D2 protein [0.0064] | DNA-directed DNA polymerase [0.0056]
B9J08_000562,JmjC domain-containing protein,0.0451587968997832,"JmjC domain-containing protein [0.0452] | ULP_PROTEASE domain-containing protein [0.0420] | (thale cress) hypothetical protein [0.0388] | EF-hand domain-containing protein [0.0323] | Ulp1 protease family, C-terminal catalytic domain-containing protein [0.0190] | Calpain catalytic domain-containing protein [0.0189] | (pine wood nematode) hypothetical protein [0.0117] | Muscle M-line assembly protein unc-89 [0.0093] | Muscle M-line assembly protein unc-89-like [0.0082] | Ulp1 protease family protein [0.0053]"
B9J08_000571,Hypothetical_protein,0.0255370436492304,Hypothetical_protein [0.0255] | Piso0_000942 protein [0.0145] | (pine wood nematode) hypothetical protein [0.0144] | F-BAR domain-containing protein [0.0142] | Vesicle transport protein USE1 [0.0121] | Protein MIS12 homolog [0.0119] | Syntaxin-6_N domain-containing protein [0.0108] | Vesicle transport protein [0.0092] | Syntaxin [0.0070] | T-SNARE [0.0062]
B9J08_000586,COX6C domain-containing protein,0.0232384917577975,"COX6C domain-containing protein [0.0232] | Mitochondrial import inner membrane translocase subunit TIM14 [0.0177] | WGS project CCBQ000000000 data, contig 00015 [0.0168] | WGS project CCBQ000000000 data, contig 00106 [0.0132] | Mitochondrial import inner membrane translocase subunit tim14 [0.0078] | Mitochondrial import inner membrane translocase subunit Tim14 [0.0076] | WGS project CCBQ000000000 data, contig 00016 [0.0069] | WGS project CCBQ000000000 data, contig 00107 [0.0060] | WGS project CCBQ000000000 data, contig 00099 [0.0054] | Cytochrome c oxidase assembly protein COX16, mitochondrial [0.0046]"
B9J08_000595,UBX domain-containing protein,0.2407435183524203,UBX domain-containing protein [0.2407] | Major sperm protein [0.0765] | Ubiquitin-like domain-containing protein [0.0465] | E3 ubiquitin-protein ligase DRIP [0.0192] | MSP domain-containing protein [0.0131] | AHD domain-containing protein [0.0118] | E3 ubiquitin-protein ligase TRAF7 [0.0104] | C2 domain-containing protein [0.0087] | Cordon-bleu protein-like 1 [0.0078] | Ubiquitin-like protein [0.0078]
B9J08_000597,Transmembrane protein,0.1309740781936298,"Transmembrane protein [0.1310] | TRP domain-containing protein [0.1031] | Pecanex-like protein [0.0519] | Hypothetical_protein [0.0329] | Conserved plasma membrane protein [0.0242] | Lipase_3 domain-containing protein [0.0169] | Transmembrane protein, [0.0157] | Chloride channel CLIC-like protein 1 [0.0108] | Protein tincar [0.0066] | Chloride channel protein [0.0058]"
B9J08_000600,Ras-GEF domain-containing protein,0.0204570851792346,Ras-GEF domain-containing protein [0.0205] | Fungal_trans domain-containing protein [0.0167] | Fungal protein [0.0159] | DENN domain-containing protein [0.0108] | Vegetative cell wall protein gp1 [0.0107] | Mediator of RNA polymerase II transcription subunit 12 [0.0079] | C6 transcription factor [0.0077] | Protein unc-13 homolog [0.0066] | Mediator of RNA polymerase II transcription subunit 13 [0.0043] | Fungal specific transcription factor [0.0041]
B9J08_000608,DUF2012 domain-containing protein,0.8305055004871009,"DUF2012 domain-containing protein [0.8305] | ER membrane protein complex subunit 7 homolog [0.0221] | ER membrane protein complex subunit 7 [0.0113] | Endoplasmic reticulum membrane protein [0.0058] | Protein SOP4 [0.0034] | ER membrane protein complex subunit 7, [0.0031] | Endoplasmic reticulum-Golgi intermediate compartment protein 3 [0.0027] | ER membrane protein complex subunit 7-like protein [0.0024] | Transmembrane protein [0.0024] | Endoplasmic reticulum-Golgi intermediate compartment protein 2 [0.0024]"
B9J08_000626,Hypothetical_protein,0.217483766039684,"Hypothetical_protein [0.2175] | Hypothetical protein [0.1044] | (pine wood nematode) hypothetical protein [0.0340] | Transmembrane protein [0.0339] | DUF4760 domain-containing protein [0.0315] | (thale cress) hypothetical protein [0.0228] | Mitofilin [0.0203] | DUF4101 domain-containing protein [0.0043] | Hypothetical_protein_conserved [0.0028] | WGS project CCBQ000000000 data, contig 00015 [0.0018]"
B9J08_000642,Homeobox domain-containing protein,0.1855526643239803,Homeobox domain-containing protein [0.1856] | Hypothetical protein [0.0248] | SWIM-type domain-containing protein [0.0184] | Chromo domain-containing protein [0.0164] | DUF4806 domain-containing protein [0.0149] | Homeodomain-like protein [0.0109] | Homeobox domain protein [0.0086] | Homeodomain-like DNA binding domain-containing transcription factor [0.0083] | Homeodomain [0.0063] | Homeobox protein [0.0055]
B9J08_000652,MMPL domain-containing protein,0.1203971027112557,MMPL domain-containing protein [0.1204] | SUR7/PalI family protein [0.0412] | Amino acid transporter [0.0291] | PGG domain-containing protein [0.0252] | TraG_N domain-containing protein [0.0205] | Patched family protein [0.0186] | SUR7/PalI family-domain-containing protein [0.0186] | SUR7/PalI family [0.0177] | Transmembrane protein [0.0131] | Conjugal transfer protein TraG [0.0123]
B9J08_000653,Occludin_ELL domain-containing protein,0.2479743607823247,Occludin_ELL domain-containing protein [0.2480] | Clr2 domain-containing protein [0.0285] | ELL domain-containing protein [0.0161] | RNA polymerase II transcription elongation factor [0.0148] | RNA polymerase II elongation factor ELL [0.0143] | Related to RNA polymerase II transcription elongation factor [0.0097] | Rna polymerase ii elongation factor [0.0065] | RNA polymerase II elongation factor Ell [0.0052] | RNA polymerase II elongation factor ELL2 [0.0049] | Rna polymerase ii elongation factor ell2 [0.0041]
B9J08_000663,DUF223 domain-containing protein,0.0556049013029314,DUF223 domain-containing protein [0.0556] | SPATA6 domain-containing protein [0.0328] | Transmembrane 9 superfamily member [0.0242] | Hypothetical protein [0.0104] | Retrovirus-related Pol polyprotein from transposon 17.6 [0.0096] | DUF4238 domain-containing protein [0.0072] | Retrovirus-related Pol polyprotein from transposon opus [0.0056] | Retrovirus polyprotein [0.0051] | Retrovirus-related Pol polyprotein from transposon TNT 1-94 [0.0046] | Transmembrane protein [0.0041]
B9J08_000664,COPI associated protein,0.0564062406896225,COPI associated protein [0.0564] | COPI associated family protein [0.0420] | Ribonucleases G and E [0.0285] | COPI associated [0.0237] | Hypothetical membrane protein [0.0234] | Serine protease [0.0220] | COPI-associated protein [0.0160] | Yip1 domain-containing protein [0.0141] | Transmembrane protein [0.0140] | DUF2062 domain-containing protein [0.0106]
B9J08_000672,PP1-binding domain-containing protein,0.0315117634030431,PP1-binding domain-containing protein [0.0315] | Protein dalmatian [0.0236] | Membrane-associated kinase regulator 5 [0.0177] | Protein kinase domain-containing protein [0.0155] | Protein dalmatian-like [0.0151] | Rho guanine nucleotide exchange factor 9 [0.0148] | Protein FAM110C-like [0.0145] | Protein FAM110C [0.0131] | Membrane-associated kinase regulator 6 [0.0130] | Protein FAM123C [0.0105]
B9J08_000676,ASXH domain-containing protein,0.0411397430859818,ASXH domain-containing protein [0.0411] | Expressed protein [0.0329] | Similar to [0.0265] | Transcription initiation factor TFIID subunit 8 [0.0256] | SET domain-containing protein [0.0230] | Hypothetical_protein [0.0141] | Mitochondrial import inner membrane translocase subunit TIM54 [0.0123] | Related to NADH-ubiquinone oxidoreductase B22 subunit [0.0065] | NADH-ubiquinone oxidoreductase [0.0050] | Mitochondrial import inner membrane translocase subunit TIM50 [0.0049]
B9J08_000702,RTT105 (Y,0.0871476724651793,RTT105 (Y [0.0871] | RPA_interact_N domain-containing protein [0.0800] | BRD4_CDT domain-containing protein [0.0146] | Coiled-coil domain-containing protein 25 [0.0116] | Importin subunit alpha-2 [0.0108] | Snf7-domain-containing protein [0.0097] | Regulator of rDNA transcription 14 [0.0092] | RTT105-like protein [0.0082] | Importin subunit alpha-7 [0.0075] | Anaphase-promoting complex subunit 15 [0.0068]
B9J08_000712,Ras-GAP domain-containing protein,0.0696771580927177,Ras-GAP domain-containing protein [0.0697] | Ras-GEF domain-containing protein [0.0546] | WD_REPEATS_REGION domain-containing protein [0.0466] | CUE domain-containing protein [0.0178] | C2H2-type domain-containing protein [0.0136] | WD40 repeat-like protein [0.0082] | GTPase-activating protein [0.0072] | Ral GTPase-activating protein subunit alpha-2 [0.0070] | GTPase-activating protein and VPS9 domain-containing protein 1 [0.0047] | Ral GTPase-activating protein subunit beta [0.0039]
B9J08_000724,Secreted protein,0.0434214189718833,Secreted protein [0.0434] | (pine wood nematode) hypothetical protein [0.0211] | Secreted phosphoprotein 24 [0.0138] | Hypothetical_protein [0.0124] | M96 mating-specific protein family [0.0082] | Secreted phosphoprotein 1 [0.0080] | Pentatricopeptide repeat-containing protein [0.0066] | Hypothetical_protein_-_conserved [0.0049] | Hypothetical_protein_conserved [0.0032] | Late embryogenesis abundant protein [0.0031]
B9J08_000730,(pine wood nematode) hypothetical protein,0.0534473833336254,"(pine wood nematode) hypothetical protein [0.0534] | GLTSCR1 domain-containing protein [0.0317] | Hypothetical_protein [0.0260] | Swi3 domain-containing protein [0.0129] | Expressed conserved protein [0.0090] | Podospora anserina S mat+ genomic DNA chromosome 7, supercontig 1 [0.0068] | Expressed protein [0.0065] | WGS project CCBQ000000000 data, contig 00015 [0.0065] | WGS project CCBQ000000000 data, contig 00106 [0.0057] | Podospora anserina S mat+ genomic DNA chromosome 1, supercontig 1 [0.0039]"
B9J08_000783,RING-type domain-containing protein,0.0626269819299089,"RING-type domain-containing protein [0.0626] | TPR_REGION domain-containing protein [0.0511] | Rab3 GTPase-activating protein catalytic subunit [0.0447] | EF-hand domain-containing protein [0.0198] | (thale cress) hypothetical protein [0.0193] | Protein kinase domain-containing protein [0.0187] | Tetratricopeptide repeat-like superfamily protein [0.0131] | Myosin heavy chain, striated muscle [0.0051] | Tetratricopeptide-like helical domain containing protein [0.0041] | Tetratricopeptide-like helical [0.0041]"
B9J08_000799,Ras-associating domain-containing protein,0.1426899806268612,Ras-associating domain-containing protein [0.1427] | Response regulatory domain-containing protein [0.1090] | ULP_PROTEASE domain-containing protein [0.1051] | DNA helicase [0.0373] | Protein kinase domain-containing protein [0.0320] | DNA_mis_repair domain-containing protein [0.0247] | Ubiquitinyl hydrolase 1 [0.0178] | AAA domain-containing protein [0.0122] | Response regulator [0.0080] | Response regulator receiver domain-containing protein [0.0034]
B9J08_000806,DUF3137 domain-containing protein,0.0484944734465063,"DUF3137 domain-containing protein [0.0485] | Endoplasmic reticulum-Golgi intermediate compartment protein 2 [0.0257] | Endoplasmic reticulum vesicle transporter family protein [0.0227] | Endoplasmic reticulum aminopeptidase 2 [0.0207] | Endoplasmic reticulum-resident kdel protein [0.0185] | Endoplasmic reticulum vesicle transporter protein [0.0179] | Transmembrane protein, [0.0152] | Endoplasmic reticulum vesicle transporter [0.0145] | DUF4097 domain-containing protein [0.0132] | DUF3421 domain-containing protein [0.0121]"
B9J08_000807,Bud-site selection protein,0.026495200804084,"Bud-site selection protein [0.0265] | BUD22 domain-containing protein [0.0145] | Similar to [0.0107] | Podospora anserina S mat+ genomic DNA chromosome 7, supercontig 1 [0.0091] | Coiled-coil domain-containing protein [0.0088] | Protein PRRC2C [0.0053] | Podospora anserina S mat+ genomic DNA chromosome 3, supercontig 2 [0.0047] | Podospora anserina S mat+ genomic DNA chromosome 2, supercontig 2 [0.0045] | Protein PRRC2C-like [0.0043] | Coiled-coil domain-containing protein 9 [0.0042]"
B9J08_000817,NAM-associated domain-containing protein,0.082233340571057,NAM-associated domain-containing protein [0.0822] | Hypothetical protein [0.0303] | Meiosis protein 5 homolog [0.0281] | Nkap_C domain-containing protein [0.0249] | Hypothetical_protein [0.0172] | (pine wood nematode) hypothetical protein [0.0117] | Pre-mRNA-splicing factor SLU7 [0.0091] | Meiosis protein 5 [0.0049] | Hypothetical_protein_-_conserved [0.0028] | Anaphase-promoting complex subunit 11 [0.0020]
B9J08_000824,Secreted protein,0.0797285833297664,Secreted protein [0.0797] | Hyphal wall protein 1 [0.0280] | Flo11 domain-containing protein [0.0147] | Protein KRE1 [0.0141] | Protein DSE2 [0.0137] | Hyphal wall protein [0.0100] | Extracellular proline-serine rich protein [0.0073] | Cell wall protein [0.0068] | Flocculin [0.0063] | Cell wall protein DAN4 [0.0049]
B9J08_000830,Hypothetical protein,0.035462620696257,"Hypothetical protein [0.0355] | Nucleoporin_N domain-containing protein [0.0331] | Ribosome biogenesis protein RPF2 homolog [0.0172] | CNH domain-containing protein [0.0168] | Hypothetical_protein [0.0160] | Protein kinase domain-containing protein [0.0157] | Vps16_N domain-containing protein [0.0112] | Ribosome biogenesis protein NSA1 [0.0093] | Serine/threonine protein kinase [0.0043] | Zinc finger, CCHC-type [0.0042]"
B9J08_000834,Hypothetical_protein,0.0956244027734983,Hypothetical_protein [0.0956] | Protein MNN4 [0.0420] | UBX domain-containing protein [0.0211] | Hypothetical protein [0.0158] | (pine wood nematode) hypothetical protein [0.0145] | Regulator of nonsense transcripts 2 [0.0098] | DnaJ domain-containing protein [0.0062] | Cell division cycle and apoptosis regulator protein 1 [0.0051] | Cell division cycle protein [0.0039] | DnaJ domain protein [0.0037]
B9J08_000846,Hypothetical protein,0.0389748778016567,"Hypothetical protein [0.0390] | ATP synthase-coupling factor 6, mitochondrial [0.0244] | Tick transposon [0.0149] | Cytochrome c oxidase subunit [0.0081] | Transforming growth factor beta regulator 1 [0.0054] | 39S ribosomal protein L39, mitochondrial [0.0049] | Cytochrome c oxidase subunit 4, mitochondrial [0.0047] | 39S ribosomal protein L41, mitochondrial [0.0040] | Cytochrome c oxidase subunit 4 [0.0037] | Cytochrome c oxidase subunit Vb [0.0035]"
B9J08_000859,Flocculation protein FLO11,0.1620616529502164,Flocculation protein FLO11 [0.1621] | Flocculation protein FLO11-like [0.1543] | PA14 domain-containing protein [0.0274] | SEA domain-containing protein [0.0242] | Mucin-5AC-like [0.0223] | Flocculation protein FLO10 [0.0149] | Flocculation protein FLO9 [0.0145] | Mucin-2-like [0.0126] | WSC domain-containing protein [0.0093] | Mucin-5AC [0.0075]
B9J08_000890,Infection structure specific protein,0.1329563013526846,Infection structure specific protein [0.1330] | Hemagglutinin [0.0725] | Egg protein [0.0404] | Secreted protein [0.0364] | Fibroin [0.0232] | Hypothetical_protein [0.0204] | Fibroin heavy chain [0.0152] | Fibroin 1 [0.0121] | Hemagglutinin-like protein [0.0108] | Hemagglutinin-related protein [0.0102]
B9J08_000891,Integrase_SAM-like_N domain-containing protein,0.1667700097873174,Integrase_SAM-like_N domain-containing protein [0.1668] | Reverse transcriptase domain-containing protein [0.0494] | Transposase [0.0331] | Retrovirus-related Pol polyprotein from transposon TNT 1-94 [0.0287] | Integrase catalytic domain-containing protein [0.0249] | Retrotrans_gag domain-containing protein [0.0226] | Reverse transcriptase [0.0182] | DDE_Tnp_ISL3 domain-containing protein [0.0161] | DUF1758 domain-containing protein [0.0154] | Integrase [0.0151]
B9J08_000892,Secreted protein,0.1326536015992905,"Secreted protein [0.1327] | Infection structure specific protein [0.0513] | GPI anchored protein [0.0328] | Fibroin heavy chain [0.0239] | Sericin-1-like [0.0162] | Sericin-1 [0.0154] | GPI anchored protein, [0.0111] | Sericin-2 [0.0104] | Cell wall protein [0.0098] | GPI-anchored protein [0.0029]"
B9J08_000906,Hypothetical protein,0.0419703399089742,"Hypothetical protein [0.0420] | Phage protein [0.0234] | DH domain-containing protein [0.0217] | Phasin family protein [0.0200] | Phasin_2 domain-containing protein [0.0126] | Type I site-specific deoxyribonuclease [0.0082] | Toxin-antitoxin system, antitoxin component, ribbon-helix-helix domain protein [0.0076] | Hypothetical phage protein [0.0061] | NAD-glutamate dehydrogenase [0.0055] | Exocyst complex component Sec8 [0.0037]"
B9J08_000911,Mating factor alpha,0.0371462588186609,Mating factor alpha [0.0371] | Pheromone-processing carboxypeptidase KEX1 [0.0256] | Expressed conserved protein [0.0232] | Similar to [0.0205] | Secreted phosphoprotein 1 [0.0195] | Expressed protein [0.0186] | Inhibitor_I29 domain-containing protein [0.0149] | Pheromone-processing carboxypeptidase kex1 [0.0089] | Pheromone-processing carboxypeptidase KEX1-like [0.0056] | Mating-induced protein a-1 [0.0051]
B9J08_000919,GPI-anchored protein,0.1586656735350159,"GPI-anchored protein [0.1587] | GPI-anchor transamidase [0.1508] | GPI anchored protein [0.1310] | Gpi anchored protein [0.0341] | GPI-anchored protein 43 [0.0318] | Gpi anchored serine-threonine rich protein [0.0170] | GPI anchored protein, [0.0147] | Gpi anchored cell wall protein [0.0124] | Twinfilin-1 [0.0108] | AAI domain-containing protein [0.0103]"
B9J08_000931,Pecanex-like protein,0.1165198946933235,Pecanex-like protein [0.1165] | SUN domain-containing protein [0.0343] | (thale cress) hypothetical protein [0.0279] | Lipase_3 domain-containing protein [0.0153] | Protein kinase domain-containing protein [0.0142] | SET domain-containing protein [0.0139] | Protein CPR-5 [0.0114] | PNPLA domain-containing protein [0.0106] | Histone-lysine N-methyltransferase ATXR7 [0.0098] | Histone-lysine N-methyltransferase ATXR7-like [0.0040]
B9J08_000940,RGS domain-containing protein,0.6766388068338786,RGS domain-containing protein [0.6766] | Hypothetical protein [0.0359] | Hypothetical_protein_-_conserved [0.0152] | Hypothetical_protein [0.0150] | Hypothetical_protein_conserved [0.0089] | Str. FM013 [0.0062] | Expressed protein [0.0045] | GED domain-containing protein [0.0025] | N-terminal Ras-GEF domain-containing protein [0.0022] | Annexin [0.0013]
B9J08_000943,SH2 domain-containing protein,0.0329217997736625,SH2 domain-containing protein [0.0329] | UDENN domain-containing protein [0.0317] | (pine wood nematode) hypothetical protein [0.0273] | FCH domain only protein 2 [0.0219] | Hypothetical protein [0.0217] | Hypothetical_protein [0.0165] | F-box only protein 7 [0.0144] | Flocculation protein FLO11-like [0.0115] | F-box only protein 5 [0.0077] | F-box domain-containing protein [0.0072]
B9J08_000986,DUF2040 domain-containing protein,0.4834745643942427,DUF2040 domain-containing protein [0.4835] | FAM192A_Fyv6_N domain-containing protein [0.0659] | Nkap_C domain-containing protein [0.0286] | Hypothetical protein [0.0235] | FAM50A [0.0148] | Nuclear speckle splicing regulatory protein 1 [0.0130] | Protein FAM50 homolog [0.0126] | Nuclear speckle splicing regulatory protein 1-like [0.0097] | Pre-mRNA-splicing factor SYF2 [0.0087] | N-terminal kinase-like-binding protein 1 [0.0081]
B9J08_001011,Zinc finger protein,0.0471324817913789,"Zinc finger protein [0.0471] | C2H2-type domain-containing protein [0.0361] | PHD-type domain-containing protein [0.0217] | BHLH domain-containing protein [0.0189] | SPS1, serine threonine protein kinase [0.0184] | DNA helicase [0.0144] | Transcription factor [0.0137] | Protein kinase domain-containing protein [0.0108] | C2H2 finger domain-containing protein [0.0096] | C2H2 finger domain protein [0.0084]"
B9J08_001028,AHD domain-containing protein,0.0276084809484171,AHD domain-containing protein [0.0276] | Rho-GAP domain-containing protein [0.0214] | Ras-GEF domain-containing protein [0.0205] | DH domain-containing protein [0.0204] | Hypothetical_protein [0.0196] | Ras-specific guanine nucleotide-releasing factor RalGPS1 [0.0106] | Ras-associating domain-containing protein [0.0099] | TBC1 domain family member 30 [0.0087] | Coiled-coil domain-containing protein 132 [0.0084] | Coiled-coil domain-containing protein [0.0063]
B9J08_001050,DBR1 domain-containing protein,0.0390635903164645,DBR1 domain-containing protein [0.0391] | PEROXIDASE_4 domain-containing protein [0.0237] | NT5C2 [0.0211] | Cytochrome b5 heme-binding domain-containing protein [0.0185] | Asparagine synthetase domain-containing protein [0.0159] | Inorganic diphosphatase [0.0154] | Sulfatase domain-containing protein [0.0134] | XPGI domain-containing protein [0.0133] | Heme peroxidase [0.0082] | Heme oxygenase 2 [0.0051]
B9J08_001052,(pine wood nematode) hypothetical protein,0.0381567636467702,(pine wood nematode) hypothetical protein [0.0382] | DUF3794 domain-containing protein [0.0332] | Vacuolar protein sorting-associated protein 13D [0.0289] | AAA domain-containing protein [0.0287] | DUF4524 domain-containing protein [0.0283] | Deleted in lung and esophageal cancer protein 1 [0.0214] | Hypothetical protein [0.0213] | ZU5 domain-containing protein [0.0170] | C2 domain-containing protein [0.0163] | Sodium channel protein Nach [0.0123]
B9J08_001053,Transmembrane protein,0.1913326320563997,"Transmembrane protein [0.1913] | FZ domain-containing protein [0.1236] | Transmembrane protein, [0.0988] | Tetraspanin family [0.0196] | Tetraspanin family protein [0.0164] | Autophagy-related protein [0.0150] | PH domain-containing protein [0.0146] | Membrane-associated protein, [0.0115] | Tetraspanin [0.0112] | Tetraspanin/Peripherin [0.0102]"
B9J08_001054,Secreted protein,0.1130634365428778,"Secreted protein [0.1131] | Similar to [0.0349] | Hydrophobic surface binding protein A-domain-containing protein [0.0273] | Cell wall mannoprotein 1 [0.0251] | Str. FM013 [0.0219] | RxLR effector protein [0.0147] | WGS project CBMI000000000 data, contig [0.0141] | Hydrophobin [0.0116] | WGS project CABT00000000 data, contig 2.2 [0.0086] | WGS project CABT00000000 data, contig 2.3 [0.0076]"
B9J08_001074,Transmembrane protein,0.0519086129505674,"Transmembrane protein [0.0519] | Hypothetical protein [0.0388] | G protein-coupled receptor [0.0316] | Transmembrane protein, [0.0237] | Transmembrane protein 220 [0.0104] | G_PROTEIN_RECEP_F2_4 domain-containing protein [0.0092] | Aa_trans domain-containing protein [0.0087] | Transmembrane protein 222 [0.0086] | E3 ubiquitin-protein ligase [0.0076] | Membrane-associated protein, [0.0073]"
B9J08_001100,Dynactin subunit 2,0.0343472287602943,Dynactin subunit 2 [0.0343] | Dynactin subunit [0.0225] | Dynactin subunit 2-like [0.0166] | VPS37 C-terminal domain-containing protein [0.0149] | Dynactin domain-containing protein [0.0144] | Meiotically up-regulated protein [0.0135] | SKA2 domain-containing protein [0.0130] | Vacuolar protein sorting-associated protein 52 homolog [0.0127] | Vacuolar protein sorting-associated protein 53 homolog [0.0081] | Meiotically up-regulated gene 137 protein [0.0081]
B9J08_001119,BRCT domain-containing protein,0.3602196144903115,BRCT domain-containing protein [0.3602] | Hypothetical protein [0.0448] | FHA domain-containing protein [0.0303] | Hypothetical_protein [0.0263] | TPR_REGION domain-containing protein [0.0124] | DNA topoisomerase 2-binding protein 1 [0.0108] | RING-type E3 ubiquitin transferase listerin [0.0099] | Synaptonemal complex protein 2 [0.0082] | HGTP_anticodon2 domain-containing protein [0.0059] | Synaptonemal complex protein 2-like [0.0059]
B9J08_001147,Conserved protein,0.0657849454277132,"Conserved protein [0.0658] | Hypothetical_protein [0.0181] | Transmembrane protein, [0.0162] | Mitochondrial import inner membrane translocase subunit Tim21 [0.0113] | Bgt- [0.0111] | NADH-ubiquinone oxidoreductase ESSS subunit [0.0092] | Conserved protein with signal anchor [0.0090] | WGS project CCBQ000000000 data, contig 00015 [0.0084] | WGS project CCBQ000000000 data, contig 00106 [0.0074] | Transmembrane protein [0.0068]"
B9J08_001180,Similar to,0.0279158716519891,"Similar to [0.0279] | Secreted protein [0.0214] | Inhibitor I9 domain-containing protein [0.0151] | Extracellular lipase (EC) [0.0131] | Protein BIG1 [0.0110] | Short-chain dehydrogenase [0.0078] | Extracellular lipase [0.0065] | WGS project CABT00000000 data, contig 2.1 [0.0044] | WGS project CABT00000000 data, contig 2.3 [0.0043] | WGS project CABT00000000 data, contig 2.2 [0.0041]"
B9J08_001189,J domain-containing protein,0.0513003366563523,"J domain-containing protein [0.0513] | SSD domain-containing protein [0.0387] | Transmembrane protein [0.0362] | Protein ECM7 [0.0249] | Conserved plasma membrane protein [0.0221] | Hypothetical_protein [0.0182] | (pine wood nematode) hypothetical protein [0.0141] | G_PROTEIN_RECEP_F3_4 domain-containing protein [0.0113] | Transmembrane protein, [0.0046] | G_PROTEIN_RECEP_F1_2 domain-containing protein [0.0033]"
B9J08_001195,UDENN domain-containing protein,0.0650096922730213,UDENN domain-containing protein [0.0650] | DH domain-containing protein [0.0431] | SH2 domain-containing protein [0.0414] | EC:3.6.4.12 [0.0411] | SEC7 domain-containing protein [0.0387] | EC:3.1.3.48 [0.0372] | UBA domain-containing protein [0.0302] | Protein kinase domain-containing protein [0.0171] | DNA helicase [0.0160] | EC:3.1.-.- [0.0128]
B9J08_001197,Protein kinase domain-containing protein,0.0766909578053034,Protein kinase domain-containing protein [0.0767] | FH2 domain-containing protein [0.0502] | Serine-rich adhesin for platelets-like [0.0368] | Serine-rich adhesin for platelets [0.0306] | PDZ domain-containing protein [0.0269] | Hypothetical_protein [0.0223] | Rho guanine nucleotide exchange factor 26 [0.0129] | Serine-rich coiled-coil domain-containing protein 1-like [0.0109] | WD_REPEATS_REGION domain-containing protein [0.0105] | SH3 domain-containing protein [0.0103]
B9J08_001208,Mitochondrial group I intron splicing factor ccm1,0.025933925009316,"Mitochondrial group I intron splicing factor ccm1 [0.0259] | Protein RMD9, mitochondrial [0.0256] | Protein TBRG4 [0.0239] | Protein Rf1, mitochondrial [0.0205] | Protein PTCD3 homolog, mitochondrial [0.0186] | Pentatricopeptide repeat protein [0.0181] | Translation regulator [0.0180] | Bgt- [0.0156] | WGS project CCBQ000000000 data, contig 00015 [0.0156] | Pentatricopeptide repeat-containing protein [0.0156]"
B9J08_001214,EC:2.7.11.1,0.1197055001060787,EC:2.7.11.1 [0.1197] | Hypothetical_protein [0.1132] | Non-specific serine/threonine protein kinase [0.0867] | Hypothetical protein [0.0743] | DNA-damage checkpoint kinase MEC1 [0.0370] | Ras-GAP domain-containing protein [0.0200] | Serine/threonine-protein kinase ATR [0.0143] | Atx10homo_assoc domain-containing protein [0.0088] | Protein dopey-1 [0.0053] | Serine/threonine protein kinase [0.0042]
B9J08_001219,Nuclear envelope membrane protein,0.175776335280975,Nuclear envelope membrane protein [0.1758] | Transmembrane protein [0.0329] | Hypothetical protein [0.0316] | Nucleoporin POM152 [0.0315] | Nucleoporin NDC1 [0.0312] | Conserved plasma membrane protein [0.0255] | Transmembrane adaptor Erv26 [0.0212] | Transmembrane adaptor Erv26-domain-containing protein [0.0123] | MBOAT_2 domain-containing protein [0.0120] | Transmembrane-like protein [0.0104]
B9J08_001223,DUF3847 domain-containing protein,0.0785798371928655,DUF3847 domain-containing protein [0.0786] | Hypothetical protein [0.0453] | TNNI1 [0.0243] | Troponin I [0.0181] | Coiled-coil domain-containing protein 167 [0.0179] | TNNI3 [0.0158] | V-type ATP synthase subunit D [0.0116] | ATF7IP [0.0097] | Glutamyl-tRNA amidotransferase [0.0096] | ATF7IP_BD domain-containing protein [0.0077]
B9J08_001226,CPSF73-100_C domain-containing protein,0.1410006116429359,CPSF73-100_C domain-containing protein [0.1410] | EC:2.3.1.35 [0.0208] | ATP-grasp domain-containing protein [0.0133] | ATP-grasp_2 domain-containing protein [0.0130] | EC:2.3.1.97 [0.0120] | BPI2 domain-containing protein [0.0114] | EC:2.3.1.85 [0.0112] | PAP_fibrillin domain-containing protein [0.0080] | Acetyltransferase [0.0063] | Fatty acid-binding protein [0.0054]
B9J08_001234,SEP domain-containing protein,0.2383722067112799,SEP domain-containing protein [0.2384] | GYF_2 domain-containing protein [0.0490] | PC4 domain-containing protein [0.0285] | BBE domain-containing protein [0.0235] | UBX domain-containing protein [0.0180] | BRK domain-containing protein [0.0173] | Expressed protein [0.0135] | DCD domain-containing protein [0.0130] | GYF domain-containing protein [0.0095] | Expressed conserved protein [0.0093]
B9J08_001268,Huntingtin,0.1564240338635899,Huntingtin [0.1564] | Huntingtin-like [0.0785] | Sister chromatid cohesion PDS5-like protein [0.0395] | Aberrant lateral root formation 4 [0.0247] | FRY like transcription coactivator [0.0206] | HEAT repeat-containing protein 1 [0.0196] | Serine/threonine-protein kinase ATR [0.0161] | Huntingtin-like protein [0.0118] | Nipped-B protein [0.0104] | Condensin complex subunit 1 [0.0084]
B9J08_001287,Retrotran_gag_3 domain-containing protein,0.0549511362358209,"Retrotran_gag_3 domain-containing protein [0.0550] | Gag_pre-integrs domain-containing protein [0.0280] | Hypothetical protein [0.0271] | Gag-pol polyprotein [0.0271] | Retrotransposon protein [0.0243] | Retrovirus-related Pol polyprotein from transposon TNT 1-94 [0.0194] | Gag protein [0.0097] | RNA-directed DNA polymerase, eukaryota, reverse transcriptase zinc-binding domain protein [0.0076] | Retrotransposon protein, putative, unclassified [0.0075] | Actin-related protein 2/3 complex subunit 3 [0.0061]"
B9J08_001290,C2H2-type domain-containing protein,0.0980922689312581,C2H2-type domain-containing protein [0.0981] | DUF4211 domain-containing protein [0.0262] | SERPIN domain-containing protein [0.0234] | SP-RING-type domain-containing protein [0.0222] | TLDc domain-containing protein [0.0166] | DUF4210 domain-containing protein [0.0117] | Nuclear protein [0.0107] | Ovarian abundant message protein [0.0090] | Serine/threonine-protein kinase svkA [0.0035] | WD repeat-containing protein on Y chromosome [0.0019]
B9J08_001308,Cell division cycle associated 8,0.0415898068504479,Cell division cycle associated 8 [0.0416] | GTPase-activating protein [0.0291] | Str. FM013 [0.0202] | Cell division cycle associated 5 [0.0187] | TACC_C domain-containing protein [0.0163] | Hypothetical_protein [0.0149] | Vasculin [0.0134] | Der GTPase-activating protein YihI [0.0132] | Pds5 [0.0075] | Vasculin-like [0.0062]
B9J08_001313,Epidermal patterning factor-like protein,0.1195692135543365,Epidermal patterning factor-like protein [0.1196] | 4Fe-4S ferredoxin-type domain-containing protein [0.0232] | Electron transporter [0.0085] | Glutamate synthase [0.0061] | Electron transfer flavoprotein subunit alpha [0.0057] | Electron transfer flavoprotein subunit alpha mitochondrial [0.0052] | NADH-quinone oxidoreductase subunit I [0.0043] | Electron transfer flavoprotein subunit beta [0.0034] | TNF receptor-associated factor 6 [0.0031] | Electron transfer flavoprotein beta subunit [0.0029]
B9J08_001314,SWI5-dependent HO expression protein 3,0.4910087455039137,"SWI5-dependent HO expression protein 3 [0.4910] | PH domain-containing protein [0.0231] | SWI5 (Y [0.0212] | Spindle pole body protein ppc89 [0.0151] | Milton domain-containing protein [0.0068] | SWI5 [0.0052] | WGS project CCBQ000000000 data, contig 00015 [0.0018] | Spindle pole body component BBP1 [0.0018] | Spindle pole body component SPC42 [0.0017] | WGS project CCBQ000000000 data, contig 00106 [0.0015]"
B9J08_001317,Str. FM013,0.0369295847542553,"Str. FM013 [0.0369] | Expressed conserved protein [0.0243] | Coordinator of PRMT5 and differentiation stimulator [0.0218] | Similar to [0.0190] | Hypothetical protein [0.0106] | C2H2-type domain-containing protein [0.0071] | GATA-type domain-containing protein [0.0065] | WGS project CBMI000000000 data, contig [0.0047] | GATA transcription factor [0.0029] | WGS project CBMG000000000 data, contig CS5907- [0.0026]"
B9J08_001321,Hypothetical protein,0.0632839528602778,Hypothetical protein [0.0633] | Hypothetical_protein [0.0317] | PH domain-containing protein [0.0315] | Spindle assembly checkpoint component MAD1 [0.0196] | Autophagy-related protein 6 [0.0182] | Kinesin motor domain-containing protein [0.0156] | Csm1 domain-containing protein [0.0140] | Mitotic spindle assembly checkpoint protein MAD1 [0.0044] | Mitotic spindle checkpoint protein MAD1 [0.0042] | Spindle pole body protein ppc89 [0.0026]
B9J08_001339,Cell wall protein,0.0658296296346013,"Cell wall protein [0.0658] | But2 domain-containing protein [0.0652] | But2 family protein [0.0580] | Cell wall protein PhiA [0.0313] | SSCRP protein [0.0300] | Ribonuclease/ribotoxin [0.0276] | WGS project CBMI000000000 data, contig [0.0057] | Extracellular protein [0.0047] | Cell wall protein PGA31 [0.0044] | Cell wall [0.0042]"
B9J08_001341,Similar to,0.0811746697771798,"Similar to [0.0812] | BSD domain-containing protein [0.0609] | DUF4470 domain-containing protein [0.0086] | Hypothetical_protein [0.0086] | WGS project CBMI000000000 data, contig [0.0084] | DUF3669 domain-containing protein [0.0072] | WGS project CBMG000000000 data, contig CS5907- [0.0068] | DUF3074 domain-containing protein [0.0066] | DUF4378 domain-containing protein [0.0057] | WGS project CBME000000000 data, contig [0.0047]"
B9J08_001342,Proteasome assembly chaperone 2,0.0530510411794459,Proteasome assembly chaperone 2 [0.0531] | RNase_PH domain-containing protein [0.0178] | Pribosyltran domain-containing protein [0.0160] | Protein kinase domain-containing protein [0.0160] | P-loop containing nucleoside triphosphate hydrolase [0.0154] | Proteasome assembly chaperone 1 [0.0144] | Tudor domain-containing protein [0.0116] | Anaphase-promoting complex subunit 2 [0.0101] | Anaphase-promoting complex subunit 1 [0.0093] | P-loop containing nucleoside triphosphate hydrolases superfamily protein [0.0080]
B9J08_001361,Hypothetical protein,0.0470861733354578,"Hypothetical protein [0.0471] | Hypothetical_protein [0.0277] | Dimer_Tnp_hAT domain-containing protein [0.0138] | (pine wood nematode) hypothetical protein [0.0105] | DUF4801 domain-containing protein [0.0071] | Protein LAZY 1-like [0.0055] | Zinc finger protein [0.0050] | Protein LAZY 1 [0.0048] | Zinc finger BED domain-containing protein 5 [0.0040] | WGS project CCBQ000000000 data, contig 00015 [0.0033]"
B9J08_001370,Fe2OG dioxygenase domain-containing protein,0.0707180771639935,Fe2OG dioxygenase domain-containing protein [0.0707] | P4Hc domain-containing protein [0.0233] | Oxoglutarate/iron-dependent dioxygenase [0.0201] | Repressor of RNA polymerase III transcription MAF1 [0.0178] | C2 tensin-type domain-containing protein [0.0173] | PKHD-type hydroxylase TPA1 [0.0132] | DUF547 domain-containing protein [0.0055] | Repressor of RNA polymerase III transcription MAF1 homolog [0.0052] | Proximal tail sheath stabilization protein [0.0051] | PKHD-type hydroxylase [0.0016]
B9J08_001426,Secreted protein,0.0539892617846443,Secreted protein [0.0540] | Flo11 domain-containing protein [0.0198] | Hyphal wall protein 1 [0.0152] | Cell wall protein DAN4 [0.0144] | Cell wall protein [0.0139] | Hyphal wall protein [0.0123] | Protein KRE1 [0.0121] | Flo11p [0.0071] | Flocculation protein FLO9 [0.0071] | Cell wall mannoprotein [0.0070]
B9J08_001437,Outer membrane lipoprotein-sorting protein,0.153130380704513,Outer membrane lipoprotein-sorting protein [0.1531] | DUF3108 domain-containing protein [0.0632] | PAP_fibrillin domain-containing protein [0.0540] | Ribonuclease P protein subunit p40 [0.0204] | ADPrib_exo_Tox domain-containing protein [0.0155] | Ribonuclease Z [0.0146] | LPP domain-containing protein [0.0132] | Virulence protein [0.0090] | Lipid-binding hydrolase [0.0080] | Outer membrane lipoprotein [0.0067]
B9J08_001440,Hypothetical protein,0.0475276807266957,"Hypothetical protein [0.0475] | Autophagy-related protein 13 [0.0346] | Hypothetical_protein [0.0256] | Bestrophin homolog [0.0146] | Calcium/calmodulin-dependent 3',5'-cyclic nucleotide phosphodiesterase 1C [0.0093] | Autophagy-related protein 13b [0.0071] | Autophagy-related protein [0.0069] | Phosphoinositide phospholipase C [0.0066] | Phosphoinositide kinase, FYVE-type zinc finger containing [0.0053] | Protein FAM13A [0.0053]"
B9J08_001441,Cyclin-Y-like protein 2,0.022803106171859,Cyclin-Y-like protein 2 [0.0228] | Suppressor of cytokine signaling 6 [0.0189] | Cyclin-Y [0.0176] | Cyclin-Y-like [0.0161] | Hypothetical protein [0.0160] | CDK5 and ABL1 enzyme substrate 2 [0.0142] | Cyclin-Y-like protein 1 [0.0092] | Cyclin-B2-1-like [0.0091] | EC:2.4.1.- [0.0079] | CDK5 and ABL1 enzyme substrate 2-like [0.0078]
B9J08_001456,Mitochondrial translation factor ATP22,0.1170239757938515,"Mitochondrial translation factor ATP22 [0.1170] | Mitochondrial group I intron splicing factor ccm1 [0.0637] | Hypothetical_protein [0.0229] | Pentatricopeptide repeat domain-containing protein [0.0179] | WGS project CCBQ000000000 data, contig 00015 [0.0125] | Mitochondrial group I intron splicing factor CCM1 [0.0105] | ATPase expression protein 2, mitochondrial [0.0105] | Translation regulator [0.0084] | ATPase expression protein 1 [0.0080] | Pentatricopeptide repeat-containing protein [0.0070]"
B9J08_001459,"Leucine-rich PPR motif-containing protein, mitochondrial",0.1024774839740246,"Leucine-rich PPR motif-containing protein, mitochondrial [0.1025] | RAP domain-containing protein [0.0999] | Mitochondrial group I intron splicing factor ccm1 [0.0722] | Mitochondrial translation factor ATP22 [0.0349] | Hypothetical_protein [0.0334] | Mitochondrial RNA binding complex 1 subunit [0.0165] | Pentatricopeptide repeat-containing protein [0.0150] | Mitochondrial group I intron splicing factor CCM1 [0.0149] | PPR_long domain-containing protein [0.0123] | Leucine-rich PPR motif-containing protein, mitochondrial-like [0.0093]"
B9J08_001466,TPX2 domain-containing protein,0.112972279727982,TPX2 domain-containing protein [0.1130] | (pine wood nematode) hypothetical protein [0.0451] | TPX2_importin domain-containing protein [0.0346] | Enhancer of polycomb-like protein [0.0279] | Hypothetical protein [0.0191] | NUC153 domain-containing protein [0.0159] | Hypothetical_protein [0.0125] | DRY_EERY domain-containing protein [0.0086] | Transcription initiation factor TFIID subunit 8 [0.0056] | TPX2 (Targeting protein for Xklp2) protein family [0.0024]
B9J08_001468,Hypothetical protein,0.0432449685777585,Hypothetical protein [0.0432] | Protein kinase domain-containing protein [0.0251] | RING-type domain-containing protein [0.0216] | Hypothetical_protein [0.0145] | Titin [0.0113] | Restriction endonuclease [0.0102] | Protein CASC1 [0.0050] | DNA-directed DNA polymerase [0.0037] | Mitochondrial DNA polymerase catalytic subunit [0.0032] | Calcium-binding protein [0.0028]
B9J08_001470,PH domain-containing protein,0.0459203007025439,"PH domain-containing protein [0.0459] | BRCT domain-containing protein [0.0303] | Vac17p [0.0132] | Bem3p [0.0130] | Protein kinase domain-containing protein [0.0121] | WGS project CCBQ000000000 data, contig 00015 [0.0076] | Bem1p [0.0051] | WGS project CCBQ000000000 data, contig 00106 [0.0049] | WGS project CCBQ000000000 data, contig 00107 [0.0040] | Vac17 [0.0035]"
B9J08_001472,FlxA-like protein,0.0438192957259229,FlxA-like protein [0.0438] | Secreted protein [0.0287] | Der GTPase-activating protein YihI [0.0251] | RRNA-processing protein [0.0249] | Lzipper-MIP1 domain-containing protein [0.0126] | LtrC-like protein [0.0096] | RRNA biogenesis protein rrp5 [0.0092] | DUF1751 domain-containing protein [0.0089] | RRNA biogenesis protein [0.0070] | RRNA-processing protein FYV7 [0.0058]
B9J08_001479,Hypothetical protein,0.0654846814021787,Hypothetical protein [0.0655] | (pine wood nematode) hypothetical protein [0.0585] | (thale cress) hypothetical protein [0.0169] | Polycystic kidney disease protein 1-like 2 [0.0113] | IQ domain-containing protein M [0.0097] | Methyl-CpG-binding domain protein 4-like protein [0.0089] | Hypothetical_protein [0.0086] | PHTF2 [0.0070] | Villin-1 [0.0060] | Polycystic kidney disease and receptor for egg jelly-related protein [0.0034]
B9J08_001480,DUF3715 domain-containing protein,0.1435783246128317,DUF3715 domain-containing protein [0.1436] | DUF3883 domain-containing protein [0.0867] | DUF2146 family protein [0.0186] | DUF1801 domain-containing protein [0.0165] | DUF4806 domain-containing protein [0.0149] | BAH domain-containing protein [0.0137] | DEP domain-containing protein [0.0096] | DUF4388 domain-containing protein [0.0082] | UPF0378 protein KIAA0100 [0.0063] | Si:ch211-166a6.5 [0.0044]
B9J08_001481,Vesicle transport protein,0.0892405288831098,"Vesicle transport protein [0.0892] | MARVEL domain-containing protein [0.0582] | Transmembrane protein, [0.0526] | Transmembrane protein [0.0404] | (pine wood nematode) hypothetical protein [0.0371] | Transmembrane protein 144 [0.0173] | Zinc finger protein [0.0125] | Transmembrane protein 144-like [0.0124] | (thale cress) hypothetical protein [0.0094] | Heat shock protein [0.0066]"
B9J08_001482,Secreted protein,0.0998110143050721,"Secreted protein [0.0998] | Expressed protein [0.0904] | Secreted peptide [0.0346] | Hypothetical protein [0.0132] | GPI anchored protein [0.0110] | GPI anchored protein, [0.0048] | Similar to [0.0034] | Hesp-379-like protein [0.0023] | WGS project CABT00000000 data, contig 2.2 [0.0015] | WGS project CBMI000000000 data, contig [0.0015]"
B9J08_001485,DUF3237 domain-containing protein,0.2052551217230371,DUF3237 domain-containing protein [0.2053] | DUF3237 family protein [0.1184] | Jacalin-type lectin domain-containing protein [0.1050] | DUF3277 family protein [0.0512] | DUF3277 domain-containing protein [0.0333] | DUF3616 domain-containing protein [0.0153] | DUF124 domain-containing protein [0.0109] | Hypothetical protein [0.0084] | PPC domain-containing protein [0.0078] | TFIIIC_sub6 domain-containing protein [0.0071]
B9J08_001486,RWD domain-containing protein,0.384642320065257,RWD domain-containing protein [0.3846] | CHY-type domain-containing protein [0.2173] | CHY zinc finger domain-containing protein [0.0823] | CHY zinc finger domain containing protein [0.0242] | CHY zinc finger domain protein [0.0237] | RWD domain-containing protein 2B [0.0114] | MSP domain-containing protein [0.0095] | DUF3794 domain-containing protein [0.0058] | CHY zinc finger protein [0.0054] | RWD domain-containing protein 1 [0.0052]
B9J08_001490,Synaptonemal complex protein 2,0.0728316730420065,Synaptonemal complex protein 2 [0.0728] | Fasciculation and elongation protein zeta-1 [0.0562] | S100P-binding protein [0.0424] | RING-type domain-containing protein [0.0333] | E3 ubiquitin-protein ligase RNF216 [0.0212] | Synaptonemal complex protein 2-like [0.0124] | Exocyst complex component Sec8 [0.0107] | Protein unc-13 homolog A [0.0104] | LOW QUALITY PROTEIN: E3 ubiquitin-protein ligase RNF216 [0.0081] | E3 ubiquitin-protein ligase RNF31 [0.0080]
B9J08_001491,TRC8_N domain-containing protein,0.0551052931829507,TRC8_N domain-containing protein [0.0551] | Protein RFT1 homolog [0.0514] | GPI ethanolamine phosphate transferase 2 [0.0473] | Hypothetical_protein_-_conserved [0.0423] | Pecanex-like protein [0.0370] | EXS domain-containing protein [0.0288] | TLC domain-containing protein [0.0234] | Hypothetical_protein [0.0228] | GPI ethanolamine phosphate transferase 1 [0.0107] | N-acetylglucosaminyl transferase component [0.0088]
B9J08_001500,Hypothetical protein,0.0515368028361553,Hypothetical protein [0.0515] | Ovule protein [0.0380] | Hypothetical membrane protein [0.0242] | ATPase [0.0201] | ATP synthase F0 subunit 8 [0.0194] | DUF4870 domain-containing protein [0.0177] | Conserved domain protein [0.0142] | ATP synthase F0 subunit 6 [0.0105] | Sugar ABC transporter permease [0.0077] | ATP synthase subunit 8 [0.0070]
B9J08_001517,Mitotic interactor and substrate of PLK1,0.0820372993928346,Mitotic interactor and substrate of PLK1 [0.0820] | Mitotic checkpoint serine/threonine-protein kinase BUB1 [0.0498] | (pine wood nematode) hypothetical protein [0.0205] | M-phase phosphoprotein 8 [0.0149] | ZM domain-containing protein [0.0109] | ELM2 and SANT domain-containing protein 1 [0.0083] | Nuclear receptor coactivator 6 [0.0070] | Mitotic interactor and substrate of PLK1-like [0.0023] | M-phase phosphoprotein 9 [0.0018] | Mitotic phosphoprotein [0.0018]
B9J08_001520,GPI anchored protein,0.0766131417004581,"GPI anchored protein [0.0766] | Secreted protein [0.0713] | Str. FM013 [0.0470] | Cell wall protein [0.0284] | GPI anchored protein, [0.0196] | GPI-anchored protein [0.0179] | Expressed protein [0.0162] | DUF1775 domain-containing protein [0.0108] | GPI-anchored protein 26 [0.0093] | GPI-anchored protein 10 [0.0085]"
B9J08_001522,3'-5' exonuclease domain-containing protein,0.3369615547220635,3'-5' exonuclease domain-containing protein [0.3370] | DNA-directed DNA polymerase [0.0998] | DUF2779 domain-containing protein [0.0737] | POLAc domain-containing protein [0.0427] | DUF2220 domain-containing protein [0.0410] | EC:2.7.7.7 [0.0363] | Exonuclease mut-7-like protein [0.0214] | DNA polymerase I [0.0206] | DNA polymerase [0.0160] | 3'-5' exonuclease [0.0074]
B9J08_001548,MFS_1_like domain-containing protein,0.127270387342939,"MFS_1_like domain-containing protein [0.1273] | ADP,ATP carrier protein [0.0560] | Major facilitator superfamily protein [0.0417] | Major facilitator superfamily transporter [0.0330] | MFS transporter [0.0215] | MFS domain-containing protein [0.0198] | Peptide/nitrate transporter [0.0179] | Major facilitator superfamily domain, general substrate transporter [0.0163] | Protein ZINC INDUCED FACILITATOR-LIKE 1 [0.0137] | Proton-dependent oligopeptide transporter family [0.0129]"
B9J08_001549,Secreted protein,0.0285731969815047,"Secreted protein [0.0286] | Fit3p [0.0184] | Cell wall protein [0.0149] | GPI anchored protein [0.0144] | WGS project CCBQ000000000 data, contig 00106 [0.0067] | GPI anchored protein, [0.0067] | WGS project CCBQ000000000 data, contig 00015 [0.0057] | WGS project CCBQ000000000 data, contig 00016 [0.0037] | WGS project CBMI000000000 data, contig [0.0035] | WGS project CCBQ000000000 data, contig 00107 [0.0033]"
B9J08_001551,Fit3p,0.0551109165876611,"Fit3p [0.0551] | Secreted protein [0.0265] | Fit2p [0.0139] | Conserved protein [0.0138] | Fit3-like protein [0.0065] | WGS project CCBQ000000000 data, contig 00015 [0.0034] | Fit3 [0.0029] | WGS project CCBQ000000000 data, contig 00106 [0.0029] | Fit2 [0.0022] | WGS project CCBQ000000000 data, contig 00107 [0.0016]"
B9J08_001556,Hypothetical protein,0.073293688916432,Hypothetical protein [0.0733] | (pine wood nematode) hypothetical protein [0.0519] | Hypothetical_protein [0.0426] | Swi3 domain-containing protein [0.0152] | DUF4211 domain-containing protein [0.0088] | Serine/threonine protein kinase [0.0052] | DUF4218 domain-containing protein [0.0033] | Coiled-coil domain-containing protein [0.0032] | Ubiquitin-like-specific protease ESD4 [0.0032] | ATP-dependent DNA helicase [0.0030]
B9J08_001617,Hypothetical_protein,0.0587400869162623,"Hypothetical_protein [0.0587] | Sds3-like protein [0.0430] | Sds3-like-domain-containing protein [0.0424] | Sds3p [0.0368] | Breast cancer metastasis-suppressor 1-like protein [0.0215] | Sds3-like [0.0134] | Sds3 [0.0124] | Coiled-coil domain-containing protein [0.0113] | WGS project CCBQ000000000 data, contig 00015 [0.0109] | Breast carcinoma amplified sequence 2 [0.0107]"
B9J08_001638,Complex 1 LYR protein,0.4023341912419908,"Complex 1 LYR protein [0.4023] | Complex 1 protein [0.0920] | Complex 1 protein (LYR family) protein [0.0423] | Complex 1 LYR-like protein [0.0306] | Complex 1 protein (LYR family), [0.0226] | Complex 1 protein (LYR family) [0.0200] | Hypothetical_protein [0.0168] | Complex 1 lyr protein [0.0094] | LYR motif-containing protein 5 [0.0093] | Complex 1 protein, LYR family protein [0.0081]"
B9J08_001639,(pine wood nematode) hypothetical protein,0.049319539464577,"(pine wood nematode) hypothetical protein [0.0493] | Hypothetical protein [0.0216] | Actin-binding, cofilin/tropomyosin type [0.0134] | Myotubularin phosphatase domain-containing protein [0.0134] | Protein spaetzle [0.0025] | DNA_pol_E_B domain-containing protein [0.0012] | Actin-binding protein anillin [0.0011] | Actin-binding Rho-activating protein [0.0009] | Actin-related protein 2/3 complex subunit 3 [0.0009] | Actin-related protein 2/3 complex subunit 5 [0.0008]"
B9J08_001659,A-agglutinin anchorage subunit,0.0037264065337922,A-agglutinin anchorage subunit [0.0037] | A-agglutinin anchorage subunit-like [0.0013] | A-agglutinin anchorage subunit-like protein [0.0001] | EM14S01-3B_G0010840.mRNA.1.CDS.1 [0.0001] | EM14S01-3B_G0019840.mRNA.1.CDS.1 [0.0001] | EM14S01-3B_G0019970.mRNA.1.CDS.1 [0.0001] | EM14S01-3B_G0019910.mRNA.1.CDS.1 [0.0001] | EM14S01-3B_G0010640.mRNA.1.CDS.1 [0.0001] | EM14S01-3B_G0010010.mRNA.1.CDS.1 [0.0001] | EM14S01-3B_G0010910.mRNA.1.CDS.1 [0.0001]
B9J08_001663,Str. FM013,0.0496787405891258,"Str. FM013 [0.0497] | Hypothetical protein [0.0414] | Similar to [0.0217] | Expressed conserved protein [0.0195] | Expressed protein [0.0114] | WGS project CBMI000000000 data, contig [0.0100] | Podospora anserina S mat+ genomic DNA chromosome 7, supercontig 1 [0.0039] | WGS project CBMG000000000 data, contig CS5907- [0.0033] | Serine-rich protein [0.0033] | Serine/arginine repetitive matrix protein 1-like [0.0020]"
B9J08_001666,Spindle assembly checkpoint component MAD1,0.0309522123043406,Spindle assembly checkpoint component MAD1 [0.0310] | Hypothetical protein [0.0273] | IQ domain-containing protein G [0.0204] | Spindle pole body protein ppc89 [0.0201] | Trichoplein keratin filament-binding protein [0.0180] | T-SNARE coiled-coil homology domain-containing protein [0.0158] | Spindle pole body-associated protein sad1 [0.0129] | IQ calmodulin-binding motif family protein [0.0083] | Calponin homology domain-containing protein DDB_G0272472 [0.0068] | Trichoplein keratin filament-binding protein-like [0.0059]
B9J08_001680,(thale cress) hypothetical protein,0.0597807440188624,"(thale cress) hypothetical protein [0.0598] | Secreted protein [0.0482] | Ovule protein [0.0321] | Hypothetical_protein [0.0306] | Transmembrane protein [0.0134] | Transmembrane protein, [0.0130] | Nodulin-like domain-containing protein [0.0111] | Membrane protein insertase YidC [0.0091] | Nodulin-16 [0.0072] | PREDICTED: unnamed product [0.0072]"
B9J08_001683,Mitochondrial ribosomal small subunit component,0.0568697067825125,"Mitochondrial ribosomal small subunit component [0.0569] | Mitochondrial ribosomal small subunit component protein [0.0506] | MRP-S28 domain-containing protein [0.0478] | Hypothetical_protein [0.0379] | Mitochondrial ribosomal subunit protein [0.0373] | Mitochondrial ribosomal subunit protein-domain-containing protein [0.0141] | Mitochondrial ribosomal small subunit protein [0.0124] | 54S ribosomal protein L40, mitochondrial [0.0118] | 54S ribosomal protein L41, mitochondrial [0.0117] | 54S ribosomal protein L36, mitochondrial [0.0111]"
B9J08_001700,THO complex subunit 5,0.0806480913128856,THO complex subunit 5 [0.0806] | Hypothetical_protein [0.0301] | THO complex subunit 5-like protein [0.0165] | J domain-containing protein [0.0122] | Hypothetical protein [0.0115] | THO complex subunit 5B [0.0087] | THO complex subunit 5 homolog [0.0065] | DUF4708 domain-containing protein [0.0052] | Centrosomal protein of 44 kDa [0.0051] | C2H2-type domain-containing protein [0.0048]
B9J08_001714,(pine wood nematode) hypothetical protein,0.0531272769387199,(pine wood nematode) hypothetical protein [0.0531] | Hypothetical protein [0.0289] | Ovule protein [0.0175] | Cyclin-dependent kinase inhibitor [0.0107] | SORF4 [0.0055] | F-box only protein 43 [0.0043] | Cyclin-dependent kinase inhibitor family protein [0.0036] | SORF11 [0.0033] | F-box protein [0.0028] | F-box only protein 43-like [0.0026]
B9J08_001719,Hypothetical protein,0.0625187629015877,Hypothetical protein [0.0625] | AH domain-containing protein [0.0211] | DUF632 domain-containing protein [0.0155] | Sld5 domain-containing protein [0.0116] | Exocyst complex component Sec8 [0.0083] | Protein FAM92A1 [0.0057] | General transcription factor II-I repeat domain-containing protein 2B [0.0055] | General transcription factor II-I repeat domain-containing protein 2B-like [0.0054] | General transcription factor II-I repeat domain-containing protein 2 [0.0054] | Protein FAM92A [0.0035]
B9J08_001725,Hypothetical protein,0.061712985039997,Hypothetical protein [0.0617] | Hypothetical_protein [0.0151] | Similar to [0.0099] | Transcriptional regulator [0.0061] | Ankyrin repeat protein [0.0039] | UPF0325 protein YaeH [0.0039] | Coiled-coil domain-containing protein [0.0034] | Coiled-coil protein [0.0033] | Transcription factor [0.0031] | Ankyrin repeat domain-containing protein [0.0018]
B9J08_001731,WPP domain-associated protein,0.1348922495499038,WPP domain-associated protein [0.1349] | DUF4201 domain-containing protein [0.0673] | WPP domain-associated protein-like [0.0449] | NAB domain-containing protein [0.0404] | WPP domain-interacting protein 2 [0.0217] | Detected protein of confused Function [0.0091] | WPP domain-interacting protein 2-like [0.0089] | Protein MRVI1 [0.0080] | WPP domain-interacting protein 1 [0.0068] | WPP domain-interacting protein [0.0050]
B9J08_001746,GTD-binding domain-containing protein,0.0478155528123708,GTD-binding domain-containing protein [0.0478] | Protein MICROTUBULE BINDING PROTEIN 2C-like [0.0255] | Ovate family protein [0.0210] | EB1 C-terminal domain-containing protein [0.0173] | Ovule protein [0.0171] | Protein MICROTUBULE BINDING PROTEIN 2C [0.0158] | Protein ECM11 [0.0118] | Swi5-dependent recombination DNA repair protein 1 homolog [0.0107] | Protein BIG GRAIN 1-like A [0.0096] | Protein BIG GRAIN 1-like B [0.0046]
B9J08_001750,Collagen triple helix repeat protein,0.0482451235027479,Collagen triple helix repeat protein [0.0482] | Collagen triple helix repeat-containing protein [0.0356] | Collagen-like protein 2 [0.0330] | Collagen-like protein [0.0271] | Collagen-like protein 7 [0.0248] | Suprabasin [0.0233] | S-antigen protein [0.0148] | Translation initiation factor IF-2 [0.0143] | Circumsporozoite protein [0.0130] | Triple helix repeat-containing collagen [0.0125]
B9J08_001751,Hypothetical_protein,0.0309298528698098,"Hypothetical_protein [0.0309] | Related to GYP5-GTPase-activating protein (GAP) [0.0174] | WGS project CABT00000000 data, contig 2.1 [0.0160] | WGS project CABT00000000 data, contig 2.3 [0.0156] | Peroxin-14 [0.0136] | Peroxisomal membrane anchor protein [0.0122] | Related to vesicular transport-related protein [0.0119] | WGS project CBMI000000000 data, contig [0.0112] | WGS project CABT00000000 data, contig 2.2 [0.0107] | DUF2335 domain-containing protein [0.0101]"
B9J08_001755,Conjugal transfer protein TraG,0.0757334084707867,Conjugal transfer protein TraG [0.0757] | Bestrophin homolog [0.0428] | EXS domain-containing protein [0.0228] | TraG protein [0.0176] | EC:2.4.1.109 [0.0133] | EC:2.7.8.5 [0.0129] | Type-1 secretion protein [0.0110] | Type IV secretion system protein VirD4 [0.0095] | Type IV secretion system protein VirB3 [0.0067] | Type IV secretory system Conjugative DNA transfer family protein [0.0052]
B9J08_001760,Hypothetical_protein,0.0341993432070881,Hypothetical_protein [0.0342] | Hypothetical protein [0.0318] | RGS domain-containing protein [0.0226] | CACTA en-spm transposon protein [0.0195] | (thale cress) hypothetical protein [0.0119] | Paired amphipathic helix protein Sin3-like 3 [0.0083] | Transcription initiation factor TFIID subunit 8 [0.0081] | (pine wood nematode) hypothetical protein [0.0077] | Paired amphipathic helix protein Sin3-like 2 [0.0077] | Paired amphipathic helix [0.0057]
B9J08_001781,Polyprotein,0.0397990024463625,"Polyprotein [0.0398] | Glycoprotein [0.0387] | Transmembrane protein, [0.0283] | Transmembrane protein [0.0201] | RxLR effector candidate protein [0.0122] | Profilin [0.0119] | Conserved secreted protein [0.0114] | RxLR effector protein [0.0099] | ADP-ribosyl cyclase/cyclic ADP-ribose hydrolase [0.0094] | Transmembrane domain-containing protein [0.0057]"
B9J08_001792,CYSTM domain-containing protein,0.1841888296698142,CYSTM domain-containing protein [0.1842] | Str. FM013 [0.0760] | PLAC8 family protein [0.0398] | Defensin-like protein [0.0327] | 4Fe-4S ferredoxin-type domain-containing protein [0.0224] | Hypothetical protein [0.0209] | Cysteine-rich motor neuron 1 protein [0.0177] | Cysteine-rich motor neuron 1 protein-like [0.0156] | Cysteine-rich CWC family protein [0.0130] | (pine wood nematode) hypothetical protein [0.0122]
B9J08_001812,DUF1769-domain-containing protein,0.2839906123562737,DUF1769-domain-containing protein [0.2840] | Str. FM013 [0.0272] | TF-B3 domain-containing protein [0.0225] | BAH domain-containing protein [0.0182] | Transcription initiation factor TFIID subunit 1 [0.0140] | DUF3506 domain-containing protein [0.0103] | (pine wood nematode) hypothetical protein [0.0099] | DUF3769 domain-containing protein [0.0052] | Transcription initiation factor TFIID subunit [0.0051] | Transcription initiation factor TFIID subunit 11 [0.0039]
B9J08_001830,Secreted protein,0.0713662983478079,Secreted protein [0.0714] | Opaque-phase-specific protein OP4 [0.0548] | Aggrecan core protein [0.0302] | Dolichyl-diphosphooligosaccharide--protein glycosyltransferase subunit 2 [0.0253] | GPI-anchored protein 17 [0.0249] | GPI-anchored protein [0.0243] | GPI-anchored protein pfl2 [0.0220] | Conserved secreted protein [0.0200] | Cell wall protein TIR3 [0.0154] | GPI-anchored protein 13 [0.0135]
B9J08_001831,Opaque-phase-specific protein OP4,0.1737010610054227,Opaque-phase-specific protein OP4 [0.1737] | WSN domain-containing protein [0.1262] | Secreted protein [0.0560] | Cell wall protein [0.0206] | Str. FM013 [0.0122] | Similar to [0.0121] | Protein G12 [0.0108] | Cell wall mannoprotein 1 [0.0089] | Secreted RxLR effector peptide protein [0.0071] | ABC transporter domain-containing protein [0.0070]
B9J08_001862,Fungal_trans domain-containing protein,0.1044262700986118,Fungal_trans domain-containing protein [0.1044] | Fungal-specific transcription factor domain-containing protein [0.0481] | MYND-type domain-containing protein [0.0217] | Fungal specific transcription factor domain-containing protein [0.0172] | Tachykinin family protein [0.0130] | Fungal specific transcription factor [0.0092] | Tachykinin family [0.0088] | Fungal-trans domain containing protein [0.0083] | Fungal specific transcription factor domain containing protein [0.0083] | Cytochrome P450 [0.0082]
B9J08_001866,EC:2.7.7.6,0.0239675590895815,"EC:2.7.7.6 [0.0240] | HDAC_interact domain-containing protein [0.0184] | Reverse transcriptase domain-containing protein [0.0171] | Transcription initiation factor TFIID subunit 1 [0.0119] | RNA polymerase [0.0118] | RNA-directed RNA polymerase [0.0088] | WGS project CCBQ000000000 data, contig 00015 [0.0071] | Transcription initiation factor TFIID subunit 5 [0.0068] | Dep domain-containing protein [0.0050] | RNA polymerase II transcription initiation/nucleotide excision repair factor TFIIH, subunit TFB1 [0.0043]"
B9J08_001867,TFIIE beta domain-containing protein,0.0196527310571989,TFIIE beta domain-containing protein [0.0197] | Transcription initiation factor TFIID subunit 7 [0.0151] | TFIIE-A_C domain-containing protein [0.0142] | SH3 domain-binding glutamic acid-rich-like protein [0.0110] | Ubiquitin-like domain-containing protein [0.0106] | General transcription factor 3C polypeptide 6 [0.0070] | Cell division cycle protein 123 [0.0054] | Transcription initiation factor TFIID subunit 7-like [0.0045] | Similar to [0.0040] | Small nuclear ribonucleoprotein [0.0036]
B9J08_001882,SLAIN motif-containing protein 2,0.0295723137879129,"SLAIN motif-containing protein 2 [0.0296] | TORC_M domain-containing protein [0.0239] | Expressed conserved protein [0.0235] | SLAIN motif family, member 2 [0.0229] | TORC_N domain-containing protein [0.0220] | Family with sequence similarity 122B [0.0210] | YTH domain-containing protein [0.0186] | Family with sequence similarity 122C [0.0176] | SLAIN motif family member 2 [0.0173] | Pleckstrin homology-like domain family B member 2 [0.0172]"
B9J08_001894,Str. FM013,0.0913931888186016,"Str. FM013 [0.0914] | Hypothetical protein [0.0448] | Expressed conserved protein [0.0417] | Similar to [0.0381] | Expressed protein [0.0138] | Hypothetical_protein [0.0121] | WGS project CBMI000000000 data, contig [0.0098] | Podospora anserina S mat+ genomic DNA chromosome 7, supercontig 1 [0.0055] | WGS project CBMG000000000 data, contig CS5907- [0.0047] | WGS project CBME000000000 data, contig [0.0034]"
B9J08_001918,RFX-type winged-helix domain-containing protein,0.4011290845835724,RFX-type winged-helix domain-containing protein [0.4011] | Fungal_trans domain-containing protein [0.1617] | Factor arrest protein 11 [0.0360] | CUE domain-containing protein [0.0100] | Xylanolytic transcriptional activator xlnR [0.0091] | Transcription factor [0.0069] | Zn(2)-C6 fungal-type domain-containing protein [0.0061] | Chromatin structure-remodeling complex protein RSC9 [0.0047] | C2H2-type domain-containing protein [0.0045] | Ubiquitin carboxyl-terminal hydrolase 34 [0.0039]
B9J08_001932,Fibroin heavy chain,0.0403157591617447,Fibroin heavy chain [0.0403] | Cell surface protein [0.0327] | Circumsporozoite protein [0.0247] | Fibroin heavy chain-like [0.0147] | Collagen triple helix repeat protein [0.0140] | Collagen triple helix repeat-containing protein [0.0115] | Glycine-rich cell wall structural protein 1.8-like [0.0109] | Stress protein DDR48 [0.0103] | Hemagglutinin [0.0095] | Collagen triple helix repeat family protein [0.0069]
B9J08_001942,Hypothetical_protein,0.0731588394861456,Hypothetical_protein [0.0732] | Protein SCM3 [0.0631] | Protein IFH1 [0.0208] | Hypothetical protein [0.0204] | Protein starmaker-like [0.0176] | Protein mms22 [0.0161] | Protein SBE2 [0.0135] | Protein starmaker [0.0129] | Protein CHROMATIN REMODELING 20 [0.0075] | Transcription factor [0.0071]
B9J08_001949,Str. FM013,0.0925568338109402,"Str. FM013 [0.0926] | Secreted protein [0.0846] | Similar to [0.0759] | Ectomycorrhiza-regulated small secreted protein [0.0223] | WGS project CBMI000000000 data, contig [0.0108] | Cell wall mannoprotein [0.0103] | Cell wall protein [0.0069] | WGS project CABT00000000 data, contig 2.2 [0.0042] | Podospora anserina S mat+ genomic DNA chromosome 7, supercontig 1 [0.0037] | WGS project CABT00000000 data, contig 2.4 [0.0036]"
B9J08_001954,BRCT domain-containing protein,0.1649358533160662,BRCT domain-containing protein [0.1649] | Protein transport protein sec16 [0.0857] | Rab-GAP TBC domain-containing protein [0.0672] | DUF3818 domain-containing protein [0.0453] | PH domain-containing protein [0.0373] | Mus7/MMS22 family-domain-containing protein [0.0233] | Protein FYV8 [0.0195] | Similar to [0.0124] | Protein FYV10 [0.0102] | Rab-GTPase-TBC domain-containing protein [0.0076]
B9J08_001962,TORC_N domain-containing protein,0.2859237777656186,TORC_N domain-containing protein [0.2859] | Hypothetical protein [0.0409] | GATA-type domain-containing protein [0.0342] | Growth-regulating factor [0.0252] | TORC_M domain-containing protein [0.0227] | Ovule protein [0.0142] | Transcription factor [0.0116] | BES1_N domain-containing protein [0.0101] | Dof-type domain-containing protein [0.0082] | GATA zinc finger domain-containing protein 14 [0.0026]
B9J08_001970,LisH domain-containing protein,0.9612094350853858,LisH domain-containing protein [0.9612] | LisH protein [0.0026] | Transcriptional activator FLO8 [0.0019] | Related to LisH domain-containing protein [0.0018] | Transcriptional regulatory protein [0.0013] | Transcription activator MSS11 [0.0011] | Transcription factor [0.0010] | LisH [0.0008] | Related to transcription activator MSS11 [0.0006] | Transcriptional regulator [0.0005]
B9J08_001978,DUF4234 domain-containing protein,0.2632348470618642,DUF4234 domain-containing protein [0.2632] | Transcriptional regulator [0.0429] | FlhB HrpN YscU SpaS family protein [0.0304] | DUF4201 domain-containing protein [0.0274] | DUF1206 domain-containing protein [0.0258] | Hypothetical membrane protein [0.0227] | Transmembrane protein [0.0187] | DUF4179 domain-containing protein [0.0183] | DUF202 domain-containing protein [0.0136] | EscU/YscU/HrcU family type III secretion system export apparatus switch protein [0.0111]
B9J08_001980,Remorin_N domain-containing protein,0.0384876664710015,"Remorin_N domain-containing protein [0.0385] | Hypothetical protein [0.0363] | PRP21_like_P domain-containing protein [0.0270] | Remorin [0.0193] | Remorin family protein [0.0117] | Remorin_C domain-containing protein [0.0103] | Dynein assembly factor 1, axonemal homolog [0.0088] | Histone deacetylase 14 [0.0077] | ATP synthase subunit d, mitochondrial [0.0074] | Remorin-like [0.0071]"
B9J08_001988,DUF1311 domain-containing protein,0.1191053007032208,DUF1311 domain-containing protein [0.1191] | LprI domain-containing protein [0.1082] | Phage protein [0.0351] | Hypothetical protein [0.0205] | Prophage protein [0.0140] | 19.6 kDa protein [0.0104] | DUF4413 domain-containing protein [0.0099] | Pectinesterase inhibitor domain-containing protein [0.0067] | Hypothetical phage protein [0.0065] | Pectinesterase inhibitor [0.0032]
B9J08_002007,RAP domain-containing protein,0.1125085031465221,"RAP domain-containing protein [0.1125] | Mitochondrial translation factor ATP22 [0.0467] | ATPase expression protein 1 [0.0331] | Protein PTCD3 homolog, mitochondrial [0.0209] | Translation regulator [0.0191] | ATPase expression protein 1, mitochondrial [0.0118] | FAST kinase domain-containing protein 1, mitochondrial [0.0099] | ATPase expression protein 2, mitochondrial [0.0088] | RAP protein, [0.0063] | ATPase expression protein [0.0061]"
B9J08_002012,Hypothetical_protein,0.0146988788830446,Hypothetical_protein [0.0147] | Hypothetical protein [0.0109] | YKR005C [0.0093] | IRO domain-containing protein [0.0069] | Vhs2p [0.0064] | YKR005C-like protein [0.0031] | Serine/threonine protein kinase [0.0029] | Serine/threonine-protein kinase [0.0028] | YKR005Cp-like protein [0.0028] | Integrator complex subunit 6-like [0.0025]
B9J08_002015,C3H1-type domain-containing protein,0.0905227599430841,C3H1-type domain-containing protein [0.0905] | CID domain-containing protein [0.0706] | C2 domain-containing protein [0.0548] | Serine/threonine-protein phosphatase 1 regulatory subunit 10 [0.0362] | Serine/threonine-protein kinase [0.0233] | C2 NT-type domain-containing protein [0.0191] | Serum response factor-binding protein 1 [0.0150] | Rad21_Rec8_N domain-containing protein [0.0111] | Hypothetical protein [0.0082] | Serine/threonine-protein kinase At1g09600 [0.0057]
B9J08_002021,XK-related protein,0.1066407982352273,"XK-related protein [0.1066] | Transmembrane protein [0.0922] | Transmembrane protein 208 [0.0595] | Transmembrane protein 26 [0.0531] | Vacuolar membrane protein [0.0456] | Transmembrane protein 208-like [0.0199] | Conserved plasma membrane protein [0.0194] | Transmembrane protein, [0.0184] | DUF1746 domain-containing protein [0.0161] | Lysosomal cobalamin transporter [0.0143]"
B9J08_002028,Histidine kinase,0.5001204745465493,Histidine kinase [0.5001] | 2TM domain-containing protein [0.0970] | DUF485 domain-containing protein [0.0758] | DUF202 domain-containing protein [0.0630] | DUF3955 domain-containing protein [0.0315] | Conserved hypothetical membrane protein [0.0130] | Transmembrane protein [0.0116] | Group-specific protein [0.0101] | EC:2.-.-.- [0.0073] | PTS cellobiose transporter subunit IIA [0.0050]
B9J08_002031,Secreted protein,0.0963831950234432,Secreted protein [0.0964] | (pine wood nematode) hypothetical protein [0.0385] | NRF domain-containing protein [0.0295] | Egg protein [0.0262] | ZP domain-containing protein [0.0232] | 2OG-FeII_Oxy_4 domain-containing protein [0.0223] | EC:1.14.11.7 [0.0199] | 2OG-FeII_Oxy_2 domain-containing protein [0.0167] | Secreted phosphoprotein 24 [0.0104] | Bifunctional isocitrate dehydrogenase kinase/phosphatase [0.0080]
B9J08_002036,Peroxisomal membrane protein PEX17,0.0300676235296841,Peroxisomal membrane protein PEX17 [0.0301] | Retrovirus-related Pol polyprotein from transposon TNT 1-94 [0.0292] | Peroxin-5 [0.0281] | GCR1_C domain-containing protein [0.0182] | Peroxisomal membrane protein PEX23 [0.0177] | Reverse transcriptase Ty1/copia-type domain-containing protein [0.0141] | RING-type domain-containing protein [0.0135] | Peroxisomal membrane protein PEX5 [0.0106] | Reverse transcriptase [0.0084] | ATP-dependent DNA helicase [0.0070]
B9J08_002037,Suppressor protein SRP40-like,0.1311940358736008,Suppressor protein SRP40-like [0.1312] | Suppressor protein SRP40 [0.0559] | Dentin sialophosphoprotein-like [0.0446] | Hypothetical protein [0.0220] | Hypothetical_protein [0.0184] | Dentin sialophosphoprotein [0.0163] | Suppressor protein SRP40-like protein [0.0104] | Small vasohibin-binding protein [0.0081] | Small conductance calcium-activated potassium channel protein [0.0043] | Protein BIG GRAIN 1-like A [0.0038]
B9J08_002049,Hypothetical_protein,0.1403688518873466,"Hypothetical_protein [0.1404] | Hypothetical protein [0.0833] | DUF2040 domain-containing protein [0.0308] | Hypothetical conserved protein [0.0190] | Clathrin light chain [0.0168] | WGS project CCBQ000000000 data, contig 00015 [0.0110] | Coiled-coil domain-containing protein [0.0110] | WGS project CCBQ000000000 data, contig 00106 [0.0066] | WGS project CCBQ000000000 data, contig 00107 [0.0063] | ADP-ribosylation factor GTPase-activating protein [0.0046]"
B9J08_002055,Transmembrane protein,0.0568836740559475,"Transmembrane protein [0.0569] | Transmembrane protein, [0.0297] | Ovule protein [0.0295] | Syndecan [0.0254] | (thale cress) hypothetical protein [0.0228] | FK506-binding protein 5-like [0.0120] | Syndecan domain-containing protein [0.0108] | FK506-binding protein 4-like [0.0045] | FK506-binding protein 3-like [0.0039] | Syndecan-1 [0.0033]"
B9J08_002082,Protein kinase domain-containing protein,0.0306896816639549,Protein kinase domain-containing protein [0.0307] | Hypothetical_protein [0.0190] | Serine/threonine-protein kinase MARK-A [0.0172] | Serine/threonine protein kinase [0.0101] | Serine-rich adhesin for platelets [0.0088] | Proteophosphoglycan 5 [0.0070] | Serine/threonine-protein kinase [0.0066] | Serine-rich adhesin for platelets-like [0.0064] | Serine/threonine-protein kinase Doa [0.0058] | Cnidarian restricted protein [0.0045]
B9J08_002084,"WGS project CCBQ000000000 data, contig 00015",0.0331861004711547,"WGS project CCBQ000000000 data, contig 00015 [0.0332] | U3 small nucleolar ribonucleoprotein protein MPP10 [0.0278] | WGS project CCBQ000000000 data, contig 00106 [0.0264] | SAS4 domain-containing protein [0.0245] | WGS project CCBQ000000000 data, contig 00107 [0.0163] | (pine wood nematode) hypothetical protein [0.0163] | IEC3 subunit of the Ino80 complex, chromatin re-modelling-domain-containing protein [0.0153] | WGS project CCBQ000000000 data, contig 00016 [0.0116] | WGS project CCBQ000000000 data, contig 00058 [0.0097] | Neuroguidin [0.0094]"
B9J08_002086,Fanconi-associated nuclease,0.1196700015916733,Fanconi-associated nuclease [0.1197] | EC:3.1.4.1 [0.1075] | DNA helicase [0.0588] | ERCC4 domain-containing protein [0.0218] | EC:3.1.3.48 [0.0207] | EC:3.6.4.12 [0.0172] | EC:3.1.3.16 [0.0125] | HLJ1_G0019000.mRNA.1.CDS.1 [0.0000] | HLJ1_G0019840.mRNA.1.CDS.1 [0.0000] | HLJ1_G0010840.mRNA.1.CDS.1 [0.0000]
B9J08_002118,Hypothetical protein,0.0200815846540866,Hypothetical protein [0.0201] | Ovule protein [0.0154] | (pine wood nematode) hypothetical protein [0.0136] | Protein BIG GRAIN 1-like A [0.0064] | Protein BIG GRAIN 1-like B [0.0063] | Unkown protein [0.0062] | Protein kibra [0.0043] | Protein BIG GRAIN 1-like E [0.0035] | DUF3399 domain-containing protein [0.0035] | DUF3496 domain-containing protein [0.0028]
B9J08_002119,Spatacsin_C domain-containing protein,0.1002685777294412,Spatacsin_C domain-containing protein [0.1003] | Hypothetical protein [0.0670] | MMS19 nucleotide excision repair protein [0.0374] | Spatacsin [0.0321] | Auxin transport protein BIG [0.0295] | HECT domain-containing protein [0.0248] | UBR-type domain-containing protein [0.0245] | Auxin transport protein BIG-like [0.0183] | B30.2/SPRY domain-containing protein [0.0181] | E3 ubiquitin-protein ligase UPL7 [0.0136]
B9J08_002141,Hypothetical protein,0.2148739647284509,"Hypothetical protein [0.2149] | XK-related protein [0.0356] | Ion_trans domain-containing protein [0.0348] | Hypothetical_protein [0.0343] | Transmembrane protein [0.0325] | Conserved plasma membrane protein [0.0237] | Transmembrane protein, [0.0211] | Conserved protein [0.0185] | Hypothetical membrane protein [0.0152] | Hypothetical membrane spanning protein [0.0100]"
B9J08_002156,Nuclear pore complex protein Nup85,0.3163966144756256,Nuclear pore complex protein Nup85 [0.3164] | ANK_REP_REGION domain-containing protein [0.1266] | Nup85 [0.0449] | FAT domain-containing protein [0.0274] | EC:2.7.11.1 [0.0240] | TPR_REGION domain-containing protein [0.0191] | Nup188_C domain-containing protein [0.0170] | Ankyrin repeat protein [0.0159] | Clr5 domain-containing protein [0.0139] | Ankyrin repeat domain-containing protein [0.0124]
B9J08_002161,Hypothetical protein,0.1019795895864762,"Hypothetical protein [0.1020] | Str. FM013 [0.0279] | RYDR_ITPR domain-containing protein [0.0253] | RNase III domain-containing protein [0.0167] | DDE_Tnp_1_7 domain-containing protein [0.0138] | Reverse transcriptase domain-containing protein [0.0122] | Importin N-terminal domain-containing protein [0.0112] | Hypothetical_protein [0.0096] | WGS project CBMI000000000 data, contig [0.0079] | Reverse transcriptase [0.0064]"
B9J08_002163,Transmembrane protein,0.0802671640872084,"Transmembrane protein [0.0803] | Hypothetical_protein_-_conserved [0.0414] | Hypothetical protein [0.0387] | Hypothetical_protein [0.0374] | ATP synthase subunit e, mitochondrial [0.0347] | Transmembrane protein, [0.0276] | EF-hand domain-containing protein [0.0206] | Hypothetical_protein_conserved [0.0192] | Expressed protein [0.0136] | NADH-ubiquinone reductase complex 1 MLRQ subunit [0.0099]"
B9J08_002176,Hypothetical protein,0.0393752736004994,"Hypothetical protein [0.0394] | C2H2-type domain-containing protein [0.0252] | DUF4378 domain-containing protein [0.0234] | Protein FAM193B [0.0219] | Expressed conserved protein [0.0123] | Protein FAM193A [0.0111] | WGS project CCBQ000000000 data, contig 00015 [0.0049] | E3 ubiquitin-protein ligase [0.0041] | Protein FAM193B-like [0.0037] | DUF2695 domain-containing protein [0.0037]"
B9J08_002204,Topoisomerase I damage affected protein 11,0.9087093148450928,"Topoisomerase I damage affected protein 11 [0.9087] | Topoisomerase 1-associated factor 1 [0.0159] | Topoisomerase i damage affected protein 11 [0.0107] | Topoisomerase I damage affected protein 11-like [0.0022] | Topoisomerase II-associated protein PAT1 [0.0018] | Topoisomerase I damage affected-like protein [0.0011] | Topoisomerase I damage affected protein 11, [0.0010] | Topoisomerase I damage affected protein 8 [0.0009] | Topoisomerase IB [0.0007] | Topoisomerase II [0.0007]"
B9J08_002205,GPI mannosyltransferase 2,0.0987191412664475,"GPI mannosyltransferase 2 [0.0987] | MBOAT_2 domain-containing protein [0.0954] | MBOAT-domain-containing protein [0.0950] | MBOAT family protein [0.0586] | Acyloxyacyl hydrolase [0.0396] | Peroxisomal membrane protein [0.0262] | Lysophospholipid acyltransferase [0.0195] | Glycerol uptake protein 1 [0.0174] | MBOAT, membrane-bound O-acyltransferase family-domain-containing protein [0.0171] | Acyl-CoA N-acyltransferase [0.0170]"
B9J08_002218,Hypothetical protein,0.1879510656900341,"Hypothetical protein [0.1880] | MADS-box domain-containing protein [0.0305] | NAC domain-containing protein [0.0245] | NAM-associated domain-containing protein [0.0230] | Transcription factor [0.0188] | (pine wood nematode) hypothetical protein [0.0136] | MADS-box transcription factor family protein [0.0099] | (thale cress) hypothetical protein [0.0098] | MADS-box protein [0.0058] | Heat shock transcription factor, other eukaryote [0.0056]"
B9J08_002228,Transmembrane protein,0.1299995779178775,"Transmembrane protein [0.1300] | Transmembrane protein 241 [0.1192] | Transmembrane protein 220 [0.0696] | Transmembrane protein 101 [0.0522] | Transmembrane protein 38B [0.0438] | Transmembrane protein, [0.0407] | Transmembrane protein 45B [0.0277] | Transmembrane protein 267 [0.0208] | Transmembrane protein 205 [0.0185] | Transmembrane protein 101-like [0.0155]"
B9J08_002234,Myristoylated alanine-rich C-kinase substrate-like,0.0244377655201893,Myristoylated alanine-rich C-kinase substrate-like [0.0244] | Myristoylated alanine-rich C-kinase substrate [0.0179] | Axonal membrane protein GAP-43 [0.0167] | Brain acid soluble protein 1 [0.0100] | MARCKS [0.0099] | MARCKS multi-domain protein [0.0074] | Low-temperature-induced 65 kDa protein-like [0.0071] | Neurofilament heavy polypeptide-like [0.0067] | Neuromodulin [0.0063] | Brain acid soluble protein 1-like [0.0063]
B9J08_002244,Cell wall protein,0.0423984557178173,"Cell wall protein [0.0424] | GPI anchored protein [0.0211] | WGS project CABT00000000 data, contig 2.2 [0.0164] | GRAM_POS_ANCHORING domain-containing protein [0.0160] | GPI anchored serine-rich protein [0.0142] | WGS project CABT00000000 data, contig 2.3 [0.0141] | WGS project CBMI000000000 data, contig [0.0135] | WGS project CABT00000000 data, contig 2.1 [0.0120] | WGS project CABT00000000 data, contig 2.4 [0.0114] | Surface-exposed virulence protein [0.0072]"
B9J08_002247,Secreted protein,0.3568076396568076,Secreted protein [0.3568] | Conserved secreted protein [0.0236] | Hypothetical protein [0.0214] | Secreted phosphoprotein 1 [0.0135] | Hypothetical secreted protein [0.0114] | Hypothetical conserved protein [0.0088] | Secreted salivary protein [0.0083] | Hyphal wall protein 1 [0.0037] | Hyphal wall protein 1-like [0.0036] | Secreted phosphoprotein 24 [0.0030]
B9J08_002248,Hypothetical protein,0.1134229045993125,"Hypothetical protein [0.1134] | PRESAN domain-containing protein [0.0907] | Retrotrans_gag domain-containing protein [0.0607] | Myb_DNA-bind_3 domain-containing protein [0.0282] | Zf-RVT domain-containing protein [0.0239] | Transposase, Ptta/En/Spm, plant [0.0216] | DUF4219 domain-containing protein [0.0203] | Transposon protein, putative, CACTA, En/Spm sub-class [0.0107] | Protein FAR1-RELATED SEQUENCE [0.0101] | Transposase, Ptta/En/Spm [0.0096]"
B9J08_002255,Secreted protein,0.1068228704191747,"Secreted protein [0.1068] | Str. FM013 [0.0443] | Similar to [0.0389] | Opaque-phase-specific protein OP4 [0.0360] | Hydrophobin [0.0140] | CBP domain-containing protein [0.0111] | WGS project CBMI000000000 data, contig [0.0103] | Secretoglobin family 3A member 1 [0.0075] | Secretoglobin family 3A member 2 [0.0071] | Cell wall mannoprotein 1 [0.0058]"
B9J08_002256,YhhN-like protein,0.1796630614876823,YhhN-like protein [0.1797] | Integral membrane protein [0.0488] | TMEM135_C_rich domain-containing protein [0.0407] | Transmembrane protein 86B [0.0350] | ER lumen protein retaining receptor [0.0258] | Hypothetical protein [0.0241] | YhhN-domain-containing protein [0.0189] | Transmembrane protein [0.0169] | ER lumen protein-retaining receptor [0.0144] | YhhN family protein [0.0137]
B9J08_002270,Nuclear pore complex protein,0.2381489885206452,Nuclear pore complex protein [0.2381] | Nucleoporin_C domain-containing protein [0.1368] | Nucleoporin NUP192 [0.1265] | PCI domain-containing protein [0.0562] | Nucleoporin [0.0517] | COP9 signalosome complex subunit 4 [0.0450] | Nucleoporin Nup186/Nup192/Nup205 [0.0283] | Nuclear pore complex protein Nup205 [0.0104] | COP9 signalosome complex subunit 2 [0.0094] | ANK_REP_REGION domain-containing protein [0.0088]
B9J08_002282,Hypothetical_protein,0.0523264152628126,Hypothetical_protein [0.0523] | Hypothetical protein [0.0305] | (pine wood nematode) hypothetical protein [0.0212] | ATP-dependent DNA helicase 2 subunit 1 [0.0152] | ERp29 domain-containing protein [0.0134] | P-loop containing nucleoside triphosphate hydrolase protein [0.0098] | P-loop containing nucleoside triphosphate hydrolase [0.0083] | Vacuolar protein sorting-associated protein 33A [0.0064] | ATP-dependent DNA helicase II subunit 2 [0.0062] | COP9 signalosome complex subunit 7b [0.0055]
B9J08_002286,HUN domain-containing protein,0.1180544505191236,"HUN domain-containing protein [0.1181] | Kri1_C domain-containing protein [0.0368] | Hypothetical protein [0.0254] | IK cytokine [0.0238] | Zinc finger, CCHC-type [0.0203] | Kanadaptin [0.0180] | RED_C domain-containing protein [0.0116] | IKAROS family zinc finger 3 [0.0084] | Kanadaptin-like [0.0043] | Zinc finger CCCH domain-containing protein 15 homolog [0.0043]"
B9J08_002288,Trm112 family protein,0.0233378951138896,Trm112 family protein [0.0233] | UPF0434 protein [0.0133] | Trm112p-like protein [0.0071] | Zf-RING_14 domain-containing protein [0.0054] | Zf-C3HC4 domain-containing protein [0.0032] | Zf-C5HC2 domain-containing protein [0.0030] | DUF2130 domain-containing protein [0.0024] | E3 ubiquitin-protein ligase [0.0019] | Trm112p-domain-containing protein [0.0015] | Ribosomal protein L7/L12 [0.0012]
B9J08_002295,Fibroin heavy chain-like,0.0875893567202754,Fibroin heavy chain-like [0.0876] | Hypothetical protein [0.0425] | Ice-structuring protein 4-like [0.0191] | Processed variable antigen [0.0145] | Fibroin heavy chain [0.0125] | Silk fibroin [0.0113] | Glycine-rich cell wall structural protein 1 [0.0109] | Secreted protein [0.0081] | Sericin-1-like [0.0068] | Fibroin [0.0059]
B9J08_002296,Hypothetical_protein,0.0478844476997291,"Hypothetical_protein [0.0479] | Expressed protein [0.0433] | Secreted protein [0.0281] | Str. FM013 [0.0240] | GPI anchored protein [0.0136] | Collagen_mid domain-containing protein [0.0130] | GPI-anchored protein [0.0123] | GPI-anchored protein 23 [0.0107] | GPI-anchored protein pfl2 [0.0071] | GPI anchored protein, [0.0068]"
B9J08_002309,Hypothetical protein,0.0209065214103169,Hypothetical protein [0.0209] | Str. FM013 [0.0177] | PREDICTED: TMV resistance [0.0169] | TMV resistance protein N-like [0.0147] | MATH domain-containing protein [0.0143] | Pentatricopeptide repeat-containing protein [0.0096] | TMV resistance protein N [0.0077] | F-box protein [0.0038] | F-box family protein [0.0038] | S-adenosyl-L-methionine-dependent methyltransferases superfamily protein [0.0031]
B9J08_002314,CID domain-containing protein,0.0399867151176996,CID domain-containing protein [0.0400] | F-BAR domain-containing protein [0.0343] | FCH domain-containing protein [0.0193] | (thale cress) hypothetical protein [0.0160] | GED domain-containing protein [0.0145] | F-box protein [0.0130] | CACTA en-spm transposon protein [0.0130] | Cullin domain-containing protein [0.0112] | F-box family protein [0.0073] | F-box protein SKIP24 [0.0017]
B9J08_002319,Reverse transcriptase domain-containing protein,0.1455004550238964,Reverse transcriptase domain-containing protein [0.1455] | Retrovirus-related Pol polyprotein from transposon TNT 1-94 [0.0441] | Signal peptide protein [0.0211] | Integrase catalytic domain-containing protein [0.0205] | CDT1 domain-containing protein [0.0135] | Reverse transcriptase Ty1/copia-type domain-containing protein [0.0121] | Nucleoporin [0.0088] | Signal transducer and activator of transcription [0.0079] | Retrovirus-related Pol polyprotein from type-2 retrotransposable element R2DM [0.0074] | Conserved oligomeric Golgi complex subunit 3 [0.0071]
B9J08_002330,SAG family member,0.0416334591866855,SAG family member [0.0416] | BgtE- [0.0342] | Secreted protein [0.0341] | BgtAcSP- [0.0245] | BBE domain-containing protein [0.0147] | (pine wood nematode) hypothetical protein [0.0103] | S-protein homolog [0.0079] | SAG-related sequence SRS32 [0.0035] | SAG-related sequence SRS49C [0.0026] | SAG-related sequence SRS49D [0.0024]
B9J08_002356,Hypothetical protein,0.0392226429791079,Hypothetical protein [0.0392] | Suppressor protein SRP40-like [0.0378] | Dentin sialophosphoprotein-like [0.0344] | Suppressor protein SRP40 [0.0143] | Dentin sialophosphoprotein [0.0127] | Histone H3.v1-like [0.0083] | Bromodomain adjacent to zinc finger domain protein 2B [0.0077] | Bromodomain adjacent to zinc finger domain protein 1A [0.0060] | Bromodomain adjacent to zinc finger domain 2B [0.0055] | Histone acetyltransferase GCN5 [0.0048]
B9J08_002372,Translocon-associated protein subunit gamma,0.0466182587149577,"Translocon-associated protein subunit gamma [0.0466] | Dolichyl-diphosphooligosaccharide--protein glycosyltransferase subunit DAD1 [0.0385] | G_PROTEIN_RECEP_F1_2 domain-containing protein [0.0191] | Translocon at the inner envelope membrane of chloroplasts 214 [0.0187] | Protein TIC 214 [0.0150] | Dolichyl-diphosphooligosaccharide--protein glycosyltransferase subunit 2 [0.0121] | Dolichyldiphosphatase [0.0113] | Dolichyl-diphosphooligosaccharide--protein glycotransferase [0.0103] | Dolichyl-P-Glc:Glc(2)Man(9)GlcNAc(2)-PP-dolichol alpha-1,2-glucosyltransferase [0.0097] | Cellulose synthase catalytic subunit [0.0096]"
B9J08_002384,DUF725 domain-containing protein,0.1255413950436743,"DUF725 domain-containing protein [0.1255] | Orphan protein [0.0287] | Hypothetical protein [0.0282] | Conjugal transfer protein TraN [0.0232] | Secreted protein [0.0136] | Conjugal transfer protein TraH [0.0119] | Entry exclusion protein 1 [0.0109] | Mitochondrial intermembrane space cysteine motif-containing protein MIX23 [0.0085] | Conserved domain protein [0.0083] | Cx9C motif-containing protein 4, mitochondrial [0.0070]"
B9J08_002397,Claspin,0.0670928659179762,Claspin [0.0671] | Histone acetyltransferase [0.0317] | Hypothetical_protein [0.0189] | Shugoshin_C domain-containing protein [0.0170] | Bgt- [0.0111] | Something about silencing protein 10 [0.0077] | Protein SQS1 [0.0055] | Vacuolar protein sorting-associated protein 29 [0.0051] | Histone acetyltransferase KAT6B [0.0041] | SNF2-related [0.0037]
B9J08_002407,Hypothetical protein,0.2380663324351124,"Hypothetical protein [0.2381] | Hypothetical_protein [0.0335] | (pine wood nematode) hypothetical protein [0.0183] | UPF0488 protein CG14286 [0.0096] | Swib domain-containing protein [0.0070] | Swirm domain-containing protein [0.0056] | Translation machinery-associated protein 22 [0.0044] | WGS project CCBQ000000000 data, contig 00015 [0.0037] | Translation machinery-associated protein 16 [0.0034] | Histone H3 [0.0028]"
B9J08_002441,Iwr1 domain-containing protein,0.1229595816714397,Iwr1 domain-containing protein [0.1230] | Transcription factor Iwr1 [0.0659] | CHZ domain-containing protein [0.0401] | Transcription initiation factor TFIID subunit 7 [0.0259] | Transcription initiation factor IIF subunit alpha [0.0178] | Transcription initiation factor TFIID subunit 11 [0.0158] | Transcription initiation factor TFIID subunit 1 [0.0157] | Transcription initiation factor TFIID subunit 11-like [0.0125] | Transcription initiation factor TFIID subunit 7-like [0.0115] | Transcription factor [0.0093]
B9J08_002471,EKC/KEOPS complex subunit GON7,0.0794225416560177,EKC/KEOPS complex subunit GON7 [0.0794] | T-SNARE coiled-coil homology domain-containing protein [0.0151] | Hypothetical protein [0.0088] | Dynactin subunit 1 [0.0072] | Kinesin motor domain-containing protein [0.0061] | ATP synthase F0 subunit B [0.0050] | Dynactin subunit 1-like [0.0041] | Prefoldin subunit 4 [0.0040] | Prefoldin subunit [0.0025] | Kinesin-like protein [0.0016]
B9J08_002475,RNA helicase,0.0613808707633276,RNA helicase [0.0614] | NFX1-type zinc finger-containing protein 1 [0.0438] | AAA_11 domain-containing protein [0.0437] | AAA_12 domain-containing protein [0.0378] | UvrD-like helicase ATP-binding domain-containing protein [0.0202] | RNB domain-containing protein [0.0171] | NFX1-type zinc finger-containing protein 1-like [0.0166] | RNA-dependent RNA polymerase [0.0156] | SEC63 domain-containing protein [0.0143] | Helicase sen1 [0.0130]
B9J08_002486,Hypothetical protein,0.0574588023444996,"Hypothetical protein [0.0575] | Transmembrane protein, [0.0533] | Protein PBN1 [0.0343] | Sec23_trunk domain-containing protein [0.0214] | GPI transamidase component PIG-S [0.0211] | Hypothetical_protein [0.0180] | Hypothetical_protein_-_conserved [0.0120] | GPI transamidase component PIG-S-like [0.0107] | Tether containing UBX domain for GLUT4 [0.0100] | Vesicle-associated membrane protein 714 [0.0074]"
B9J08_002492,(pine wood nematode) hypothetical protein,0.1311373078622169,(pine wood nematode) hypothetical protein [0.1311] | Secreted protein [0.0361] | DUF148 domain-containing protein [0.0233] | Hypothetical_protein [0.0213] | RxLR-like protein [0.0208] | Hypothetical protein [0.0201] | DUF4476 domain-containing protein [0.0200] | Mitochondrial F1F0 ATP synthase associated protein [0.0136] | DUF4197 domain-containing protein [0.0033] | Mitochondrial F1-ATPase assembly protein [0.0023]
B9J08_002493,Secreted protein,0.0678587507451122,"Secreted protein [0.0679] | GPI anchored protein [0.0466] | Str. FM013 [0.0362] | SSCRP protein [0.0271] | Similar to [0.0206] | GPI anchored protein, [0.0139] | SAG family member [0.0108] | WGS project CBMI000000000 data, contig [0.0072] | WGS project CABT00000000 data, contig 2.2 [0.0033] | WGS project CABT00000000 data, contig 2.1 [0.0026]"
B9J08_002498,"Transmembrane protein,",0.0602649392114157,"Transmembrane protein, [0.0603] | (thale cress) hypothetical protein [0.0435] | SPX domain-containing protein [0.0372] | Hypothetical protein [0.0262] | VPS37 C-terminal domain-containing protein [0.0181] | (pine wood nematode) hypothetical protein [0.0172] | DUF641 domain-containing protein [0.0165] | Vacuolar protein sorting-associated protein 51 homolog [0.0145] | Transmembrane protein [0.0105] | Si:ch73-389k6.1 [0.0067]"
B9J08_002507,Hydrophobic surface binding protein A-domain-containing protein,0.1569620709547347,Hydrophobic surface binding protein A-domain-containing protein [0.1570] | Secreted protein [0.0971] | Opaque-phase-specific protein OP4 [0.0495] | Cell wall mannoprotein 1 [0.0456] | Hydrophobic surface binding protein A domain-containing protein [0.0318] | Hydrophobic surface binding protein A [0.0286] | Similar to [0.0281] | Str. FM013 [0.0212] | Antigenic cell wall protein [0.0201] | Hydrophobic surface binding protein [0.0091]
B9J08_002509,Hypothetical protein,0.031681697993626,"Hypothetical protein [0.0317] | IQ calmodulin-binding motif protein [0.0208] | ANK_REP_REGION domain-containing protein [0.0207] | Enhancer of polycomb-like protein [0.0182] | Str. FM013 [0.0175] | IQ domain-containing protein H [0.0125] | 39S ribosomal protein L37, mitochondrial [0.0111] | IQ domain-containing protein [0.0099] | ORF4 [0.0075] | 39S ribosomal protein L39, mitochondrial [0.0065]"
B9J08_002511,Hypothetical protein,0.1528428130950064,"Hypothetical protein [0.1528] | Cytochrome c oxidase assembly protein COX16, mitochondrial [0.1285] | Hypothetical membrane protein [0.0535] | Cytochrome c oxidase assembly protein COX16 homolog, mitochondrial [0.0318] | NADH dehydrogenase [ubiquinone] 1 alpha subcomplex subunit 13 [0.0281] | Hypothetical_protein [0.0277] | (pine wood nematode) hypothetical protein [0.0240] | Small integral membrane protein 26 [0.0220] | Cytochrome c oxidase assembly protein cox16, mitochondrial [0.0172] | Hypothetical membrane associated protein [0.0128]"
B9J08_002515,Dynactin subunit 3,0.2669558379449746,Dynactin subunit 3 [0.2670] | Dynactin subunit 3-like [0.0915] | Hypothetical protein [0.0826] | Dynactin subunit 2 [0.0557] | Dynactin subunit [0.0451] | Dynactin subunit 2-like [0.0206] | Prefoldin subunit 3 [0.0146] | Dynactin subunit 3-like protein [0.0141] | Dynactin domain-containing protein [0.0118] | Prefoldin subunit [0.0107]
B9J08_002522,Similar to,0.034333105609574,"Similar to [0.0343] | PAT1 domain containing protein [0.0187] | Podospora anserina S mat+ genomic DNA chromosome 7, supercontig 1 [0.0118] | HMG box domain-containing protein [0.0115] | Podospora anserina S mat+ genomic DNA chromosome 1, supercontig 1 [0.0075] | WGS project CABT00000000 data, contig 2.3 [0.0068] | Podospora anserina S mat+ genomic DNA chromosome 3, supercontig 2 [0.0063] | Podospora anserina S mat+ genomic DNA chromosome 2, supercontig 2 [0.0063] | Podospora anserina S mat+ genomic DNA chromosome 1, supercontig 4 [0.0060] | WGS project CABT00000000 data, contig 2.1 [0.0055]"
B9J08_002525,DUF632 domain-containing protein,0.0355293760751572,DUF632 domain-containing protein [0.0355] | SAP30_Sin3_bdg domain-containing protein [0.0263] | Ovate family protein [0.0138] | DUF4806 domain-containing protein [0.0124] | Hypothetical protein [0.0111] | (thale cress) hypothetical protein [0.0103] | Serine/threonine-protein kinase [0.0103] | Serine/threonine protein kinase [0.0040] | Serine/threonine-protein kinase TOUSLED [0.0025] | Serine/threonine-protein kinase TOUSLED-like [0.0025]
B9J08_002540,Opaque-phase-specific protein OP4,0.2406469373551815,"Opaque-phase-specific protein OP4 [0.2406] | Cell wall mannoprotein 1 [0.0322] | Secreted protein [0.0310] | Hypothetical_protein [0.0130] | Cell wall protein [0.0093] | Bgt- [0.0066] | Cell wall mannoprotein [0.0058] | Opaque-phase-specific protein OP4, [0.0027] | Actin cytoskeleton-regulatory complex protein PAN1 [0.0027] | WGS project CABT00000000 data, contig 2.1 [0.0023]"
B9J08_002541,Protein kinase domain-containing protein,0.0348336454676432,Protein kinase domain-containing protein [0.0348] | Protein SQS1 [0.0223] | Transmembrane protein [0.0207] | Choline transporter-like protein [0.0141] | S-acyltransferase [0.0132] | Polycystic kidney disease protein 1-like 2 [0.0083] | Metal ion transporter [0.0079] | Protein ssh4 [0.0050] | Multidrug resistance protein [0.0035] | Protein kinase [0.0022]
B9J08_002545,GATA-type domain-containing protein,0.0975213989361518,GATA-type domain-containing protein [0.0975] | White-opaque regulator 1 [0.0863] | White-opaque regulator 2 [0.0563] | Stc1 domain-containing protein [0.0272] | White-opaque regulator 3 [0.0244] | Zf-4CXXC_R1 domain-containing protein [0.0154] | Zn(2)-C6 fungal-type domain-containing protein [0.0142] | White-opaque regulator 1-like [0.0138] | White-opaque regulator [0.0082] | Zinc-finger domain containing protein [0.0067]
B9J08_002552,F-box domain-containing protein,0.9264463992180944,F-box domain-containing protein [0.9264] | F-box domain protein [0.0065] | Hypothetical protein [0.0040] | F-box domain containing protein [0.0034] | (pine wood nematode) hypothetical protein [0.0032] | F-box domain [0.0029] | FBA_2 domain-containing protein [0.0027] | FTH domain-containing protein [0.0025] | Cyclin-like F-box [0.0024] | FBD domain-containing protein [0.0011]
B9J08_002561,GPI anchored protein,0.0695690625413913,"GPI anchored protein [0.0696] | Sericin-1-like [0.0481] | Secreted protein [0.0431] | Hypothetical_protein [0.0419] | HAM34-like membrane protein [0.0411] | GPI anchored protein, [0.0362] | Sericin-1 [0.0334] | Str. FM013 [0.0300] | Cutinase [0.0287] | Sericin-2-like [0.0168]"
B9J08_002574,Secreted protein,0.0395429483032024,"Secreted protein [0.0395] | GPI anchored protein [0.0325] | Midasin [0.0200] | Str. FM013 [0.0193] | Similar to [0.0140] | GPI anchored protein, [0.0129] | Cell surface protein [0.0115] | Hypothetical_protein [0.0085] | WGS project CABT00000000 data, contig 2.1 [0.0080] | WGS project CABT00000000 data, contig 2.2 [0.0080]"
B9J08_002579,Biopolymer transporter ExbD,0.0450990705007418,Biopolymer transporter ExbD [0.0451] | Biopolymer transport protein ExbD/TolR [0.0424] | Ubiquitinyl hydrolase 1 [0.0177] | SEP domain-containing protein [0.0105] | Ubiquitin-like domain-containing protein [0.0095] | DUF2431 domain-containing protein [0.0089] | Ubiquitin-fold modifier 1 [0.0088] | Biopolymer transport protein ExbD [0.0064] | DUF4325 domain-containing protein [0.0055] | Biopolymer transport exbD protein [0.0041]
B9J08_002584,C2 domain-containing protein,0.0572469650851158,C2 domain-containing protein [0.0572] | DUF3794 domain-containing protein [0.0464] | Vacuolar protein sorting-associated protein 13D [0.0421] | (pine wood nematode) hypothetical protein [0.0324] | VPS13_C domain-containing protein [0.0236] | Vacuolar protein sorting-associated protein 13A [0.0234] | PH domain-containing protein [0.0218] | DUF3668 domain-containing protein [0.0194] | SHR-BD domain-containing protein [0.0170] | DUF3715 domain-containing protein [0.0120]
B9J08_002592,Melanoma antigen recognized by T-cells 1,0.0310564839361442,"Melanoma antigen recognized by T-cells 1 [0.0311] | Secreted protein [0.0227] | Cysteine and tyrosine-rich protein 1 [0.0192] | Hypothetical protein [0.0184] | Nectin-3 [0.0124] | SH3 domain-containing protein [0.0120] | Hypothetical_protein [0.0090] | Transmembrane protein, [0.0089] | Transmembrane protein [0.0055] | WGS project CBMI000000000 data, contig [0.0049]"
B9J08_002593,Flocculation protein FLO11-like,0.0345095571556139,Flocculation protein FLO11-like [0.0345] | Hypothetical protein [0.0287] | Expressed conserved protein [0.0213] | Flocculation protein FLO11 [0.0179] | Serine/arginine repetitive matrix protein 2 [0.0123] | Serine/arginine repetitive matrix protein 2-like [0.0090] | Serine/threonine-protein kinase [0.0067] | Serine/arginine repetitive matrix protein 1 [0.0058] | Serine-rich adhesin for platelets [0.0053] | Serine/threonine-protein kinase mig-15 [0.0048]
B9J08_002613,BHLH domain-containing protein,0.803605194530258,"BHLH domain-containing protein [0.8036] | Transcriptional regulator [0.0187] | BZIP domain-containing protein [0.0046] | WGS project CCBQ000000000 data, contig 00015 [0.0033] | Retrograde regulation protein 3 [0.0031] | WGS project CCBQ000000000 data, contig 00106 [0.0030] | Helix-loop-helix DNA-binding domain-containing transcription factor [0.0019] | WGS project CCBQ000000000 data, contig 00016 [0.0017] | WGS project CCBQ000000000 data, contig 00107 [0.0016] | Hlh transcription factor [0.0015]"
B9J08_002616,Transferrin-like domain-containing protein,0.1697036989206472,Transferrin-like domain-containing protein [0.1697] | Transferrin [0.0511] | BgtE- [0.0393] | Signal peptide protein [0.0299] | Effector protein [0.0271] | A to I editase domain-containing protein [0.0167] | Transferrin-like protein [0.0110] | Vitellogenin domain-containing protein [0.0096] | Transferrin-1 [0.0087] | Signal peptide-containing protein [0.0077]
B9J08_002621,Hypothetical_protein,0.0510101007854265,Hypothetical_protein [0.0510] | Str. FM013 [0.0227] | Mitochondrial fission regulator 1-like [0.0182] | Hypothetical protein [0.0167] | Histone deacetylase 14 [0.0046] | Sister chromatid cohesion protein [0.0035] | Mitochondrial fission regulator 1 [0.0031] | Sister chromatid cohesion protein DCC1 [0.0021] | Serine/threonine-protein kinase [0.0021] | Ribosomal RNA-processing protein 8 [0.0019]
B9J08_002624,Transposase,0.077917833826814,Transposase [0.0779] | Str. FM013 [0.0279] | Hypothetical protein [0.0193] | Integrase [0.0175] | DDE_Tnp_1_7 domain-containing protein [0.0127] | UDENN domain-containing protein [0.0068] | Alpha/beta hydrolase [0.0054] | DUF4057 domain-containing protein [0.0027] | DUF2335 domain-containing protein [0.0026] | ATP-dependent DNA helicase [0.0019]
B9J08_002626,Hypothetical protein,0.0726745731322807,Hypothetical protein [0.0727] | Ovule protein [0.0398] | Transmembrane protein [0.0352] | RPW8 domain-containing protein [0.0228] | Inner membrane protein [0.0148] | DUF2892 domain-containing protein [0.0136] | LapA family protein [0.0115] | IncA protein [0.0110] | Hypothetical_protein [0.0098] | Inner membrane localized protein [0.0081]
B9J08_002640,AGC-kinase C-terminal domain-containing protein,0.0192413787286481,"AGC-kinase C-terminal domain-containing protein [0.0192] | (pine wood nematode) hypothetical protein [0.0131] | Organ specific protein [0.0085] | S ribonuclease [0.0082] | DUF3276 family protein [0.0065] | Organ-specific protein S2-like [0.0042] | RNA-directed DNA polymerase, eukaryota, reverse transcriptase zinc-binding domain protein [0.0037] | RNA-directed DNA polymerase, eukaryota [0.0032] | ATP-dependent DNA helicase [0.0031] | Organ-specific protein S2 [0.0023]"
B9J08_002641,RING-type domain-containing protein,0.1059394988302542,RING-type domain-containing protein [0.1059] | WD_REPEATS_REGION domain-containing protein [0.0420] | Reverse transcriptase domain-containing protein [0.0318] | CCHC-type domain-containing protein [0.0240] | EC:2.7.11.1 [0.0194] | TPR_REGION domain-containing protein [0.0165] | HECT domain-containing protein [0.0156] | WD repeat protein [0.0111] | Serine/threonine-protein kinase [0.0092] | WD repeat-containing protein 60 [0.0087]
B9J08_002650,ARID domain-containing protein,0.0944552450324561,ARID domain-containing protein [0.0945] | Integrase catalytic domain-containing protein [0.0824] | RNA-directed RNA polymerase [0.0473] | CCHC-type domain-containing protein [0.0458] | Reverse transcriptase domain-containing protein [0.0243] | EC:2.7.7.6 [0.0232] | OTU domain-containing protein [0.0194] | RNA polymerase II degradation factor 1 [0.0165] | DNA-directed RNA polymerase [0.0100] | Reverse transcriptase [0.0091]
B9J08_002655,RICTOR_V domain-containing protein,0.138616231962416,RICTOR_V domain-containing protein [0.1386] | TPR_REGION domain-containing protein [0.1323] | Anaphase-promoting complex subunit 3 [0.0375] | Rapamycin-insensitive companion of mTOR [0.0345] | MYND-type domain-containing protein [0.0299] | BTB domain-containing protein [0.0169] | Tetratricopeptide repeat protein [0.0166] | WD_REPEATS_REGION domain-containing protein [0.0162] | Anaphase-promoting complex subunit 5 [0.0107] | Anaphase-promoting complex subunit 7 [0.0060]
B9J08_002656,Ion_trans domain-containing protein,0.0854880261608971,"Ion_trans domain-containing protein [0.0855] | N-acetylglucosaminyltransferase complex [0.0561] | Hypothetical protein [0.0434] | Transmembrane protein [0.0267] | N-acetylglucosaminyltransferase complex, subunit PIG-Q/GPI1 [0.0262] | ABC transmembrane type-1 domain-containing protein [0.0248] | N-acetylglucosaminyltransferase complex, subunit PIG-Q/GPI1, required for phosphatidylinositol biosynthesis [0.0211] | Conserved plasma membrane protein [0.0199] | Cystic fibrosis transmembrane conductance regulator [0.0129] | Transmembrane protein, [0.0121]"
B9J08_002695,Secreted protein,0.0976076979862901,"Secreted protein [0.0976] | Cell wall mannoprotein 1 [0.0596] | Small secreted protein [0.0407] | Cell wall protein [0.0229] | Similar to [0.0169] | Antigenic cell wall protein [0.0141] | WGS project CBMI000000000 data, contig [0.0139] | Hydrophobic surface binding protein A-domain-containing protein [0.0131] | Aggrecan core protein [0.0081] | Secretoglobin family 1C member 1 [0.0046]"
B9J08_002709,Type VI secretion system baseplate subunit TssF,0.0718250288741441,Type VI secretion system baseplate subunit TssF [0.0718] | Type VI secretion protein [0.0226] | VirE_N domain-containing protein [0.0174] | DUF3885 domain-containing protein [0.0117] | Type IV secretion protein Dot [0.0108] | PX domain-containing protein [0.0106] | Type VI secretion system baseplate subunit TssG [0.0092] | Hypothetical protein [0.0092] | EC:2.7.7.6 [0.0081] | Type VI secretion system protein [0.0078]
B9J08_002727,BHLH domain-containing protein,0.0507056313899486,"BHLH domain-containing protein [0.0507] | HMG box domain-containing protein [0.0405] | WD_REPEATS_REGION domain-containing protein [0.0223] | Histone acetyltransferase [0.0187] | Histone deacetylase complex mta1 component [0.0099] | AT-rich interactive domain-containing protein 5B [0.0097] | High mobility group protein [0.0057] | AT-rich interactive domain-containing protein 1B [0.0049] | Ino80 complex subunit Iec3 [0.0046] | High mobility group, superfamily [0.0043]"
B9J08_002729,Secreted protein,0.0342968459682734,Secreted protein [0.0343] | Cell wall protein [0.0064] | KRE1-like protein [0.0053] | EM14S01-3B_G0010840.mRNA.1.CDS.1 [0.0000] | EM14S01-3B_G0053840.mRNA.1.CDS.1 [0.0000] | EM14S01-3B_G0009840.mRNA.1.CDS.1 [0.0000] | EM14S01-3B_G0051840.mRNA.1.CDS.1 [0.0000] | EM14S01-3B_G0010010.mRNA.1.CDS.1 [0.0000] | EM14S01-3B_G0009010.mRNA.1.CDS.1 [0.0000] | EM14S01-3B_G0039840.mRNA.1.CDS.1 [0.0000]
B9J08_002730,YNL208W,0.0778615285368161,YNL208W [0.0779] | YNL208W-like protein [0.0701] | Rick_17kDa_Anti domain-containing protein [0.0418] | YNL208Wp-like protein [0.0272] | Stress protein DDR48 [0.0188] | Related to DDR48-heat shock protein [0.0174] | RNQ1-like protein [0.0107] | RNQ1 (Y [0.0076] | Glycine-rich cell wall structural protein 1 [0.0046] | Glycine-rich cell wall structural protein [0.0042]
B9J08_002731,Structure-specific endonuclease subunit SLX4,0.0219349449629652,Structure-specific endonuclease subunit SLX4 [0.0219] | (pine wood nematode) hypothetical protein [0.0206] | Carboxylesterase family protein [0.0168] | DNA endonuclease RBBP8 [0.0162] | DNA repair and recombination protein RAD26 [0.0131] | Carboxylesterase [0.0124] | Hypothetical protein [0.0121] | Something about silencing protein 10 [0.0058] | DNA repair protein RAD26 [0.0039] | DNA repair protein [0.0038]
B9J08_002734,Opaque-phase-specific protein OP4,0.2000584389156857,"Opaque-phase-specific protein OP4 [0.2001] | (pine wood nematode) hypothetical protein [0.0352] | Hypothetical_protein [0.0203] | Skeletrophin [0.0085] | Spore wall protein 1 [0.0060] | Related to chitinase [0.0057] | Spore coat protein [0.0042] | F-box domain-containing protein [0.0039] | Skeleton-binding protein 1, [0.0037] | Opaque-phase-specific protein OP4, [0.0035]"
B9J08_002735,Cutinase,0.3971433737472045,"Cutinase [0.3971] | Chitinase [0.0337] | Pectin lyase F [0.0233] | EC:3.1.1.74 [0.0213] | Related to MUC1 Extracellular alpha-1,4-glucan glucosidase [0.0202] | EC:3.1.1.- [0.0200] | EC:3.1.1.11 [0.0167] | MUC1-Extracellular alpha-1,4-glucan glucosidase [0.0162] | EC:3.1.3.16 [0.0139] | MUC1 Extracellular alpha-1,4-glucan glucosidase [0.0132]"
B9J08_002753,Secreted protein,0.119667490841459,"Secreted protein [0.1197] | GPI anchored protein [0.0491] | Str. FM013 [0.0148] | GPI anchored protein, [0.0142] | Cell wall protein [0.0112] | WGS project CBMI000000000 data, contig [0.0075] | GPI-anchored protein 26 [0.0037] | Cell wall mannoprotein [0.0037] | Cell wall mannoprotein CIS3 [0.0036] | WGS project CABT00000000 data, contig 2.2 [0.0023]"
B9J08_002754,Ubiquitin-like domain-containing protein,0.6444757260886017,Ubiquitin-like domain-containing protein [0.6445] | Rad60-SLD domain-containing protein [0.0223] | Ubiquitinyl hydrolase 1 [0.0201] | Ubiquitin family protein [0.0184] | EC:3.4.19.12 [0.0153] | C2 domain-containing protein [0.0151] | Integral membrane protein [0.0094] | Protein kinase domain-containing protein [0.0092] | Ubiquitin family [0.0048] | Protein kinase-like domain [0.0028]
B9J08_002757,T-SNARE coiled-coil homology domain-containing protein,0.0388859124631995,"T-SNARE coiled-coil homology domain-containing protein [0.0389] | Hypothetical protein [0.0257] | (pine wood nematode) hypothetical protein [0.0239] | V-SNARE coiled-coil homology domain-containing protein [0.0201] | Heat shock protein GrpE [0.0105] | Bgt- [0.0084] | Heat shock 70 kDa protein 14 [0.0056] | Heat shock factor-binding protein 1 [0.0043] | WGS project CBMI000000000 data, contig [0.0039] | Similar to [0.0032]"
B9J08_002773,DUF599 domain-containing protein,0.2637819609839981,"DUF599 domain-containing protein [0.2638] | Transmembrane protein [0.0908] | Transmembrane protein, [0.0880] | DUF599 family protein [0.0813] | (pine wood nematode) hypothetical protein [0.0399] | (thale cress) hypothetical protein [0.0248] | DUF599-domain-containing protein [0.0149] | DUF599 domain containing protein [0.0123] | G protein-coupled receptor [0.0069] | Transmembrane protein 208 [0.0066]"
B9J08_002811,Ovule protein,0.0452282631642102,Ovule protein [0.0452] | PREDICTED: CLAVATA3/ESR (CLE)-related [0.0349] | Exostosin domain-containing protein [0.0222] | CLAVATA3/ESR (CLE)-related protein 25-like [0.0173] | Exostosin-like [0.0171] | Exostosin family protein [0.0133] | Beta-galactosidase [0.0132] | PREDICTED: unnamed product [0.0125] | Methyltransferase [0.0077] | CLAVATA3/ESR (CLE)-related protein 25 [0.0077]
B9J08_002825,Antitoxin,0.117982164623139,"Antitoxin [0.1180] | Antitoxin protein of toxin-antitoxin system [0.0826] | Cold-shock protein [0.0486] | Chaperone protein DnaK [0.0221] | Antitoxin protein [0.0197] | Excreted virulence factor EspC, type VII ESX diderm [0.0194] | CsbD family protein [0.0165] | Glucose starvation-inducible protein B [0.0156] | Excreted virulence factor EspC (Type VII ESX diderm) [0.0119] | MT0933-like antitoxin protein [0.0108]"
B9J08_002843,Hypothetical protein,0.0773629899714137,"Hypothetical protein [0.0774] | Hypothetical_protein [0.0496] | Transmembrane protein [0.0491] | (pine wood nematode) hypothetical protein [0.0424] | Conserved plasma membrane protein [0.0260] | Bestrophin homolog [0.0171] | Testis-expressed protein 2 [0.0125] | Nuclear envelope morphology protein 1 [0.0120] | Testis-expressed protein 14 [0.0090] | Transmembrane protein, [0.0070]"
B9J08_002884,Str. FM013,0.0777996805183512,"Str. FM013 [0.0778] | Phosducin domain-containing protein [0.0413] | RPGR1_C domain-containing protein [0.0254] | BgtA- [0.0216] | Similar to [0.0211] | UPF0029 domain-containing protein [0.0121] | RPAP3_C domain-containing protein [0.0096] | Protein TRM32 [0.0052] | Protein TRM32-like [0.0042] | WGS project CCBQ000000000 data, contig 00015 [0.0035]"
B9J08_002899,Hypothetical protein,0.0393331637018239,"Hypothetical protein [0.0393] | Casein kinase I [0.0088] | Casein kinase II subunit beta [0.0074] | DUF1752-domain-containing protein [0.0056] | Pentatricopeptide repeat-containing protein [0.0051] | C6 zinc finger domain-containing protein [0.0038] | Serine/threonine-protein kinase [0.0035] | Kinesin light chain [0.0034] | C6 zinc finger domain containing protein [0.0032] | WGS project CBMI000000000 data, contig [0.0026]"
B9J08_002925,Protein kinase domain-containing protein,0.0505357374800417,Protein kinase domain-containing protein [0.0505] | DUF1767 domain-containing protein [0.0237] | Protein SMG7 [0.0174] | Exocyst complex component Sec8 [0.0133] | Ras-GEF domain-containing protein [0.0133] | C2H2-type domain-containing protein [0.0112] | Protein MOR1 [0.0108] | Protein LST4 [0.0107] | DUF2451 domain-containing protein [0.0062] | Protein kinase [0.0049]
B9J08_002933,"37S ribosomal protein S24, mitochondrial",0.0432134096418361,"37S ribosomal protein S24, mitochondrial [0.0432] | 30S ribosomal protein S9 [0.0326] | Something about silencing protein 10 [0.0283] | Ribosomal protein S18 [0.0280] | 28S ribosomal protein S22, mitochondrial [0.0197] | 28S ribosomal protein S24, mitochondrial [0.0194] | Ribosomal protein S15 [0.0162] | Ribosomal protein [0.0134] | DNA-directed RNA polymerase subunit beta [0.0122] | Ribosomal protein S24/S35 [0.0119]"
B9J08_002938,Transmembrane protein,0.2482362602918501,"Transmembrane protein [0.2482] | Transmembrane protein 143 [0.1228] | Transmembrane protein 143-like [0.0380] | Transmembrane protein, [0.0365] | Inner membrane protein [0.0194] | DUF4455 domain-containing protein [0.0167] | Calcium uniporter protein [0.0137] | Transmembrane protein 188 [0.0127] | Transmembrane protein C9orf5 [0.0123] | (pine wood nematode) hypothetical protein [0.0120]"
B9J08_002958,TORC_M domain-containing protein,0.0264728797999494,TORC_M domain-containing protein [0.0265] | TORC_N domain-containing protein [0.0189] | GATA-type domain-containing protein [0.0170] | HJURP_C domain-containing protein [0.0158] | Rxt3-domain-containing protein [0.0099] | Protein kinase [0.0074] | Transcription factor [0.0062] | Transcription factor 20 [0.0037] | Nuclear receptor corepressor 1 [0.0032] | GATA-type sexual development transcription factor NsdD [0.0027]
B9J08_002968,MARVEL domain-containing protein,0.8800758666034663,MARVEL domain-containing protein [0.8801] | Membrane-associating domain-containing protein [0.0162] | Membrane-associating domain protein [0.0047] | Integral membrane protein [0.0040] | MARVEL domain containing protein [0.0039] | Marvel domain-containing protein [0.0036] | MARVEL-like domain protein [0.0034] | Membrane-associating domain-domain-containing protein [0.0034] | Synaptophysin / synaptoporin [0.0021] | Membrane-associating domain family protein [0.0018]
B9J08_003003,"WGS project CBMG000000000 data, contig CS5907-",0.0078601982443804,"WGS project CBMG000000000 data, contig CS5907- [0.0079] | Hypothetical protein [0.0075] | WGS project CBMI000000000 data, contig [0.0074] | BZIP domain-containing protein [0.0059] | Methyl-CpG-binding domain protein [0.0051] | WGS project CBME000000000 data, contig [0.0047] | BZIP_Maf domain-containing protein [0.0046] | BZIP transcription factor [0.0030] | WGS project CBMD000000000 data, contig [0.0027] | CAMP-regulated phosphoprotein 19-related protein [0.0026]"
B9J08_003012,Cell division cycle protein 123,0.0358051423972591,"Cell division cycle protein 123 [0.0358] | Anaphase-promoting complex subunit 10 [0.0342] | MRP-L46 domain-containing protein [0.0244] | Hypothetical_protein [0.0199] | Cell division protein [0.0165] | SH2 domain-containing protein [0.0159] | SH2_2 domain-containing protein [0.0090] | Cell division protein ZipA [0.0081] | Tubulin--tyrosine ligase [0.0061] | WGS project CCBQ000000000 data, contig 00015 [0.0060]"
B9J08_003025,Conserved protein,0.020854110366612,"Conserved protein [0.0209] | Pheromone-regulated membrane protein 10 [0.0159] | WGS project CCBQ000000000 data, contig 00015 [0.0065] | Mif2_N domain-containing protein [0.0064] | WGS project CCBQ000000000 data, contig 00106 [0.0044] | WGS project CCBQ000000000 data, contig 00107 [0.0038] | Mif2/CENP-C like-domain-containing protein [0.0033] | WGS project CCBQ000000000 data, contig 00016 [0.0023] | Mif2p [0.0021] | WGS project CCBQ000000000 data, contig 00058 [0.0020]"
B9J08_003070,RRNA N-glycosidase,0.0145332508956337,"RRNA N-glycosidase [0.0145] | NmrA domain-containing protein [0.0118] | DUF383 domain-containing protein [0.0098] | Hypothetical protein [0.0091] | DUF4470 domain-containing protein [0.0085] | Hypothetical_protein [0.0082] | DUF4821 domain-containing protein [0.0053] | DUF4116 domain-containing protein [0.0038] | WGS project CBMI000000000 data, contig [0.0028] | WGS project CCBQ000000000 data, contig 00015 [0.0020]"
B9J08_003109,RGS domain-containing protein,0.0464731386643601,"RGS domain-containing protein [0.0465] | Hypothetical_protein [0.0413] | WGS project CCBQ000000000 data, contig 00015 [0.0274] | WGS project CCBQ000000000 data, contig 00106 [0.0212] | WGS project CCBQ000000000 data, contig 00107 [0.0138] | WGS project CCBQ000000000 data, contig 00016 [0.0108] | WGS project CCBQ000000000 data, contig 00102 [0.0100] | WGS project CCBQ000000000 data, contig 00058 [0.0097] | WGS project CCBQ000000000 data, contig 00099 [0.0075] | WGS project CCBQ000000000 data, contig 00098 [0.0053]"
B9J08_003110,"Transmembrane protein,",0.0144206817065644,"Transmembrane protein, [0.0144] | Secreted protein [0.0137] | Transmembrane protein [0.0103] | Conserved domain protein [0.0068] | Bgt- [0.0066] | LPXTG cell wall anchor domain-containing protein [0.0065] | Cytochrome c heme lyase subunit CcmF [0.0041] | LPXTG-motif cell wall anchor domain protein [0.0034] | LPXTG-domain-containing protein cell wall anchor domain [0.0026] | Cytochrome c1 [0.0022]"
B9J08_003112,Conserved protein,0.0317658801523804,Conserved protein [0.0318] | Ime1p [0.0072] | Suppressor protein [0.0013] | EM14S01-3B_G0010840.mRNA.1.CDS.1 [0.0000] | EM14S01-3B_G0019840.mRNA.1.CDS.1 [0.0000] | EM14S01-3B_G0010010.mRNA.1.CDS.1 [0.0000] | EM14S01-3B_G0051840.mRNA.1.CDS.1 [0.0000] | EM14S01-3B_G0019970.mRNA.1.CDS.1 [0.0000] | EM14S01-3B_G0034840.mRNA.1.CDS.1 [0.0000] | EM14S01-3B_G0010970.mRNA.1.CDS.1 [0.0000]
B9J08_003129,Midasin,0.2158206988538046,Midasin [0.2158] | Hypothetical_protein [0.0322] | Midasin-like [0.0237] | Piso0_005766 protein [0.0038] | Midasin-like protein [0.0023] | Piso0_005768 protein [0.0023] | Piso0_005761 protein [0.0018] | Piso0_005769 protein [0.0018] | Piso0_005767 protein [0.0018] | Similar to [0.0001]
B9J08_003137,Cation transport regulator ChaB,0.2375778517234241,Cation transport regulator ChaB [0.2376] | FlgM domain-containing protein [0.0218] | Hypothetical_protein [0.0203] | Cation transport regulator chaB [0.0196] | Cation transport regulator [0.0167] | ATPase [0.0126] | Gamma-glutamyltranspeptidase [0.0123] | Gamma-glutamyltransferase [0.0121] | Hypothetical conserved protein [0.0110] | (pine wood nematode) hypothetical protein [0.0108]
B9J08_003149,"54S ribosomal protein L41, mitochondrial",0.0732196341463338,"54S ribosomal protein L41, mitochondrial [0.0732] | 54S ribosomal protein L41 [0.0404] | 37S ribosomal protein S25, mitochondrial [0.0257] | Hypothetical_protein [0.0230] | MRP-S28 domain-containing protein [0.0204] | 54S ribosomal protein L41 mitochondrial [0.0153] | Ribosomal protein subunit L20 [0.0152] | Ribosomal protein subunit L23 [0.0131] | Mitochondrial ribosomal protein L41 [0.0129] | Ribosomal protein subunit L41 [0.0114]"
B9J08_003181,Hypothetical protein,0.0714725342468079,Hypothetical protein [0.0715] | Coiled-coil domain-containing protein 167 [0.0455] | Coiled-coil domain containing 167 [0.0412] | Coiled-coil domain-containing protein 190 [0.0310] | Coiled-coil domain containing 190 [0.0259] | Coiled-coil domain-containing protein 190-like [0.0164] | BZIP domain-containing protein [0.0155] | Coiled-coil domain-containing protein [0.0145] | Transposase [0.0133] | (pine wood nematode) hypothetical protein [0.0116]
B9J08_003191,Topoisomerase I damage affected protein 2,0.0472279264457054,"Topoisomerase I damage affected protein 2 [0.0472] | Topoisomerase I damage affected protein 11 [0.0345] | Hypothetical_protein [0.0265] | (pine wood nematode) hypothetical protein [0.0224] | Piso0_002540 protein [0.0089] | WGS project CCBQ000000000 data, contig 00015 [0.0071] | Piso0_002549 protein [0.0059] | Piso0_002548 protein [0.0053] | Piso0_002547 protein [0.0053] | Piso0_002542 protein [0.0052]"
B9J08_003204,Mitochondrial respiratory complex I chaperone,0.0603067222826872,"Mitochondrial respiratory complex I chaperone [0.0603] | Mitochondrial group I intron splicing factor ccm1 [0.0302] | YJR003C [0.0209] | Mitochondrial respiratory complex I chaperone, [0.0207] | Complex I intermediate-associated protein [0.0164] | YJR003C-like protein [0.0162] | Cytochrome B pre-mRNA-processing protein 6 [0.0140] | Mitochondrial respiratory complex I assembly protein [0.0119] | Mitochondrial respiratory complex I chaperone (Cia84), [0.0090] | WGS project CCBQ000000000 data, contig 00015 [0.0089]"
B9J08_003223,Opaque-phase-specific protein OP4,0.8016801121896597,"Opaque-phase-specific protein OP4 [0.8017] | Secreted protein [0.0163] | Opaque-phase-specific protein OP4, [0.0119] | Cell wall mannoprotein 1 [0.0041] | Opaque-phase-specific protein OP4 protein [0.0026] | Cell wall protein [0.0026] | HEAT repeat domain-containing protein [0.0025] | Opaque-phase-specific protein [0.0025] | Opaque-phase-specific protein OP4, variant [0.0014] | Bgt- [0.0014]"
B9J08_003260,"Transmembrane protein,",0.1741433193920421,"Transmembrane protein, [0.1741] | Transmembrane protein [0.0664] | Ovule protein [0.0303] | Mitochondrial import inner membrane translocase subunit Tim21 [0.0269] | (thale cress) hypothetical protein [0.0230] | Deltameth_res domain-containing protein [0.0176] | Cytochrome c oxidase assembly factor 3 [0.0142] | Mitochondrial import inner membrane translocase subunit TIM50 [0.0092] | Mitochondrial import inner membrane translocase subunit TIM50-like [0.0050] | PREDICTED: mitochondrial [0.0047]"
B9J08_003270,Hypothetical protein,0.0852718438276155,"Hypothetical protein [0.0853] | Hypothetical_protein [0.0544] | (thale cress) hypothetical protein [0.0260] | T-SNARE coiled-coil homology domain-containing protein [0.0206] | SynN domain-containing protein [0.0194] | (pine wood nematode) hypothetical protein [0.0193] | Vesicle transport protein USE1 [0.0192] | Transmembrane protein, [0.0162] | Magnesium transporter [0.0159] | Transmembrane protein [0.0123]"
B9J08_003286,Ell-associated factor Eaf,0.0417426811078428,Ell-associated factor Eaf [0.0417] | C2 NT-type domain-containing protein [0.0179] | Hypothetical protein [0.0146] | Iwr1 domain-containing protein [0.0094] | Ell-associated factor Eaf-like [0.0078] | CTK3_C domain-containing protein [0.0052] | CTK3 domain-containing protein [0.0041] | Piso0_005766 protein [0.0028] | Piso0_005768 protein [0.0024] | Kinesin-like protein KIF13B [0.0014]
B9J08_003297,U3 small nucleolar RNA-associated protein 14,0.0931199310993176,U3 small nucleolar RNA-associated protein 14 [0.0931] | Pre-mRNA-splicing factor CWC25 [0.0511] | Pre-mRNA-splicing factor SPP381 [0.0342] | Pre-mRNA-splicing factor SPP382 [0.0259] | Pre-mRNA-splicing factor CWC26 [0.0143] | U3 snoRNP protein [0.0101] | Pre-mRNA-splicing factor CWC15 [0.0085] | Pre-mRNA-splicing factor SLU7 [0.0081] | U3 small nucleolar ribonucleoprotein protein MPP10 [0.0066] | U3 small nucleolar RNA-associated protein 14 homolog A [0.0065]
B9J08_003317,PMD domain-containing protein,0.2061595244035774,PMD domain-containing protein [0.2062] | Fungal_trans domain-containing protein [0.0854] | Rab-GAP TBC domain-containing protein [0.0476] | ELMO domain-containing protein [0.0153] | Protein MAIN-LIKE 1-like [0.0147] | Fungal specific transcription factor [0.0114] | Fungal specific transcription factor domain family protein [0.0091] | Fungal specific transcription factor domain-containing protein [0.0080] | C6 zinc finger domain-containing protein [0.0063] | Glycosyltransferase family 48 protein [0.0045]
B9J08_003318,Hypothetical protein,0.0512097608843956,"Hypothetical protein [0.0512] | Bgt- [0.0441] | Hypothetical_protein [0.0411] | Similar to [0.0146] | Str. FM013 [0.0135] | DUF4048 domain-containing protein [0.0092] | T-SNARE coiled-coil homology domain-containing protein [0.0083] | WGS project CBMI000000000 data, contig [0.0044] | TBC1 domain family member 30 [0.0038] | T-SNARE [0.0028]"
B9J08_003325,(pine wood nematode) hypothetical protein,0.0903039428325555,(pine wood nematode) hypothetical protein [0.0903] | GPI-anchored protein pfl2 [0.0767] | Flocculation protein FLO11-like [0.0189] | GPI anchored protein [0.0182] | GPI-anchored protein [0.0173] | Flocculation protein FLO11 [0.0156] | Secreted mucin [0.0148] | SEA domain-containing protein [0.0142] | Mucin-5AC-like [0.0137] | Protein spaetzle [0.0125]
B9J08_003333,Secreted phosphoprotein 1,0.0460545140199246,"Secreted phosphoprotein 1 [0.0461] | Ecm22p [0.0217] | WGS project CCBQ000000000 data, contig 00015 [0.0133] | Ecm30p [0.0122] | WGS project CCBQ000000000 data, contig 00106 [0.0114] | Suppressor protein SRP40 [0.0085] | WGS project CCBQ000000000 data, contig 00107 [0.0067] | WGS project CCBQ000000000 data, contig 00016 [0.0057] | WGS project CCBQ000000000 data, contig 00058 [0.0047] | WGS project CCBQ000000000 data, contig 00099 [0.0038]"
B9J08_003334,Secreted phosphoprotein 1,0.0713010244493627,Secreted phosphoprotein 1 [0.0713] | Secreted protein [0.0330] | Secreted phosphoprotein 24 [0.0304] | Hypothetical_protein [0.0172] | Conserved secreted protein [0.0147] | Osteopontin [0.0147] | Syndecan [0.0139] | Secreted phosphoprotein 2 [0.0062] | Hyphal wall protein 1 [0.0042] | Secreted phosphoprotein [0.0033]
B9J08_003337,Transmembrane protein,0.0611259591462971,"Transmembrane protein [0.0611] | CDP-diacylglycerol--serine O-phosphatidyltransferase [0.0298] | Exopolysaccharide synthesis, ExoD [0.0246] | Transmembrane protein, [0.0242] | Exopolysaccharide synthesis ExoD [0.0221] | Exopolysaccharide biosynthesis polyprenyl glycosylphosphotransferase [0.0221] | EC:2.7.8.26 [0.0190] | Golgi apparatus membrane protein TVP23 homolog [0.0164] | EC:2.5.1.18 [0.0153] | Exopolysaccharide synthesis protein [0.0149]"
B9J08_003350,Mediator complex subunit 9,0.0619064762845147,"Mediator complex subunit 9 [0.0619] | Mediator of RNA polymerase II transcription subunit 9 [0.0526] | KxDL domain-containing protein [0.0278] | Biogenesis of lysosome-related organelles complex 1 subunit 7 [0.0248] | WGS project CCBQ000000000 data, contig 00015 [0.0193] | Coiled-coil domain-containing protein 58 [0.0172] | BLIS1 [0.0144] | WGS project CCBQ000000000 data, contig 00106 [0.0104] | Biogenesis of lysosome-related organelles complex 1 subunit KXD1 [0.0093] | Coiled-coil domain-containing protein [0.0088]"
B9J08_003375,F-box domain-containing protein,0.5044340431243298,F-box domain-containing protein [0.5044] | (pine wood nematode) hypothetical protein [0.0358] | Hypothetical_protein [0.0324] | Hypothetical protein [0.0240] | SWIB domain-containing protein [0.0201] | Expressed conserved protein [0.0098] | Ras-GEF domain-containing protein [0.0087] | FBD domain-containing protein [0.0077] | F-box domain protein [0.0056] | F-box protein [0.0050]
B9J08_003399,RIC1 domain-containing protein,0.3683747836829265,RIC1 domain-containing protein [0.3684] | Transcription factor WD40-like family [0.0411] | Rav1p_C domain-containing protein [0.0314] | RIC1-domain-containing protein [0.0236] | Protein RIC1 homolog [0.0205] | IKI3 family protein [0.0173] | Acylaminoacyl-peptidase [0.0146] | IKI3 family-domain-containing protein [0.0119] | Ricin B-type lectin domain-containing protein [0.0114] | Neuroblastoma-amplified sequence [0.0099]
B9J08_003419,Cell wall surface anchor family protein,0.0341912148756549,"Cell wall surface anchor family protein [0.0342] | LPXTG cell wall anchor domain-containing protein [0.0288] | WGS project CCBQ000000000 data, contig 00015 [0.0263] | LPXTG-motif cell wall anchor domain protein [0.0233] | Surface anchored protein [0.0200] | WGS project CCBQ000000000 data, contig 00106 [0.0181] | Gram_pos_anchor domain-containing protein [0.0145] | WGS project CCBQ000000000 data, contig 00016 [0.0131] | Cell wall protein [0.0126] | Cell wall anchor protein [0.0089]"
B9J08_003422,Hypothetical protein,0.0608215782245729,Hypothetical protein [0.0608] | Hypothetical_protein [0.0330] | Hypothetical conserved protein [0.0181] | SUI1 domain-containing protein [0.0168] | DUF4456 domain-containing protein [0.0164] | Retrotrans_gag domain-containing protein [0.0148] | Transposase [0.0131] | FAR1 domain-containing protein [0.0105] | DUF4219 domain-containing protein [0.0098] | Integrase and RNaseH domain-containing protein [0.0081]
B9J08_003434,Mto2_bdg domain-containing protein,0.2047546950224154,Mto2_bdg domain-containing protein [0.2048] | Protein sgm1 [0.0678] | PH domain-containing protein [0.0382] | M protein repeat protein [0.0358] | GRIP domain-containing protein [0.0311] | EC:2.3.2.27 [0.0157] | Spindle pole body component 110 [0.0115] | Mto2p [0.0115] | Anucleate primary sterigmata protein A [0.0095] | Spindle pole body protein ppc89 [0.0089]
B9J08_003468,"ATP synthase subunit e, mitochondrial",0.0968025853107058,"ATP synthase subunit e, mitochondrial [0.0968] | Hypothetical_protein [0.0581] | (thale cress) hypothetical protein [0.0412] | Mitochondrial zinc maintenance protein 1, mitochondrial [0.0379] | Mitochondrial ATP synthase subunit e [0.0217] | ATP synthase-coupling factor 6, mitochondrial [0.0206] | Mitochondrial protein [0.0189] | Mitochondrial ATP synthase subunit [0.0163] | Mitochondrial import inner membrane translocase subunit Tim16 [0.0104] | Mitochondrial ATP synthase [0.0099]"
B9J08_003475,Arrestin_C domain-containing protein,0.033434542634274,Arrestin_C domain-containing protein [0.0334] | Myozenin-2 [0.0248] | Hydrocephalus-inducing protein homolog [0.0204] | Protein Skeletor [0.0109] | Hydrocephalus-inducing protein-like [0.0102] | Myozenin-2-like [0.0098] | Myozenin-1 [0.0093] | Eukaryotic translation initiation factor 2D [0.0091] | Hydrocephalus-inducing protein [0.0087] | Splicing factor 3B subunit 2 [0.0048]
B9J08_003481,Hypothetical protein,0.146615147845274,Hypothetical protein [0.1466] | DUF4806 domain-containing protein [0.1291] | DUF1604 domain-containing protein [0.0264] | BESS domain-containing protein [0.0256] | Pre-mRNA-splicing factor 18 [0.0192] | (pine wood nematode) hypothetical protein [0.0140] | Eukaryotic translation initiation factor 3 30 kDa subunit [0.0130] | Detected protein of confused Function [0.0110] | DUF4780 domain-containing protein [0.0087] | Protein AATF [0.0051]
B9J08_003483,MitMem_reg domain-containing protein,0.0944729698450439,"MitMem_reg domain-containing protein [0.0945] | Exocyst complex component Sec8 [0.0377] | GCP_C_terminal domain-containing protein [0.0297] | Vps8 domain-containing protein [0.0221] | Exocyst complex component Sec10 [0.0185] | Vacuolar protein sorting-associated protein 28 [0.0178] | GCP_N_terminal domain-containing protein [0.0173] | WASH complex subunit strumpellin [0.0090] | C2 domain-containing protein [0.0085] | WGS project CCBQ000000000 data, contig 00015 [0.0069]"
B9J08_003487,Secreted protein,0.1622546705586142,"Secreted protein [0.1623] | GPI anchored protein [0.0327] | Expressed protein [0.0293] | Secreted peptide [0.0261] | GPI anchored protein, [0.0128] | Hypothetical_protein [0.0124] | Repressed By RIM101 protein 1 [0.0060] | Repressed By RIM101 protein 1-like [0.0039] | GPI-anchored protein [0.0028] | WGS project CABT00000000 data, contig 2.2 [0.0026]"
B9J08_003491,F-box/LRR-repeat protein,0.086256989011522,"F-box/LRR-repeat protein [0.0863] | Leucine-rich repeat domain, L domain-containing protein [0.0683] | LRR domain containing protein [0.0491] | Leucine-rich repeat domain, L domain-like protein [0.0369] | LRR_6 domain-containing protein [0.0287] | FBD domain-containing protein [0.0252] | Ubiquitin-protein ligase [0.0214] | F-box/LRR protein [0.0176] | F-box/FBD/LRR-repeat protein [0.0175] | F-box/LRR-repeat protein 15 [0.0153]"
B9J08_003499,DUF4739 domain-containing protein,0.0426725627688706,DUF4739 domain-containing protein [0.0427] | ASD2 domain-containing protein [0.0377] | PH domain-containing protein [0.0317] | Rab-GAP TBC domain-containing protein [0.0304] | DUF1752 domain-containing protein [0.0275] | SH2 domain-containing protein [0.0173] | Protein kinase domain-containing protein [0.0164] | SH2 domain-containing adapter protein F [0.0146] | Serine-rich adhesin for platelets [0.0134] | Ras-GAP domain-containing protein [0.0106]
B9J08_003511,Protein C10,0.2138567250064131,"Protein C10 [0.2139] | EF-hand_like domain-containing protein [0.0692] | EF-hand_14 domain-containing protein [0.0610] | Calmodulin [0.0280] | EF-hand domain-containing protein [0.0156] | Altered inheritance of mitochondria protein 41 [0.0154] | Altered inheritance of mitochondria protein 41, mitochondrial [0.0058] | Calmodulin-like protein 1 [0.0042] | Calmodulin-like protein [0.0033] | Protein C12orf4 homolog [0.0030]"
B9J08_003528,Hypothetical protein,0.067883136557629,"Hypothetical protein [0.0679] | Transposase [0.0126] | Phosphoenolpyruvate carboxylase [0.0121] | WGS project CBMG000000000 data, contig CS5907- [0.0104] | Hypothetical conserved protein [0.0070] | Intraflagellar transport protein 57 homolog [0.0044] | WGS project CBME000000000 data, contig [0.0037] | Serine/threonine protein kinase [0.0037] | DUF4268 domain-containing protein [0.0034] | WGS project CBMI000000000 data, contig [0.0032]"
B9J08_003532,Membrane-associated kinase regulator 6,0.0595393193781641,Membrane-associated kinase regulator 6 [0.0595] | Str. FM013 [0.0297] | Hypothetical protein [0.0253] | Membrane-associated kinase regulator 5 [0.0154] | (pine wood nematode) hypothetical protein [0.0101] | Membrane-associated kinase regulator 4 [0.0089] | Membrane-associated kinase regulator [0.0083] | Muscular LMNA-interacting protein [0.0051] | Muscular LMNA interacting protein [0.0049] | Protein phosphatase 1 regulatory subunit 15A [0.0037]
B9J08_003539,J domain-containing protein,0.1219353831442336,J domain-containing protein [0.1219] | Hypothetical_protein [0.0477] | Conserved protein [0.0348] | F-box-like family protein [0.0316] | PCI domain-containing protein [0.0245] | DnaJ-domain-containing protein [0.0188] | F-box domain-containing protein [0.0134] | F_actin_bund_C domain-containing protein [0.0107] | DnaJ domain-containing protein [0.0099] | F-box-like protein [0.0027]
B9J08_003551,Flo11 domain-containing protein,0.1187788719330954,Flo11 domain-containing protein [0.1188] | PA14 domain-containing protein [0.0859] | WSC domain-containing protein [0.0832] | SEA domain-containing protein [0.0375] | Flocculation protein FLO11 [0.0251] | Ig-like domain-containing protein [0.0245] | Hyphal wall protein 1 [0.0243] | Apple domain-containing protein [0.0160] | Cell wall protein DAN4 [0.0122] | Hyphal wall protein [0.0062]
B9J08_003591,Hyphal wall protein 1,0.1260423961246645,Hyphal wall protein 1 [0.1260] | Hyphal wall protein [0.0715] | Hyphal wall protein 1-like [0.0333] | Hyphal wall protein 2-like [0.0173] | Secreted protein [0.0146] | Hyphal wall protein 2 [0.0141] | Filamentous growth regulator 23-like [0.0097] | Flocculation protein FLO11 [0.0088] | GPI anchored protein [0.0068] | GPI-anchored protein [0.0057]
B9J08_003601,U4/U6.U5 small nuclear ribonucleoprotein 27 kDa protein,0.0787196487871872,U4/U6.U5 small nuclear ribonucleoprotein 27 kDa protein [0.0787] | SNRNP27 domain-containing protein [0.0470] | U4/U6.U5 tri-snRNP-associated protein 3 [0.0458] | U4/U6.U5 tri-snRNP-associated protein 1 [0.0408] | PEST proteolytic signal-containing nuclear protein [0.0238] | Zgc:194243 [0.0180] | U4/U6.U5 tri-snRNP-associated protein 1-like [0.0146] | Zgc: [0.0112] | (thale cress) hypothetical protein [0.0100] | (pine wood nematode) hypothetical protein [0.0084]
B9J08_003607,Acidic repeat-containing protein-like,0.1056205930790303,Acidic repeat-containing protein-like [0.1056] | Prostatic spermine-binding protein-like [0.0730] | Acidic repeat-containing protein [0.0354] | Acidic leucine-rich nuclear phosphoprotein 32-related protein 1-like [0.0293] | Acidic leucine-rich nuclear phosphoprotein 32-related protein-like [0.0251] | Hypothetical protein [0.0203] | Acidic leucine-rich nuclear phosphoprotein 32-related protein [0.0195] | Acidic leucine-rich nuclear phosphoprotein 32-related protein 2-like [0.0185] | Cerebellar degeneration-related antigen 1 [0.0184] | Replicase polyprotein 1a [0.0165]
B9J08_003635,Dymeclin,0.0203893390431518,Dymeclin [0.0204] | Nitrate assimilation regulatory protein nira [0.0161] | MIF4G domain-containing protein [0.0157] | DUF3402 domain-containing protein [0.0131] | Non-specific serine/threonine protein kinase [0.0076] | CDC24 domain-containing protein [0.0072] | Myosin motor domain-containing protein [0.0063] | Nitrate assimilation regulatory protein nirA [0.0056] | Non-structural maintenance of chromosome element 4 [0.0046] | Nitrate assimilation regulatory protein nira protein [0.0040]
B9J08_003636,Mediator of RNA polymerase II transcription subunit 9,0.0326773234678103,Mediator of RNA polymerase II transcription subunit 9 [0.0327] | DASH complex subunit SPC19 [0.0284] | Mediator complex subunit 9 [0.0229] | REM-1 domain-containing protein [0.0226] | Intraflagellar transport protein [0.0125] | THO complex subunit 7 [0.0111] | Intraflagellar transport protein 20 [0.0089] | THO complex subunit 5 [0.0076] | Similar to [0.0074] | EKC/KEOPS complex subunit BUD32 [0.0069]
B9J08_003644,DDE_Tnp_1_7 domain-containing protein,0.064496201481813,"DDE_Tnp_1_7 domain-containing protein [0.0645] | Transposase, MuDR, MULE transposase domain protein [0.0212] | BESS domain-containing protein [0.0177] | Autophagy-related protein 13 [0.0109] | Protein FAR1-RELATED SEQUENCE [0.0106] | NAC domain-containing protein [0.0088] | Serine/threonine-protein kinase RIO2 [0.0043] | Autophagy-related protein 13-like [0.0040] | E2F transcription factor 7 [0.0035] | PiggyBac transposable element-derived protein 2 [0.0033]"
B9J08_003651,Mitochondrial inner membrane i-AAA protease complex subunit,0.1808390737577964,Mitochondrial inner membrane i-AAA protease complex subunit [0.1808] | Mitochondrial import inner membrane translocase subunit TIM54 [0.0683] | Mitochondrial K+-H+ exchange-related-domain-containing protein [0.0470] | Mitochondrial import inner membrane translocase subunit TIM50 [0.0312] | Mitochondrial import inner membrane translocase subunit Tim23 [0.0259] | Hypothetical_protein [0.0241] | Hypothetical protein [0.0171] | Mitochondrial ATP synthase subunit [0.0168] | Piso0_000946 protein [0.0140] | Mitochondrial inner membrane i-AAA protease complex subunit protein [0.0139]
B9J08_003672,ABC transporter ATP-binding protein,0.1128414260391615,ABC transporter ATP-binding protein [0.1128] | ABC transmembrane type-1 domain-containing protein [0.0684] | Hypothetical protein [0.0397] | (pine wood nematode) hypothetical protein [0.0264] | MMPL domain-containing protein [0.0157] | Expressed protein [0.0155] | ABC transporter ATP-binding protein/permease [0.0142] | DUF4229 domain-containing protein [0.0130] | DUF2335 domain-containing protein [0.0098] | ATP-binding protein [0.0085]
B9J08_003694,Transmembrane protein 268,0.1404363868774528,Transmembrane protein 268 [0.1404] | Transmembrane protein C9orf5 [0.0474] | Transmembrane protein 245 [0.0434] | Transmembrane protein [0.0412] | Hypothetical protein [0.0319] | Transmembrane protein 266 [0.0298] | EF-hand domain-containing protein [0.0227] | GRAM domain-containing protein [0.0221] | Transmembrane protein 268-like [0.0219] | Hypothetical_protein [0.0219]
B9J08_003698,VHS domain-containing protein,0.4088275417425088,VHS domain-containing protein [0.4088] | Hypothetical protein [0.0428] | ENTH domain-containing protein [0.0410] | (thale cress) hypothetical protein [0.0270] | Calponin-homology (CH) domain-containing protein [0.0159] | (pine wood nematode) hypothetical protein [0.0099] | Hypothetical_protein [0.0074] | Cytospin-A [0.0069] | VHS domain protein [0.0043] | VHS domain-containing protein At3g16270-like [0.0026]
B9J08_003704,TPX2_importin domain-containing protein,0.1285586390276547,TPX2_importin domain-containing protein [0.1286] | TPX2 domain-containing protein [0.0916] | INCENP_ARK-bind domain-containing protein [0.0184] | (thale cress) hypothetical protein [0.0157] | TPX2 family protein [0.0119] | Flocculation protein FLO11-like [0.0115] | Hypothetical protein [0.0068] | Protein TPX2 [0.0044] | Flocculation protein FLO11 [0.0032] | Protein virilizer [0.0032]
B9J08_003723,Cyclin,0.052892755964349,Cyclin [0.0529] | Cyclin-domain-containing protein [0.0507] | MIF4G domain-containing protein [0.0449] | Cyclin N-terminal domain-containing protein [0.0213] | GED domain-containing protein [0.0164] | Hypothetical_protein [0.0126] | Cyclin-dependent kinase [0.0100] | Peroxisomal membrane protein PEX14 [0.0098] | Peroxisomal membrane protein PEX16 [0.0075] | Transcription factor [0.0063]
B9J08_003733,Smg4_UPF3 domain-containing protein,0.1349687818394641,Smg4_UPF3 domain-containing protein [0.1350] | Mediator of RNA polymerase II transcription subunit 19 [0.0353] | Surfeit locus protein 6 [0.0214] | BZIP domain-containing protein [0.0153] | Hypothetical protein [0.0133] | Regulator of nonsense transcripts 3A [0.0121] | Surfeit locus protein 6 homolog [0.0095] | Surp module [0.0084] | Hepatoma-derived growth factor-related protein 2-like [0.0082] | Surp module family protein [0.0075]
B9J08_003744,T-SNARE coiled-coil homology domain-containing protein,0.1352730555730524,T-SNARE coiled-coil homology domain-containing protein [0.1353] | Syntaxin-5_N domain-containing protein [0.0258] | Hypothetical protein [0.0246] | Str. FM013 [0.0203] | Syntaxin-32-like [0.0080] | Syntaxin-32 [0.0064] | Syntaxin-6_N domain-containing protein [0.0063] | Tymo-45kd-70kd domain containing protein [0.0059] | Tymo-45kd-70kd multi-domain protein [0.0053] | Potassium voltage-gated channel subfamily H member 2 [0.0036]
B9J08_003751,CULLIN_2 domain-containing protein,0.1541298896436214,CULLIN_2 domain-containing protein [0.1541] | Exocyst complex component 5 [0.0719] | Sec3_C domain-containing protein [0.0571] | Exocyst complex component Sec10 [0.0534] | FH2 domain-containing protein [0.0255] | Hypothetical protein [0.0252] | Programmed cell death protein 10 [0.0165] | E3 SUMO-protein ligase MMS21-like [0.0126] | E3 SUMO-protein ligase KIAA1586-like [0.0110] | E3 SUMO-protein ligase MMS21 [0.0083]
B9J08_003777,Transmembrane protein,0.0905602129929303,"Transmembrane protein [0.0906] | Integral membrane protein [0.0381] | Scamp-domain-containing protein [0.0309] | Secretory carrier membrane protein [0.0274] | Transmembrane protein, [0.0247] | Hypothetical protein [0.0241] | Protein S-acyltransferase 2 [0.0188] | (pine wood nematode) hypothetical protein [0.0160] | Secretory carrier-associated membrane protein [0.0141] | Integral to membrane [0.0137]"
B9J08_003794,Hypothetical protein,0.0289717434431869,Hypothetical protein [0.0290] | Expressed conserved protein [0.0237] | (pine wood nematode) hypothetical protein [0.0212] | Protein kinase domain-containing protein [0.0202] | Hypothetical_protein [0.0186] | DUF4408 domain-containing protein [0.0145] | Bgt- [0.0131] | Protein FAM189A1 [0.0059] | Inner centromere protein A [0.0054] | Testis-expressed protein 2 [0.0052]
B9J08_003812,Mab-21 domain-containing protein,0.6291238971968289,Mab-21 domain-containing protein [0.6291] | DUF659 domain-containing protein [0.0123] | E3 ubiquitin-protein ligase [0.0071] | Protein ECM9 [0.0070] | Fuz_longin_1 domain-containing protein [0.0066] | Protein mab-21-like 3 [0.0063] | Mab-21 domain containing protein [0.0060] | Hypothetical protein [0.0054] | Ankyrin repeat protein [0.0038] | Protein mab-21-like 1 [0.0034]
B9J08_003818,Ribosome biogenesis protein SLX9,0.1486011375723897,Ribosome biogenesis protein SLX9 [0.1486] | RAD51_interact domain-containing protein [0.0686] | Ribosomal RNA-processing protein 8 [0.0570] | Hypothetical_protein [0.0246] | Centromere protein U [0.0245] | Mif2_N domain-containing protein [0.0190] | CENP-C_C domain-containing protein [0.0119] | DNA replication regulator SLD2 [0.0103] | Conserved leucine-rich repeat protein [0.0088] | Ribosomal RNA processing Brix domain protein [0.0029]
B9J08_003843,Mab-21 domain-containing protein,0.2349592561938322,Mab-21 domain-containing protein [0.2350] | Endoplasmic reticulum membrane protein [0.0342] | Secreted protein [0.0331] | Transmembrane protein [0.0320] | Endoplasmic reticulum-Golgi intermediate compartment protein 2 [0.0202] | Conserved secreted protein [0.0172] | Transmembrane protein 231 [0.0127] | BPI2 domain-containing protein [0.0121] | Endoplasmic reticulum membrane protein 65 [0.0082] | Endoplasmic reticulum membrane protein ERp29 [0.0080]
B9J08_003845,Nuclear protein MDM1,0.0482913973685303,"Nuclear protein MDM1 [0.0483] | TPX2 domain-containing protein [0.0400] | Structure-specific endonuclease subunit SLX4 [0.0358] | Proteophosphoglycan ppg4 [0.0170] | Ribosomal_L7Ae domain-containing protein [0.0159] | Nascent polypeptide-associated complex subunit alpha, muscle-specific form [0.0150] | Nascent polypeptide-associated complex subunit alpha [0.0104] | Mucin-5AC-like [0.0087] | Mucin-5AC [0.0086] | 40S ribosomal protein S6 [0.0081]"
B9J08_003853,Transcription factor,0.0311732265237895,"Transcription factor [0.0312] | RPOL9 domain-containing protein [0.0155] | Rabenosyn-5 [0.0149] | Peptidase [0.0079] | RPOL4c domain-containing protein [0.0077] | WGS project CCBQ000000000 data, contig 00015 [0.0038] | WGS project CCBQ000000000 data, contig 00106 [0.0031] | WGS project CCBQ000000000 data, contig 00107 [0.0025] | WGS project CCBQ000000000 data, contig 00016 [0.0018] | WGS project CCBQ000000000 data, contig 00102 [0.0011]"
B9J08_003857,SWI5-dependent HO expression protein 3,0.2042636698767714,SWI5-dependent HO expression protein 3 [0.2043] | BBP1_C domain-containing protein [0.0860] | M-phase phosphoprotein 9 [0.0272] | Hypothetical_protein [0.0114] | Spindle pole component BBP1 [0.0114] | Protein BBP1 [0.0106] | Spindle pole body component BBP1 [0.0106] | SWI5-dependent HO expression protein 3-like [0.0086] | Filament-forming protein [0.0072] | Centrosomal protein of 57 kDa [0.0055]
B9J08_003891,NAC domain-containing protein,0.0493258072469941,"NAC domain-containing protein [0.0493] | Ovule protein [0.0234] | TORC_C domain-containing protein [0.0144] | Heat shock transcription factor 1 [0.0072] | Heat shock transcription factor [0.0070] | Transcription factor [0.0063] | Dehydration-responsive element-binding protein 3-like [0.0035] | Heat shock transcription factor, other eukaryote [0.0032] | Transcription factor SOX-14 [0.0027] | NAC domain-containing protein 29-like [0.0027]"
B9J08_003904,RIBOSOMAL_L9 domain-containing protein,0.1880190114839955,"RIBOSOMAL_L9 domain-containing protein [0.1880] | 39S ribosomal protein L41, mitochondrial [0.0526] | 39S ribosomal protein L9, mitochondrial [0.0423] | MRP-L27 domain-containing protein [0.0232] | Mitochondrial ribosomal protein L23 [0.0168] | 50S ribosomal protein L27 [0.0134] | Ribosomal protein subunit L23 [0.0134] | 39S ribosomal protein L49, mitochondrial [0.0109] | MRP-S28 domain-containing protein [0.0107] | Hypothetical_protein [0.0096]"
B9J08_003929,CUB domain-containing protein,0.166198432136526,CUB domain-containing protein [0.1662] | Hypothetical protein [0.0599] | (pine wood nematode) hypothetical protein [0.0530] | Arrestin_N domain-containing protein [0.0390] | Tolloid-like protein 2 [0.0291] | VWFD domain-containing protein [0.0233] | MATH domain-containing protein [0.0194] | Tolloid-like protein 1 [0.0125] | DUF1619 domain-containing protein [0.0077] | DUF1769-domain-containing protein [0.0043]
B9J08_003958,Ovule protein,0.0711582528782602,"Ovule protein [0.0712] | Hypothetical protein [0.0296] | Transmembrane protein [0.0236] | Bgt- [0.0151] | (pine wood nematode) hypothetical protein [0.0141] | B12D domain-containing protein [0.0118] | Transmembrane protein, [0.0082] | Regulator of nonsense transcripts-like protein [0.0038] | PREDICTED: transmembrane [0.0024] | B12D protein [0.0024]"
B9J08_003968,C2H2-type domain-containing protein,0.2483045089814262,"C2H2-type domain-containing protein [0.2483] | C3H1-type domain-containing protein [0.0573] | Hypothetical protein [0.0378] | Expressed protein [0.0298] | Ovule protein [0.0255] | Zinc finger protein [0.0117] | C2H2-type zinc finger-containing protein [0.0067] | C2H2-type zinc finger-like protein [0.0034] | Zinc finger protein, [0.0032] | Transcription factor C2H2 family [0.0027]"
B9J08_003970,AMP-binding domain-containing protein,0.5573889280137649,"AMP-binding domain-containing protein [0.5574] | Acetyl-CoA synthetase-like protein [0.1616] | Carrier domain-containing protein [0.0267] | Acyl-CoA synthetase family member 3, mitochondrial [0.0165] | 4-coumarate--CoA ligase [0.0108] | Acyl-CoA synthetase [0.0080] | AMP-dependent synthetase/ligase [0.0074] | AMP-binding protein [0.0051] | L-aminoadipate-semialdehyde dehydrogenase large subunit [0.0049] | AMP-binding enzyme [0.0049]"
B9J08_003974,Hypothetical protein,0.0790205515859191,Hypothetical protein [0.0790] | DUF4524 domain-containing protein [0.0703] | Hypothetical_protein [0.0641] | (pine wood nematode) hypothetical protein [0.0449] | (thale cress) hypothetical protein [0.0126] | DUF2439 domain-containing protein [0.0094] | Transposase [0.0090] | Integrase [0.0075] | Mitochondrial ribosomal protein L24 [0.0062] | Integrase catalytic domain-containing protein [0.0036]
B9J08_003984,Powdery mildew-specific protein,0.0151854795599161,"Powdery mildew-specific protein [0.0152] | Dynactin subunit 2 [0.0134] | Amyloid protein-binding protein 2 [0.0117] | Proteasome regulatory subunit [0.0117] | Amyloid protein-binding protein 2-like [0.0099] | Hypothetical protein [0.0097] | WGS project CABT00000000 data, contig 2.3 [0.0096] | WGS project CABT00000000 data, contig 2.1 [0.0083] | WGS project CCBQ000000000 data, contig 00015 [0.0080] | WGS project CABT00000000 data, contig 2.2 [0.0064]"
B9J08_004002,2OG-FeII_Oxy_2 domain-containing protein,0.1419125054667971,2OG-FeII_Oxy_2 domain-containing protein [0.1419] | Dedicator of cytokinesis protein 6 [0.0396] | Rap-GAP domain-containing protein [0.0267] | WD_REPEATS_REGION domain-containing protein [0.0204] | DUF3591 domain-containing protein [0.0180] | Bromo domain-containing protein [0.0154] | Coiled-coil domain-containing protein lobo homolog [0.0094] | Dedicator of cytokinesis protein 7 [0.0078] | Coiled-coil domain-containing protein [0.0066] | Dedicator of cytokinesis protein 7-like [0.0059]
B9J08_004007,Pecanex-like protein,0.2176258614603022,"Pecanex-like protein [0.2176] | Chloride channel protein [0.0546] | Hypothetical protein [0.0536] | SLATT_5 domain-containing protein [0.0298] | Transmembrane protein [0.0200] | Chloride channel-like protein CLC-g [0.0134] | Vezatin domain-containing protein [0.0128] | SLATT domain-containing protein [0.0120] | Transmembrane protein, [0.0071] | Chloride channel protein 2 [0.0063]"
B9J08_004020,VPS13 domain-containing protein,0.0175982534792195,VPS13 domain-containing protein [0.0176] | Chorein_N domain-containing protein [0.0147] | VPS13_mid_rpt domain-containing protein [0.0051] | VPS35 endosomal protein-sorting factor-like [0.0049] | Vacuolar protein sorting-associated protein [0.0048] | Vacuolar protein sorting-associated protein 13B [0.0047] | Vacuolar protein sorting-associated protein 13D [0.0039] | Vacuolar protein sorting-associated protein 13A [0.0038] | Vacuolar protein sorting 13 homolog C [0.0037] | F-box/LRR-repeat protein [0.0030]
B9J08_004031,Urb2 domain-containing protein,0.3055734104299422,Urb2 domain-containing protein [0.3056] | Non-specific serine/threonine protein kinase [0.0431] | EC:2.7.11.1 [0.0375] | Glomulin [0.0283] | Fanconi anemia group I protein [0.0177] | Hypothetical_protein [0.0159] | Glomulin-like [0.0146] | Transport and Golgi organization protein 6 [0.0143] | Transport and Golgi organization protein 6 homolog [0.0133] | Origin recognition complex subunit 3 [0.0100]
B9J08_004033,Membrane-associated kinase regulator 6,0.1100729325029687,Membrane-associated kinase regulator 6 [0.1101] | Membrane-associated kinase regulator [0.0882] | Membrane-associated kinase regulator 4 [0.0705] | Hypothetical protein [0.0703] | Membrane-associated kinase regulator 5 [0.0561] | Hypothetical_protein [0.0457] | Membrane-associated kinase regulator 1 [0.0430] | Membrane-associated kinase regulator 3 [0.0291] | Membrane-associated kinase regulator 2 [0.0201] | Vulcan [0.0140]
B9J08_004034,Similar to,0.0576611669464263,Similar to [0.0577] | DUF2497 domain-containing protein [0.0435] | DUF1716 domain-containing protein [0.0314] | Hypothetical_protein [0.0306] | Coiled-coil domain-containing protein [0.0274] | DUF1014-domain-containing protein [0.0235] | DUF2058 domain-containing protein [0.0205] | DUF2058 family protein [0.0135] | Related to DNA mismatch repair protein Msh2 [0.0091] | DNA mismatch repair protein Msh2 [0.0090]
B9J08_004036,Arrestin_N domain-containing protein,0.6763293386141447,Arrestin_N domain-containing protein [0.6763] | Arrestin_C domain-containing protein [0.0472] | PAZ domain-containing protein [0.0203] | Bul1_C domain-containing protein [0.0128] | Arrestin [0.0089] | DUF3668 domain-containing protein [0.0085] | Arrestin domain-containing protein 2 [0.0065] | Arrestin (Or S-antigen) [0.0053] | DUF1785 domain-containing protein [0.0048] | Arrestin domain-containing protein [0.0038]
B9J08_004037,Hypothetical_protein,0.1082748321156296,Hypothetical_protein [0.1083] | Hypothetical protein [0.0855] | Secreted protein [0.0479] | Candidate secreted effector protein [0.0213] | Alpha-carbonic anhydrase domain-containing protein [0.0203] | Hypothetical conserved protein [0.0161] | Flo11 domain-containing protein [0.0110] | Cell wall protein [0.0102] | Polymorphic outer membrane protein [0.0054] | Flo11p [0.0023]
B9J08_004056,"39S ribosomal protein L50, mitochondrial",0.0595587842880362,"39S ribosomal protein L50, mitochondrial [0.0596] | Hypothetical protein [0.0453] | (pine wood nematode) hypothetical protein [0.0279] | DNA primase large subunit [0.0278] | DNA-directed RNA polymerase [0.0260] | SWIB domain-containing protein [0.0220] | Transcription termination factor 3, mitochondrial [0.0139] | Rhoptry-associated protein 1 [0.0101] | Rhoptry neck protein 5 [0.0091] | 28S ribosomal protein S35, mitochondrial [0.0090]"
B9J08_004084,Secreted protein,0.0586056415705024,"Secreted protein [0.0586] | GPI anchored protein [0.0181] | Cell wall protein [0.0137] | Conserved protein [0.0123] | GPI anchored protein, [0.0071] | WGS project CCBQ000000000 data, contig 00106 [0.0052] | Cell wall mannoprotein [0.0041] | WGS project CCBQ000000000 data, contig 00015 [0.0040] | GPI-anchored protein pfl2 [0.0037] | WGS project CCBQ000000000 data, contig 00016 [0.0026]"
B9J08_004087,Uds1 domain-containing protein,0.1146556182336761,"Uds1 domain-containing protein [0.1147] | Restriction of telomere capping protein 4 [0.0338] | Hypothetical_protein [0.0231] | DH domain-containing protein [0.0224] | Proteophosphoglycan 5 [0.0199] | Similar to [0.0137] | Conserved protein [0.0112] | Protein kinase domain-containing protein [0.0062] | Proteophosphoglycan ppg4 [0.0037] | WGS project CCBQ000000000 data, contig 00015 [0.0031]"
B9J08_004093,DUF3945 domain-containing protein,0.0264813513577582,DUF3945 domain-containing protein [0.0265] | Hypothetical_protein [0.0232] | RLAN domain-containing protein [0.0201] | DUF302 domain-containing protein [0.0178] | RL10P_insert domain-containing protein [0.0166] | UPF0176_N domain-containing protein [0.0157] | Transcription-repair coupling factor [0.0103] | TRNA pseudouridine synthase B [0.0073] | TRNA-synt_2 domain-containing protein [0.0068] | TRNA pseudouridine(13) synthase TruD [0.0048]
B9J08_004101,Aa_trans domain-containing protein,0.1610797824540927,"Aa_trans domain-containing protein [0.1611] | Hypothetical protein [0.0434] | Acyl_transf_3 domain-containing protein [0.0361] | Hypothetical membrane protein [0.0349] | Ceramidase [0.0316] | Transmembrane protein [0.0295] | Acyltransferase [0.0283] | Transmembrane protein, [0.0232] | Conserved hypothetical membrane protein [0.0174] | Hypothetical_protein [0.0172]"
B9J08_004102,Secreted protein,0.075096137093616,"Secreted protein [0.0751] | Cell wall mannoprotein 1 [0.0384] | Similar to [0.0364] | Hydrophobic surface binding protein A-domain-containing protein [0.0325] | Str. FM013 [0.0248] | Hydrophobin [0.0174] | WGS project CBMI000000000 data, contig [0.0124] | Cell wall mannoprotein [0.0116] | Cell wall protein [0.0108] | RxLR effector protein [0.0106]"
B9J08_004103,Phage protein,0.0711009666613301,Phage protein [0.0711] | IDEAL domain-containing protein [0.0211] | BppU_N domain-containing protein [0.0160] | DUF402 domain-containing protein [0.0147] | DUF4767 domain-containing protein [0.0127] | DUF4968 domain-containing protein [0.0123] | DUF4912 domain-containing protein [0.0122] | Tail fiber protein [0.0113] | Tail protein [0.0108] | DUF4738 domain-containing protein [0.0086]
B9J08_004105,Protein FAM228B,0.0835960049103352,Protein FAM228B [0.0836] | FAM228B [0.0652] | FAM228A [0.0485] | Protein FAM228A [0.0427] | RecBCD nuclease inhibitor [0.0287] | Cyclin-dependent kinases regulatory subunit [0.0232] | Protein FAM228B-like [0.0144] | Non-specific serine/threonine protein kinase [0.0111] | Protein FAM228A-like [0.0086] | Primosomal protein [0.0055]
B9J08_004106,Dentin sialophosphoprotein-like,0.0806618789697186,Dentin sialophosphoprotein-like [0.0807] | Acidic repeat-containing protein-like [0.0746] | Replicase polyprotein 1a [0.0594] | Prostatic spermine-binding protein-like [0.0371] | Dentin sialophosphoprotein [0.0351] | Halomucin [0.0225] | Acidic repeat-containing protein [0.0224] | Clumping factor B [0.0101] | Prostatic spermine-binding protein [0.0079] | Clumping factor A [0.0078]
B9J08_004107,Hypothetical protein,0.0502631994002683,"Hypothetical protein [0.0503] | DOMON domain-containing protein [0.0283] | Transmembrane protein [0.0151] | (thale cress) hypothetical protein [0.0149] | Expressed conserved protein [0.0145] | GPI-anchored protein pfl2 [0.0103] | Fasciclin-like arabinogalactan protein 7 [0.0078] | DUF4150 domain-containing protein [0.0075] | GPI-anchored protein [0.0067] | Transmembrane protein, [0.0049]"
B9J08_004148,Opaque-phase-specific protein OP4,0.8145197206860652,"Opaque-phase-specific protein OP4 [0.8145] | Secreted protein [0.0472] | Opaque-phase-specific protein OP4, [0.0088] | Opaque-phase-specific protein [0.0059] | Cell wall mannoprotein 1 [0.0027] | Conserved secreted protein [0.0022] | Effector protein [0.0021] | Extracellular protein [0.0017] | Opaque-phase-specific protein OP4 protein [0.0016] | Secreted protein 1 [0.0016]"
B9J08_004159,Band_3_cyto domain-containing protein,0.0486559040277506,"Band_3_cyto domain-containing protein [0.0487] | DHHA2 domain-containing protein [0.0279] | Dynein light intermediate chain [0.0260] | RCK N-terminal domain-containing protein [0.0173] | Coatomer subunit delta [0.0150] | P-loop containing nucleoside triphosphate hydrolase protein [0.0094] | P-loop containing nucleoside triphosphate hydrolases superfamily protein [0.0054] | Coatomer subunit zeta [0.0043] | P-loop containing nucleoside triphosphate hydrolase [0.0029] | WGS project CCBQ000000000 data, contig 00015 [0.0027]"
B9J08_004174,THAP-type domain-containing protein,0.054952538100487,"THAP-type domain-containing protein [0.0550] | Transposase [0.0267] | 40S ribosomal protein S24 [0.0146] | Protein kinase domain-containing protein [0.0131] | Hypothetical protein [0.0127] | Integrase, catalytic region, zinc finger, CCHC-type, peptidase aspartic, catalytic [0.0121] | 60S ribosomal export protein NMD3 [0.0112] | DUF2439 domain-containing protein [0.0071] | Integrase catalytic domain-containing protein [0.0059] | Integrase catalytic region [0.0046]"
B9J08_004179,Gypsy-type retrotransposon protein,0.0239750631549155,"Gypsy-type retrotransposon protein [0.0240] | DUF1771 domain-containing protein [0.0167] | Retrotransposon protein, putative, unclassified [0.0161] | Ubiquitinyl hydrolase 1 [0.0133] | Retrotransposon protein, putative, Ty3-gypsy subclass [0.0106] | Retrotransposon protein [0.0105] | Gag-pol polyprotein [0.0103] | Gag protease polyprotein [0.0095] | DUF4228 domain protein [0.0083] | Reverse transcriptase [0.0077]"
B9J08_004180,Arginine decarboxylase,0.0357898736563931,Arginine decarboxylase [0.0358] | Phage protein [0.0222] | Methyltransf_21 domain-containing protein [0.0190] | Methyltransferase [0.0152] | SAM-dependent methyltransferase [0.0127] | AAA family ATPase [0.0084] | AAA_28 domain-containing protein [0.0084] | AAA domain-containing protein [0.0054] | S-adenosyl-L-methionine-dependent methyltransferase [0.0037] | Methyltransf_2 domain-containing protein [0.0030]
B9J08_004186,Pentatricopeptide repeat-containing protein,0.1554247288659271,"Pentatricopeptide repeat-containing protein [0.1554] | Pentatricopeptide repeat protein [0.0793] | Pentatricopeptide repeat-containing protein, mitochondrial [0.0473] | Pentatricopeptide repeat domain-containing protein [0.0408] | Leucine-rich PPR motif-containing protein, mitochondrial [0.0370] | Protein PTCD3 homolog, mitochondrial [0.0214] | Pentatricopeptide repeat-containing protein At1g55890, mitochondrial-like [0.0191] | Pentatricopeptide repeat-containing protein At1g55890, mitochondrial [0.0184] | TPR_REGION domain-containing protein [0.0167] | Pentatricopeptide repeat-containing protein At1g51965, mitochondrial [0.0162]"
B9J08_004187,Coupling of ubiquitin conjugation to ER degradation protein 1,0.1146479370666678,Coupling of ubiquitin conjugation to ER degradation protein 1 [0.1146] | (pine wood nematode) hypothetical protein [0.0911] | Hypothetical protein [0.0251] | Coupling of ubiquitin conjugation to ER degradation [0.0212] | Hypothetical_protein [0.0125] | Cell division protein FtsK [0.0119] | Crotonobetainyl-CoA--carnitine CoA-transferase [0.0114] | Hypothetical membrane protein [0.0069] | Coupling of ubiquitin conjugation to ER degradation protein [0.0053] | Protein trafficking Pga2 [0.0050]
B9J08_004193,TPX2_importin domain-containing protein,0.0873560090020104,TPX2_importin domain-containing protein [0.0874] | TPX2 domain-containing protein [0.0258] | SH3 domain-containing protein [0.0225] | Protein kinase domain-containing protein [0.0201] | PH domain-containing protein [0.0143] | Flocculation protein FLO11-like [0.0101] | Protein TPX2 [0.0086] | Protein TPX2-like [0.0060] | Serine/threonine-protein kinase LATS1 [0.0043] | Flocculation protein FLO11 [0.0043]
B9J08_004194,Hypothetical protein,0.0447588194869631,Hypothetical protein [0.0448] | (pine wood nematode) hypothetical protein [0.0364] | Protein TPX2 [0.0349] | Protein TPX2-like [0.0291] | TPX2 domain-containing protein [0.0259] | TPX2_importin domain-containing protein [0.0220] | Testis-expressed protein 26 [0.0173] | Hypothetical_protein [0.0147] | Bgt- [0.0139] | UPF0258 protein KIAA1024 homolog [0.0041]
B9J08_004195,Protein WVD2-like 7,0.0770452505698322,"Protein WVD2-like 7 [0.0770] | Hypothetical protein [0.0549] | TPX2 domain-containing protein [0.0422] | Spen homolog, transcriptional regulator [0.0273] | ATP synthase subunit e, mitochondrial [0.0179] | Protein WVD2-like 4 [0.0155] | Protein WVD2-like 5 [0.0128] | Protein WVD2-like 1 [0.0112] | Coiled-coil domain-containing protein [0.0085] | Protein WVD2-like 2 [0.0081]"
B9J08_004211,RIBOSOMAL_L9 domain-containing protein,0.0192307432515106,"RIBOSOMAL_L9 domain-containing protein [0.0192] | Mitochondrial import inner membrane translocase subunit TIM44 [0.0162] | Mitofilin [0.0162] | DUF3395 domain-containing protein [0.0158] | Transmembrane protein [0.0123] | F-type H+-transporting ATPase subunit gamma [0.0065] | Altered inheritance of mitochondria protein 36, mitochondrial [0.0054] | Mitochondrial import inner membrane translocase subunit TIM50 [0.0043] | Mitochondrial import inner membrane translocase subunit TIM44-2 [0.0037] | Transmembrane protein, [0.0035]"
B9J08_004254,DUF4771 domain-containing protein,0.2007090171808233,"DUF4771 domain-containing protein [0.2007] | VEFS-Box domain-containing protein [0.0879] | NMDA receptor-regulated protein 2 [0.0245] | NARG2_C domain-containing protein [0.0207] | C2H2-type domain-containing protein [0.0179] | Testicular haploid expressed gene protein [0.0094] | Coiled-coil domain-containing protein 60 [0.0086] | LOW QUALITY PROTEIN: NMDA receptor-regulated protein 2 [0.0078] | Dynein heavy chain 3, axonemal [0.0070] | Testicular haploid expressed gene protein-like [0.0067]"
B9J08_004257,SHR-BD domain-containing protein,0.0506683621097692,SHR-BD domain-containing protein [0.0507] | Secreted protein [0.0490] | Spherulin-2A [0.0377] | BgtASP- [0.0251] | DUF2807 domain-containing protein [0.0186] | (pine wood nematode) hypothetical protein [0.0183] | DUF5727 domain-containing protein [0.0177] | Spherulin-2A-like [0.0158] | Natterin-3-like [0.0090] | Bgt- [0.0055]
B9J08_004260,Magnesium transporter,0.1194004826665063,Magnesium transporter [0.1194] | CACTA en-spm transposon protein [0.0248] | Zinc finger protein [0.0180] | Chloride channel protein [0.0153] | Zf-AD domain-containing protein [0.0151] | Hypothetical protein [0.0140] | General transcription factor 3C polypeptide 6 [0.0114] | Magnesium transporter NIPA2 [0.0090] | RNA polymerase II subunit B1 CTD phosphatase RPAP2 homolog [0.0084] | Chloride channel protein CLC-f [0.0040]
B9J08_004270,UBC core domain-containing protein,0.1805093479288949,UBC core domain-containing protein [0.1805] | ANK_REP_REGION domain-containing protein [0.0443] | PMD domain-containing protein [0.0287] | DDE-1 domain-containing protein [0.0260] | DDE_Tnp_1_7 domain-containing protein [0.0198] | Ankyrin repeat protein [0.0166] | HECT domain-containing protein [0.0161] | Protein kinase domain-containing protein [0.0153] | Ankyrin repeat domain-containing protein [0.0024] | Ankyrin repeat domain-containing protein 50 [0.0020]
B9J08_004272,PSP1 C-terminal domain-containing protein,0.0914788193780098,PSP1 C-terminal domain-containing protein [0.0915] | Protein kinase domain-containing protein [0.0176] | Protein PSP1 [0.0164] | Protein PSP2 [0.0058] | Piso0_002352 protein [0.0057] | Transcriptional regulator [0.0036] | Suppressor of lethality of KEX2 GAS1 double null mutant protein 1 [0.0021] | Piso0_002352 [0.0002] | Suppressor of lethality of KEX2 GAS1 double-stranded RNA-mediated protein 1 [0.0002] | Suppressor of lethality of KEX2 GAS1 double null mutant protein 2 [0.0001]
B9J08_004275,Transmembrane protein,0.0768002125974801,"Transmembrane protein [0.0768] | Transmembrane protein 188 [0.0675] | Transmembrane protein, [0.0537] | DUF2470 domain-containing protein [0.0308] | Related to integral membrane protein [0.0260] | Similar to [0.0161] | Integral membrane protein [0.0139] | Inner membrane protein [0.0125] | WGS project CCBQ000000000 data, contig 00015 [0.0083] | Podospora anserina S mat+ genomic DNA chromosome 7, supercontig 1 [0.0069]"
B9J08_004276,GPI anchored protein,0.071464423486142,"GPI anchored protein [0.0715] | Secreted protein [0.0551] | KRE9 domain-containing protein [0.0263] | GPI anchored protein, [0.0254] | Expressed protein [0.0206] | HAM34-like membrane protein [0.0160] | Cell wall protein DAN4 [0.0134] | GPI-anchored protein pfl2 [0.0110] | Integumentary mucin C.1-like [0.0105] | Mucin-5AC-like [0.0084]"
B9J08_004282,Nucleic acid binding protein,0.0642938188397268,"Nucleic acid binding protein [0.0643] | Nucleic-acid-binding protein from transposon X-element [0.0631] | PRE_C2HC domain-containing protein [0.0281] | Retrotransposon protein, putative, unclassified [0.0221] | PARP-type domain-containing protein [0.0149] | DDE-1 domain-containing protein [0.0148] | CXXC-type domain-containing protein [0.0144] | Nucleic acid binding protein, [0.0141] | Nucleic acid binding [0.0123] | WGS project CBMI000000000 data, contig [0.0060]"
B9J08_004283,Hypothetical protein,0.0509357736911312,"Hypothetical protein [0.0509] | Ovule protein [0.0363] | Transposase [0.0162] | Bgt- [0.0111] | WGS project CBMI000000000 data, contig [0.0029] | Histone-lysine N-methyltransferase SETMAR [0.0025] | WGS project CBMG000000000 data, contig CS5907- [0.0017] | Histone H3 [0.0014] | WGS project CBME000000000 data, contig [0.0009] | Histone deacetylase [0.0007]"
B9J08_004284,Transcription initiation factor SL1/TIF-IB subunit D,0.0772041040653817,Transcription initiation factor SL1/TIF-IB subunit D [0.0772] | Surfeit locus protein 2 [0.0346] | Hypothetical protein [0.0108] | Transcriptional activator spt7 [0.0102] | TATA box-binding protein-associated factor RNA polymerase I subunit D [0.0097] | Zf-C2H2_2 domain-containing protein [0.0097] | Chromatin modification-related protein eaf7 [0.0081] | Serine/arginine repetitive matrix protein 2 [0.0051] | TATA box-binding protein-associated factor 1D [0.0045] | Serine/arginine repetitive matrix protein 2-like [0.0040]
B9J08_004287,"NADH dehydrogenase [ubiquinone] 1 alpha subcomplex subunit 5, mitochondrial",0.2256056526916286,"NADH dehydrogenase [ubiquinone] 1 alpha subcomplex subunit 5, mitochondrial [0.2256] | NADH dehydrogenase [ubiquinone] 1 alpha subcomplex subunit 10, mitochondrial [0.0926] | NADH dehydrogenase [ubiquinone] 1 beta subcomplex subunit 5, mitochondrial [0.0604] | NADH dehydrogenase [ubiquinone] 1 alpha subcomplex subunit [0.0574] | Complex I-B16.6 [0.0438] | NADH-ubiquinone oxidoreductase [0.0434] | Complex I-SGDH [0.0341] | Complex I-B17 [0.0330] | NADH dehydrogenase [ubiquinone] 1 beta subcomplex subunit 9 [0.0257] | NADH-ubiquinone oxidoreductase 30.4 kDa subunit [0.0254]"
B9J08_004290,Hypothetical protein,0.0598787269884614,Hypothetical protein [0.0599] | Solute carrier family 40 protein [0.0202] | Mitochondrial import inner membrane translocase subunit Tim17-B [0.0180] | MFS_1_like domain-containing protein [0.0162] | Transmembrane protein [0.0142] | Mitochondrial inner membrane protein OXA1 [0.0133] | Mitochondrial inner membrane protein OXA1-like [0.0105] | Mitochondrial import inner membrane translocase subunit TIM22 [0.0090] | Mitochondrial import inner membrane translocase subunit Tim17/Tim22/Tim23 family protein [0.0076] | Mitochondrial import inner membrane translocase subunit Tim17-B-like [0.0074]
B9J08_004291,RNA-dependent RNA polymerase,0.1384341047415855,RNA-dependent RNA polymerase [0.1384] | SET domain-containing protein [0.0421] | Piwi domain-containing protein [0.0324] | EC:3.6.4.13 [0.0291] | DUF3715 domain-containing protein [0.0245] | EC:2.7.7.48 [0.0156] | EC:3.6.4.12 [0.0132] | DNA-directed DNA polymerase [0.0121] | DNA-directed RNA polymerase [0.0101] | RT_RNaseH_2 domain-containing protein [0.0092]
B9J08_004296,SURF1-like protein,0.1812992035852889,SURF1-like protein [0.1813] | Hypothetical protein [0.0359] | Small integral membrane protein 26 [0.0234] | Mitofilin [0.0182] | Expressed conserved protein [0.0114] | Small integral membrane protein 26-like [0.0106] | Small integral membrane protein 29 [0.0100] | NADH dehydrogenase [ubiquinone] 1 alpha subcomplex subunit 13 [0.0089] | Hypothetical_protein [0.0066] | DUF3336 domain-containing protein [0.0064]
B9J08_004305,AAA domain-containing protein,0.0841547314884878,AAA domain-containing protein [0.0842] | C2H2-type domain-containing protein [0.0736] | Protein kinase domain-containing protein [0.0407] | CABIT domain-containing protein [0.0160] | AAA-domain-containing protein [0.0134] | SH2 domain-containing protein [0.0116] | Ca2+-dependent phospholipid-binding protein synaptotagmin [0.0084] | C2 domain-containing protein [0.0077] | Crossover junction endonuclease mus81 [0.0067] | DNA polymerase [0.0062]
B9J08_004314,Hypothetical protein,0.0485432548493032,Hypothetical protein [0.0485] | Nucleotid_trans domain-containing protein [0.0420] | NAD(P)-binding protein [0.0286] | NmrA domain-containing protein [0.0226] | NAD_binding_4 domain-containing protein [0.0126] | NAD(P)-binding domain [0.0090] | NAD(P)-bd_dom domain-containing protein [0.0077] | Glycosyltransferase family 1 protein [0.0054] | UDP-glucose 4-epimerase [0.0053] | UDP-glucose:Glycoprotein Glucosyltransferase [0.0048]
B9J08_004348,Similar to,0.0449558605941491,"Similar to [0.0450] | EC:3.1.1.- [0.0126] | Arylsulfatase [0.0083] | EC:3.1.1.5 [0.0080] | Phospholipase-like protein [0.0071] | Phage protein [0.0061] | WGS project CBMI000000000 data, contig [0.0046] | Alkaline phosphatase [0.0044] | Alkaline phosphatase-like protein [0.0041] | Glycosyl transferase [0.0038]"
B9J08_004354,F-box protein At2g16365-like,0.2121558796053565,F-box protein At2g16365-like [0.2122] | F-box family protein [0.0644] | Membrane-associated kinase regulator 6 [0.0524] | F-box protein [0.0519] | F-box protein At2g16365 [0.0391] | (thale cress) hypothetical protein [0.0291] | The fantastic four family [0.0206] | F-box domain-containing protein [0.0174] | Ovule protein [0.0154] | The fantastic four family protein [0.0087]
B9J08_004358,Hypothetical_protein,0.1900852295056885,Hypothetical_protein [0.1901] | CBF domain-containing protein [0.0265] | Ectopic P granules protein 5 homolog [0.0236] | SOSS complex subunit A homolog [0.0158] | DUF2428 domain-containing protein [0.0144] | CAP-Gly domain-containing protein [0.0129] | Ectopic P granules protein 5 [0.0100] | Ribosome biogenesis protein MAK21 [0.0094] | Transmembrane protein [0.0088] | Ectopic P granules protein 5-like protein [0.0062]
B9J08_004366,NPH3 domain-containing protein,0.1991381373696,NPH3 domain-containing protein [0.1991] | Hypothetical protein [0.0189] | VHS domain-containing protein [0.0185] | Defective in cullin neddylation protein [0.0131] | DUF4283 domain-containing protein [0.0080] | CID domain-containing protein [0.0074] | Ras-GEF domain-containing protein [0.0068] | Ras-GAP domain-containing protein [0.0029] | Ral guanine nucleotide dissociation stimulator-like [0.0024] | Ral guanine nucleotide dissociation stimulator-like 1 [0.0023]
B9J08_004376,Integral membrane protein,0.0908011023738023,Integral membrane protein [0.0908] | SSD domain-containing protein [0.0484] | (pine wood nematode) hypothetical protein [0.0364] | Lysosomal cobalamin transporter [0.0217] | DUF3533 domain-containing protein [0.0193] | Hypothetical_protein [0.0189] | Hypothetical protein [0.0175] | DUF4239 domain-containing protein [0.0160] | Integral membrane protein-like protein [0.0143] | Niemann-Pick C1 protein [0.0078]
B9J08_004379,Hypothetical protein,0.56572105005162,Hypothetical protein [0.5657] | Hypothetical_protein [0.1167] | Active regulator of SIRT1 [0.0467] | Regulator of rDNA transcription 14 [0.0172] | NAM-associated domain-containing protein [0.0162] | Hypothetical conserved protein [0.0112] | Serum response factor-binding protein 1 [0.0064] | Conserved protein [0.0059] | Hypothetical [0.0045] | BLOC-1 subunit 6 [0.0017]
B9J08_004387,SH2 domain-containing protein,0.03133244463155,"SH2 domain-containing protein [0.0313] | Bgt- [0.0209] | SH2_2 domain-containing protein [0.0203] | Anaphase-promoting complex subunit 2 [0.0177] | Ribosomal protein L34Ae [0.0153] | Hypothetical_protein [0.0150] | E3 ubiquitin-protein ligase [0.0042] | WGS project CCBQ000000000 data, contig 00106 [0.0041] | WGS project CCBQ000000000 data, contig 00015 [0.0040] | Ribosomal protein L22/L17 [0.0026]"
B9J08_004390,TRNA:m(4)X modification enzyme TRM13,0.0978391276121986,TRNA:m(4)X modification enzyme TRM13 [0.0978] | EC:2.1.1.225 [0.0697] | Hypothetical protein [0.0336] | TTF-type domain-containing protein [0.0225] | Methyltransferase [0.0202] | A to I editase domain-containing protein [0.0188] | Methyltranfer_dom domain-containing protein [0.0175] | EC:2.1.1.211 [0.0077] | Methyltransferase-like protein [0.0071] | Chromodomain-helicase-DNA-binding protein 1-like [0.0055]
B9J08_004395,Coiled-coil protein,0.3159122790530183,Coiled-coil protein [0.3159] | Augmin complex subunit dgt3 [0.0940] | Coiled-coil domain-containing protein [0.0267] | Coiled coil protein [0.0229] | Augmin complex subunit msd5 [0.0223] | Augmin subunit 2 [0.0139] | Augmin subunit [0.0138] | Coiled-coil domain-containing protein 141 [0.0111] | Coiled-coil domain-containing protein 142 [0.0107] | Dynactin subunit 2 [0.0102]
B9J08_004415,Signal recognition particle subunit SRP72,0.2054643590063925,"Signal recognition particle subunit SRP72 [0.2055] | TPR_REGION domain-containing protein [0.0546] | CDC37_M domain-containing protein [0.0411] | Signal recognition particle subunit srp72 [0.0209] | CDC37_C domain-containing protein [0.0191] | Signal recognition particle subunit SRP68 [0.0153] | CDC37_N domain-containing protein [0.0123] | Vta1 domain-containing protein [0.0109] | SRP40, C-terminal domain-containing protein [0.0064] | CDC27 [0.0056]"
B9J08_004416,BRICHOS domain-containing protein,0.0819486462824273,"BRICHOS domain-containing protein [0.0819] | BRICHOS domain-containing protein 5 [0.0670] | Transmembrane protein 98 [0.0371] | BRICHOS domain containing 5 [0.0353] | Interleukin-6 [0.0275] | Transmembrane protein, [0.0238] | GNVR domain-containing protein [0.0129] | Transmembrane protein [0.0125] | Transmembrane protein 41B [0.0100] | Tumor necrosis factor alpha-induced protein 2 [0.0088]"
B9J08_004418,(thale cress) hypothetical protein,0.0609601042246846,"(thale cress) hypothetical protein [0.0610] | Transmembrane protein, [0.0487] | Ovule protein [0.0451] | Transmembrane protein [0.0121] | TPX2_importin domain-containing protein [0.0064] | TPX2 domain-containing protein [0.0057] | Homeodomain-like superfamily protein [0.0056] | DUF3353 domain-containing protein [0.0050] | F-box family protein [0.0016] | F-box protein [0.0016]"
B9J08_004422,TPR_REGION domain-containing protein,0.628297275517086,TPR_REGION domain-containing protein [0.6283] | Hypothetical_protein [0.0337] | Tetratricopeptide repeat protein 15 [0.0237] | Tetratricopeptide-like helical [0.0145] | Tetratricopeptide repeat protein [0.0131] | Tetratricopeptide-like helical domain [0.0107] | CHAT domain-containing protein [0.0095] | TTC27 [0.0090] | TPR-like protein [0.0084] | PINc domain-containing protein [0.0056]
B9J08_004428,DEK_C domain-containing protein,0.2002005090860436,DEK_C domain-containing protein [0.2002] | RST domain-containing protein [0.0602] | NET domain-containing protein [0.0266] | (pine wood nematode) hypothetical protein [0.0220] | Transcription factor [0.0202] | MADS-box domain-containing protein [0.0188] | TFIIS central domain-containing protein [0.0156] | BZIP domain-containing protein [0.0153] | Transcription factor bZIP family [0.0078] | Transcription initiation factor TFIID subunit 12 [0.0067]
B9J08_004442,Seipin,0.8481737654276187,"Seipin [0.8482] | Hypothetical protein [0.0280] | Transmembrane protein 231 [0.0264] | (pine wood nematode) hypothetical protein [0.0044] | Hypothetical_protein [0.0043] | Adipose-regulatory protein, Seipin [0.0024] | Tubulin polyglutamylase complex subunit 2 [0.0016] | Adipose-regulatory protein [0.0015] | Cell cycle control protein [0.0015] | Transmembrane protein [0.0015]"
B9J08_004453,JmjC domain-containing protein,0.176061732048121,"JmjC domain-containing protein [0.1761] | ULP_PROTEASE domain-containing protein [0.1120] | DRMBL domain-containing protein [0.0155] | SANT domain-containing protein [0.0147] | PHD-type domain-containing protein [0.0102] | (thale cress) hypothetical protein [0.0096] | Protein kinase domain-containing protein [0.0092] | FYR N-terminal domain-containing protein [0.0087] | FYR C-terminal domain-containing protein [0.0086] | Ulp1 protease family, C-terminal catalytic domain-containing protein [0.0030]"
B9J08_004455,Histone acetyltransferase,0.0698600669194775,Histone acetyltransferase [0.0699] | Protein kinase domain-containing protein [0.0400] | Serine/arginine repetitive matrix protein 2-like [0.0338] | Serine/arginine repetitive matrix protein 2 [0.0251] | Serine/threonine-protein kinase kinX [0.0167] | Flocculation protein FLO11 [0.0167] | Flocculation protein FLO11-like [0.0131] | Unconventional myosin-XVIIIa [0.0111] | Histone acetyltransferase KAT6B [0.0111] | EC:2.7.11.1 [0.0108]
B9J08_004465,Fibroin heavy chain,0.0744942911482251,Fibroin heavy chain [0.0745] | Fibroin heavy chain-like [0.0328] | Fibroin light chain [0.0309] | Gly-Xaa-Xaa repeat protein [0.0235] | GPI-anchored protein pfl2 [0.0218] | Chitin-binding type-3 domain-containing protein [0.0146] | Glycine-rich cell wall structural protein 1 [0.0142] | Gly-rich protein [0.0132] | Major ampullate spidroin 1 [0.0106] | GPI-anchored protein [0.0099]
B9J08_004471,Str. FM013,0.0604043432097557,"Str. FM013 [0.0604] | Secreted protein [0.0567] | Hydrophobin [0.0304] | Conserved secreted protein [0.0159] | Cell wall mannoprotein 1 [0.0141] | Similar to [0.0121] | Conserved hypothetical secreted protein [0.0120] | WGS project CBMI000000000 data, contig [0.0116] | Conserved protein [0.0104] | WGS project CABT00000000 data, contig 2.2 [0.0031]"
B9J08_004476,GPI anchored serine-rich protein,0.0648183538564198,GPI anchored serine-rich protein [0.0648] | Secreted protein [0.0499] | GPI anchored protein [0.0343] | Hyphal_reg_CWP domain-containing protein [0.0232] | Flo11 domain-containing protein [0.0221] | GPI anchored serine-threonine rich protein [0.0106] | Cell wall protein [0.0106] | Gpi anchored serine-rich protein [0.0088] | GPI-anchored protein [0.0075] | Yeast-form wall Protein 1 [0.0071]
B9J08_004481,TIR domain-containing protein,0.323015737040611,TIR domain-containing protein [0.3230] | PINc domain-containing protein [0.0494] | Crinkler (CRN) family protein [0.0186] | AAA_12 domain-containing protein [0.0179] | DUF1308 domain-containing protein [0.0177] | HEPN domain-containing protein [0.0167] | PPDK_N domain-containing protein [0.0149] | AAA_8 domain-containing protein [0.0123] | Crinkler (CRN) [0.0074] | Sterile alpha and TIR motif-containing protein 1 [0.0052]
B9J08_004484,Hypothetical_protein,0.2261767484001696,"Hypothetical_protein [0.2262] | (pine wood nematode) hypothetical protein [0.0693] | Hypothetical protein [0.0401] | Cell division protein [0.0178] | Transmembrane protein [0.0160] | Hypothetical_protein_-_conserved [0.0154] | Hypothetical_protein_conserved [0.0123] | Septum formation initiator [0.0098] | Localization factor PodJL [0.0084] | ATP synthase assembly factor FMC1, mitochondrial [0.0052]"
B9J08_004528,NADH-u_ox-rdase domain-containing protein,0.0872068464421097,"NADH-u_ox-rdase domain-containing protein [0.0872] | NADH-ubiquinone oxidoreductase subunit [0.0492] | Hypothetical_protein [0.0406] | Mitochondrial import inner membrane translocase subunit Tim23 [0.0396] | Complex I-B16.6 [0.0273] | Mitochondrial import inner membrane translocase subunit Tim29 [0.0163] | OCIA domain-containing protein [0.0142] | Transmembrane protein [0.0129] | WGS project CCBQ000000000 data, contig 00015 [0.0116] | Transmembrane protein, [0.0113]"
B9J08_004575,Monopolar spindle protein 2,0.1031900079992807,"Monopolar spindle protein 2 [0.1032] | Protein CASP [0.0858] | Vesicle transport protein USE1 [0.0401] | USE1-like protein [0.0194] | Hypothetical protein [0.0172] | Transmembrane protein, [0.0115] | ADP-ribosylation factor-like protein 6-interacting protein 1 [0.0072] | Monopolar spindle 1 [0.0071] | Protein CASP-like [0.0067] | Vesicle transport protein SEC20 [0.0037]"
B9J08_004577,Clock-controlled protein 6,0.2452995929242345,Clock-controlled protein 6 [0.2453] | Clock-controlled protein 6 protein [0.1185] | Mmc protein [0.0314] | Cell wall protein SED1 [0.0175] | Spi1p [0.0148] | Clock-controlled gene 6 [0.0129] | SED1-like protein [0.0120] | Clock-controlled gene 6 protein [0.0110] | Clock-controlled protein [0.0106] | Clock-controlled protein 6-like protein [0.0085]
B9J08_004582,RNA-dependent RNA polymerase,0.2682217821527186,RNA-dependent RNA polymerase [0.2682] | RNA-directed RNA polymerase [0.1705] | EC:2.7.7.48 [0.0642] | CST complex subunit CTC1 [0.0638] | EC:2.7.7.6 [0.0175] | MACPF domain-containing protein [0.0130] | FBD domain-containing protein [0.0109] | DNA helicase [0.0088] | RNA helicase [0.0085] | (thale cress) hypothetical protein [0.0073]
B9J08_004597,"Transmembrane protein,",0.0520995533260455,"Transmembrane protein, [0.0521] | Hypothetical protein [0.0274] | UPF0658 Golgi apparatus membrane protein C23H3.04 [0.0162] | (thale cress) hypothetical protein [0.0160] | DUF3533 domain-containing protein [0.0156] | Transmembrane protein [0.0152] | SUR7/PalI family protein [0.0133] | Hypothetical membrane protein [0.0132] | GPI ethanolamine phosphate transferase 3 [0.0097] | UPF0481 protein At3g47200-like [0.0094]"
B9J08_004614,Transmembrane protein,0.3137796494042669,"Transmembrane protein [0.3138] | Vesicle transport protein [0.2430] | Transmembrane protein, [0.0413] | Transmembrane protein 169 [0.0201] | Transmembrane protein 71 [0.0149] | Hypothetical protein [0.0108] | Transmembrane protein 116 [0.0088] | Conserved plasma membrane protein [0.0086] | Transmembrane protein 202 [0.0082] | Transmembrane protein 144 [0.0056]"
B9J08_004615,PGG domain-containing protein,0.168406982764762,PGG domain-containing protein [0.1684] | Hypothetical protein [0.0317] | PHM7_cyt domain-containing protein [0.0293] | (thale cress) hypothetical protein [0.0234] | (pine wood nematode) hypothetical protein [0.0079] | T2SSF domain-containing protein [0.0068] | DUF4149 domain-containing protein [0.0063] | PGG domain containing protein [0.0060] | Organic cation transporter [0.0025] | ABC transporter [0.0015]
B9J08_004623,Hypothetical_protein,0.1375787697787762,Hypothetical_protein [0.1376] | (pine wood nematode) hypothetical protein [0.1346] | Hypothetical protein [0.0255] | SANT domain-containing protein [0.0210] | (Z [0.0078] | Dynein regulatory complex subunit 7 [0.0060] | Protein kinase domain-containing protein [0.0035] | Transient receptor potential cation channel subfamily A member 1 [0.0025] | Rap1-interacting factor 1 N terminal-domain-containing protein [0.0020] | Rap1 GTPase-activating protein 1 [0.0018]
B9J08_004632,Hypothetical_protein,0.1112586266955094,"Hypothetical_protein [0.1113] | CNH domain-containing protein [0.0776] | Hypothetical protein [0.0527] | Transducin/WD40 repeat-like superfamily protein [0.0429] | (pine wood nematode) hypothetical protein [0.0191] | U3 small nucleolar RNA-associated protein 18 homolog [0.0086] | U3 small nucleolar RNA-associated protein 18-like protein [0.0086] | WGS project CCBQ000000000 data, contig 00015 [0.0061] | U3 small nucleolar RNA-associated protein 18 [0.0046] | WGS project CCBQ000000000 data, contig 00106 [0.0044]"
B9J08_004637,Mitofilin,0.0590624467655927,Mitofilin [0.0591] | MICOS complex subunit MIC60 [0.0353] | PH domain-containing protein [0.0332] | TPR_REGION domain-containing protein [0.0270] | Hypothetical_protein [0.0176] | CAP10 domain-containing protein [0.0135] | PH-response regulator protein palC [0.0101] | Regulator of G protein signaling superfamily [0.0078] | Hypothetical protein [0.0072] | MICOS complex subunit [0.0050]
B9J08_004645,Protein Red,0.1041228170868978,Protein Red [0.1041] | Protein KRI1 homolog [0.0698] | DUF2040 domain-containing protein [0.0528] | Protein kinase domain-containing protein [0.0359] | Chromatin-remodeling ATPase INO80 [0.0343] | Protein SPT2 homolog [0.0282] | Hypothetical_protein [0.0278] | IK cytokine [0.0247] | EC:3.6.4.- [0.0148] | EC:3.6.4.12 [0.0138]
B9J08_004660,Transcription factor,0.0507320530960993,"Transcription factor [0.0507] | WGS project CCBQ000000000 data, contig 00015 [0.0242] | WGS project CCBQ000000000 data, contig 00106 [0.0206] | Hypothetical_protein [0.0148] | WGS project CCBQ000000000 data, contig 00016 [0.0128] | Piso0_005768 protein [0.0111] | WGS project CCBQ000000000 data, contig 00107 [0.0110] | Piso0_005769 protein [0.0099] | Piso0_005766 protein [0.0096] | Piso0_005761 protein [0.0078]"
B9J08_004667,Hypothetical protein,0.0328674499462727,"Hypothetical protein [0.0329] | (pine wood nematode) hypothetical protein [0.0148] | WGS project CBMI000000000 data, contig [0.0064] | WGS project CBMG000000000 data, contig CS5907- [0.0042] | Mus musculus [0.0030] | WGS project CBME000000000 data, contig [0.0029] | Conjugal transfer protein TraB [0.0026] | DUF1773 domain-containing protein [0.0020] | NADH dehydrogenase [ubiquinone] 1 beta subcomplex subunit 7 [0.0015] | NADH dehydrogenase [ubiquinone] 1 alpha subcomplex subunit 12 [0.0012]"
B9J08_004688,"Transcription elongation factor, mitochondrial",0.072359094668813,"Transcription elongation factor, mitochondrial [0.0724] | Transcription factor TFIID [0.0453] | Transcription initiation factor TFIID subunit 7 [0.0446] | Transcription factor TFIID (Or TATA-binding protein TBP) [0.0376] | 39S ribosomal protein L48, mitochondrial [0.0301] | Transcription elongation factor SPT5 [0.0214] | Transcription elongation factor S-II [0.0173] | Transcription elongation factor B polypeptide 2 [0.0170] | Transcription elongation factor SPT5 homolog 1 [0.0169] | Transcription elongation factor B, polypeptide 2 [0.0134]"
B9J08_004698,Hypothetical_protein,0.0077822644944187,Hypothetical_protein [0.0078] | Hypothetical protein [0.0074] | DUF4806 domain-containing protein [0.0072] | Zinc finger protein [0.0066] | Serine/threonine-protein kinase [0.0040] | PiggyBac transposable element-derived protein 4-like [0.0038] | PiggyBac transposable element-derived protein 4 [0.0034] | Serine/threonine protein kinase [0.0030] | Histone deacetylase Rpd3 [0.0030] | PiggyBac transposable element-derived protein 3 [0.0023]
B9J08_004703,XPGI domain-containing protein,0.0709382633422396,XPGI domain-containing protein [0.0709] | Hypothetical_protein [0.0493] | Hypothetical protein [0.0446] | U3 small nucleolar ribonucleoprotein protein MPP10 [0.0433] | DUF3835 domain-containing protein [0.0211] | Midasin [0.0158] | WASH complex subunit 2 [0.0074] | U3 small nucleolar ribonucleoprotein mpp10 [0.0070] | Rab-GAP TBC domain-containing protein [0.0055] | DNA repair protein complementing XP-G cells [0.0054]
B9J08_004711,(thale cress) hypothetical protein,0.1324433849834796,"(thale cress) hypothetical protein [0.1324] | Ovule protein [0.0688] | Hypothetical protein [0.0334] | Protein CHUP1, chloroplastic [0.0221] | Protein CHUP1, chloroplastic-like [0.0205] | NAB domain-containing protein [0.0125] | BZIP transcription factor [0.0053] | Protein CHUP1 [0.0048] | Protein CHUP1 chloroplastic-like [0.0028] | Myosin heavy chain-related protein [0.0023]"
B9J08_004727,Nuclear pore complex protein Nup85,0.240909943163622,Nuclear pore complex protein Nup85 [0.2409] | Nuclear pore protein [0.2084] | FAT domain-containing protein [0.0915] | Nuclear pore complex protein [0.0382] | Nucleoporin_C domain-containing protein [0.0303] | Nup96 domain-containing protein [0.0241] | Serine/threonine-protein kinase ATR [0.0211] | Serine/threonine protein kinase [0.0159] | Nuclear pore complex protein Nup160 [0.0116] | EC:2.7.11.1 [0.0091]
B9J08_004732,Thioredoxin-like_fold domain-containing protein,0.3780460222177817,Thioredoxin-like_fold domain-containing protein [0.3780] | Thioredoxin-like protein [0.0447] | Thioredoxin-like fold [0.0205] | Hypothetical protein [0.0156] | FCP1 homology domain-containing protein [0.0121] | Thioredoxin domain-containing protein [0.0110] | Thioredoxin-like fold protein [0.0106] | Mitochondrial import inner membrane translocase subunit TIM50 [0.0102] | PREDICTED: nucleoredoxin [0.0101] | Sec1-like protein [0.0096]
B9J08_004755,Crinkler (CRN) family protein,0.0657906077228947,"Crinkler (CRN) family protein [0.0658] | Crinkler (CRN) [0.0300] | Flagellar associated protein [0.0197] | Genome assembly, chromosome: II [0.0109] | Crinkler family protein [0.0081] | DUF2326 domain-containing protein [0.0053] | Crinkler (CRN) family protein, [0.0051] | SH2_2 domain-containing protein [0.0044] | SH2 domain-containing protein [0.0041] | Flagellar associated [0.0040]"
B9J08_004765,Transcription initiation factor SL1/TIF-IB subunit D,0.043472953082225,Transcription initiation factor SL1/TIF-IB subunit D [0.0435] | Surfeit locus protein 2 [0.0173] | Hypothetical protein [0.0166] | Ribosomal RNA-processing protein 8 [0.0154] | Hypothetical_protein [0.0136] | Nuclear autoantigen Sp-100 [0.0126] | TATA box-binding protein-associated factor RNA polymerase I subunit D [0.0124] | Nuclear autoantigen Sp-100-like [0.0068] | Coiled-coil domain-containing protein 81 [0.0051] | TATA box-binding protein-associated factor 1D [0.0045]
B9J08_004777,Hypothetical protein,0.0867117506075276,Hypothetical protein [0.0867] | Ribosome biogenesis protein SLX9 [0.0368] | Ribosome production factor 2 homolog [0.0357] | Ovule protein [0.0338] | Ribosome biogenesis protein slx9-like [0.0151] | (pine wood nematode) hypothetical protein [0.0150] | Ribosomal protein S7 [0.0113] | 30S ribosomal protein S21 [0.0090] | Ribosome biogenesis protein [0.0088] | Ribosomal protein S10 [0.0087]
B9J08_004779,C2H2-type domain-containing protein,0.031572880663729,C2H2-type domain-containing protein [0.0316] | BZIP domain-containing protein [0.0280] | (pine wood nematode) hypothetical protein [0.0159] | J domain-containing protein [0.0154] | C3H1-type domain-containing protein [0.0154] | Mediator of RNA polymerase II transcription subunit 26 [0.0138] | Centrosomal protein of 162 kDa [0.0116] | Mediator of rna polymerase ii transcription subunit 26 [0.0081] | Myb-like DNA-binding domain protein [0.0062] | Histone-lysine N-methyltransferase 2D [0.0038]
B9J08_004780,"ATPase expression protein 2, mitochondrial",0.5639391175361558,"ATPase expression protein 2, mitochondrial [0.5639] | Mtf2 domain-containing protein [0.0155] | Genetic interactor of prohibitin 5, mitochondrial [0.0149] | Mitochondrial translational activator [0.0095] | ATPase expression protein 2 [0.0083] | WGS project CCBQ000000000 data, contig 00015 [0.0063] | Transcription termination factor [0.0061] | Transcription termination factor, mitochondrial [0.0041] | ATPase expression protein 2, mitochondrial-like [0.0038] | ATPase expression protein [0.0031]"
B9J08_004790,Ras-associating domain-containing protein,0.0805056608158133,"Ras-associating domain-containing protein [0.0805] | DUF4708 domain-containing protein [0.0793] | Ral GTPase-activating protein subunit alpha-2 [0.0138] | Pleckstrin homology domain-containing family H member 2 [0.0072] | Ral GTPase-activating protein subunit beta-like [0.0062] | Testis-expressed sequence 264 protein [0.0059] | Ral GTPase-activating protein subunit alpha-2-like [0.0049] | Ral GTPase activating protein, beta subunit (Non-catalytic) [0.0048] | Ral GTPase-activating protein subunit beta [0.0047] | Ral GTPase-activating protein subunit alpha-1-like [0.0041]"
B9J08_004799,PAX3-and PAX7-binding protein 1,0.1185783157328538,PAX3-and PAX7-binding protein 1 [0.1186] | Nucleolar protein 16 [0.0515] | PAX3-and PAX7-binding protein 1-like [0.0395] | PAX3- and PAX7-binding protein 1-like [0.0184] | PAX3- and PAX7-binding protein 1 [0.0181] | (pine wood nematode) hypothetical protein [0.0156] | Swi5-dependent recombination DNA repair protein 1 homolog [0.0130] | Hypothetical protein [0.0125] | PAX3 and PAX7 binding protein 1 [0.0083] | Zinc finger protein 830 [0.0075]
B9J08_004831,Adherence factor,0.4847514721281613,"Adherence factor [0.4848] | HTH myb-type domain-containing protein [0.1034] | Myb-like domain-containing protein [0.0655] | Adherence factor, [0.0401] | SANT domain-containing protein [0.0373] | Myb-like DNA-binding domain-containing protein [0.0154] | Myb-like DNA-binding domain protein [0.0110] | Adherence factor protein [0.0103] | Adherence protein [0.0085] | Homeodomain-like protein [0.0081]"
B9J08_004842,Hypothetical_protein_-_conserved,0.0265691362615848,Hypothetical_protein_-_conserved [0.0266] | Unnamed product [0.0238] | Myb_DNA-bind_5 domain-containing protein [0.0229] | Branchpoint-bridging protein [0.0202] | Hypothetical_protein_conserved [0.0171] | Hypothetical_protein [0.0147] | Upf2 domain-containing protein [0.0134] | Transposase [0.0126] | Flagellar associated protein [0.0089] | SCHIP-1 domain-containing protein [0.0086]
B9J08_004863,Secreted protein,0.1004743314049411,Secreted protein [0.1005] | Conserved protein [0.0170] | Repressed By RIM101 protein 1 [0.0078] | GPI anchored protein [0.0072] | Repressed By RIM101 protein 1-like [0.0027] | Repressed By RIM101 protein 3 [0.0008] | Repressed By RIM101 protein 2 [0.0008] | Repressed By RIM101 protein [0.0006] | Repressed By RIM101 protein 1-like protein [0.0004] | Repressed By RIM101 protein 4 [0.0002]
B9J08_004871,HEPN_LA2681 domain-containing protein,0.0948673319333564,HEPN_LA2681 domain-containing protein [0.0949] | Phage protein [0.0298] | HEPN_Apea domain-containing protein [0.0280] | DGQHR domain-containing protein [0.0217] | DUF5617 domain-containing protein [0.0205] | AbiV family abortive infection protein [0.0197] | DUF4470 domain-containing protein [0.0176] | Dot/Icm T4SS effector [0.0169] | DUF5636 domain-containing protein [0.0131] | Nuclear pore complex protein [0.0121]
B9J08_004894,Secreted protein,0.10056266815076,"Secreted protein [0.1006] | Similar to [0.0486] | Hydrophobic surface binding protein A-domain-containing protein [0.0389] | Str. FM013 [0.0322] | RxLR effector protein [0.0279] | Cell wall mannoprotein 1 [0.0198] | WGS project CBMI000000000 data, contig [0.0174] | Hydrophobin [0.0122] | Secreted RxLR effector peptide protein [0.0082] | Hydrophobic surface binding protein A domain-containing protein [0.0080]"
B9J08_004897,Secreted protein,0.0933975300505416,"Secreted protein [0.0934] | Similar to [0.0619] | Str. FM013 [0.0373] | Hydrophobin [0.0372] | Conserved secreted protein [0.0171] | Microplusin [0.0110] | Mite allergen Lep d 7 [0.0085] | Microfi brillar-associated protein 1 [0.0075] | Metalloproteinase [0.0063] | WGS project CBMI000000000 data, contig [0.0057]"
B9J08_004903,Flocculation protein FLO11-like,0.0965247839751992,Flocculation protein FLO11-like [0.0965] | TPX2_importin domain-containing protein [0.0528] | Flocculation protein FLO11 [0.0264] | (thale cress) hypothetical protein [0.0250] | Cell division cycle associated 5 [0.0154] | Protein TPX2 [0.0114] | Protein TPX2-like [0.0090] | Proline-rich family protein [0.0071] | Cell division cycle-associated protein 3 [0.0058] | Proline-rich receptor-like protein kinase PERK9 [0.0054]
B9J08_004904,Bromo domain-containing protein,0.0480357842762902,Bromo domain-containing protein [0.0480] | Chromatin modification-related protein EAF6 [0.0299] | Chromatin-remodeling ATPase INO80 [0.0288] | Chromatin structure-remodeling complex subunit RSC4 [0.0219] | Transcription initiation factor TFIID subunit 8 [0.0206] | Chromatin structure-remodeling complex subunit RSC8 [0.0202] | Chromatin structure-remodeling complex protein RSC8 [0.0190] | Chromatin structure-remodeling complex subunit snf21 [0.0138] | Chromatin structure-remodeling complex protein RSC6 [0.0109] | Chromatin remodeling SWIB-Plus-3 family [0.0092]
B9J08_004911,THO complex subunit 5,0.0398483939190337,"THO complex subunit 5 [0.0398] | THO complex subunit 7 [0.0349] | THO complex subunit 5-like [0.0230] | Hypothetical_protein [0.0123] | SWI5-dependent HO expression protein 3 [0.0112] | Isy1p [0.0109] | THO complex subunit 5-like protein [0.0101] | Piso0_000946 protein [0.0078] | WGS project CCBQ000000000 data, contig 00015 [0.0058] | THO complex subunit 7/Mft1 [0.0057]"
B9J08_004922,MIF4G domain-containing protein,0.4078246894733213,MIF4G domain-containing protein [0.4078] | MIF4G_like_2 domain-containing protein [0.1523] | MI domain-containing protein [0.0562] | GRIP domain-containing protein [0.0218] | MIF4G domain protein [0.0155] | Actin-related protein 2/3 complex subunit 5 [0.0123] | ADDG [0.0112] | Hypothetical protein [0.0107] | Eukaryotic translation initiation factor 3 30 kDa subunit [0.0103] | CID domain-containing protein [0.0094]
B9J08_004940,Nrm1p,0.0111221678384179,"Nrm1p [0.0111] | WGS project CCBQ000000000 data, contig 00015 [0.0111] | Nrm1/Whi5 [0.0071] | Protein kinase domain-containing protein [0.0071] | WGS project CCBQ000000000 data, contig 00106 [0.0067] | WGS project CCBQ000000000 data, contig 00107 [0.0057] | WGS project CCBQ000000000 data, contig 00016 [0.0041] | Nrm1-like protein [0.0033] | WGS project CCBQ000000000 data, contig 00099 [0.0030] | WGS project CCBQ000000000 data, contig 00058 [0.0029]"
B9J08_004942,PCI domain-containing protein,0.1099018796405151,"PCI domain-containing protein [0.1099] | CSN8_PSD8_EIF3K domain-containing protein [0.0686] | COP9 signalosome complex subunit 7b [0.0524] | (thale cress) hypothetical protein [0.0422] | COP9 signalosome complex subunit 7 [0.0278] | Hypothetical protein [0.0135] | SAC3/GANP family protein [0.0130] | Proteasome regulatory non-ATP-ase subunit, [0.0118] | Proteasome regulatory non-ATP-ase subunit [0.0099] | COP9 signalosome complex subunit 4 [0.0094]"
B9J08_004945,BBP1_C domain-containing protein,0.2872737461923486,BBP1_C domain-containing protein [0.2873] | DUF148 domain-containing protein [0.2750] | Hypothetical protein [0.0249] | DUF4200 domain-containing protein [0.0218] | BBP1 family outer membrane lipoprotein [0.0166] | Hypothetical_protein [0.0152] | BBP1 family outer membrane protein [0.0108] | DUF349 domain-containing protein [0.0083] | Conserved oligomeric Golgi complex subunit 3 [0.0080] | Methyl-accepting chemotaxis protein [0.0058]
B9J08_004951,Protein LOT5,0.2729169345695816,Protein LOT5 [0.2729] | Anaphase-promoting complex subunit 1 [0.1164] | Lipin_N domain-containing protein [0.0600] | DUF4520 domain-containing protein [0.0335] | CS domain-containing protein [0.0320] | Anaphase-promoting complex subunit 10 [0.0153] | FACT complex subunit SSRP1 [0.0138] | DUF4524 domain-containing protein [0.0107] | Anaphase-promoting complex subunit [0.0091] | Anaphase-promoting complex subunit 13 [0.0077]
B9J08_004963,Hypothetical protein,0.2610128748330068,Hypothetical protein [0.2610] | (pine wood nematode) hypothetical protein [0.0096] | Expressed protein [0.0074] | (thale cress) hypothetical protein [0.0033] | RNA-binding (RRM/RBD/RNP motifs) family protein [0.0016] | Glycine-rich protein [0.0015] | Ctenidin-1-like [0.0011] | Glycine-rich protein 2-like [0.0009] | Glycine-rich cell wall structural protein 1 [0.0007] | CDNA [0.0006]
B9J08_004984,Inorganic pyrophosphatase,0.0530628434062171,Inorganic pyrophosphatase [0.0531] | Acetyltransferase [0.0326] | Inorganic diphosphatase [0.0221] | EC:3.6.1.1 [0.0189] | EC:3.6.1.- [0.0171] | ADP-ribose pyrophosphatase [0.0151] | Nudix hydrolase domain-containing protein [0.0137] | Hypothetical conserved protein [0.0089] | Long-chain-fatty-acid--CoA ligase [0.0087] | Long-chain fatty acid--CoA ligase [0.0073]
B9J08_005006,Inhibitor_I29 domain-containing protein,0.0312727024132974,Inhibitor_I29 domain-containing protein [0.0313] | Similar to [0.0235] | Hypothetical_protein [0.0226] | Expressed protein [0.0177] | DUF3106 domain-containing protein [0.0157] | Secretory protein [0.0100] | DUF3105 domain-containing protein [0.0092] | Hypothetical_protein_-_conserved [0.0088] | Secretory pathway protein [0.0086] | Cation-transporting ATPase [0.0048]
B9J08_005014,Protein roadkill,0.0172102172618045,"Protein roadkill [0.0172] | Protein kinase domain-containing protein [0.0127] | YKR045C-like protein [0.0104] | YKR045C [0.0093] | YKR005C [0.0067] | YKR005C-like protein [0.0065] | Serine/threonine-protein kinase HAL5-like [0.0064] | Protein roadkill-like [0.0037] | WGS project CCBQ000000000 data, contig 00015 [0.0029] | Serine/threonine-protein kinase [0.0027]"
B9J08_005017,Str. FM013,0.0453278914235705,Str. FM013 [0.0453] | Similar to [0.0309] | AT DNA binding protein [0.0180] | Shugoshin_C domain-containing protein [0.0149] | GAGA-binding transcriptional activator [0.0148] | Sister chromatid cohesion protein PDS5 [0.0115] | AT hook-like protein [0.0099] | AT hook domain-containing protein [0.0096] | AT hook-like [0.0073] | Sister-chromatide cohesion protein [0.0063]
B9J08_005041,DUTPase domain-containing protein,0.02882910560063,DUTPase domain-containing protein [0.0288] | SET domain-containing protein [0.0276] | Hypothetical_protein [0.0202] | Similar to [0.0155] | Protein FYV10 [0.0110] | Histone deacetylase [0.0070] | Histone deacetylase complex subunit SAP30 [0.0070] | Histone deacetylase complex subunit [0.0067] | Histone deacetylase complex subunit sap18 [0.0064] | DUTPase [0.0046]
B9J08_005063,ABC transmembrane type-1 domain-containing protein,0.0999565187094824,"ABC transmembrane type-1 domain-containing protein [0.1000] | Transmembrane protein [0.0757] | MMPL domain-containing protein [0.0323] | Transmembrane protein, [0.0304] | ABC transporter ATP-binding protein [0.0104] | Transposase [0.0094] | Secreted protein [0.0090] | Membrane protein US7 [0.0077] | Membrane-associated protein, [0.0070] | ABC transporter [0.0049]"
B9J08_005066,Serine-rich adhesin for platelets,0.0999482018650858,Serine-rich adhesin for platelets [0.0999] | PH domain-containing protein [0.0570] | Protein kinase domain-containing protein [0.0499] | Neurabin-1 [0.0454] | FH2 domain-containing protein [0.0337] | DH domain-containing protein [0.0308] | PDZ domain-containing protein [0.0299] | Serine-rich adhesin for platelets-like [0.0209] | ANK_REP_REGION domain-containing protein [0.0173] | LIM domain-containing protein jub [0.0116]
B9J08_005072,Myeloid leukemia factor 1,0.0867295938396502,"Myeloid leukemia factor 1 [0.0867] | Hypothetical protein [0.0656] | Myeloid leukemia factor [0.0547] | Myeloid leukemia factor 1-like [0.0221] | (thale cress) hypothetical protein [0.0141] | Myeloid leukemia factor 2 [0.0118] | (pine wood nematode) hypothetical protein [0.0092] | Signal peptide protein [0.0072] | Hypothetical_protein [0.0054] | Myeloid leukemia factor, [0.0036]"
B9J08_005080,Lipoprotein,0.1532083475341309,Lipoprotein [0.1532] | Transcriptional regulator [0.0382] | Conserved domain protein [0.0292] | Group-specific protein [0.0275] | Orphan protein [0.0104] | DUF4349 domain-containing protein [0.0095] | DNA repair ATPase [0.0093] | Orphan protein membrane protein [0.0086] | DNA repair protein [0.0085] | Hypothetical membrane protein [0.0068]
B9J08_005090,DDE_Tnp_1_7 domain-containing protein,0.0873347052767891,"DDE_Tnp_1_7 domain-containing protein [0.0873] | ORF4 [0.0188] | ORF43 [0.0174] | Hypothetical protein [0.0146] | ORF45 [0.0118] | WGS project CBMG000000000 data, contig CS5907- [0.0077] | ORF3 [0.0054] | WGS project CBME000000000 data, contig [0.0052] | ORF31 [0.0047] | Protein ORF43 [0.0043]"
B9J08_005118,Myb_DNA-bind_3 domain-containing protein,0.1405376581477693,Myb_DNA-bind_3 domain-containing protein [0.1405] | (thale cress) hypothetical protein [0.0478] | PREDICTED: transposon CACTA En/Spm [0.0182] | Protein FAR1-RELATED SEQUENCE [0.0178] | S ribonuclease [0.0169] | L10-interacting MYB domain-containing protein-like [0.0136] | PREDICTED: transposon [0.0134] | PREDICTED: FAR1-RELATED SEQUENCE [0.0128] | Nucleotide-diphospho-sugar transferases superfamily protein [0.0114] | CACTA en-spm transposon protein [0.0113]
B9J08_005147,Hypothetical protein,0.0861975964069831,Hypothetical protein [0.0862] | (pine wood nematode) hypothetical protein [0.0304] | Ovule protein [0.0250] | Protein Ycf2-like [0.0188] | Phosphoprotein [0.0146] | Serrate RNA effector molecule homolog [0.0134] | (thale cress) hypothetical protein [0.0092] | Microtubule-associated protein futsch [0.0045] | Heat shock 70 kDa protein 14 [0.0041] | Microtubule-associated protein futsch-like [0.0033]
B9J08_005156,Centromere protein H,0.3642862007538909,Centromere protein H [0.3643] | Centromere protein K [0.1529] | CENP-H domain-containing protein [0.0545] | Centromere protein h [0.0509] | Centromere protein H-like [0.0429] | Centromere protein Q [0.0403] | Centromere protein K-like [0.0321] | Centromere protein k [0.0159] | Centromere protein ZW10 [0.0135] | Spindle and kinetochore-associated protein 2 [0.0072]
B9J08_005159,Nuclear transcription factor Y subunit,0.0496619836821979,"Nuclear transcription factor Y subunit [0.0497] | 54S ribosomal protein L4, mitochondrial [0.0385] | 54S ribosomal protein L24 mitochondrial [0.0307] | 50S ribosomal protein L24 [0.0233] | 54S ribosomal protein L24 [0.0149] | 54S ribosomal protein L28, mitochondrial [0.0115] | 54S ribosomal protein L36, mitochondrial [0.0113] | Transcription factor [0.0091] | 54S ribosomal protein L24, mitochondrial [0.0090] | 54S ribosomal protein L24 mitochondrial-like [0.0055]"
B9J08_005164,General stress protein,0.0203235276485212,General stress protein [0.0203] | Hypothetical protein [0.0114] | Consensus disorder prediction [0.0106] | ADP-ribosylation factor GTPase-activating protein AGD8 [0.0055] | General transcriptional corepressor trfA-like [0.0047] | Cytospin-A [0.0037] | ADP-ribosylation factor GTPase-activating protein AGD9 [0.0030] | Transcription elongation factor S-II [0.0029] | General stress protein CsbD [0.0028] | ADP-ribosylation factor GTPase-activating protein AGD10 [0.0028]
B9J08_005173,Pro-interleukin-16,0.0523141157772329,Pro-interleukin-16 [0.0523] | Protein kinase domain-containing protein [0.0301] | DNA helicase [0.0266] | SMC5-SMC6 complex localization factor protein 2 [0.0221] | Breast cancer type 2 susceptibility protein homolog [0.0202] | UDENN domain-containing protein [0.0162] | BRCA-2_helical domain-containing protein [0.0133] | BRCA2 DNA repair associated [0.0123] | MTUS1 [0.0120] | Breast cancer type 1 susceptibility protein homolog [0.0101]
B9J08_005182,B2 protein,0.0546697473210978,B2 protein [0.0547] | Pecanex-like protein [0.0510] | Serine/threonine-protein kinase greatwall [0.0414] | Hypothetical protein [0.0254] | B2-adapt-app_C domain-containing protein [0.0198] | Protein kinase domain-containing protein [0.0195] | ULP_PROTEASE domain-containing protein [0.0175] | DUF4378 domain-containing protein [0.0133] | B2L13 protein [0.0128] | Transcription initiation factor TFIID subunit 1 [0.0106]
B9J08_005189,DUF1622 domain-containing protein,0.0726124824895073,DUF1622 domain-containing protein [0.0726] | Integral membrane protein TerC [0.0397] | Integral membrane protein [0.0370] | Hypothetical membrane protein [0.0310] | Membrane spanning protein [0.0287] | Inner membrane protein [0.0271] | Colicin V production protein [0.0232] | Integral membrane protein TerC family protein [0.0159] | CvpA family protein [0.0135] | Conserved domain protein [0.0112]
B9J08_005193,Hypothetical protein,0.0586174776202519,"Hypothetical protein [0.0586] | Transmembrane protein, [0.0544] | Transmembrane protein [0.0506] | ABC transmembrane type-1 domain-containing protein [0.0269] | Conserved plasma membrane protein [0.0254] | Longin domain-containing protein [0.0223] | RMI1_N domain-containing protein [0.0105] | Hypothetical_protein [0.0074] | ERD4-related membrane protein [0.0067] | RMI1_C domain-containing protein [0.0058]"
B9J08_005194,BAH domain-containing protein,0.0187319123892726,BAH domain-containing protein [0.0187] | DUF3444 domain-containing protein [0.0116] | DUF4520 domain-containing protein [0.0103] | Hypothetical protein [0.0096] | DUF3291 domain-containing protein [0.0069] | DUF4379 domain-containing protein [0.0045] | C-type lectin domain-containing protein [0.0036] | Eukaryotic translation initiation factor [0.0020] | Alpha-glucosidase [0.0019] | Eukaryotic translation initiation factor-like protein [0.0018]
B9J08_005200,"54S ribosomal protein L39, mitochondrial",0.0077665203645874,"54S ribosomal protein L39, mitochondrial [0.0078] | 54S ribosomal protein L36, mitochondrial [0.0070] | Ribosomal_L40e domain-containing protein [0.0058] | Ribosomal_L28e domain-containing protein [0.0049] | 54S ribosomal protein L37, mitochondrial [0.0049] | Ribosomal protein L35 [0.0039] | WGS project CCBQ000000000 data, contig 00015 [0.0031] | Ribosomal protein L35, mitochondrial [0.0029] | 54S ribosomal protein L35, mitochondrial [0.0024] | WGS project CCBQ000000000 data, contig 00106 [0.0022]"
B9J08_005215,CRAL-TRIO domain-containing protein,0.0358793682326783,CRAL-TRIO domain-containing protein [0.0359] | Elongator complex protein 5 [0.0203] | SNF2_N domain-containing protein [0.0157] | Hypothetical protein [0.0115] | ATP-dependent DNA helicase [0.0085] | Protein ecdysoneless [0.0083] | Helicase ATP-binding domain-containing protein [0.0079] | DNA repair protein [0.0066] | DNA repair protein RAD16 [0.0056] | Bumetanide-sensitive sodium-(Potassium)-chloride cotransporter [0.0054]
B9J08_005243,Hypothetical protein,0.068961971914795,Hypothetical protein [0.0690] | BAG domain-containing protein [0.0267] | CARD domain-containing protein [0.0246] | ATP-dependent DNA helicase [0.0228] | ATP-dependent helicase [0.0153] | Hypothetical_protein [0.0143] | ATP-binding protein [0.0112] | ATP-dependent Clp protease ATP-binding subunit ClpC [0.0086] | ATP-dependent Clp protease ATP-binding subunit ClpB [0.0082] | ATP-dependent Clp protease ATP-binding subunit [0.0077]
B9J08_005257,Protein kinase domain-containing protein,0.0719693956435042,"Protein kinase domain-containing protein [0.0720] | PH domain-containing protein [0.0420] | DH domain-containing protein [0.0282] | Hypothetical protein [0.0234] | ANK_REP_REGION domain-containing protein [0.0210] | T-cell activation inhibitor, mitochondrial [0.0163] | Transmembrane protein 242 [0.0096] | T-lymphoma invasion and metastasis-inducing protein 1 [0.0053] | Pleckstrin homology domain-containing family G member 5 [0.0047] | Pleckstrin homology domain-containing family A member 5 [0.0039]"
B9J08_005266,Transmembrane protein,0.0710345805537073,"Transmembrane protein [0.0710] | Transmembrane protein, [0.0246] | DUF3971 domain-containing protein [0.0216] | Hypothetical protein [0.0147] | C2 domain-containing protein [0.0142] | PH domain-containing protein [0.0141] | Pre-rRNA-processing protein ESF1 [0.0105] | DUF4097 domain-containing protein [0.0073] | Protein kinase domain-containing protein [0.0057] | PREDICTED: transmembrane [0.0051]"
B9J08_005277,Hint domain-containing protein,0.1513265129519083,Hint domain-containing protein [0.1513] | SH3 domain-containing protein [0.0492] | HintN domain-containing protein [0.0261] | Asp_Arg_Hydrox domain-containing protein [0.0132] | SET domain-containing protein [0.0121] | NMD3 domain-containing protein [0.0086] | Galectin [0.0081] | Galectin domain-containing protein [0.0080] | PTX3 [0.0068] | SH3_6 domain-containing protein [0.0066]
B9J08_005292,Btz domain-containing protein,0.0234525365200726,"Btz domain-containing protein [0.0235] | Str. FM013 [0.0230] | ANK_REP_REGION domain-containing protein [0.0188] | C2H2-type domain-containing protein [0.0166] | DUF1421 multi-domain protein [0.0140] | Podospora anserina S mat+ genomic DNA chromosome 7, supercontig 1 [0.0081] | Serine/threonine protein kinase [0.0076] | Histone-fold [0.0053] | Serine/threonine-protein kinase [0.0047] | Podospora anserina S mat+ genomic DNA chromosome 1, supercontig 1 [0.0038]"
B9J08_005293,Hypothetical protein,0.051152543191803,"Hypothetical protein [0.0512] | (pine wood nematode) hypothetical protein [0.0213] | (thale cress) hypothetical protein [0.0050] | 40S ribosomal protein S15 [0.0046] | Transcription initiation factor TFIID subunit 8 [0.0034] | Vacuolar protein sorting-associated protein [0.0030] | WGS project CBMG000000000 data, contig CS5907- [0.0027] | Transcription initiation factor TFIID subunit 6 [0.0023] | DUF3350 domain-containing protein [0.0020] | Vacuolar protein sorting-associated protein 72 homolog [0.0015]"
B9J08_005296,"39S ribosomal protein L50, mitochondrial",0.1241279104733905,"39S ribosomal protein L50, mitochondrial [0.1241] | 39S ribosomal protein L46, mitochondrial [0.0878] | Hypothetical protein [0.0416] | 28S ribosomal protein S15, mitochondrial [0.0346] | Hypothetical_protein [0.0335] | Succinate dehydrogenase assembly factor 4, mitochondrial [0.0164] | Succinate dehydrogenase assembly factor 3, mitochondrial [0.0113] | Protein FYV4, mitochondrial [0.0110] | Defects in morphology protein 1 [0.0099] | ATP synthase-coupling factor 6, mitochondrial [0.0089]"
B9J08_005311,CABIT domain-containing protein,0.2337479052003636,CABIT domain-containing protein [0.2337] | Arrestin_C domain-containing protein [0.0993] | Death domain-containing protein [0.0631] | Protein kinase domain-containing protein [0.0293] | Death domain-containing protein 1 [0.0219] | Protein kintoun [0.0153] | Protein CASC3 [0.0142] | Death domain containing 1 [0.0131] | Testis-expressed protein 15 [0.0073] | Arrestin domain-containing protein 2 [0.0066]
B9J08_005315,Str. FM013,0.074331460532717,"Str. FM013 [0.0743] | Uds1 domain-containing protein [0.0238] | Muscular LMNA interacting protein [0.0204] | Similar to [0.0189] | Muscular LMNA-interacting protein [0.0159] | Mus7/MMS22 family-domain-containing protein [0.0136] | Mucin-5AC-like [0.0124] | Expressed protein [0.0113] | Expressed conserved protein [0.0087] | WGS project CCBQ000000000 data, contig 00015 [0.0053]"
B9J08_005321,Transmembrane protein INAFM2,0.0484867044160088,"Transmembrane protein INAFM2 [0.0485] | Hypothetical protein [0.0396] | Agrin-like [0.0304] | Ovule protein [0.0296] | Transmembrane protein [0.0284] | Transmembrane protein, [0.0262] | Agrin [0.0216] | Transmembrane protein INAFM1 [0.0188] | TMEM132D_N domain-containing protein [0.0134] | InaF motif containing 2 [0.0132]"
B9J08_005326,CS domain-containing protein,0.2061785963629231,CS domain-containing protein [0.2062] | PH domain-containing protein [0.0523] | CAP_C domain-containing protein [0.0202] | C2-C2_1 domain-containing protein [0.0159] | GOLD domain-containing protein [0.0157] | Protein CASC1 [0.0154] | C2 domain-containing protein [0.0107] | Protein CASC1-like [0.0107] | SH2 domain-containing protein [0.0100] | Coiled-coil and C2 domain containing 1B [0.0030]
B9J08_005333,Hypothetical protein,0.8662985964655129,Hypothetical protein [0.8663] | Secreted protein [0.0292] | (pine wood nematode) hypothetical protein [0.0051] | Sec-independent protein translocase protein TatA [0.0035] | Sec translocon accessory complex subunit YajC [0.0032] | Protein TolA [0.0030] | Hypothetical salivary protein [0.0018] | Hypothetical membrane protein [0.0017] | Secretory carrier membrane protein [0.0012] | Hypothetical-protein [0.0011]
B9J08_005389,Myb-like domain-containing protein,0.3040485244915396,"Myb-like domain-containing protein [0.3040] | Myb_Cef domain-containing protein [0.0447] | BZIP domain-containing protein [0.0434] | Enhancer of polycomb-like protein [0.0216] | Zf-C3H1 domain-containing protein [0.0213] | SANT domain-containing protein [0.0170] | Myb DNA-binding domain protein [0.0111] | Myb-like DNA-binding domain protein [0.0077] | Myb-like protein L [0.0036] | WGS project CABT00000000 data, contig 2.3 [0.0019]"
B9J08_005394,Chloride channel protein,0.0642582964031618,Chloride channel protein [0.0643] | UPF0496 protein [0.0292] | CNNM transmembrane domain-containing protein [0.0211] | VASt domain-containing protein [0.0185] | Aa_trans domain-containing protein [0.0167] | UPF0496 protein At3g19330 [0.0080] | Vacuolar iron transporter [0.0077] | UPF0496 protein At3g19330-like [0.0057] | Vacuolar iron transporter 1 [0.0057] | MRS2-like protein [0.0054]
B9J08_005420,Secreted protein,0.102339459881309,"Secreted protein [0.1023] | Secreted RxLR effector peptide protein [0.0433] | RxLR effector protein [0.0313] | Str. FM013 [0.0246] | Spheroplast protein Y [0.0216] | Signal peptide containing protein [0.0196] | GPI anchored protein [0.0164] | Secreted RxLR effector peptide protein, [0.0147] | Signal peptide-containing protein [0.0090] | WGS project CABT00000000 data, contig 2.3 [0.0045]"
B9J08_005439,Mediator complex subunit 4,0.0953382302092074,Mediator complex subunit 4 [0.0953] | KIX_2 domain-containing protein [0.0860] | Mediator of RNA polymerase II transcription subunit 4 [0.0692] | Mediator of RNA polymerase II transcription subunit 15 [0.0387] | Mediator complex subunit 15 [0.0224] | Mediator of RNA polymerase II transcription subunit 8 [0.0185] | Med25 domain-containing protein [0.0120] | Mediator of RNA polymerase II transcription subunit 29 [0.0094] | Transcription activator MSS11 [0.0088] | Mediator complex subunit 6 [0.0083]
B9J08_005470,DNA translocase FtsK,0.1736134520130893,"DNA translocase FtsK [0.1736] | MCM_lid domain-containing protein [0.0961] | Mitochondrial zinc maintenance protein 1, mitochondrial [0.0261] | MCM3AP_GANP domain-containing protein [0.0185] | DNA-directed RNA polymerase III subunit RPC3 [0.0142] | PET112-like protein [0.0142] | Bgt- [0.0112] | PET112 (Y [0.0105] | PET127-like protein [0.0069] | PET127 (Y [0.0062]"
B9J08_005479,Hypothetical_protein,0.0412730498529797,"Hypothetical_protein [0.0413] | CortBP2 domain-containing protein [0.0223] | SAP domain-containing protein [0.0206] | (Z [0.0079] | (pine wood nematode) hypothetical protein [0.0079] | DNA repair protein XRCC4 [0.0044] | DNA repair protein Sae2/CtIP [0.0039] | WGS project CCBQ000000000 data, contig 00015 [0.0038] | WGS project CCBQ000000000 data, contig 00106 [0.0025] | WGS project CCBQ000000000 data, contig 00107 [0.0019]"
B9J08_005502,Signal recognition particle subunit SRP72,0.093116112515889,Signal recognition particle subunit SRP72 [0.0931] | TPR_REGION domain-containing protein [0.0755] | Tetratricopeptide-like helical [0.0261] | Signal recognition particle subunit SRP68 [0.0227] | SRP68 [0.0195] | Exocyst complex component Sec10 [0.0164] | CHAT domain-containing protein [0.0152] | TPR-like protein [0.0147] | Tetratricopeptide-like helical domain [0.0143] | ANK_REP_REGION domain-containing protein [0.0141]
B9J08_005519,Major sperm protein,0.0279598069389915,Major sperm protein [0.0280] | Ig-like domain-containing protein [0.0235] | DUF1738 domain-containing protein [0.0174] | Plastocyanin-like domain-containing protein [0.0159] | DUF1989 domain-containing protein [0.0138] | Movement protein [0.0135] | DUF4457 domain-containing protein [0.0109] | DUF3480 domain-containing protein [0.0087] | Protein FAM206A [0.0048] | DUF5739 domain-containing protein [0.0048]
B9J08_005534,Rho-GAP domain-containing protein,0.0342904848481421,"Rho-GAP domain-containing protein [0.0343] | Suppressor protein SRP40 [0.0189] | Suppressor protein SRP40-like [0.0173] | Zds_C domain-containing protein [0.0159] | Serine-rich adhesin for platelets [0.0098] | F-box domain-containing protein [0.0080] | Serine-rich adhesin for platelets-like [0.0070] | F-box/WD repeat-containing protein 7 [0.0068] | Suppressor of glucose, autophagy associated 1 [0.0067] | Serine-rich protein [0.0049]"
B9J08_005538,RMI1_C domain-containing protein,0.0801548882822499,RMI1_C domain-containing protein [0.0802] | RMI1_N domain-containing protein [0.0639] | ZU5 domain-containing protein [0.0268] | BRCA-2_OB1 domain-containing protein [0.0239] | Late endosomal/lysosomal adaptor and MAPK and MTOR activator 1 [0.0111] | VPS13_mid_rpt domain-containing protein [0.0102] | DNA-directed RNA polymerase III subunit RPC5 [0.0101] | Vacuolar protein sorting-associated protein 13D [0.0087] | BRCA2-interacting transcriptional repressor EMSY [0.0047] | Vacuolar protein sorting-associated protein 13B [0.0035]
B9J08_005543,Protein pal1,0.0877946882745605,"Protein pal1 [0.0878] | Protein STB3 [0.0198] | Protein will die slowly [0.0184] | WGS project CCBQ000000000 data, contig 00015 [0.0048] | WGS project CCBQ000000000 data, contig 00106 [0.0039] | Multicopy suppressor of pop two [0.0030] | WGS project CCBQ000000000 data, contig 00107 [0.0030] | Multicopy suppressor of leflunomide sensitivity [0.0028] | WGS project CCBQ000000000 data, contig 00016 [0.0020] | WGS project CCBQ000000000 data, contig 00058 [0.0017]"
B9J08_005546,Integral membrane protein,0.0867318477651089,"Integral membrane protein [0.0867] | Transmembrane protein [0.0245] | Hypothetical protein [0.0238] | DUF202 domain-containing protein [0.0227] | DUF2012 domain-containing protein [0.0193] | ADP,ATP carrier protein [0.0151] | Polycystic kidney disease protein 1-like 2 [0.0129] | DUF2029 domain-containing protein [0.0100] | Integral membrane [0.0087] | Transmembrane protein, [0.0085]"
B9J08_005547,MFS domain-containing protein,0.092970656833835,"MFS domain-containing protein [0.0930] | MFS_1_like domain-containing protein [0.0500] | Integral membrane protein [0.0399] | MFS general substrate transporter [0.0299] | MFS transporter [0.0286] | Transmembrane protein [0.0256] | Hypothetical_protein [0.0190] | Transmembrane protein, [0.0179] | PGG domain-containing protein [0.0164] | Integral membrane protein, [0.0156]"
B9J08_005551,Arrestin_N domain-containing protein,0.599509779134596,Arrestin_N domain-containing protein [0.5995] | Arrestin_C domain-containing protein [0.0523] | Arrestin domain-containing protein 3 [0.0131] | Arrestin domain-containing protein [0.0119] | Hypothetical_protein [0.0108] | Hypothetical protein [0.0101] | Bul1_C domain-containing protein [0.0083] | Meckelin [0.0058] | Arrestin domain-containing protein 1 [0.0051] | Arrestin domain protein [0.0040]
B9J08_005557,Secreted protein,0.0486174172923334,Secreted protein [0.0486] | Cell wall protein [0.0377] | Extracellular protein [0.0253] | Fit3p [0.0174] | GPI anchored protein [0.0144] | Fit1p [0.0073] | Fit2p [0.0069] | Cell wall beta-glucan synthesis [0.0068] | GPI-anchored protein [0.0064] | Fit1 [0.0059]
B9J08_005558,Conserved protein,0.0921971978888394,"Conserved protein [0.0922] | Protein KRE1 [0.0567] | Secreted protein [0.0490] | Cell wall protein [0.0116] | WGS project CCBQ000000000 data, contig 00015 [0.0033] | WGS project CCBQ000000000 data, contig 00106 [0.0029] | Cell wall protein, [0.0026] | WGS project CCBQ000000000 data, contig 00107 [0.0022] | WGS project CCBQ000000000 data, contig 00016 [0.0015] | WGS project CCBQ000000000 data, contig 00099 [0.0010]"
B9J08_005559,Secreted protein,0.06064273988704,Secreted protein [0.0606] | Protein KRE1 [0.0243] | Cell wall protein [0.0225] | Fit3p [0.0157] | Extracellular conserved protein [0.0144] | Fit2p [0.0136] | Extracellular conserved serine-rich protein [0.0134] | Cell wall beta-glucan synthesis [0.0128] | GPI-anchored protein 26 [0.0062] | Fit2 [0.0051]
B9J08_005560,Secreted protein,0.0878232230697322,Secreted protein [0.0878] | Conserved protein [0.0295] | Fit3p [0.0269] | KRE1-like protein [0.0190] | Protein KRE1 [0.0185] | Cell wall protein [0.0148] | Extracellular conserved serine-rich protein [0.0111] | GPI-anchored protein 26 [0.0050] | Cell wall beta-glucan synthesis [0.0050] | Cell wall protein SED1 [0.0030]
B9J08_005561,Fit2p,0.080710837456121,Fit2p [0.0807] | Fit3p [0.0482] | Secreted protein [0.0298] | Conserved protein [0.0277] | Cell wall protein [0.0101] | Fit2 [0.0092] | Fit2 protein [0.0025] | Cell wall beta-glucan synthesis [0.0024] | Fit3 [0.0013] | EM14S01-3B_G0010840.mRNA.1.CDS.1 [0.0001]
B9J08_005573,CHAT domain-containing protein,0.0316579284796878,CHAT domain-containing protein [0.0317] | Hypothetical protein [0.0239] | TPR repeat-containing protein [0.0228] | WHG domain-containing protein [0.0216] | TPR_REGION domain-containing protein [0.0214] | Sel1 repeat family protein [0.0206] | Tetratricopeptide repeat (TPR)-like superfamily protein [0.0173] | DUF5107 domain-containing protein [0.0159] | Pentatricopeptide repeat-containing protein [0.0157] | Tetratricopeptide repeat protein [0.0128]
B9J08_005574,Signaling mucin MSB2,0.0681994710518195,"Signaling mucin MSB2 [0.0682] | MUC1-Extracellular alpha-1,4-glucan glucosidase [0.0397] | Hyphally regulated cell wall protein 1 [0.0294] | Hypothetical_protein [0.0240] | MUC1 (Extracellular alpha-1,4-glucan glucosidase) [0.0173] | Basic proline-rich protein [0.0155] | Chitinase [0.0131] | Mucin-19-like [0.0124] | Mucin family signaling protein [0.0122] | Hyphally regulated cell wall protein 1-like [0.0122]"
B9J08_005575,DUF3715 domain-containing protein,0.220048943528424,DUF3715 domain-containing protein [0.2200] | DUF3794 domain-containing protein [0.0846] | C2 domain-containing protein [0.0553] | C2 DOCK-type domain-containing protein [0.0259] | DUF1769-domain-containing protein [0.0258] | DUF1619 domain-containing protein [0.0240] | (pine wood nematode) hypothetical protein [0.0167] | DUF3668 domain-containing protein [0.0148] | CUB domain-containing protein [0.0118] | Hypothetical protein [0.0091]
B9J08_005576,Lipase_3 domain-containing protein,0.5573986292051515,"Lipase_3 domain-containing protein [0.5574] | GPS domain-containing protein [0.0154] | EC:3.1.3.16 [0.0083] | EC:3.1.3.4 [0.0073] | Lipase, class 3 [0.0061] | WW domain-containing protein [0.0053] | EC:3.1.3.48 [0.0047] | EC:3.1.1.- [0.0042] | EC:3.1.1.3 [0.0040] | Lipase [0.0039]"
