Gene ID,Threshold,GO ID,ProtNote Probability,ProtNote Rank,Description
B9J08_000002,0.5,GO:0022857,0.8234,11,transmembrane transporter activity
B9J08_000002,0.5,GO:0005886,0.7162,16,plasma membrane
B9J08_000002,0.5,GO:0055085,0.6847,19,transmembrane transport
B9J08_000003,0.5,GO:0030001,0.781,14,metal ion transport
B9J08_000008,0.5,GO:0016491,0.5859,14,oxidoreductase activity
B9J08_000009,0.5,GO:0016757,0.9658,9,"transferase activity, transferring glycosyl groups"
B9J08_000010,0.5,GO:0016746,0.7446,12,"transferase activity, transferring acyl groups"
B9J08_000011,0.5,GO:0006914,0.8522,9,autophagy
B9J08_000011,0.5,GO:0015031,0.7736,17,protein transport
B9J08_000012,0.5,GO:0006015,0.9984,2,5-phosphoribose 1-diphosphate biosynthetic process
B9J08_000013,0.5,GO:0004160,0.9933,12,dihydroxy-acid dehydratase activity
B9J08_000015,0.5,GO:0003824,0.9396,14,catalytic activity
B9J08_000015,0.5,GO:0019752,0.9083,17,carboxylic acid metabolic process
B9J08_000016,0.5,GO:0005886,0.673,10,plasma membrane
B9J08_000016,0.5,GO:0016020,0.6158,16,membrane
B9J08_000017,0.5,GO:0016788,0.8481,6,"hydrolase activity, acting on ester bonds"
B9J08_000018,0.5,GO:0000166,0.9923,10,nucleotide binding
B9J08_000018,0.5,GO:0005524,0.9898,15,ATP binding
B9J08_000023,0.5,GO:0004177,0.9603,13,aminopeptidase activity
B9J08_000026,0.5,GO:0005524,0.7936,13,ATP binding
B9J08_000027,0.5,GO:0016491,0.7803,4,oxidoreductase activity
B9J08_000027,0.5,GO:0008152,0.7276,7,metabolic process
B9J08_000028,0.5,GO:0005524,0.9922,14,ATP binding
B9J08_000029,0.5,GO:0005634,0.6722,9,nucleus
B9J08_000031,0.5,GO:0006334,0.8501,17,nucleosome assembly
B9J08_000031,0.5,GO:0005737,0.7427,18,cytoplasm
B9J08_000032,0.5,GO:0000166,0.9813,2,nucleotide binding
B9J08_000032,0.5,GO:0005524,0.9724,11,ATP binding
B9J08_000033,0.5,GO:0022857,0.9296,8,transmembrane transporter activity
B9J08_000034,0.5,GO:0005743,0.8586,15,mitochondrial inner membrane
B9J08_000037,0.5,GO:0046872,0.8826,9,metal ion binding
B9J08_000037,0.5,GO:0006508,0.8537,15,proteolysis
B9J08_000044,0.5,GO:0005634,0.7943,20,nucleus
B9J08_000045,0.5,GO:0005524,0.9887,13,ATP binding
B9J08_000045,0.5,GO:0016818,0.9868,15,"hydrolase activity, acting on acid anhydrides, in phosphorus-containing anhydrides"
B9J08_000048,0.5,GO:0016020,0.7166,13,membrane
B9J08_000050,0.5,GO:0005576,0.6136,6,extracellular region
B9J08_000054,0.5,GO:0004553,0.886,15,"hydrolase activity, hydrolyzing O-glycosyl compounds"
B9J08_000054,0.5,GO:0005975,0.8427,19,carbohydrate metabolic process
B9J08_000055,0.5,GO:0006520,0.9928,11,cellular amino acid metabolic process
B9J08_000058,0.5,GO:0036381,0.9975,15,pyridoxal 5'-phosphate synthase (glutamine hydrolysing) activity
B9J08_000061,0.5,GO:0005730,0.7849,17,nucleolus
B9J08_000063,0.5,GO:0004298,0.9567,16,threonine-type endopeptidase activity
B9J08_000066,0.5,GO:0046872,0.9759,5,metal ion binding
B9J08_000072,0.5,GO:0016020,0.5071,8,membrane
B9J08_000073,0.5,GO:0016020,0.7504,11,membrane
B9J08_000073,0.5,GO:0005743,0.671,16,mitochondrial inner membrane
B9J08_000074,0.5,GO:0032153,0.5685,20,cell division site
B9J08_000078,0.5,GO:0016020,0.5048,11,membrane
B9J08_000081,0.5,GO:0003676,0.676,17,nucleic acid binding
B9J08_000082,0.5,GO:0005525,0.9871,5,GTP binding
B9J08_000091,0.5,GO:0006412,0.9752,20,translation
B9J08_000092,0.5,GO:0005874,0.9975,5,microtubule
B9J08_000093,0.5,GO:0005743,0.8887,12,mitochondrial inner membrane
B9J08_000094,0.5,GO:0005524,0.9878,16,ATP binding
B9J08_000095,0.5,GO:0008270,0.9547,16,zinc ion binding
B9J08_000095,0.5,GO:0005634,0.9177,20,nucleus
B9J08_000096,0.5,GO:0005634,0.8564,12,nucleus
B9J08_000098,0.5,GO:0005525,0.9895,15,GTP binding
B9J08_000100,0.5,GO:0004725,0.9118,7,protein tyrosine phosphatase activity
B9J08_000102,0.5,GO:0005524,0.9892,16,ATP binding
B9J08_000103,0.5,GO:0003824,0.9767,4,catalytic activity
B9J08_000103,0.5,GO:0005524,0.9696,10,ATP binding
B9J08_000108,0.5,GO:0004722,0.6089,17,protein serine/threonine phosphatase activity
B9J08_000109,0.5,GO:0005524,0.9687,14,ATP binding
B9J08_000111,0.5,GO:0005524,0.9954,6,ATP binding
B9J08_000111,0.5,GO:0000166,0.993,9,nucleotide binding
B9J08_000113,0.5,GO:0005524,0.9368,16,ATP binding
B9J08_000114,0.5,GO:0005524,0.9675,14,ATP binding
B9J08_000121,0.5,GO:0003676,0.5851,9,nucleic acid binding
B9J08_000122,0.5,GO:0046872,0.8814,6,metal ion binding
B9J08_000127,0.5,GO:0005739,0.7986,12,mitochondrion
B9J08_000127,0.5,GO:0016491,0.5268,19,oxidoreductase activity
B9J08_000131,0.5,GO:0046872,0.9762,1,metal ion binding
B9J08_000133,0.5,GO:0005524,0.9911,11,ATP binding
B9J08_000140,0.5,GO:0004129,0.9037,18,cytochrome-c oxidase activity
B9J08_000141,0.5,GO:0000159,0.764,19,protein phosphatase type 2A complex
B9J08_000141,0.5,GO:0019888,0.7633,20,protein phosphatase regulator activity
B9J08_000144,0.5,GO:0008152,0.5378,11,metabolic process
B9J08_000145,0.5,GO:0030479,0.9476,3,actin cortical patch
B9J08_000145,0.5,GO:0005515,0.8521,18,protein binding
B9J08_000145,0.5,GO:0006897,0.8337,19,endocytosis
B9J08_000149,0.5,GO:0046872,0.7638,8,metal ion binding
B9J08_000150,0.5,GO:0006099,0.9616,9,tricarboxylic acid cycle
B9J08_000150,0.5,GO:0046872,0.9358,13,metal ion binding
B9J08_000152,0.5,GO:0005634,0.7427,10,nucleus
B9J08_000155,0.5,GO:0007059,0.5668,11,chromosome segregation
B9J08_000164,0.5,GO:0000166,0.9886,4,nucleotide binding
B9J08_000164,0.5,GO:0005524,0.981,15,ATP binding
B9J08_000168,0.5,GO:0016491,0.7511,12,oxidoreductase activity
B9J08_000170,0.5,GO:0016020,0.5329,14,membrane
B9J08_000171,0.5,GO:0005524,0.9698,14,ATP binding
B9J08_000172,0.5,GO:0022857,0.9662,7,transmembrane transporter activity
B9J08_000173,0.5,GO:0046872,0.9292,11,metal ion binding
B9J08_000173,0.5,GO:0009055,0.8905,19,electron transfer activity
B9J08_000173,0.5,GO:0020037,0.8901,20,heme binding
B9J08_000175,0.5,GO:0000166,0.9628,3,nucleotide binding
B9J08_000175,0.5,GO:0005524,0.939,10,ATP binding
B9J08_000175,0.5,GO:0005215,0.9163,17,transporter activity
B9J08_000177,0.5,GO:0005829,0.5078,10,cytosol
B9J08_000179,0.5,GO:0005730,0.7394,11,nucleolus
B9J08_000181,0.5,GO:0000902,0.6853,12,cell morphogenesis
B9J08_000182,0.5,GO:0046872,0.691,8,metal ion binding
B9J08_000182,0.5,GO:0005737,0.5391,11,cytoplasm
B9J08_000184,0.5,GO:0005515,0.8989,6,protein binding
B9J08_000186,0.5,GO:0009052,0.9649,9,"pentose-phosphate shunt, non-oxidative branch"
B9J08_000186,0.5,GO:0004751,0.9437,11,ribose-5-phosphate isomerase activity
B9J08_000187,0.5,GO:0005525,0.9925,7,GTP binding
B9J08_000188,0.5,GO:0017111,0.946,15,nucleoside-triphosphatase activity
B9J08_000188,0.5,GO:0000166,0.9422,18,nucleotide binding
B9J08_000188,0.5,GO:0005524,0.9397,19,ATP binding
B9J08_000193,0.5,GO:0008168,0.8058,5,methyltransferase activity
B9J08_000193,0.5,GO:0008757,0.6674,7,S-adenosylmethionine-dependent methyltransferase activity
B9J08_000193,0.5,GO:0008276,0.5812,10,protein methyltransferase activity
B9J08_000203,0.5,GO:0006412,0.9686,14,translation
B9J08_000206,0.5,GO:0008270,0.6538,18,zinc ion binding
B9J08_000209,0.5,GO:0030295,0.9958,2,protein kinase activator activity
B9J08_000213,0.5,GO:0005525,0.9879,18,GTP binding
B9J08_000216,0.5,GO:0046872,0.7263,11,metal ion binding
B9J08_000216,0.5,GO:0016787,0.6795,19,hydrolase activity
B9J08_000220,0.5,GO:0005886,0.6094,7,plasma membrane
B9J08_000220,0.5,GO:0016020,0.5876,8,membrane
B9J08_000222,0.5,GO:0003824,0.8213,6,catalytic activity
B9J08_000222,0.5,GO:0005739,0.6904,12,mitochondrion
B9J08_000223,0.5,GO:0005525,0.8661,15,GTP binding
B9J08_000226,0.5,GO:0003676,0.966,11,nucleic acid binding
B9J08_000230,0.5,GO:0030170,0.9952,12,pyridoxal phosphate binding
B9J08_000231,0.5,GO:0005743,0.8306,19,mitochondrial inner membrane
B9J08_000234,0.5,GO:0003677,0.8727,9,DNA binding
B9J08_000235,0.5,GO:0032956,0.543,9,regulation of actin cytoskeleton organization
B9J08_000235,0.5,GO:0007165,0.5078,13,signal transduction
B9J08_000236,0.5,GO:0006457,0.7687,6,protein folding
B9J08_000236,0.5,GO:0051085,0.7529,8,chaperone cofactor-dependent protein refolding
B9J08_000236,0.5,GO:0051087,0.7273,10,chaperone binding
B9J08_000236,0.5,GO:0051082,0.7097,12,unfolded protein binding
B9J08_000237,0.5,GO:0005886,0.8139,15,plasma membrane
B9J08_000242,0.5,GO:0005524,0.9824,10,ATP binding
B9J08_000243,0.5,GO:0006810,0.9828,12,transport
B9J08_000248,0.5,GO:0005524,0.958,20,ATP binding
B9J08_000253,0.5,GO:0016491,0.6502,10,oxidoreductase activity
B9J08_000258,0.5,GO:0005375,0.8057,7,copper ion transmembrane transporter activity
B9J08_000261,0.5,GO:0050660,0.7606,10,flavin adenine dinucleotide binding
B9J08_000262,0.5,GO:0008324,0.9889,9,cation transmembrane transporter activity
B9J08_000264,0.5,GO:0005524,0.9701,12,ATP binding
B9J08_000264,0.5,GO:0051082,0.9326,18,unfolded protein binding
B9J08_000269,0.5,GO:0005525,0.9908,14,GTP binding
B9J08_000271,0.5,GO:0031966,0.9049,8,mitochondrial membrane
B9J08_000272,0.5,GO:0015031,0.9115,12,protein transport
B9J08_000274,0.5,GO:0000015,0.9995,1,phosphopyruvate hydratase complex
B9J08_000274,0.5,GO:0004634,0.9957,2,phosphopyruvate hydratase activity
B9J08_000274,0.5,GO:0006096,0.9932,5,glycolytic process
B9J08_000274,0.5,GO:0000287,0.9775,17,magnesium ion binding
B9J08_000275,0.5,GO:0004298,0.9871,13,threonine-type endopeptidase activity
B9J08_000275,0.5,GO:0051603,0.985,15,proteolysis involved in cellular protein catabolic process
B9J08_000275,0.5,GO:0004175,0.981,19,endopeptidase activity
B9J08_000276,0.5,GO:0005524,0.9769,13,ATP binding
B9J08_000282,0.5,GO:0046872,0.7406,8,metal ion binding
B9J08_000282,0.5,GO:0005634,0.7378,9,nucleus
B9J08_000284,0.5,GO:0003824,0.7692,3,catalytic activity
B9J08_000285,0.5,GO:0005524,0.9776,14,ATP binding
B9J08_000286,0.5,GO:0005730,0.5975,15,nucleolus
B9J08_000287,0.5,GO:0005525,0.9938,6,GTP binding
B9J08_000288,0.5,GO:0005524,0.9875,12,ATP binding
B9J08_000290,0.5,GO:0005524,0.9751,13,ATP binding
B9J08_000296,0.5,GO:0000145,0.9232,5,exocyst
B9J08_000296,0.5,GO:0006887,0.8654,16,exocytosis
B9J08_000299,0.5,GO:0005525,0.9974,8,GTP binding
B9J08_000301,0.5,GO:0022857,0.6253,12,transmembrane transporter activity
B9J08_000306,0.5,GO:0003824,0.7818,2,catalytic activity
B9J08_000307,0.5,GO:0004725,0.8957,8,protein tyrosine phosphatase activity
B9J08_000307,0.5,GO:0016311,0.8349,15,dephosphorylation
B9J08_000320,0.5,GO:0009070,0.8733,18,serine family amino acid biosynthetic process
B9J08_000321,0.5,GO:0022857,0.8657,12,transmembrane transporter activity
B9J08_000321,0.5,GO:0055085,0.7628,14,transmembrane transport
B9J08_000321,0.5,GO:0016020,0.7288,15,membrane
B9J08_000322,0.5,GO:0045454,0.9856,1,cell redox homeostasis
B9J08_000322,0.5,GO:0006662,0.8646,13,glycerol ether metabolic process
B9J08_000322,0.5,GO:0015035,0.8013,16,protein disulfide oxidoreductase activity
B9J08_000326,0.5,GO:0016491,0.8769,3,oxidoreductase activity
B9J08_000327,0.5,GO:0003676,0.7369,6,nucleic acid binding
B9J08_000328,0.5,GO:0003747,0.9175,6,translation release factor activity
B9J08_000328,0.5,GO:0016149,0.8817,12,"translation release factor activity, codon specific"
B9J08_000328,0.5,GO:0006415,0.8613,16,translational termination
B9J08_000335,0.5,GO:0005525,0.9518,16,GTP binding
B9J08_000340,0.5,GO:0005524,0.9904,12,ATP binding
B9J08_000341,0.5,GO:0005634,0.9182,10,nucleus
B9J08_000342,0.5,GO:0022857,0.8835,8,transmembrane transporter activity
B9J08_000342,0.5,GO:0005743,0.8,17,mitochondrial inner membrane
B9J08_000344,0.5,GO:0005758,0.6631,18,mitochondrial intermembrane space
B9J08_000347,0.5,GO:0022857,0.9252,8,transmembrane transporter activity
B9J08_000348,0.5,GO:0003677,0.9926,10,DNA binding
B9J08_000348,0.5,GO:0003700,0.9897,13,DNA-binding transcription factor activity
B9J08_000348,0.5,GO:0005634,0.9631,20,nucleus
B9J08_000350,0.5,GO:0016491,0.9807,2,oxidoreductase activity
B9J08_000351,0.5,GO:0005737,0.7405,9,cytoplasm
B9J08_000352,0.5,GO:0008168,0.8277,5,methyltransferase activity
B9J08_000353,0.5,GO:0046872,0.9263,10,metal ion binding
B9J08_000354,0.5,GO:0005509,0.5407,20,calcium ion binding
B9J08_000355,0.5,GO:0000166,0.9901,5,nucleotide binding
B9J08_000355,0.5,GO:0005524,0.984,11,ATP binding
B9J08_000356,0.5,GO:0000166,0.9973,11,nucleotide binding
B9J08_000359,0.5,GO:0032511,0.7899,11,late endosome to vacuole transport via multivesicular body sorting pathway
B9J08_000362,0.5,GO:0016787,0.6415,13,hydrolase activity
B9J08_000362,0.5,GO:0016799,0.5603,18,"hydrolase activity, hydrolyzing N-glycosyl compounds"
B9J08_000363,0.5,GO:0005737,0.8863,6,cytoplasm
B9J08_000363,0.5,GO:0034599,0.5766,18,cellular response to oxidative stress
B9J08_000364,0.5,GO:0005524,0.9887,13,ATP binding
B9J08_000367,0.5,GO:0016491,0.9911,14,oxidoreductase activity
B9J08_000368,0.5,GO:0022857,0.861,12,transmembrane transporter activity
B9J08_000368,0.5,GO:0055085,0.6954,20,transmembrane transport
B9J08_000370,0.5,GO:0016491,0.964,2,oxidoreductase activity
B9J08_000370,0.5,GO:0008152,0.7647,4,metabolic process
B9J08_000370,0.5,GO:0016616,0.6394,7,"oxidoreductase activity, acting on the CH-OH group of donors, NAD or NADP as acceptor"
B9J08_000371,0.5,GO:0005525,0.9797,1,GTP binding
B9J08_000377,0.5,GO:0004045,0.672,10,aminoacyl-tRNA hydrolase activity
B9J08_000378,0.5,GO:0003677,0.7371,9,DNA binding
B9J08_000379,0.5,GO:0000162,0.9946,16,tryptophan biosynthetic process
B9J08_000381,0.5,GO:0005515,0.9024,8,protein binding
B9J08_000381,0.5,GO:0043130,0.7164,12,ubiquitin binding
B9J08_000381,0.5,GO:0000045,0.6732,16,autophagosome assembly
B9J08_000381,0.5,GO:0005829,0.661,18,cytosol
B9J08_000381,0.5,GO:0031468,0.6566,20,nuclear envelope reassembly
B9J08_000382,0.5,GO:0008652,0.9722,18,cellular amino acid biosynthetic process
B9J08_000389,0.5,GO:0003824,0.8858,3,catalytic activity
B9J08_000390,0.5,GO:0005743,0.8324,20,mitochondrial inner membrane
B9J08_000393,0.5,GO:0008168,0.9172,5,methyltransferase activity
B9J08_000393,0.5,GO:0005737,0.6354,19,cytoplasm
B9J08_000398,0.5,GO:0004190,0.9125,3,aspartic-type endopeptidase activity
B9J08_000398,0.5,GO:0008233,0.7716,13,peptidase activity
B9J08_000401,0.5,GO:0005634,0.9761,6,nucleus
B9J08_000404,0.5,GO:0005515,0.7173,12,protein binding
B9J08_000405,0.5,GO:0005216,0.8955,13,ion channel activity
B9J08_000408,0.5,GO:0018279,0.8098,6,protein N-linked glycosylation via asparagine
B9J08_000410,0.5,GO:0005634,0.7969,6,nucleus
B9J08_000413,0.5,GO:0050833,0.8784,17,pyruvate transmembrane transporter activity
B9J08_000414,0.5,GO:0005634,0.9302,6,nucleus
B9J08_000418,0.5,GO:0016491,0.9319,5,oxidoreductase activity
B9J08_000418,0.5,GO:0006811,0.8198,17,ion transport
B9J08_000418,0.5,GO:0000293,0.8021,20,ferric-chelate reductase activity
B9J08_000419,0.5,GO:0051536,0.9542,12,iron-sulfur cluster binding
B9J08_000419,0.5,GO:0046872,0.9122,16,metal ion binding
B9J08_000422,0.5,GO:0005634,0.9382,8,nucleus
B9J08_000425,0.5,GO:0005739,0.5927,16,mitochondrion
B9J08_000428,0.5,GO:0001522,0.8498,6,pseudouridine synthesis
B9J08_000428,0.5,GO:0009982,0.8124,18,pseudouridine synthase activity
B9J08_000431,0.5,GO:0005525,0.9963,17,GTP binding
B9J08_000432,0.5,GO:0005524,0.9932,15,ATP binding
B9J08_000434,0.5,GO:0005471,0.9463,20,ATP:ADP antiporter activity
B9J08_000435,0.5,GO:0000166,0.9915,7,nucleotide binding
B9J08_000435,0.5,GO:0005524,0.99,11,ATP binding
B9J08_000435,0.5,GO:0016020,0.9829,17,membrane
B9J08_000436,0.5,GO:0005886,0.7503,9,plasma membrane
B9J08_000436,0.5,GO:0016020,0.7284,10,membrane
B9J08_000442,0.5,GO:0005524,0.9831,17,ATP binding
B9J08_000442,0.5,GO:0000166,0.9829,18,nucleotide binding
B9J08_000443,0.5,GO:0005935,0.5363,17,cellular bud neck
B9J08_000444,0.5,GO:0008525,0.9498,13,phosphatidylcholine transporter activity
B9J08_000444,0.5,GO:0048194,0.9366,18,Golgi vesicle budding
B9J08_000447,0.5,GO:0003676,0.9164,10,nucleic acid binding
B9J08_000447,0.5,GO:0003677,0.8237,13,DNA binding
B9J08_000449,0.5,GO:0006865,0.8277,13,amino acid transport
B9J08_000449,0.5,GO:0015171,0.6776,20,amino acid transmembrane transporter activity
B9J08_000450,0.5,GO:0022857,0.6345,12,transmembrane transporter activity
B9J08_000450,0.5,GO:0055085,0.5364,15,transmembrane transport
B9J08_000451,0.5,GO:0008270,0.9645,3,zinc ion binding
B9J08_000452,0.5,GO:0008608,0.5927,9,attachment of spindle microtubules to kinetochore
B9J08_000452,0.5,GO:0042729,0.5368,13,DASH complex
B9J08_000458,0.5,GO:0005524,0.9915,16,ATP binding
B9J08_000460,0.5,GO:0003824,0.9648,12,catalytic activity
B9J08_000460,0.5,GO:0030170,0.9512,19,pyridoxal phosphate binding
B9J08_000462,0.5,GO:0016787,0.9946,1,hydrolase activity
B9J08_000462,0.5,GO:0004721,0.9318,17,phosphoprotein phosphatase activity
B9J08_000465,0.5,GO:0009073,0.9824,19,aromatic amino acid family biosynthetic process
B9J08_000467,0.5,GO:0003676,0.9629,4,nucleic acid binding
B9J08_000467,0.5,GO:0003677,0.9135,11,DNA binding
B9J08_000476,0.5,GO:0005524,0.9773,10,ATP binding
B9J08_000479,0.5,GO:0000166,0.9917,5,nucleotide binding
B9J08_000479,0.5,GO:0005524,0.991,9,ATP binding
B9J08_000480,0.5,GO:0000166,0.9965,6,nucleotide binding
B9J08_000480,0.5,GO:0005524,0.9958,10,ATP binding
B9J08_000482,0.5,GO:0008324,0.804,12,cation transmembrane transporter activity
B9J08_000482,0.5,GO:0055085,0.6463,18,transmembrane transport
B9J08_000483,0.5,GO:0005524,0.994,6,ATP binding
B9J08_000484,0.5,GO:0006546,0.991,7,glycine catabolic process
B9J08_000485,0.5,GO:0016192,0.8754,12,vesicle-mediated transport
B9J08_000485,0.5,GO:0016020,0.8245,16,membrane
B9J08_000485,0.5,GO:0031201,0.8223,17,SNARE complex
B9J08_000485,0.5,GO:0005484,0.7987,19,SNAP receptor activity
B9J08_000485,0.5,GO:0006906,0.7931,20,vesicle fusion
B9J08_000487,0.5,GO:0016491,0.5269,11,oxidoreductase activity
B9J08_000488,0.5,GO:0016817,0.9977,4,"hydrolase activity, acting on acid anhydrides"
B9J08_000488,0.5,GO:0005524,0.9973,10,ATP binding
B9J08_000489,0.5,GO:0005634,0.5376,9,nucleus
B9J08_000490,0.5,GO:0005634,0.5398,8,nucleus
B9J08_000491,0.5,GO:0016491,0.515,14,oxidoreductase activity
B9J08_000494,0.5,GO:0022857,0.8127,8,transmembrane transporter activity
B9J08_000494,0.5,GO:0016020,0.6357,11,membrane
B9J08_000494,0.5,GO:0005886,0.5083,20,plasma membrane
B9J08_000498,0.5,GO:0005737,0.823,14,cytoplasm
B9J08_000498,0.5,GO:0000287,0.7966,15,magnesium ion binding
B9J08_000498,0.5,GO:0004427,0.6744,16,inorganic diphosphatase activity
B9J08_000499,0.5,GO:0003824,0.6708,5,catalytic activity
B9J08_000499,0.5,GO:0003677,0.5788,17,DNA binding
B9J08_000501,0.5,GO:0005886,0.8817,5,plasma membrane
B9J08_000501,0.5,GO:0016020,0.7942,8,membrane
B9J08_000503,0.5,GO:0022857,0.8591,8,transmembrane transporter activity
B9J08_000503,0.5,GO:0016020,0.6944,14,membrane
B9J08_000503,0.5,GO:0005886,0.6597,15,plasma membrane
B9J08_000507,0.5,GO:0016491,0.9864,11,oxidoreductase activity
B9J08_000507,0.5,GO:0006099,0.9617,17,tricarboxylic acid cycle
B9J08_000508,0.5,GO:0005524,0.9002,14,ATP binding
B9J08_000509,0.5,GO:0016787,0.5512,15,hydrolase activity
B9J08_000509,0.5,GO:0008081,0.517,17,phosphoric diester hydrolase activity
B9J08_000511,0.5,GO:0102338,0.99,3,3-oxo-lignoceronyl-CoA synthase activity
B9J08_000511,0.5,GO:0102756,0.9885,4,very-long-chain 3-ketoacyl-CoA synthase activity
B9J08_000511,0.5,GO:0102337,0.9826,11,3-oxo-cerotoyl-CoA synthase activity
B9J08_000511,0.5,GO:0102336,0.9813,14,3-oxo-arachidoyl-CoA synthase activity
B9J08_000511,0.5,GO:0006633,0.9676,20,fatty acid biosynthetic process
B9J08_000517,0.5,GO:0006811,0.9976,6,ion transport
B9J08_000520,0.5,GO:0005515,0.5649,11,protein binding
B9J08_000523,0.5,GO:0004222,0.9748,7,metalloendopeptidase activity
B9J08_000524,0.5,GO:0005524,0.9569,20,ATP binding
B9J08_000526,0.5,GO:0005515,0.7841,4,protein binding
B9J08_000528,0.5,GO:0046872,0.7341,8,metal ion binding
B9J08_000528,0.5,GO:0004784,0.6511,17,superoxide dismutase activity
B9J08_000528,0.5,GO:0005759,0.6317,18,mitochondrial matrix
B9J08_000529,0.5,GO:0035091,0.7159,16,phosphatidylinositol binding
B9J08_000529,0.5,GO:0032266,0.6297,20,phosphatidylinositol-3-phosphate binding
B9J08_000537,0.5,GO:0005730,0.897,14,nucleolus
B9J08_000537,0.5,GO:0003676,0.8839,15,nucleic acid binding
B9J08_000542,0.5,GO:0005737,0.7528,10,cytoplasm
B9J08_000542,0.5,GO:0004725,0.6698,15,protein tyrosine phosphatase activity
B9J08_000543,0.5,GO:0045454,0.9942,1,cell redox homeostasis
B9J08_000543,0.5,GO:0006662,0.966,7,glycerol ether metabolic process
B9J08_000543,0.5,GO:0015036,0.9247,15,disulfide oxidoreductase activity
B9J08_000543,0.5,GO:0015035,0.8856,19,protein disulfide oxidoreductase activity
B9J08_000545,0.5,GO:0016282,0.9993,1,eukaryotic 43S preinitiation complex
B9J08_000545,0.5,GO:0033290,0.9988,3,eukaryotic 48S preinitiation complex
B9J08_000545,0.5,GO:0001732,0.9988,4,formation of cytoplasmic translation initiation complex
B9J08_000545,0.5,GO:0003743,0.9979,8,translation initiation factor activity
B9J08_000548,0.5,GO:0015693,0.932,3,magnesium ion transport
B9J08_000548,0.5,GO:0015095,0.8863,6,magnesium ion transmembrane transporter activity
B9J08_000548,0.5,GO:0006811,0.7649,20,ion transport
B9J08_000549,0.5,GO:0005524,0.9857,11,ATP binding
B9J08_000552,0.5,GO:0005524,0.9926,9,ATP binding
B9J08_000553,0.5,GO:0003735,0.611,20,structural constituent of ribosome
B9J08_000555,0.5,GO:0046872,0.83,19,metal ion binding
B9J08_000556,0.5,GO:0016020,0.746,12,membrane
B9J08_000556,0.5,GO:0000139,0.582,18,Golgi membrane
B9J08_000558,0.5,GO:0022857,0.5087,14,transmembrane transporter activity
B9J08_000559,0.5,GO:0046294,0.8552,13,formaldehyde catabolic process
B9J08_000560,0.5,GO:0005634,0.6184,12,nucleus
B9J08_000561,0.5,GO:0003779,0.9469,11,actin binding
B9J08_000561,0.5,GO:0030479,0.9293,13,actin cortical patch
B9J08_000561,0.5,GO:0006897,0.8904,19,endocytosis
B9J08_000565,0.5,GO:0003735,0.6781,15,structural constituent of ribosome
B9J08_000573,0.5,GO:0000166,0.9861,4,nucleotide binding
B9J08_000573,0.5,GO:0005524,0.9738,14,ATP binding
B9J08_000575,0.5,GO:0003676,0.616,6,nucleic acid binding
B9J08_000576,0.5,GO:0006629,0.9968,8,lipid metabolic process
B9J08_000576,0.5,GO:0016042,0.9963,9,lipid catabolic process
B9J08_000577,0.5,GO:0003824,0.7671,4,catalytic activity
B9J08_000581,0.5,GO:0050660,0.6263,13,flavin adenine dinucleotide binding
B9J08_000582,0.5,GO:0022857,0.8991,6,transmembrane transporter activity
B9J08_000582,0.5,GO:0016020,0.6415,14,membrane
B9J08_000584,0.5,GO:0005515,0.803,13,protein binding
B9J08_000587,0.5,GO:0003779,0.8883,4,actin binding
B9J08_000587,0.5,GO:0042989,0.8562,6,sequestering of actin monomers
B9J08_000587,0.5,GO:0003785,0.8189,8,actin monomer binding
B9J08_000590,0.5,GO:0046872,0.97,2,metal ion binding
B9J08_000590,0.5,GO:0008270,0.7417,13,zinc ion binding
B9J08_000591,0.5,GO:0005886,0.7461,10,plasma membrane
B9J08_000591,0.5,GO:0016020,0.6884,12,membrane
B9J08_000592,0.5,GO:0008270,0.9726,10,zinc ion binding
B9J08_000594,0.5,GO:0005515,0.5866,15,protein binding
B9J08_000596,0.5,GO:0005524,0.9612,15,ATP binding
B9J08_000598,0.5,GO:0005737,0.6325,19,cytoplasm
B9J08_000602,0.5,GO:0004301,0.9533,11,epoxide hydrolase activity
B9J08_000602,0.5,GO:0008270,0.9307,15,zinc ion binding
B9J08_000602,0.5,GO:0005737,0.8886,19,cytoplasm
B9J08_000607,0.5,GO:0022857,0.7619,13,transmembrane transporter activity
B9J08_000607,0.5,GO:0055085,0.5449,18,transmembrane transport
B9J08_000611,0.5,GO:0016579,0.9346,16,protein deubiquitination
B9J08_000614,0.5,GO:0005886,0.9168,5,plasma membrane
B9J08_000614,0.5,GO:0031505,0.7221,16,fungal-type cell wall organization
B9J08_000614,0.5,GO:0031225,0.7036,17,anchored component of membrane
B9J08_000614,0.5,GO:0009277,0.6943,18,fungal-type cell wall
B9J08_000616,0.5,GO:0016192,0.8017,15,vesicle-mediated transport
B9J08_000625,0.5,GO:0006099,0.9027,18,tricarboxylic acid cycle
B9J08_000627,0.5,GO:0019706,0.9999,4,protein-cysteine S-palmitoyltransferase activity
B9J08_000631,0.5,GO:0005737,0.5603,8,cytoplasm
B9J08_000633,0.5,GO:0006457,0.7306,8,protein folding
B9J08_000636,0.5,GO:0046872,0.9654,11,metal ion binding
B9J08_000640,0.5,GO:0016491,0.5315,12,oxidoreductase activity
B9J08_000643,0.5,GO:0005524,0.9948,5,ATP binding
B9J08_000643,0.5,GO:0000166,0.9937,9,nucleotide binding
B9J08_000645,0.5,GO:0004601,0.8693,3,peroxidase activity
B9J08_000645,0.5,GO:0016491,0.8192,6,oxidoreductase activity
B9J08_000645,0.5,GO:0016209,0.7308,9,antioxidant activity
B9J08_000646,0.5,GO:0003824,0.8054,4,catalytic activity
B9J08_000646,0.5,GO:0016787,0.7839,6,hydrolase activity
B9J08_000648,0.5,GO:0003755,0.977,3,peptidyl-prolyl cis-trans isomerase activity
B9J08_000648,0.5,GO:0006457,0.9746,5,protein folding
B9J08_000648,0.5,GO:0016018,0.9499,10,cyclosporin A binding
B9J08_000649,0.5,GO:0005739,0.5372,16,mitochondrion
B9J08_000650,0.5,GO:0000166,0.9822,6,nucleotide binding
B9J08_000651,0.5,GO:0005634,0.842,10,nucleus
B9J08_000654,0.5,GO:0006979,0.6174,4,response to oxidative stress
B9J08_000654,0.5,GO:0034599,0.6047,5,cellular response to oxidative stress
B9J08_000656,0.5,GO:0003824,0.8166,2,catalytic activity
B9J08_000657,0.5,GO:0000166,0.9868,2,nucleotide binding
B9J08_000657,0.5,GO:0005524,0.9749,12,ATP binding
B9J08_000659,0.5,GO:0000166,0.9915,6,nucleotide binding
B9J08_000659,0.5,GO:0005524,0.9871,10,ATP binding
B9J08_000665,0.5,GO:0033617,0.6715,20,mitochondrial respiratory chain complex IV assembly
B9J08_000666,0.5,GO:0005515,0.6288,8,protein binding
B9J08_000677,0.5,GO:0016020,0.8061,9,membrane
B9J08_000677,0.5,GO:0005886,0.8049,10,plasma membrane
B9J08_000682,0.5,GO:0019243,0.9973,3,methylglyoxal catabolic process to D-lactate via S-lactoyl-glutathione
B9J08_000682,0.5,GO:0004416,0.9889,9,hydroxyacylglutathione hydrolase activity
B9J08_000683,0.5,GO:0005737,0.5211,12,cytoplasm
B9J08_000688,0.5,GO:0046872,0.9845,4,metal ion binding
B9J08_000689,0.5,GO:0005524,0.6555,19,ATP binding
B9J08_000693,0.5,GO:0006886,0.9231,19,intracellular protein transport
B9J08_000694,0.5,GO:0003824,0.9869,2,catalytic activity
B9J08_000694,0.5,GO:0016491,0.9799,3,oxidoreductase activity
B9J08_000694,0.5,GO:0016615,0.928,6,malate dehydrogenase activity
B9J08_000694,0.5,GO:0006099,0.9182,7,tricarboxylic acid cycle
B9J08_000694,0.5,GO:0030060,0.8587,11,L-malate dehydrogenase activity
B9J08_000694,0.5,GO:0006108,0.8539,12,malate metabolic process
B9J08_000694,0.5,GO:0016616,0.7279,16,"oxidoreductase activity, acting on the CH-OH group of donors, NAD or NADP as acceptor"
B9J08_000695,0.5,GO:0005975,0.9094,9,carbohydrate metabolic process
B9J08_000696,0.5,GO:0005739,0.7923,15,mitochondrion
B9J08_000701,0.5,GO:0005886,0.8639,8,plasma membrane
B9J08_000701,0.5,GO:0016491,0.7526,12,oxidoreductase activity
B9J08_000701,0.5,GO:0006811,0.6075,18,ion transport
B9J08_000704,0.5,GO:0005524,0.994,7,ATP binding
B9J08_000705,0.5,GO:0000166,0.9916,11,nucleotide binding
B9J08_000705,0.5,GO:0005524,0.9912,12,ATP binding
B9J08_000718,0.5,GO:0005737,0.691,7,cytoplasm
B9J08_000720,0.5,GO:0005524,0.9814,16,ATP binding
B9J08_000721,0.5,GO:0005634,0.5647,13,nucleus
B9J08_000729,0.5,GO:0005524,0.9893,18,ATP binding
B9J08_000733,0.5,GO:0019888,0.6285,12,protein phosphatase regulator activity
B9J08_000735,0.5,GO:0004672,0.9748,17,protein kinase activity
B9J08_000737,0.5,GO:0000030,0.7445,6,mannosyltransferase activity
B9J08_000740,0.5,GO:0016491,0.9298,9,oxidoreductase activity
B9J08_000740,0.5,GO:0006520,0.81,17,cellular amino acid metabolic process
B9J08_000740,0.5,GO:0006537,0.7923,18,glutamate biosynthetic process
B9J08_000748,0.5,GO:0005096,0.7054,18,GTPase activator activity
B9J08_000752,0.5,GO:0031078,0.776,3,histone deacetylase activity (H3-K14 specific)
B9J08_000752,0.5,GO:0032041,0.7154,12,NAD-dependent histone deacetylase activity (H3-K14 specific)
B9J08_000752,0.5,GO:0006325,0.7136,14,chromatin organization
B9J08_000752,0.5,GO:0004407,0.7132,15,histone deacetylase activity
B9J08_000753,0.5,GO:0005524,0.9962,8,ATP binding
B9J08_000756,0.5,GO:0022857,0.9244,4,transmembrane transporter activity
B9J08_000756,0.5,GO:0005886,0.7033,15,plasma membrane
B9J08_000756,0.5,GO:0016020,0.6773,16,membrane
B9J08_000756,0.5,GO:0015205,0.6382,18,nucleobase transmembrane transporter activity
B9J08_000758,0.5,GO:0005739,0.5019,19,mitochondrion
B9J08_000760,0.5,GO:0005739,0.6352,9,mitochondrion
B9J08_000764,0.5,GO:0003824,0.9639,5,catalytic activity
B9J08_000764,0.5,GO:0016491,0.958,6,oxidoreductase activity
B9J08_000764,0.5,GO:0019752,0.9413,11,carboxylic acid metabolic process
B9J08_000764,0.5,GO:0006108,0.9089,14,malate metabolic process
B9J08_000764,0.5,GO:0030060,0.8986,15,L-malate dehydrogenase activity
B9J08_000764,0.5,GO:0006099,0.8937,16,tricarboxylic acid cycle
B9J08_000766,0.5,GO:0003824,0.953,2,catalytic activity
B9J08_000766,0.5,GO:0030170,0.9196,11,pyridoxal phosphate binding
B9J08_000766,0.5,GO:0008483,0.9077,16,transaminase activity
B9J08_000773,0.5,GO:0015031,0.7404,16,protein transport
B9J08_000774,0.5,GO:0003676,0.9973,7,nucleic acid binding
B9J08_000775,0.5,GO:0005991,0.9672,9,trehalose metabolic process
B9J08_000775,0.5,GO:0005992,0.9618,11,trehalose biosynthetic process
B9J08_000778,0.5,GO:0015031,0.9793,16,protein transport
B9J08_000780,0.5,GO:0003824,0.7205,4,catalytic activity
B9J08_000782,0.5,GO:0005886,0.5995,12,plasma membrane
B9J08_000782,0.5,GO:0016491,0.5268,17,oxidoreductase activity
B9J08_000785,0.5,GO:0016787,0.6136,7,hydrolase activity
B9J08_000789,0.5,GO:0005737,0.5548,15,cytoplasm
B9J08_000790,0.5,GO:0016192,0.995,3,vesicle-mediated transport
B9J08_000790,0.5,GO:0006897,0.9753,9,endocytosis
B9J08_000790,0.5,GO:0030479,0.957,17,actin cortical patch
B9J08_000790,0.5,GO:0043332,0.9205,20,mating projection tip
B9J08_000791,0.5,GO:0005634,0.9804,13,nucleus
B9J08_000792,0.5,GO:0003824,0.842,3,catalytic activity
B9J08_000796,0.5,GO:0022857,0.7277,10,transmembrane transporter activity
B9J08_000797,0.5,GO:0022857,0.8099,10,transmembrane transporter activity
B9J08_000797,0.5,GO:0055085,0.6921,13,transmembrane transport
B9J08_000801,0.5,GO:0005737,0.7015,4,cytoplasm
B9J08_000804,0.5,GO:0008324,0.6301,14,cation transmembrane transporter activity
B9J08_000805,0.5,GO:0005634,0.7672,13,nucleus
B9J08_000805,0.5,GO:0008270,0.6785,18,zinc ion binding
B9J08_000808,0.5,GO:0006096,0.9998,5,glycolytic process
B9J08_000811,0.5,GO:0005875,0.822,14,microtubule associated complex
B9J08_000812,0.5,GO:0042843,0.8596,19,D-xylose catabolic process
B9J08_000813,0.5,GO:0045329,0.8783,10,carnitine biosynthetic process
B9J08_000818,0.5,GO:0000166,0.9707,6,nucleotide binding
B9J08_000818,0.5,GO:0005524,0.961,11,ATP binding
B9J08_000822,0.5,GO:0004672,0.9871,18,protein kinase activity
B9J08_000825,0.5,GO:0003677,0.9258,9,DNA binding
B9J08_000829,0.5,GO:0003676,0.934,6,nucleic acid binding
B9J08_000837,0.5,GO:0000166,0.9958,8,nucleotide binding
B9J08_000837,0.5,GO:0005524,0.9911,15,ATP binding
B9J08_000837,0.5,GO:0005215,0.9904,16,transporter activity
B9J08_000838,0.5,GO:0005524,0.9687,12,ATP binding
B9J08_000839,0.5,GO:0006886,0.9081,8,intracellular protein transport
B9J08_000844,0.5,GO:0005739,0.6706,6,mitochondrion
B9J08_000847,0.5,GO:0005524,0.9221,7,ATP binding
B9J08_000848,0.5,GO:0016020,0.7941,12,membrane
B9J08_000850,0.5,GO:0016491,0.8787,2,oxidoreductase activity
B9J08_000850,0.5,GO:0050660,0.5044,9,flavin adenine dinucleotide binding
B9J08_000853,0.5,GO:0022857,0.8675,7,transmembrane transporter activity
B9J08_000855,0.5,GO:0003677,0.9554,2,DNA binding
B9J08_000855,0.5,GO:0006334,0.887,9,nucleosome assembly
B9J08_000855,0.5,GO:0030261,0.8511,19,chromosome condensation
B9J08_000861,0.5,GO:0007165,0.5099,16,signal transduction
B9J08_000863,0.5,GO:0008483,0.7483,10,transaminase activity
B9J08_000867,0.5,GO:0034220,0.8666,7,ion transmembrane transport
B9J08_000871,0.5,GO:0005737,0.7162,6,cytoplasm
B9J08_000872,0.5,GO:0015031,0.7513,13,protein transport
B9J08_000872,0.5,GO:0016020,0.5349,19,membrane
B9J08_000873,0.5,GO:0046872,0.9644,11,metal ion binding
B9J08_000874,0.5,GO:0016491,0.9794,2,oxidoreductase activity
B9J08_000877,0.5,GO:0030011,0.9733,1,maintenance of cell polarity
B9J08_000877,0.5,GO:0034727,0.8173,6,piecemeal microautophagy of the nucleus
B9J08_000877,0.5,GO:0016020,0.7205,18,membrane
B9J08_000880,0.5,GO:0005524,0.9973,2,ATP binding
B9J08_000880,0.5,GO:0000166,0.9937,11,nucleotide binding
B9J08_000881,0.5,GO:0005524,0.9714,18,ATP binding
B9J08_000881,0.5,GO:0004672,0.9675,19,protein kinase activity
B9J08_000886,0.5,GO:0051536,0.7452,12,iron-sulfur cluster binding
B9J08_000887,0.5,GO:0005524,0.9867,11,ATP binding
B9J08_000894,0.5,GO:0005634,0.6773,9,nucleus
B9J08_000895,0.5,GO:0046872,0.8533,7,metal ion binding
B9J08_000895,0.5,GO:0005975,0.8368,9,carbohydrate metabolic process
B9J08_000896,0.5,GO:0055085,0.7508,9,transmembrane transport
B9J08_000897,0.5,GO:0005515,0.5771,14,protein binding
B9J08_000899,0.5,GO:0000266,0.9388,14,mitochondrial fission
B9J08_000899,0.5,GO:0016559,0.8912,20,peroxisome fission
B9J08_000901,0.5,GO:0030976,0.9625,5,thiamine pyrophosphate binding
B9J08_000902,0.5,GO:0006351,0.9771,20,"transcription, DNA-templated"
B9J08_000907,0.5,GO:0005524,0.9725,18,ATP binding
B9J08_000908,0.5,GO:0003723,0.7984,11,RNA binding
B9J08_000909,0.5,GO:0005515,0.8587,3,protein binding
B9J08_000910,0.5,GO:0005525,0.9938,3,GTP binding
B9J08_000912,0.5,GO:0005524,0.7318,15,ATP binding
B9J08_000914,0.5,GO:0003746,0.8711,13,translation elongation factor activity
B9J08_000914,0.5,GO:0005853,0.8457,15,eukaryotic translation elongation factor 1 complex
B9J08_000916,0.5,GO:0005634,0.6214,16,nucleus
B9J08_000918,0.5,GO:0031225,0.9241,17,anchored component of membrane
B9J08_000920,0.5,GO:0016616,0.8565,18,"oxidoreductase activity, acting on the CH-OH group of donors, NAD or NADP as acceptor"
B9J08_000921,0.5,GO:0006913,0.9141,20,nucleocytoplasmic transport
B9J08_000928,0.5,GO:0015250,0.8709,8,water channel activity
B9J08_000928,0.5,GO:0015267,0.854,9,channel activity
B9J08_000928,0.5,GO:0016020,0.798,13,membrane
B9J08_000928,0.5,GO:0005886,0.7581,14,plasma membrane
B9J08_000930,0.5,GO:0006810,0.9352,13,transport
B9J08_000930,0.5,GO:0022857,0.919,16,transmembrane transporter activity
B9J08_000932,0.5,GO:0016020,0.8532,12,membrane
B9J08_000932,0.5,GO:0045332,0.8463,13,phospholipid translocation
B9J08_000937,0.5,GO:0016020,0.5909,12,membrane
B9J08_000938,0.5,GO:0022857,0.9133,7,transmembrane transporter activity
B9J08_000938,0.5,GO:0008643,0.7102,15,carbohydrate transport
B9J08_000939,0.5,GO:0003677,0.9498,7,DNA binding
B9J08_000939,0.5,GO:0005634,0.8861,17,nucleus
B9J08_000939,0.5,GO:0008270,0.8005,20,zinc ion binding
B9J08_000942,0.5,GO:0008168,0.9201,5,methyltransferase activity
B9J08_000942,0.5,GO:0032259,0.5679,17,methylation
B9J08_000944,0.5,GO:0046872,0.9781,3,metal ion binding
B9J08_000944,0.5,GO:0000166,0.9373,6,nucleotide binding
B9J08_000944,0.5,GO:0052856,0.9071,10,NADHX epimerase activity
B9J08_000944,0.5,GO:0052857,0.8396,15,NADPHX epimerase activity
B9J08_000945,0.5,GO:0005525,0.982,12,GTP binding
B9J08_000946,0.5,GO:0005737,0.5678,17,cytoplasm
B9J08_000947,0.5,GO:0016787,0.9453,2,hydrolase activity
B9J08_000947,0.5,GO:0008610,0.7329,20,lipid biosynthetic process
B9J08_000952,0.5,GO:0016272,0.7127,8,prefoldin complex
B9J08_000952,0.5,GO:0006457,0.6538,9,protein folding
B9J08_000952,0.5,GO:0005737,0.5712,10,cytoplasm
B9J08_000952,0.5,GO:0051082,0.5563,11,unfolded protein binding
B9J08_000954,0.5,GO:0005524,0.9614,11,ATP binding
B9J08_000960,0.5,GO:0005525,0.9978,7,GTP binding
B9J08_000962,0.5,GO:0016020,0.747,8,membrane
B9J08_000963,0.5,GO:0016020,0.9431,9,membrane
B9J08_000963,0.5,GO:0000139,0.9026,20,Golgi membrane
B9J08_000967,0.5,GO:0005634,0.9093,12,nucleus
B9J08_000967,0.5,GO:0003700,0.8117,19,DNA-binding transcription factor activity
B9J08_000969,0.5,GO:0000166,0.9941,8,nucleotide binding
B9J08_000969,0.5,GO:0005524,0.9852,13,ATP binding
B9J08_000976,0.5,GO:0045454,0.9874,12,cell redox homeostasis
B9J08_000976,0.5,GO:0016491,0.9628,20,oxidoreductase activity
B9J08_000980,0.5,GO:0000287,0.9616,6,magnesium ion binding
B9J08_000980,0.5,GO:0006099,0.8973,17,tricarboxylic acid cycle
B9J08_000981,0.5,GO:0006139,0.8282,15,nucleobase-containing compound metabolic process
B9J08_000984,0.5,GO:0043332,0.9842,7,mating projection tip
B9J08_000985,0.5,GO:0030479,0.7191,15,actin cortical patch
B9J08_000988,0.5,GO:0005634,0.9952,5,nucleus
B9J08_000988,0.5,GO:0003700,0.9756,16,DNA-binding transcription factor activity
B9J08_000989,0.5,GO:0016491,0.6561,11,oxidoreductase activity
B9J08_000989,0.5,GO:0005737,0.5668,16,cytoplasm
B9J08_000990,0.5,GO:0003824,0.7877,2,catalytic activity
B9J08_000990,0.5,GO:0008483,0.6285,8,transaminase activity
B9J08_000990,0.5,GO:0030170,0.6284,9,pyridoxal phosphate binding
B9J08_000994,0.5,GO:0016301,0.5112,17,kinase activity
B9J08_000995,0.5,GO:0015116,0.857,10,sulfate transmembrane transporter activity
B9J08_000996,0.5,GO:0005524,0.9824,10,ATP binding
B9J08_001000,0.5,GO:0016020,0.8571,13,membrane
B9J08_001001,0.5,GO:0005525,0.9785,8,GTP binding
B9J08_001003,0.5,GO:0019321,0.6047,6,pentose metabolic process
B9J08_001005,0.5,GO:0033178,0.7085,10,"proton-transporting two-sector ATPase complex, catalytic domain"
B9J08_001006,0.5,GO:0015693,0.9285,10,magnesium ion transport
B9J08_001006,0.5,GO:0005743,0.8756,17,mitochondrial inner membrane
B9J08_001006,0.5,GO:0015095,0.8542,19,magnesium ion transmembrane transporter activity
B9J08_001014,0.5,GO:0022857,0.8848,17,transmembrane transporter activity
B9J08_001015,0.5,GO:0022857,0.9198,7,transmembrane transporter activity
B9J08_001016,0.5,GO:0022857,0.9558,11,transmembrane transporter activity
B9J08_001016,0.5,GO:0008643,0.8388,15,carbohydrate transport
B9J08_001017,0.5,GO:0022857,0.964,7,transmembrane transporter activity
B9J08_001018,0.5,GO:2001295,0.996,4,malonyl-CoA biosynthetic process
B9J08_001019,0.5,GO:0008236,0.7921,11,serine-type peptidase activity
B9J08_001019,0.5,GO:0004252,0.6644,16,serine-type endopeptidase activity
B9J08_001022,0.5,GO:0005737,0.651,19,cytoplasm
B9J08_001026,0.5,GO:0003723,0.9578,19,RNA binding
B9J08_001031,0.5,GO:0006457,0.9565,3,protein folding
B9J08_001031,0.5,GO:0005737,0.9052,7,cytoplasm
B9J08_001031,0.5,GO:0003755,0.8756,10,peptidyl-prolyl cis-trans isomerase activity
B9J08_001034,0.5,GO:0004725,0.7689,11,protein tyrosine phosphatase activity
B9J08_001034,0.5,GO:0005737,0.6611,18,cytoplasm
B9J08_001036,0.5,GO:0016020,0.8727,5,membrane
B9J08_001039,0.5,GO:0008152,0.7415,14,metabolic process
B9J08_001048,0.5,GO:0005634,0.6595,14,nucleus
B9J08_001062,0.5,GO:0005524,0.9943,7,ATP binding
B9J08_001067,0.5,GO:0016491,0.888,7,oxidoreductase activity
B9J08_001067,0.5,GO:0008270,0.676,12,zinc ion binding
B9J08_001067,0.5,GO:0016616,0.5663,16,"oxidoreductase activity, acting on the CH-OH group of donors, NAD or NADP as acceptor"
B9J08_001068,0.5,GO:0031966,0.7201,12,mitochondrial membrane
B9J08_001070,0.5,GO:0022857,0.6987,13,transmembrane transporter activity
B9J08_001073,0.5,GO:0006544,0.9856,6,glycine metabolic process
B9J08_001073,0.5,GO:0008483,0.9572,18,transaminase activity
B9J08_001075,0.5,GO:0005524,0.9991,3,ATP binding
B9J08_001077,0.5,GO:0003676,0.8634,7,nucleic acid binding
B9J08_001077,0.5,GO:0003723,0.6885,20,RNA binding
B9J08_001084,0.5,GO:0016020,0.5355,16,membrane
B9J08_001085,0.5,GO:0005524,0.9692,10,ATP binding
B9J08_001085,0.5,GO:0000166,0.9643,15,nucleotide binding
B9J08_001086,0.5,GO:0045454,0.9978,1,cell redox homeostasis
B9J08_001086,0.5,GO:0006662,0.9158,12,glycerol ether metabolic process
B9J08_001086,0.5,GO:0015035,0.8139,17,protein disulfide oxidoreductase activity
B9J08_001088,0.5,GO:0005739,0.553,8,mitochondrion
B9J08_001090,0.5,GO:0016491,0.9896,2,oxidoreductase activity
B9J08_001090,0.5,GO:0019430,0.9478,8,removal of superoxide radicals
B9J08_001090,0.5,GO:0098869,0.9468,9,cellular oxidant detoxification
B9J08_001091,0.5,GO:0031201,0.9925,5,SNARE complex
B9J08_001091,0.5,GO:0012505,0.9911,7,endomembrane system
B9J08_001091,0.5,GO:0005484,0.9848,11,SNAP receptor activity
B9J08_001093,0.5,GO:0006325,0.9954,17,chromatin organization
B9J08_001095,0.5,GO:0000166,0.9941,4,nucleotide binding
B9J08_001095,0.5,GO:0005524,0.9913,9,ATP binding
B9J08_001098,0.5,GO:0006139,0.9472,13,nucleobase-containing compound metabolic process
B9J08_001098,0.5,GO:0009116,0.8733,20,nucleoside metabolic process
B9J08_001102,0.5,GO:0005525,0.9824,8,GTP binding
B9J08_001103,0.5,GO:0005737,0.5842,10,cytoplasm
B9J08_001104,0.5,GO:0003676,0.9207,17,nucleic acid binding
B9J08_001105,0.5,GO:0000166,0.9895,14,nucleotide binding
B9J08_001106,0.5,GO:0045454,0.9918,1,cell redox homeostasis
B9J08_001106,0.5,GO:0016491,0.9045,14,oxidoreductase activity
B9J08_001106,0.5,GO:0004601,0.821,19,peroxidase activity
B9J08_001108,0.5,GO:0006259,0.9963,13,DNA metabolic process
B9J08_001110,0.5,GO:0016747,0.7617,18,"transferase activity, transferring acyl groups other than amino-acyl groups"
B9J08_001112,0.5,GO:0005886,0.7357,8,plasma membrane
B9J08_001116,0.5,GO:0006629,0.8651,12,lipid metabolic process
B9J08_001121,0.5,GO:0005634,0.6819,11,nucleus
B9J08_001122,0.5,GO:0003676,0.9947,14,nucleic acid binding
B9J08_001124,0.5,GO:0016787,0.8067,4,hydrolase activity
B9J08_001124,0.5,GO:0004721,0.7772,8,phosphoprotein phosphatase activity
B9J08_001125,0.5,GO:0000166,0.997,6,nucleotide binding
B9J08_001125,0.5,GO:0005524,0.9951,10,ATP binding
B9J08_001128,0.5,GO:0003735,0.8659,9,structural constituent of ribosome
B9J08_001131,0.5,GO:0005524,0.9936,10,ATP binding
B9J08_001132,0.5,GO:0005737,0.717,12,cytoplasm
B9J08_001132,0.5,GO:0003676,0.6418,18,nucleic acid binding
B9J08_001136,0.5,GO:0005524,0.986,16,ATP binding
B9J08_001136,0.5,GO:0051082,0.9781,20,unfolded protein binding
B9J08_001137,0.5,GO:0034314,0.9946,1,Arp2/3 complex-mediated actin nucleation
B9J08_001138,0.5,GO:0005524,0.999,5,ATP binding
B9J08_001139,0.5,GO:0006396,0.8859,16,RNA processing
B9J08_001141,0.5,GO:0000796,0.6277,12,condensin complex
B9J08_001142,0.5,GO:0016020,0.7767,8,membrane
B9J08_001142,0.5,GO:0016746,0.5832,15,"transferase activity, transferring acyl groups"
B9J08_001142,0.5,GO:0008374,0.5462,20,O-acyltransferase activity
B9J08_001144,0.5,GO:0016592,0.5357,20,mediator complex
B9J08_001146,0.5,GO:0003676,0.9156,8,nucleic acid binding
B9J08_001146,0.5,GO:0003723,0.8608,17,RNA binding
B9J08_001148,0.5,GO:0005739,0.7726,12,mitochondrion
B9J08_001149,0.5,GO:0005524,0.9893,6,ATP binding
B9J08_001156,0.5,GO:0000166,0.9785,9,nucleotide binding
B9J08_001156,0.5,GO:0005524,0.9725,13,ATP binding
B9J08_001160,0.5,GO:0005524,0.9845,15,ATP binding
B9J08_001160,0.5,GO:0016301,0.8081,20,kinase activity
B9J08_001161,0.5,GO:0006782,0.9351,16,protoporphyrinogen IX biosynthetic process
B9J08_001162,0.5,GO:0015095,0.765,13,magnesium ion transmembrane transporter activity
B9J08_001162,0.5,GO:0005886,0.7447,16,plasma membrane
B9J08_001162,0.5,GO:0022890,0.731,18,inorganic cation transmembrane transporter activity
B9J08_001166,0.5,GO:0003676,0.7006,17,nucleic acid binding
B9J08_001170,0.5,GO:0042128,0.9525,6,nitrate assimilation
B9J08_001170,0.5,GO:0006808,0.902,13,regulation of nitrogen utilization
B9J08_001171,0.5,GO:0008270,0.9106,8,zinc ion binding
B9J08_001171,0.5,GO:0016491,0.8911,9,oxidoreductase activity
B9J08_001173,0.5,GO:0033558,0.978,16,protein deacetylase activity
B9J08_001173,0.5,GO:0051287,0.9701,17,NAD binding
B9J08_001177,0.5,GO:0005525,0.9965,10,GTP binding
B9J08_001183,0.5,GO:0008324,0.8596,16,cation transmembrane transporter activity
B9J08_001185,0.5,GO:0030001,0.9513,10,metal ion transport
B9J08_001185,0.5,GO:0006829,0.9473,11,zinc ion transport
B9J08_001187,0.5,GO:0005737,0.5464,17,cytoplasm
B9J08_001190,0.5,GO:0008168,0.8388,15,methyltransferase activity
B9J08_001192,0.5,GO:0005524,0.984,11,ATP binding
B9J08_001204,0.5,GO:0008237,0.6604,15,metallopeptidase activity
B9J08_001204,0.5,GO:0005634,0.618,17,nucleus
B9J08_001205,0.5,GO:0005524,0.9714,11,ATP binding
B9J08_001207,0.5,GO:0006099,0.9867,6,tricarboxylic acid cycle
B9J08_001207,0.5,GO:0003824,0.976,12,catalytic activity
B9J08_001207,0.5,GO:0016829,0.9364,20,lyase activity
B9J08_001210,0.5,GO:0016020,0.5159,18,membrane
B9J08_001213,0.5,GO:0022857,0.9191,9,transmembrane transporter activity
B9J08_001213,0.5,GO:0055085,0.7932,17,transmembrane transport
B9J08_001216,0.5,GO:0004169,0.8955,17,dolichyl-phosphate-mannose-protein mannosyltransferase activity
B9J08_001216,0.5,GO:0000030,0.8558,19,mannosyltransferase activity
B9J08_001218,0.5,GO:0005634,0.6695,5,nucleus
B9J08_001224,0.5,GO:0000097,0.9799,2,sulfur amino acid biosynthetic process
B9J08_001224,0.5,GO:0000103,0.9739,9,sulfate assimilation
B9J08_001224,0.5,GO:0019344,0.9639,18,cysteine biosynthetic process
B9J08_001227,0.5,GO:0006096,0.9997,5,glycolytic process
B9J08_001229,0.5,GO:0051536,0.9638,8,iron-sulfur cluster binding
B9J08_001232,0.5,GO:0005634,0.9679,15,nucleus
B9J08_001237,0.5,GO:0015031,0.8566,11,protein transport
B9J08_001237,0.5,GO:0016192,0.7396,15,vesicle-mediated transport
B9J08_001238,0.5,GO:0005524,0.9949,9,ATP binding
B9J08_001241,0.5,GO:0016020,0.8949,5,membrane
B9J08_001243,0.5,GO:0016281,0.9306,20,eukaryotic translation initiation factor 4F complex
B9J08_001245,0.5,GO:0032008,0.8201,13,positive regulation of TOR signaling
B9J08_001251,0.5,GO:0003735,0.6649,19,structural constituent of ribosome
B9J08_001252,0.5,GO:0003723,0.8737,6,RNA binding
B9J08_001252,0.5,GO:0005682,0.7116,13,U5 snRNP
B9J08_001253,0.5,GO:0016020,0.5822,18,membrane
B9J08_001254,0.5,GO:0008324,0.7906,15,cation transmembrane transporter activity
B9J08_001255,0.5,GO:0005975,0.8555,8,carbohydrate metabolic process
B9J08_001255,0.5,GO:0046352,0.7409,11,disaccharide catabolic process
B9J08_001255,0.5,GO:0009313,0.7093,12,oligosaccharide catabolic process
B9J08_001259,0.5,GO:0015031,0.7326,17,protein transport
B9J08_001260,0.5,GO:0005524,0.9457,9,ATP binding
B9J08_001260,0.5,GO:0016787,0.8907,18,hydrolase activity
B9J08_001263,0.5,GO:0046872,0.6155,9,metal ion binding
B9J08_001264,0.5,GO:0031966,0.9354,9,mitochondrial membrane
B9J08_001264,0.5,GO:0005743,0.8676,15,mitochondrial inner membrane
B9J08_001267,0.5,GO:0016780,0.7148,7,"phosphotransferase activity, for other substituted phosphate groups"
B9J08_001267,0.5,GO:0016020,0.6479,10,membrane
B9J08_001267,0.5,GO:0008610,0.5819,15,lipid biosynthetic process
B9J08_001270,0.5,GO:0005634,0.8514,11,nucleus
B9J08_001270,0.5,GO:0003700,0.7739,18,DNA-binding transcription factor activity
B9J08_001271,0.5,GO:0005524,0.9454,6,ATP binding
B9J08_001271,0.5,GO:0051082,0.8475,20,unfolded protein binding
B9J08_001274,0.5,GO:0005515,0.7869,6,protein binding
B9J08_001275,0.5,GO:0005737,0.5344,8,cytoplasm
B9J08_001277,0.5,GO:0019752,0.9878,13,carboxylic acid metabolic process
B9J08_001277,0.5,GO:0003824,0.9818,17,catalytic activity
B9J08_001279,0.5,GO:0008152,0.587,7,metabolic process
B9J08_001286,0.5,GO:0005524,0.9809,8,ATP binding
B9J08_001291,0.5,GO:0044255,0.7041,17,cellular lipid metabolic process
B9J08_001292,0.5,GO:0006801,0.6087,9,superoxide metabolic process
B9J08_001292,0.5,GO:0046872,0.6051,10,metal ion binding
B9J08_001294,0.5,GO:0016787,0.7824,6,hydrolase activity
B9J08_001295,0.5,GO:0046872,0.7806,12,metal ion binding
B9J08_001295,0.5,GO:0016787,0.7403,14,hydrolase activity
B9J08_001296,0.5,GO:0006633,0.9587,5,fatty acid biosynthetic process
B9J08_001296,0.5,GO:0008659,0.9048,20,(3R)-hydroxymyristoyl-[acyl-carrier-protein] dehydratase activity
B9J08_001297,0.5,GO:0005524,0.8748,11,ATP binding
B9J08_001298,0.5,GO:0006015,0.6804,15,5-phosphoribose 1-diphosphate biosynthetic process
B9J08_001300,0.5,GO:0006355,0.9922,18,"regulation of transcription, DNA-templated"
B9J08_001301,0.5,GO:0003824,0.9313,3,catalytic activity
B9J08_001301,0.5,GO:0005975,0.7812,7,carbohydrate metabolic process
B9J08_001301,0.5,GO:0030246,0.7596,8,carbohydrate binding
B9J08_001301,0.5,GO:0004553,0.6887,13,"hydrolase activity, hydrolyzing O-glycosyl compounds"
B9J08_001301,0.5,GO:0090599,0.5007,16,alpha-glucosidase activity
B9J08_001305,0.5,GO:0005524,0.9773,11,ATP binding
B9J08_001311,0.5,GO:0030042,0.99,10,actin filament depolymerization
B9J08_001311,0.5,GO:0003779,0.9864,13,actin binding
B9J08_001315,0.5,GO:0000256,0.8533,18,allantoin catabolic process
B9J08_001318,0.5,GO:0016192,0.8549,7,vesicle-mediated transport
B9J08_001319,0.5,GO:0016020,0.8469,9,membrane
B9J08_001319,0.5,GO:0022857,0.5573,16,transmembrane transporter activity
B9J08_001322,0.5,GO:0051536,0.8905,7,iron-sulfur cluster binding
B9J08_001322,0.5,GO:0051537,0.7607,16,"2 iron, 2 sulfur cluster binding"
B9J08_001322,0.5,GO:0009055,0.7177,20,electron transfer activity
B9J08_001323,0.5,GO:0016020,0.9907,12,membrane
B9J08_001323,0.5,GO:0005484,0.988,16,SNAP receptor activity
B9J08_001325,0.5,GO:0008152,0.9148,4,metabolic process
B9J08_001329,0.5,GO:0003676,0.6152,11,nucleic acid binding
B9J08_001329,0.5,GO:0008270,0.5644,14,zinc ion binding
B9J08_001330,0.5,GO:0009396,0.9196,15,folic acid-containing compound biosynthetic process
B9J08_001330,0.5,GO:0006760,0.8922,18,folic acid-containing compound metabolic process
B9J08_001330,0.5,GO:0046654,0.8913,19,tetrahydrofolate biosynthetic process
B9J08_001332,0.5,GO:0005634,0.9478,17,nucleus
B9J08_001336,0.5,GO:0003676,0.5185,19,nucleic acid binding
B9J08_001338,0.5,GO:0000166,0.96,4,nucleotide binding
B9J08_001338,0.5,GO:0045899,0.9362,19,positive regulation of RNA polymerase II transcriptional preinitiation complex assembly
B9J08_001338,0.5,GO:0005524,0.9355,20,ATP binding
B9J08_001340,0.5,GO:0097320,0.8074,8,plasma membrane tubulation
B9J08_001340,0.5,GO:0030479,0.7848,11,actin cortical patch
B9J08_001340,0.5,GO:0005515,0.7736,14,protein binding
B9J08_001340,0.5,GO:0006897,0.7607,16,endocytosis
B9J08_001344,0.5,GO:0005524,0.8968,19,ATP binding
B9J08_001345,0.5,GO:0005524,0.9897,14,ATP binding
B9J08_001348,0.5,GO:0005524,0.9924,17,ATP binding
B9J08_001355,0.5,GO:0003824,0.856,3,catalytic activity
B9J08_001355,0.5,GO:0004518,0.6371,12,nuclease activity
B9J08_001355,0.5,GO:0003677,0.6077,17,DNA binding
B9J08_001362,0.5,GO:0016020,0.8652,9,membrane
B9J08_001363,0.5,GO:0005524,0.998,15,ATP binding
B9J08_001363,0.5,GO:0003676,0.9967,20,nucleic acid binding
B9J08_001364,0.5,GO:0004497,0.6133,14,monooxygenase activity
B9J08_001364,0.5,GO:0020037,0.5713,19,heme binding
B9J08_001364,0.5,GO:0016705,0.5563,20,"oxidoreductase activity, acting on paired donors, with incorporation or reduction of molecular oxygen"
B9J08_001365,0.5,GO:0003756,0.6794,11,protein disulfide isomerase activity
B9J08_001365,0.5,GO:0034975,0.6306,16,protein folding in endoplasmic reticulum
B9J08_001367,0.5,GO:0008270,0.9503,11,zinc ion binding
B9J08_001368,0.5,GO:0005524,0.9904,11,ATP binding
B9J08_001371,0.5,GO:0008270,0.9788,9,zinc ion binding
B9J08_001371,0.5,GO:0005634,0.8575,19,nucleus
B9J08_001381,0.5,GO:0046872,0.9797,5,metal ion binding
B9J08_001381,0.5,GO:0004784,0.9731,7,superoxide dismutase activity
B9J08_001381,0.5,GO:0006801,0.8812,13,superoxide metabolic process
B9J08_001383,0.5,GO:0005975,0.953,5,carbohydrate metabolic process
B9J08_001383,0.5,GO:0003824,0.8795,9,catalytic activity
B9J08_001383,0.5,GO:0030246,0.8096,16,carbohydrate binding
B9J08_001385,0.5,GO:0005737,0.7043,18,cytoplasm
B9J08_001387,0.5,GO:0005525,0.9816,10,GTP binding
B9J08_001388,0.5,GO:0006570,0.7113,14,tyrosine metabolic process
B9J08_001388,0.5,GO:0004665,0.6936,18,prephenate dehydrogenase (NADP+) activity
B9J08_001393,0.5,GO:0004408,0.7126,11,holocytochrome-c synthase activity
B9J08_001393,0.5,GO:0018063,0.6181,17,cytochrome c-heme linkage
B9J08_001394,0.5,GO:0016020,0.8748,14,membrane
B9J08_001399,0.5,GO:0022857,0.9056,16,transmembrane transporter activity
B9J08_001400,0.5,GO:0005634,0.5808,17,nucleus
B9J08_001402,0.5,GO:0016787,0.6097,8,hydrolase activity
B9J08_001403,0.5,GO:0016787,0.6968,6,hydrolase activity
B9J08_001406,0.5,GO:0004298,0.9958,1,threonine-type endopeptidase activity
B9J08_001406,0.5,GO:0051603,0.9755,15,proteolysis involved in cellular protein catabolic process
B9J08_001407,0.5,GO:0006621,0.7973,13,protein retention in ER lumen
B9J08_001407,0.5,GO:0046923,0.7736,15,ER retention sequence binding
B9J08_001407,0.5,GO:0016020,0.6956,18,membrane
B9J08_001413,0.5,GO:0000166,0.9983,19,nucleotide binding
B9J08_001414,0.5,GO:0004842,0.8367,20,ubiquitin-protein transferase activity
B9J08_001415,0.5,GO:0004842,0.7753,13,ubiquitin-protein transferase activity
B9J08_001418,0.5,GO:0005618,0.9057,8,cell wall
B9J08_001418,0.5,GO:0004553,0.8627,12,"hydrolase activity, hydrolyzing O-glycosyl compounds"
B9J08_001418,0.5,GO:0005576,0.8335,17,extracellular region
B9J08_001418,0.5,GO:0071555,0.8212,19,cell wall organization
B9J08_001420,0.5,GO:0003723,0.5199,14,RNA binding
B9J08_001421,0.5,GO:0050992,0.8493,19,dimethylallyl diphosphate biosynthetic process
B9J08_001422,0.5,GO:0009249,0.9958,1,protein lipoylation
B9J08_001422,0.5,GO:0016992,0.9781,8,lipoate synthase activity
B9J08_001422,0.5,GO:0046872,0.9624,17,metal ion binding
B9J08_001427,0.5,GO:0005543,0.7997,5,phospholipid binding
B9J08_001429,0.5,GO:0005524,0.5205,16,ATP binding
B9J08_001432,0.5,GO:0005515,0.9288,3,protein binding
B9J08_001432,0.5,GO:0051015,0.861,6,actin filament binding
B9J08_001432,0.5,GO:0007015,0.8525,9,actin filament organization
B9J08_001432,0.5,GO:0051017,0.8123,16,actin filament bundle assembly
B9J08_001432,0.5,GO:0005737,0.6852,20,cytoplasm
B9J08_001434,0.5,GO:0003723,0.6581,16,RNA binding
B9J08_001436,0.5,GO:0005515,0.5727,7,protein binding
B9J08_001447,0.5,GO:0005524,0.9797,15,ATP binding
B9J08_001448,0.5,GO:0020037,0.9963,3,heme binding
B9J08_001448,0.5,GO:0005506,0.9918,11,iron ion binding
B9J08_001450,0.5,GO:0006811,0.8398,13,ion transport
B9J08_001450,0.5,GO:0015677,0.8356,14,copper ion import
B9J08_001451,0.5,GO:0018216,0.6796,17,peptidyl-arginine methylation
B9J08_001451,0.5,GO:0016274,0.6796,18,protein-arginine N-methyltransferase activity
B9J08_001452,0.5,GO:0005739,0.7529,15,mitochondrion
B9J08_001453,0.5,GO:0005524,0.9821,13,ATP binding
B9J08_001454,0.5,GO:0030011,0.8341,1,maintenance of cell polarity
B9J08_001454,0.5,GO:0008289,0.7616,11,lipid binding
B9J08_001454,0.5,GO:0032934,0.6952,20,sterol binding
B9J08_001461,0.5,GO:0006457,0.99,8,protein folding
B9J08_001461,0.5,GO:0005524,0.9823,17,ATP binding
B9J08_001461,0.5,GO:0051082,0.9773,20,unfolded protein binding
B9J08_001463,0.5,GO:0005524,0.9903,15,ATP binding
B9J08_001464,0.5,GO:0022857,0.8444,7,transmembrane transporter activity
B9J08_001465,0.5,GO:0003824,0.9472,7,catalytic activity
B9J08_001465,0.5,GO:0016020,0.8399,11,membrane
B9J08_001467,0.5,GO:0005524,0.9856,7,ATP binding
B9J08_001471,0.5,GO:0006364,0.9123,19,rRNA processing
B9J08_001474,0.5,GO:0046872,0.8281,8,metal ion binding
B9J08_001475,0.5,GO:0004553,0.6104,8,"hydrolase activity, hydrolyzing O-glycosyl compounds"
B9J08_001476,0.5,GO:0005524,0.9879,11,ATP binding
B9J08_001476,0.5,GO:0000166,0.9856,15,nucleotide binding
B9J08_001477,0.5,GO:0004298,0.8473,4,threonine-type endopeptidase activity
B9J08_001477,0.5,GO:0005737,0.7314,19,cytoplasm
B9J08_001484,0.5,GO:0016746,0.8847,5,"transferase activity, transferring acyl groups"
B9J08_001484,0.5,GO:0016747,0.8843,6,"transferase activity, transferring acyl groups other than amino-acyl groups"
B9J08_001484,0.5,GO:0003988,0.84,10,acetyl-CoA C-acyltransferase activity
B9J08_001484,0.5,GO:0010124,0.7701,15,phenylacetate catabolic process
B9J08_001487,0.5,GO:0022857,0.7793,9,transmembrane transporter activity
B9J08_001493,0.5,GO:0005524,0.9808,14,ATP binding
B9J08_001497,0.5,GO:0003676,0.6149,10,nucleic acid binding
B9J08_001497,0.5,GO:0003723,0.5443,12,RNA binding
B9J08_001499,0.5,GO:0022857,0.7212,17,transmembrane transporter activity
B9J08_001501,0.5,GO:0016787,0.9812,6,hydrolase activity
B9J08_001501,0.5,GO:0005524,0.9774,12,ATP binding
B9J08_001506,0.5,GO:0008233,0.9472,9,peptidase activity
B9J08_001506,0.5,GO:0046872,0.8942,20,metal ion binding
B9J08_001510,0.5,GO:0046872,0.9702,4,metal ion binding
B9J08_001510,0.5,GO:0008233,0.9593,7,peptidase activity
B9J08_001512,0.5,GO:0005524,0.99,13,ATP binding
B9J08_001515,0.5,GO:0020037,0.9319,6,heme binding
B9J08_001515,0.5,GO:0004497,0.746,15,monooxygenase activity
B9J08_001515,0.5,GO:0005506,0.737,16,iron ion binding
B9J08_001515,0.5,GO:0016705,0.6352,19,"oxidoreductase activity, acting on paired donors, with incorporation or reduction of molecular oxygen"
B9J08_001518,0.5,GO:0004190,0.5683,10,aspartic-type endopeptidase activity
B9J08_001519,0.5,GO:0022857,0.6995,13,transmembrane transporter activity
B9J08_001521,0.5,GO:0022857,0.7643,9,transmembrane transporter activity
B9J08_001523,0.5,GO:0022857,0.5442,10,transmembrane transporter activity
B9J08_001524,0.5,GO:0008270,0.9701,10,zinc ion binding
B9J08_001525,0.5,GO:0020037,0.994,5,heme binding
B9J08_001525,0.5,GO:0005506,0.9708,13,iron ion binding
B9J08_001525,0.5,GO:0004497,0.9648,14,monooxygenase activity
B9J08_001525,0.5,GO:0016705,0.6472,19,"oxidoreductase activity, acting on paired donors, with incorporation or reduction of molecular oxygen"
B9J08_001526,0.5,GO:0022857,0.9294,7,transmembrane transporter activity
B9J08_001526,0.5,GO:0008643,0.7027,19,carbohydrate transport
B9J08_001527,0.5,GO:0022857,0.9429,7,transmembrane transporter activity
B9J08_001527,0.5,GO:0008643,0.7547,19,carbohydrate transport
B9J08_001528,0.5,GO:0022857,0.9722,6,transmembrane transporter activity
B9J08_001529,0.5,GO:0003824,0.9547,2,catalytic activity
B9J08_001529,0.5,GO:0004553,0.7478,7,"hydrolase activity, hydrolyzing O-glycosyl compounds"
B9J08_001529,0.5,GO:0005975,0.7303,8,carbohydrate metabolic process
B9J08_001529,0.5,GO:0008422,0.6863,11,beta-glucosidase activity
B9J08_001530,0.5,GO:0015171,0.8799,7,amino acid transmembrane transporter activity
B9J08_001530,0.5,GO:0006865,0.7909,17,amino acid transport
B9J08_001532,0.5,GO:0008233,0.6249,13,peptidase activity
B9J08_001533,0.5,GO:0016620,0.9501,2,"oxidoreductase activity, acting on the aldehyde or oxo group of donors, NAD or NADP as acceptor"
B9J08_001533,0.5,GO:0016491,0.9259,3,oxidoreductase activity
B9J08_001533,0.5,GO:0008152,0.7143,8,metabolic process
B9J08_001534,0.5,GO:0004190,0.8078,1,aspartic-type endopeptidase activity
B9J08_001535,0.5,GO:0016491,0.9791,4,oxidoreductase activity
B9J08_001535,0.5,GO:0003824,0.975,6,catalytic activity
B9J08_001535,0.5,GO:0010181,0.9674,8,FMN binding
B9J08_001536,0.5,GO:0016020,0.7362,11,membrane
B9J08_001537,0.5,GO:0016020,0.8645,13,membrane
B9J08_001537,0.5,GO:0015179,0.6821,20,L-amino acid transmembrane transporter activity
B9J08_001540,0.5,GO:0003824,0.9622,3,catalytic activity
B9J08_001540,0.5,GO:0008152,0.9415,4,metabolic process
B9J08_001540,0.5,GO:0016829,0.9095,8,lyase activity
B9J08_001540,0.5,GO:0005737,0.8658,14,cytoplasm
B9J08_001541,0.5,GO:0016020,0.8531,9,membrane
B9J08_001542,0.5,GO:0022857,0.7533,6,transmembrane transporter activity
B9J08_001542,0.5,GO:0055085,0.5755,20,transmembrane transport
B9J08_001543,0.5,GO:0017183,0.9983,3,peptidyl-diphthamide biosynthetic process from peptidyl-histidine
B9J08_001546,0.5,GO:0004190,0.6973,5,aspartic-type endopeptidase activity
B9J08_001547,0.5,GO:0022857,0.7484,8,transmembrane transporter activity
B9J08_001550,0.5,GO:0016491,0.9011,4,oxidoreductase activity
B9J08_001550,0.5,GO:0006811,0.6455,16,ion transport
B9J08_001553,0.5,GO:0008299,0.863,16,isoprenoid biosynthetic process
B9J08_001553,0.5,GO:0016740,0.8405,19,transferase activity
B9J08_001558,0.5,GO:0005739,0.6255,11,mitochondrion
B9J08_001561,0.5,GO:0005525,0.9895,10,GTP binding
B9J08_001562,0.5,GO:0005634,0.9269,12,nucleus
B9J08_001566,0.5,GO:0003676,0.8722,4,nucleic acid binding
B9J08_001566,0.5,GO:0003723,0.7489,10,RNA binding
B9J08_001567,0.5,GO:0022857,0.8731,7,transmembrane transporter activity
B9J08_001568,0.5,GO:0003735,0.742,14,structural constituent of ribosome
B9J08_001569,0.5,GO:0005634,0.9662,8,nucleus
B9J08_001571,0.5,GO:0005737,0.5922,12,cytoplasm
B9J08_001572,0.5,GO:0005737,0.5905,12,cytoplasm
B9J08_001572,0.5,GO:0030479,0.5258,18,actin cortical patch
B9J08_001574,0.5,GO:0005525,0.9624,12,GTP binding
B9J08_001576,0.5,GO:0003824,0.8592,8,catalytic activity
B9J08_001579,0.5,GO:0005789,0.507,18,endoplasmic reticulum membrane
B9J08_001580,0.5,GO:0004722,0.8302,16,protein serine/threonine phosphatase activity
B9J08_001580,0.5,GO:0046872,0.8215,18,metal ion binding
B9J08_001580,0.5,GO:0043169,0.8129,19,cation binding
B9J08_001580,0.5,GO:0005634,0.8113,20,nucleus
B9J08_001581,0.5,GO:0000166,0.9938,5,nucleotide binding
B9J08_001581,0.5,GO:0005524,0.9869,12,ATP binding
B9J08_001585,0.5,GO:0015031,0.9206,15,protein transport
B9J08_001587,0.5,GO:0005634,0.849,13,nucleus
B9J08_001588,0.5,GO:0020037,0.8522,12,heme binding
B9J08_001588,0.5,GO:0004497,0.7629,13,monooxygenase activity
B9J08_001588,0.5,GO:0005506,0.7442,14,iron ion binding
B9J08_001588,0.5,GO:0016705,0.5953,17,"oxidoreductase activity, acting on paired donors, with incorporation or reduction of molecular oxygen"
B9J08_001589,0.5,GO:0005634,0.5858,9,nucleus
B9J08_001593,0.5,GO:0031267,0.8898,13,small GTPase binding
B9J08_001594,0.5,GO:0005634,0.654,9,nucleus
B9J08_001595,0.5,GO:0005634,0.8474,15,nucleus
B9J08_001597,0.5,GO:0005634,0.5475,5,nucleus
B9J08_001599,0.5,GO:0005634,0.536,16,nucleus
B9J08_001607,0.5,GO:0005739,0.5576,16,mitochondrion
B9J08_001611,0.5,GO:0005524,0.9952,8,ATP binding
B9J08_001613,0.5,GO:0016787,0.8715,2,hydrolase activity
B9J08_001614,0.5,GO:0016787,0.8805,3,hydrolase activity
B9J08_001615,0.5,GO:0007031,0.5701,19,peroxisome organization
B9J08_001619,0.5,GO:0005524,0.9397,19,ATP binding
B9J08_001620,0.5,GO:0003677,0.9849,14,DNA binding
B9J08_001620,0.5,GO:0005634,0.9747,18,nucleus
B9J08_001620,0.5,GO:0008270,0.9629,19,zinc ion binding
B9J08_001622,0.5,GO:0003824,0.9234,1,catalytic activity
B9J08_001622,0.5,GO:0016616,0.6497,10,"oxidoreductase activity, acting on the CH-OH group of donors, NAD or NADP as acceptor"
B9J08_001623,0.5,GO:0005515,0.5917,17,protein binding
B9J08_001625,0.5,GO:0008033,0.9967,13,tRNA processing
B9J08_001627,0.5,GO:0005515,0.6144,20,protein binding
B9J08_001633,0.5,GO:0016491,0.7918,7,oxidoreductase activity
B9J08_001641,0.5,GO:0097428,0.8658,7,protein maturation by iron-sulfur cluster transfer
B9J08_001641,0.5,GO:0051536,0.7923,16,iron-sulfur cluster binding
B9J08_001644,0.5,GO:0003676,0.9962,16,nucleic acid binding
B9J08_001645,0.5,GO:0030170,0.9885,11,pyridoxal phosphate binding
B9J08_001646,0.5,GO:0016491,0.969,11,oxidoreductase activity
B9J08_001646,0.5,GO:0046872,0.9662,12,metal ion binding
B9J08_001647,0.5,GO:1904668,0.9022,5,positive regulation of ubiquitin protein ligase activity
B9J08_001647,0.5,GO:0010997,0.8693,7,anaphase-promoting complex binding
B9J08_001647,0.5,GO:1905786,0.7759,16,positive regulation of anaphase-promoting complex-dependent catabolic process
B9J08_001647,0.5,GO:0097027,0.7536,18,ubiquitin-protein transferase activator activity
B9J08_001648,0.5,GO:0030170,0.9643,9,pyridoxal phosphate binding
B9J08_001648,0.5,GO:0008483,0.8967,18,transaminase activity
B9J08_001652,0.5,GO:0005759,0.701,10,mitochondrial matrix
B9J08_001654,0.5,GO:0031510,0.8376,6,SUMO activating enzyme complex
B9J08_001654,0.5,GO:0008641,0.7581,17,ubiquitin-like modifier activating enzyme activity
B9J08_001660,0.5,GO:0005507,0.6525,11,copper ion binding
B9J08_001660,0.5,GO:0008131,0.5883,12,primary amine oxidase activity
B9J08_001665,0.5,GO:0005975,0.9603,6,carbohydrate metabolic process
B9J08_001665,0.5,GO:0009251,0.8285,16,glucan catabolic process
B9J08_001665,0.5,GO:0004553,0.8168,19,"hydrolase activity, hydrolyzing O-glycosyl compounds"
B9J08_001667,0.5,GO:0003677,0.8131,8,DNA binding
B9J08_001667,0.5,GO:0003887,0.8021,10,DNA-directed DNA polymerase activity
B9J08_001668,0.5,GO:0046872,0.9168,4,metal ion binding
B9J08_001668,0.5,GO:0003824,0.8348,7,catalytic activity
B9J08_001668,0.5,GO:0008318,0.5396,18,protein prenyltransferase activity
B9J08_001669,0.5,GO:0016757,0.795,10,"transferase activity, transferring glycosyl groups"
B9J08_001670,0.5,GO:0046872,0.9975,9,metal ion binding
B9J08_001673,0.5,GO:0006865,0.8988,12,amino acid transport
B9J08_001675,0.5,GO:0005524,0.9669,6,ATP binding
B9J08_001678,0.5,GO:0003677,0.696,8,DNA binding
B9J08_001682,0.5,GO:0006629,0.756,7,lipid metabolic process
B9J08_001688,0.5,GO:0016491,0.7755,3,oxidoreductase activity
B9J08_001695,0.5,GO:0005975,0.9914,8,carbohydrate metabolic process
B9J08_001695,0.5,GO:0005992,0.9876,11,trehalose biosynthetic process
B9J08_001695,0.5,GO:0003824,0.9782,16,catalytic activity
B9J08_001697,0.5,GO:0043169,0.9701,4,cation binding
B9J08_001697,0.5,GO:0046872,0.9623,5,metal ion binding
B9J08_001697,0.5,GO:0004722,0.8614,14,protein serine/threonine phosphatase activity
B9J08_001701,0.5,GO:0005524,0.9657,17,ATP binding
B9J08_001701,0.5,GO:0055085,0.9575,19,transmembrane transport
B9J08_001702,0.5,GO:0046872,0.9473,14,metal ion binding
B9J08_001703,0.5,GO:0005515,0.7894,17,protein binding
B9J08_001704,0.5,GO:0000166,0.9502,18,nucleotide binding
B9J08_001710,0.5,GO:0005515,0.7764,3,protein binding
B9J08_001712,0.5,GO:0016020,0.5346,7,membrane
B9J08_001713,0.5,GO:0030170,0.9885,12,pyridoxal phosphate binding
B9J08_001715,0.5,GO:0005524,0.9695,12,ATP binding
B9J08_001716,0.5,GO:0000166,0.9867,10,nucleotide binding
B9J08_001716,0.5,GO:0005524,0.9841,14,ATP binding
B9J08_001717,0.5,GO:0003700,0.6793,12,DNA-binding transcription factor activity
B9J08_001717,0.5,GO:0008270,0.626,15,zinc ion binding
B9J08_001718,0.5,GO:0005737,0.7043,4,cytoplasm
B9J08_001724,0.5,GO:0005524,0.9657,8,ATP binding
B9J08_001724,0.5,GO:0000166,0.9581,14,nucleotide binding
B9J08_001726,0.5,GO:0005524,0.9702,14,ATP binding
B9J08_001728,0.5,GO:0016020,0.7242,8,membrane
B9J08_001732,0.5,GO:0005509,0.802,8,calcium ion binding
B9J08_001732,0.5,GO:0005955,0.6048,14,calcineurin complex
B9J08_001732,0.5,GO:0008597,0.518,17,calcium-dependent protein serine/threonine phosphatase regulator activity
B9J08_001733,0.5,GO:0016491,0.9684,1,oxidoreductase activity
B9J08_001734,0.5,GO:0007165,0.6132,10,signal transduction
B9J08_001735,0.5,GO:0005515,0.6271,15,protein binding
B9J08_001736,0.5,GO:0030687,0.5933,18,"preribosome, large subunit precursor"
B9J08_001737,0.5,GO:0006810,0.9248,3,transport
B9J08_001737,0.5,GO:0022857,0.875,8,transmembrane transporter activity
B9J08_001737,0.5,GO:0016020,0.6642,14,membrane
B9J08_001737,0.5,GO:0005886,0.5118,20,plasma membrane
B9J08_001739,0.5,GO:0005634,0.7202,14,nucleus
B9J08_001740,0.5,GO:0050660,0.9967,16,flavin adenine dinucleotide binding
B9J08_001741,0.5,GO:0008152,0.9987,5,metabolic process
B9J08_001741,0.5,GO:0050660,0.9948,13,flavin adenine dinucleotide binding
B9J08_001742,0.5,GO:0046872,0.7433,11,metal ion binding
B9J08_001744,0.5,GO:0005737,0.6394,13,cytoplasm
B9J08_001745,0.5,GO:0005524,0.9657,13,ATP binding
B9J08_001749,0.5,GO:0016787,0.7025,3,hydrolase activity
B9J08_001749,0.5,GO:0008152,0.5666,7,metabolic process
B9J08_001752,0.5,GO:0016787,0.8618,8,hydrolase activity
B9J08_001752,0.5,GO:0008233,0.8617,9,peptidase activity
B9J08_001758,0.5,GO:0005737,0.7119,13,cytoplasm
B9J08_001759,0.5,GO:0006629,0.9777,14,lipid metabolic process
B9J08_001762,0.5,GO:0048500,0.834,11,signal recognition particle
B9J08_001762,0.5,GO:0008312,0.7976,13,7S RNA binding
B9J08_001765,0.5,GO:0000166,0.9665,10,nucleotide binding
B9J08_001766,0.5,GO:0003676,0.7253,4,nucleic acid binding
B9J08_001766,0.5,GO:0003723,0.6623,9,RNA binding
B9J08_001767,0.5,GO:0003676,0.547,8,nucleic acid binding
B9J08_001768,0.5,GO:0071561,0.739,12,nucleus-vacuole junction
B9J08_001769,0.5,GO:0006396,0.9445,18,RNA processing
B9J08_001772,0.5,GO:0006015,0.9972,6,5-phosphoribose 1-diphosphate biosynthetic process
B9J08_001774,0.5,GO:0000166,0.985,6,nucleotide binding
B9J08_001774,0.5,GO:0005524,0.9743,11,ATP binding
B9J08_001775,0.5,GO:0005886,0.8388,6,plasma membrane
B9J08_001775,0.5,GO:0016020,0.8101,7,membrane
B9J08_001776,0.5,GO:0006797,0.9575,3,polyphosphate metabolic process
B9J08_001776,0.5,GO:0006799,0.9182,6,polyphosphate biosynthetic process
B9J08_001776,0.5,GO:0042144,0.7804,12,"vacuole fusion, non-autophagic"
B9J08_001779,0.5,GO:0003723,0.6465,12,RNA binding
B9J08_001780,0.5,GO:0006887,0.7496,16,exocytosis
B9J08_001780,0.5,GO:0000145,0.7201,17,exocyst
B9J08_001784,0.5,GO:0015078,0.9746,6,proton transmembrane transporter activity
B9J08_001786,0.5,GO:0008270,0.9537,9,zinc ion binding
B9J08_001787,0.5,GO:0008270,0.9764,7,zinc ion binding
B9J08_001788,0.5,GO:0016020,0.8491,12,membrane
B9J08_001793,0.5,GO:0006486,0.8765,20,protein glycosylation
B9J08_001795,0.5,GO:0046872,0.973,4,metal ion binding
B9J08_001795,0.5,GO:0005829,0.8446,7,cytosol
B9J08_001795,0.5,GO:0000224,0.7255,14,peptide-N4-(N-acetyl-beta-glucosaminyl)asparagine amidase activity
B9J08_001796,0.5,GO:0005524,0.9669,11,ATP binding
B9J08_001797,0.5,GO:0005524,0.9736,19,ATP binding
B9J08_001798,0.5,GO:0046854,0.9975,3,phosphatidylinositol phosphorylation
B9J08_001799,0.5,GO:0006072,0.9707,13,glycerol-3-phosphate metabolic process
B9J08_001802,0.5,GO:0046872,0.7491,19,metal ion binding
B9J08_001809,0.5,GO:0016491,0.863,3,oxidoreductase activity
B9J08_001809,0.5,GO:0008152,0.7007,5,metabolic process
B9J08_001813,0.5,GO:0005524,0.9831,10,ATP binding
B9J08_001814,0.5,GO:0004601,0.8218,5,peroxidase activity
B9J08_001814,0.5,GO:0004602,0.6193,13,glutathione peroxidase activity
B9J08_001815,0.5,GO:0032865,0.9736,20,ERMES complex
B9J08_001817,0.5,GO:0005737,0.8187,8,cytoplasm
B9J08_001823,0.5,GO:0030041,0.6497,20,actin filament polymerization
B9J08_001825,0.5,GO:0003676,0.9076,14,nucleic acid binding
B9J08_001825,0.5,GO:0046872,0.8688,20,metal ion binding
B9J08_001826,0.5,GO:0005634,0.7976,18,nucleus
B9J08_001828,0.5,GO:0016491,0.9683,1,oxidoreductase activity
B9J08_001832,0.5,GO:0016020,0.8506,7,membrane
B9J08_001832,0.5,GO:0005886,0.8026,8,plasma membrane
B9J08_001832,0.5,GO:0022857,0.6789,12,transmembrane transporter activity
B9J08_001832,0.5,GO:0006817,0.6523,15,phosphate ion transport
B9J08_001834,0.5,GO:0022857,0.7543,12,transmembrane transporter activity
B9J08_001834,0.5,GO:0016020,0.6786,15,membrane
B9J08_001834,0.5,GO:0055085,0.6665,16,transmembrane transport
B9J08_001834,0.5,GO:0005886,0.596,18,plasma membrane
B9J08_001836,0.5,GO:0006364,0.9263,14,rRNA processing
B9J08_001839,0.5,GO:0031201,0.9408,12,SNARE complex
B9J08_001842,0.5,GO:0045899,0.9939,2,positive regulation of RNA polymerase II transcriptional preinitiation complex assembly
B9J08_001846,0.5,GO:0003723,0.7501,14,RNA binding
B9J08_001846,0.5,GO:0005634,0.725,17,nucleus
B9J08_001850,0.5,GO:0004643,0.9647,6,phosphoribosylaminoimidazolecarboxamide formyltransferase activity
B9J08_001851,0.5,GO:0003735,0.9297,12,structural constituent of ribosome
B9J08_001852,0.5,GO:0003676,0.7816,5,nucleic acid binding
B9J08_001860,0.5,GO:0006096,0.9987,3,glycolytic process
B9J08_001860,0.5,GO:0004618,0.9961,20,phosphoglycerate kinase activity
B9J08_001863,0.5,GO:0016020,0.9638,15,membrane
B9J08_001868,0.5,GO:0005737,0.9602,13,cytoplasm
B9J08_001869,0.5,GO:0003779,0.6336,11,actin binding
B9J08_001871,0.5,GO:0003723,0.92,6,RNA binding
B9J08_001871,0.5,GO:0003743,0.8514,8,translation initiation factor activity
B9J08_001871,0.5,GO:0006413,0.5936,20,translational initiation
B9J08_001873,0.5,GO:0003824,0.8606,1,catalytic activity
B9J08_001873,0.5,GO:0005992,0.8272,3,trehalose biosynthetic process
B9J08_001873,0.5,GO:0070413,0.6224,16,trehalose metabolism in response to stress
B9J08_001873,0.5,GO:0004805,0.6067,18,trehalose-phosphatase activity
B9J08_001875,0.5,GO:0006094,0.9971,13,gluconeogenesis
B9J08_001875,0.5,GO:0006096,0.9949,20,glycolytic process
B9J08_001876,0.5,GO:0003824,0.678,3,catalytic activity
B9J08_001878,0.5,GO:0000166,0.9837,12,nucleotide binding
B9J08_001878,0.5,GO:0005524,0.9714,18,ATP binding
B9J08_001883,0.5,GO:0003824,0.8835,2,catalytic activity
B9J08_001884,0.5,GO:0046872,0.9985,2,metal ion binding
B9J08_001884,0.5,GO:0051536,0.9923,17,iron-sulfur cluster binding
B9J08_001887,0.5,GO:0009058,0.9789,10,biosynthetic process
B9J08_001889,0.5,GO:0022857,0.9852,8,transmembrane transporter activity
B9J08_001889,0.5,GO:0006810,0.9556,19,transport
B9J08_001890,0.5,GO:0016787,0.9789,2,hydrolase activity
B9J08_001893,0.5,GO:0005524,0.9905,12,ATP binding
B9J08_001893,0.5,GO:0000166,0.9898,13,nucleotide binding
B9J08_001898,0.5,GO:0005524,0.9925,8,ATP binding
B9J08_001899,0.5,GO:0000166,0.9925,6,nucleotide binding
B9J08_001899,0.5,GO:0005524,0.992,8,ATP binding
B9J08_001901,0.5,GO:0005618,0.8068,4,cell wall
B9J08_001901,0.5,GO:0071555,0.7554,11,cell wall organization
B9J08_001901,0.5,GO:0009277,0.7383,13,fungal-type cell wall
B9J08_001902,0.5,GO:0030117,0.89,17,membrane coat
B9J08_001903,0.5,GO:0046872,0.7516,8,metal ion binding
B9J08_001903,0.5,GO:0016787,0.7429,11,hydrolase activity
B9J08_001905,0.5,GO:0000166,0.9912,17,nucleotide binding
B9J08_001907,0.5,GO:0000032,0.9739,19,cell wall mannoprotein biosynthetic process
B9J08_001908,0.5,GO:0006486,0.942,17,protein glycosylation
B9J08_001910,0.5,GO:0005524,0.9254,12,ATP binding
B9J08_001911,0.5,GO:0005524,0.9768,19,ATP binding
B9J08_001912,0.5,GO:0046872,0.9585,12,metal ion binding
B9J08_001914,0.5,GO:0003676,0.7804,15,nucleic acid binding
B9J08_001914,0.5,GO:0046872,0.6205,20,metal ion binding
B9J08_001915,0.5,GO:0005730,0.9874,16,nucleolus
B9J08_001916,0.5,GO:0000032,0.9258,6,cell wall mannoprotein biosynthetic process
B9J08_001917,0.5,GO:0005737,0.5856,15,cytoplasm
B9J08_001917,0.5,GO:0006449,0.5518,17,regulation of translational termination
B9J08_001920,0.5,GO:0003677,0.8696,12,DNA binding
B9J08_001920,0.5,GO:0008270,0.8126,15,zinc ion binding
B9J08_001923,0.5,GO:0008168,0.8075,9,methyltransferase activity
B9J08_001923,0.5,GO:0008173,0.7006,14,RNA methyltransferase activity
B9J08_001923,0.5,GO:0005739,0.6731,15,mitochondrion
B9J08_001924,0.5,GO:0016192,0.9748,12,vesicle-mediated transport
B9J08_001925,0.5,GO:0016757,0.9127,2,"transferase activity, transferring glycosyl groups"
B9J08_001927,0.5,GO:0004177,0.9556,16,aminopeptidase activity
B9J08_001930,0.5,GO:0009916,0.6952,19,alternative oxidase activity
B9J08_001930,0.5,GO:0070469,0.6685,20,respirasome
B9J08_001931,0.5,GO:0005034,0.8178,11,osmosensor activity
B9J08_001931,0.5,GO:0005886,0.8137,12,plasma membrane
B9J08_001931,0.5,GO:0005935,0.5327,18,cellular bud neck
B9J08_001936,0.5,GO:0016020,0.7083,11,membrane
B9J08_001936,0.5,GO:0005886,0.6259,12,plasma membrane
B9J08_001936,0.5,GO:0022857,0.5401,17,transmembrane transporter activity
B9J08_001937,0.5,GO:0016811,0.6835,19,"hydrolase activity, acting on carbon-nitrogen (but not peptide) bonds, in linear amides"
B9J08_001938,0.5,GO:0005739,0.519,17,mitochondrion
B9J08_001939,0.5,GO:0000166,0.9916,8,nucleotide binding
B9J08_001939,0.5,GO:0005524,0.9861,11,ATP binding
B9J08_001941,0.5,GO:0005730,0.9976,13,nucleolus
B9J08_001944,0.5,GO:0016787,0.9836,3,hydrolase activity
B9J08_001946,0.5,GO:0003677,0.568,19,DNA binding
B9J08_001948,0.5,GO:0022857,0.5981,13,transmembrane transporter activity
B9J08_001952,0.5,GO:0022857,0.7986,8,transmembrane transporter activity
B9J08_001955,0.5,GO:0006915,0.7767,6,apoptotic process
B9J08_001955,0.5,GO:0004197,0.6493,12,cysteine-type endopeptidase activity
B9J08_001955,0.5,GO:0008234,0.6299,14,cysteine-type peptidase activity
B9J08_001958,0.5,GO:0004190,0.9306,5,aspartic-type endopeptidase activity
B9J08_001959,0.5,GO:0000155,0.9865,7,phosphorelay sensor kinase activity
B9J08_001960,0.5,GO:0000166,0.9839,17,nucleotide binding
B9J08_001965,0.5,GO:0003824,0.7789,2,catalytic activity
B9J08_001966,0.5,GO:0009059,0.5912,19,macromolecule biosynthetic process
B9J08_001967,0.5,GO:0016829,0.5378,17,lyase activity
B9J08_001968,0.5,GO:0016491,0.9712,1,oxidoreductase activity
B9J08_001968,0.5,GO:0016620,0.9578,4,"oxidoreductase activity, acting on the aldehyde or oxo group of donors, NAD or NADP as acceptor"
B9J08_001968,0.5,GO:0008152,0.9327,5,metabolic process
B9J08_001979,0.5,GO:0005736,0.6042,13,RNA polymerase I complex
B9J08_001979,0.5,GO:0006360,0.5536,20,transcription by RNA polymerase I
B9J08_001984,0.5,GO:0022857,0.7594,11,transmembrane transporter activity
B9J08_001985,0.5,GO:0102483,0.8068,9,scopolin beta-glucosidase activity
B9J08_001985,0.5,GO:0005975,0.8043,10,carbohydrate metabolic process
B9J08_001985,0.5,GO:0004553,0.7945,11,"hydrolase activity, hydrolyzing O-glycosyl compounds"
B9J08_001987,0.5,GO:0003824,0.8728,4,catalytic activity
B9J08_001989,0.5,GO:0006011,0.8554,11,UDP-glucose metabolic process
B9J08_001989,0.5,GO:0070569,0.7919,19,uridylyltransferase activity
B9J08_001997,0.5,GO:0006486,0.8049,18,protein glycosylation
B9J08_001999,0.5,GO:0000166,0.9831,18,nucleotide binding
B9J08_002004,0.5,GO:0005829,0.6712,7,cytosol
B9J08_002005,0.5,GO:0030170,0.9674,3,pyridoxal phosphate binding
B9J08_002009,0.5,GO:0005525,0.9704,14,GTP binding
B9J08_002011,0.5,GO:0016491,0.9531,3,oxidoreductase activity
B9J08_002011,0.5,GO:0004499,0.5056,13,"N,N-dimethylaniline monooxygenase activity"
B9J08_002016,0.5,GO:0016592,0.7337,20,mediator complex
B9J08_002018,0.5,GO:0045454,0.8686,2,cell redox homeostasis
B9J08_002018,0.5,GO:0015035,0.5346,17,protein disulfide oxidoreductase activity
B9J08_002019,0.5,GO:0005743,0.7862,12,mitochondrial inner membrane
B9J08_002022,0.5,GO:0005634,0.9064,10,nucleus
B9J08_002023,0.5,GO:0017108,0.922,1,5'-flap endonuclease activity
B9J08_002023,0.5,GO:0033557,0.8224,15,Slx1-Slx4 complex
B9J08_002025,0.5,GO:0005524,0.9623,13,ATP binding
B9J08_002026,0.5,GO:0045454,0.9801,6,cell redox homeostasis
B9J08_002026,0.5,GO:0046872,0.9745,8,metal ion binding
B9J08_002026,0.5,GO:2000678,0.9708,10,negative regulation of transcription regulatory region DNA binding
B9J08_002026,0.5,GO:0051536,0.9597,14,iron-sulfur cluster binding
B9J08_002027,0.5,GO:0005634,0.8542,9,nucleus
B9J08_002030,0.5,GO:0006298,0.9924,15,mismatch repair
B9J08_002032,0.5,GO:0016779,0.9101,8,nucleotidyltransferase activity
B9J08_002034,0.5,GO:0016409,0.845,3,palmitoyltransferase activity
B9J08_002034,0.5,GO:0019706,0.7923,5,protein-cysteine S-palmitoyltransferase activity
B9J08_002038,0.5,GO:0003755,0.6077,13,peptidyl-prolyl cis-trans isomerase activity
B9J08_002041,0.5,GO:0000166,0.9804,4,nucleotide binding
B9J08_002041,0.5,GO:0005524,0.9688,10,ATP binding
B9J08_002042,0.5,GO:0003824,0.9262,3,catalytic activity
B9J08_002042,0.5,GO:0004721,0.7698,13,phosphoprotein phosphatase activity
B9J08_002043,0.5,GO:0003824,0.9977,9,catalytic activity
B9J08_002043,0.5,GO:0016765,0.9962,11,"transferase activity, transferring alkyl or aryl (other than methyl) groups"
B9J08_002044,0.5,GO:0005524,0.9729,10,ATP binding
B9J08_002051,0.5,GO:0003824,0.9961,17,catalytic activity
B9J08_002052,0.5,GO:0005634,0.5785,5,nucleus
B9J08_002053,0.5,GO:0005524,0.9663,16,ATP binding
B9J08_002057,0.5,GO:0008270,0.9874,8,zinc ion binding
B9J08_002060,0.5,GO:0005524,0.9939,6,ATP binding
B9J08_002063,0.5,GO:0005739,0.6576,11,mitochondrion
B9J08_002063,0.5,GO:0046872,0.6373,14,metal ion binding
B9J08_002064,0.5,GO:0000776,0.7429,9,kinetochore
B9J08_002065,0.5,GO:0005886,0.715,6,plasma membrane
B9J08_002065,0.5,GO:0022857,0.535,13,transmembrane transporter activity
B9J08_002067,0.5,GO:0016020,0.794,16,membrane
B9J08_002068,0.5,GO:0005737,0.6583,8,cytoplasm
B9J08_002068,0.5,GO:0005515,0.5959,16,protein binding
B9J08_002070,0.5,GO:0016791,0.9096,7,phosphatase activity
B9J08_002070,0.5,GO:0005737,0.8895,10,cytoplasm
B9J08_002070,0.5,GO:0004725,0.5735,16,protein tyrosine phosphatase activity
B9J08_002072,0.5,GO:0003677,0.9376,6,DNA binding
B9J08_002072,0.5,GO:0046982,0.8778,12,protein heterodimerization activity
B9J08_002072,0.5,GO:0005634,0.8064,20,nucleus
B9J08_002073,0.5,GO:0046982,0.9389,6,protein heterodimerization activity
B9J08_002073,0.5,GO:0006334,0.9137,11,nucleosome assembly
B9J08_002073,0.5,GO:0003677,0.9066,13,DNA binding
B9J08_002074,0.5,GO:0006486,0.9192,20,protein glycosylation
B9J08_002078,0.5,GO:0006807,0.9976,12,nitrogen compound metabolic process
B9J08_002079,0.5,GO:0022857,0.7771,13,transmembrane transporter activity
B9J08_002079,0.5,GO:0055085,0.7245,16,transmembrane transport
B9J08_002080,0.5,GO:0016020,0.7798,20,membrane
B9J08_002085,0.5,GO:0006325,0.9928,5,chromatin organization
B9J08_002085,0.5,GO:0010468,0.9601,18,regulation of gene expression
B9J08_002088,0.5,GO:0005525,0.9921,6,GTP binding
B9J08_002090,0.5,GO:0016020,0.6684,19,membrane
B9J08_002091,0.5,GO:0045721,0.8601,4,negative regulation of gluconeogenesis
B9J08_002091,0.5,GO:0005737,0.684,10,cytoplasm
B9J08_002091,0.5,GO:0046872,0.6152,20,metal ion binding
B9J08_002092,0.5,GO:0008757,0.6372,14,S-adenosylmethionine-dependent methyltransferase activity
B9J08_002094,0.5,GO:0003676,0.9587,6,nucleic acid binding
B9J08_002094,0.5,GO:0003723,0.9323,8,RNA binding
B9J08_002097,0.5,GO:0019867,0.6122,11,outer membrane
B9J08_002099,0.5,GO:0016018,0.9205,2,cyclosporin A binding
B9J08_002099,0.5,GO:0003755,0.9042,4,peptidyl-prolyl cis-trans isomerase activity
B9J08_002099,0.5,GO:0006457,0.7376,18,protein folding
B9J08_002100,0.5,GO:0016538,0.9743,8,cyclin-dependent protein serine/threonine kinase regulator activity
B9J08_002107,0.5,GO:0003824,0.8162,9,catalytic activity
B9J08_002107,0.5,GO:0008152,0.7135,20,metabolic process
B9J08_002113,0.5,GO:0000166,0.9804,19,nucleotide binding
B9J08_002114,0.5,GO:0003824,0.8417,2,catalytic activity
B9J08_002117,0.5,GO:0006525,0.978,14,arginine metabolic process
B9J08_002117,0.5,GO:0003824,0.9741,16,catalytic activity
B9J08_002121,0.5,GO:0005681,0.6542,17,spliceosomal complex
B9J08_002121,0.5,GO:0000389,0.6481,19,mRNA 3'-splice site recognition
B9J08_002124,0.5,GO:0005524,0.9898,7,ATP binding
B9J08_002130,0.5,GO:0005739,0.6677,8,mitochondrion
B9J08_002135,0.5,GO:0005515,0.7827,7,protein binding
B9J08_002136,0.5,GO:0008270,0.9001,10,zinc ion binding
B9J08_002138,0.5,GO:0005515,0.5305,20,protein binding
B9J08_002142,0.5,GO:0003755,0.9606,4,peptidyl-prolyl cis-trans isomerase activity
B9J08_002142,0.5,GO:0006457,0.9231,9,protein folding
B9J08_002142,0.5,GO:0016018,0.9063,12,cyclosporin A binding
B9J08_002143,0.5,GO:0045454,0.9447,2,cell redox homeostasis
B9J08_002143,0.5,GO:0004601,0.84,9,peroxidase activity
B9J08_002143,0.5,GO:0016491,0.6809,16,oxidoreductase activity
B9J08_002146,0.5,GO:0005524,0.9927,4,ATP binding
B9J08_002146,0.5,GO:0000166,0.9867,14,nucleotide binding
B9J08_002149,0.5,GO:0004190,0.6907,7,aspartic-type endopeptidase activity
B9J08_002150,0.5,GO:0000155,0.9863,2,phosphorelay sensor kinase activity
B9J08_002150,0.5,GO:0004673,0.982,5,protein histidine kinase activity
B9J08_002150,0.5,GO:0005524,0.9579,19,ATP binding
B9J08_002157,0.5,GO:0016616,0.6377,18,"oxidoreductase activity, acting on the CH-OH group of donors, NAD or NADP as acceptor"
B9J08_002159,0.5,GO:0009277,0.6472,16,fungal-type cell wall
B9J08_002162,0.5,GO:0003677,0.8918,19,DNA binding
B9J08_002168,0.5,GO:0022857,0.9286,10,transmembrane transporter activity
B9J08_002168,0.5,GO:0008643,0.8916,13,carbohydrate transport
B9J08_002169,0.5,GO:0005634,0.8991,19,nucleus
B9J08_002169,0.5,GO:0003677,0.8813,20,DNA binding
B9J08_002170,0.5,GO:0005634,0.9566,14,nucleus
B9J08_002170,0.5,GO:0003700,0.9551,16,DNA-binding transcription factor activity
B9J08_002171,0.5,GO:0016747,0.6133,5,"transferase activity, transferring acyl groups other than amino-acyl groups"
B9J08_002171,0.5,GO:0008080,0.5133,10,N-acetyltransferase activity
B9J08_002173,0.5,GO:0000166,0.9132,8,nucleotide binding
B9J08_002173,0.5,GO:0016020,0.9039,12,membrane
B9J08_002173,0.5,GO:0015662,0.9037,13,"ion transmembrane transporter activity, phosphorylative mechanism"
B9J08_002173,0.5,GO:0005886,0.8741,19,plasma membrane
B9J08_002173,0.5,GO:0005524,0.8721,20,ATP binding
B9J08_002178,0.5,GO:0005737,0.6109,3,cytoplasm
B9J08_002181,0.5,GO:0046872,0.8621,7,metal ion binding
B9J08_002181,0.5,GO:0032266,0.6992,16,phosphatidylinositol-3-phosphate binding
B9J08_002183,0.5,GO:0005975,0.9265,11,carbohydrate metabolic process
B9J08_002183,0.5,GO:0006032,0.8782,16,chitin catabolic process
B9J08_002183,0.5,GO:0000272,0.8489,18,polysaccharide catabolic process
B9J08_002183,0.5,GO:0004553,0.8139,20,"hydrolase activity, hydrolyzing O-glycosyl compounds"
B9J08_002186,0.5,GO:0022857,0.891,16,transmembrane transporter activity
B9J08_002187,0.5,GO:0042910,0.7894,9,xenobiotic transmembrane transporter activity
B9J08_002187,0.5,GO:0016020,0.6776,11,membrane
B9J08_002188,0.5,GO:0003824,0.9033,2,catalytic activity
B9J08_002190,0.5,GO:0005634,0.8117,13,nucleus
B9J08_002190,0.5,GO:0003700,0.7816,17,DNA-binding transcription factor activity
B9J08_002193,0.5,GO:0005524,0.9901,10,ATP binding
B9J08_002193,0.5,GO:0000166,0.9901,11,nucleotide binding
B9J08_002194,0.5,GO:0031201,0.9148,18,SNARE complex
B9J08_002197,0.5,GO:0016818,0.9959,4,"hydrolase activity, acting on acid anhydrides, in phosphorus-containing anhydrides"
B9J08_002197,0.5,GO:0005524,0.9832,16,ATP binding
B9J08_002199,0.5,GO:0016020,0.6488,14,membrane
B9J08_002199,0.5,GO:0015086,0.5876,18,cadmium ion transmembrane transporter activity
B9J08_002201,0.5,GO:0016226,0.6306,15,iron-sulfur cluster assembly
B9J08_002201,0.5,GO:0005739,0.6049,16,mitochondrion
B9J08_002202,0.5,GO:0005886,0.8304,12,plasma membrane
B9J08_002202,0.5,GO:0016020,0.7789,16,membrane
B9J08_002206,0.5,GO:0006897,0.6847,11,endocytosis
B9J08_002206,0.5,GO:0016192,0.6736,12,vesicle-mediated transport
B9J08_002209,0.5,GO:0005524,0.992,12,ATP binding
B9J08_002212,0.5,GO:0005524,0.9888,13,ATP binding
B9J08_002213,0.5,GO:0005737,0.5323,17,cytoplasm
B9J08_002217,0.5,GO:0003677,0.8943,13,DNA binding
B9J08_002217,0.5,GO:0005634,0.8269,19,nucleus
B9J08_002217,0.5,GO:0008270,0.822,20,zinc ion binding
B9J08_002219,0.5,GO:0005634,0.8254,13,nucleus
B9J08_002221,0.5,GO:0005634,0.6632,9,nucleus
B9J08_002221,0.5,GO:0042393,0.6468,10,histone binding
B9J08_002221,0.5,GO:0006338,0.5896,16,chromatin remodeling
B9J08_002222,0.5,GO:0003723,0.7503,11,RNA binding
B9J08_002223,0.5,GO:0005525,0.9924,15,GTP binding
B9J08_002224,0.5,GO:0006260,0.9863,8,DNA replication
B9J08_002225,0.5,GO:0046872,0.6046,13,metal ion binding
B9J08_002227,0.5,GO:0022857,0.8651,8,transmembrane transporter activity
B9J08_002227,0.5,GO:0016020,0.68,16,membrane
B9J08_002227,0.5,GO:0000324,0.6639,18,fungal-type vacuole
B9J08_002227,0.5,GO:0005886,0.6531,19,plasma membrane
B9J08_002230,0.5,GO:0005634,0.6832,16,nucleus
B9J08_002231,0.5,GO:0030976,0.9927,7,thiamine pyrophosphate binding
B9J08_002231,0.5,GO:0047433,0.9884,9,branched-chain-2-oxoacid decarboxylase activity
B9J08_002231,0.5,GO:0000287,0.986,11,magnesium ion binding
B9J08_002231,0.5,GO:0004737,0.9838,13,pyruvate decarboxylase activity
B9J08_002232,0.5,GO:0000166,0.9948,10,nucleotide binding
B9J08_002232,0.5,GO:0005524,0.9937,12,ATP binding
B9J08_002235,0.5,GO:0005524,0.998,11,ATP binding
B9J08_002237,0.5,GO:0022857,0.8979,7,transmembrane transporter activity
B9J08_002238,0.5,GO:0008270,0.9782,14,zinc ion binding
B9J08_002238,0.5,GO:0005634,0.9683,16,nucleus
B9J08_002239,0.5,GO:0022857,0.9373,8,transmembrane transporter activity
B9J08_002239,0.5,GO:0008643,0.8062,18,carbohydrate transport
B9J08_002241,0.5,GO:0022857,0.8753,7,transmembrane transporter activity
B9J08_002242,0.5,GO:0016020,0.7638,17,membrane
B9J08_002243,0.5,GO:0022857,0.8567,6,transmembrane transporter activity
B9J08_002243,0.5,GO:0005886,0.648,13,plasma membrane
B9J08_002243,0.5,GO:0016020,0.6126,15,membrane
B9J08_002245,0.5,GO:0016491,0.632,3,oxidoreductase activity
B9J08_002245,0.5,GO:0016747,0.5689,4,"transferase activity, transferring acyl groups other than amino-acyl groups"
B9J08_002249,0.5,GO:0005886,0.8097,6,plasma membrane
B9J08_002249,0.5,GO:0055085,0.6387,10,transmembrane transport
B9J08_002249,0.5,GO:0016020,0.6291,11,membrane
B9J08_002249,0.5,GO:0022857,0.5411,15,transmembrane transporter activity
B9J08_002250,0.5,GO:0022857,0.9191,10,transmembrane transporter activity
B9J08_002250,0.5,GO:0008643,0.785,18,carbohydrate transport
B9J08_002251,0.5,GO:0022857,0.913,11,transmembrane transporter activity
B9J08_002251,0.5,GO:0008643,0.8,13,carbohydrate transport
B9J08_002251,0.5,GO:0055085,0.7252,15,transmembrane transport
B9J08_002253,0.5,GO:0003676,0.9511,4,nucleic acid binding
B9J08_002253,0.5,GO:0003723,0.9254,6,RNA binding
B9J08_002257,0.5,GO:0003824,0.8437,3,catalytic activity
B9J08_002257,0.5,GO:0016616,0.5891,12,"oxidoreductase activity, acting on the CH-OH group of donors, NAD or NADP as acceptor"
B9J08_002258,0.5,GO:0030026,0.9171,12,cellular manganese ion homeostasis
B9J08_002259,0.5,GO:0022857,0.8211,7,transmembrane transporter activity
B9J08_002259,0.5,GO:0016020,0.673,13,membrane
B9J08_002259,0.5,GO:0005886,0.5546,19,plasma membrane
B9J08_002261,0.5,GO:0016020,0.7778,6,membrane
B9J08_002261,0.5,GO:0005886,0.6099,13,plasma membrane
B9J08_002262,0.5,GO:0005975,0.778,17,carbohydrate metabolic process
B9J08_002263,0.5,GO:0005886,0.6957,14,plasma membrane
B9J08_002264,0.5,GO:0003824,0.9239,2,catalytic activity
B9J08_002264,0.5,GO:0008152,0.8794,6,metabolic process
B9J08_002264,0.5,GO:0006633,0.8009,19,fatty acid biosynthetic process
B9J08_002266,0.5,GO:0003676,0.9152,7,nucleic acid binding
B9J08_002268,0.5,GO:0004298,0.9984,1,threonine-type endopeptidase activity
B9J08_002268,0.5,GO:0004175,0.9891,11,endopeptidase activity
B9J08_002268,0.5,GO:0051603,0.9824,19,proteolysis involved in cellular protein catabolic process
B9J08_002272,0.5,GO:0008233,0.9559,8,peptidase activity
B9J08_002272,0.5,GO:0004177,0.948,9,aminopeptidase activity
B9J08_002272,0.5,GO:0016485,0.6489,19,protein processing
B9J08_002273,0.5,GO:0007005,0.739,9,mitochondrion organization
B9J08_002274,0.5,GO:0055085,0.5187,10,transmembrane transport
B9J08_002276,0.5,GO:0005525,0.9875,9,GTP binding
B9J08_002279,0.5,GO:0003700,0.9924,7,DNA-binding transcription factor activity
B9J08_002279,0.5,GO:0005634,0.9841,13,nucleus
B9J08_002280,0.5,GO:0006865,0.9799,13,amino acid transport
B9J08_002283,0.5,GO:0003676,0.6092,16,nucleic acid binding
B9J08_002287,0.5,GO:0005525,0.9918,10,GTP binding
B9J08_002291,0.5,GO:0005854,0.7897,16,nascent polypeptide-associated complex
B9J08_002292,0.5,GO:0022857,0.8146,7,transmembrane transporter activity
B9J08_002293,0.5,GO:0005524,0.9895,10,ATP binding
B9J08_002297,0.5,GO:0022857,0.6936,11,transmembrane transporter activity
B9J08_002297,0.5,GO:0016020,0.6063,13,membrane
B9J08_002298,0.5,GO:0042744,0.9879,4,hydrogen peroxide catabolic process
B9J08_002298,0.5,GO:0020037,0.9836,11,heme binding
B9J08_002298,0.5,GO:0046872,0.9726,18,metal ion binding
B9J08_002300,0.5,GO:0016020,0.6289,8,membrane
B9J08_002300,0.5,GO:0005789,0.5847,11,endoplasmic reticulum membrane
B9J08_002301,0.5,GO:0005524,0.9525,13,ATP binding
B9J08_002311,0.5,GO:0005759,0.8855,10,mitochondrial matrix
B9J08_002311,0.5,GO:0034551,0.7867,14,mitochondrial respiratory chain complex III assembly
B9J08_002313,0.5,GO:0006904,0.9715,15,vesicle docking involved in exocytosis
B9J08_002318,0.5,GO:0004525,0.9132,17,ribonuclease III activity
B9J08_002321,0.5,GO:0005737,0.6845,9,cytoplasm
B9J08_002321,0.5,GO:0005634,0.6067,15,nucleus
B9J08_002322,0.5,GO:0019904,0.8749,15,protein domain specific binding
B9J08_002323,0.5,GO:0005525,0.9929,11,GTP binding
B9J08_002324,0.5,GO:0003677,0.9874,6,DNA binding
B9J08_002324,0.5,GO:0008270,0.9681,16,zinc ion binding
B9J08_002324,0.5,GO:0005634,0.9347,19,nucleus
B9J08_002325,0.5,GO:0016020,0.9485,7,membrane
B9J08_002325,0.5,GO:0005774,0.7567,18,vacuolar membrane
B9J08_002326,0.5,GO:0003677,0.7574,6,DNA binding
B9J08_002326,0.5,GO:0005634,0.5937,7,nucleus
B9J08_002327,0.5,GO:0001732,0.9863,3,formation of cytoplasmic translation initiation complex
B9J08_002327,0.5,GO:0016282,0.9798,6,eukaryotic 43S preinitiation complex
B9J08_002327,0.5,GO:0033290,0.9666,13,eukaryotic 48S preinitiation complex
B9J08_002327,0.5,GO:0003743,0.9482,20,translation initiation factor activity
B9J08_002328,0.5,GO:0016787,0.7118,3,hydrolase activity
B9J08_002329,0.5,GO:0005524,0.9291,14,ATP binding
B9J08_002336,0.5,GO:0016791,0.7734,7,phosphatase activity
B9J08_002336,0.5,GO:0004721,0.7463,9,phosphoprotein phosphatase activity
B9J08_002339,0.5,GO:0005524,0.9705,13,ATP binding
B9J08_002340,0.5,GO:0005737,0.6896,8,cytoplasm
B9J08_002341,0.5,GO:0046872,0.9851,3,metal ion binding
B9J08_002342,0.5,GO:0016491,0.773,15,oxidoreductase activity
B9J08_002342,0.5,GO:0031966,0.71,18,mitochondrial membrane
B9J08_002342,0.5,GO:0005739,0.7019,19,mitochondrion
B9J08_002345,0.5,GO:0015031,0.9671,10,protein transport
B9J08_002346,0.5,GO:0000166,0.9919,10,nucleotide binding
B9J08_002346,0.5,GO:0005524,0.9893,13,ATP binding
B9J08_002349,0.5,GO:0020037,0.9747,11,heme binding
B9J08_002349,0.5,GO:0016491,0.9565,18,oxidoreductase activity
B9J08_002351,0.5,GO:0005524,0.9934,7,ATP binding
B9J08_002357,0.5,GO:0005739,0.5172,9,mitochondrion
B9J08_002358,0.5,GO:0005524,0.6094,12,ATP binding
B9J08_002363,0.5,GO:0030976,0.9884,2,thiamine pyrophosphate binding
B9J08_002363,0.5,GO:0008152,0.9586,9,metabolic process
B9J08_002363,0.5,GO:0006099,0.9509,11,tricarboxylic acid cycle
B9J08_002363,0.5,GO:0004591,0.9403,13,oxoglutarate dehydrogenase (succinyl-transferring) activity
B9J08_002365,0.5,GO:0005524,0.992,5,ATP binding
B9J08_002366,0.5,GO:0020037,0.9819,2,heme binding
B9J08_002366,0.5,GO:0046872,0.9515,11,metal ion binding
B9J08_002366,0.5,GO:0006979,0.8601,20,response to oxidative stress
B9J08_002367,0.5,GO:0006412,0.9892,20,translation
B9J08_002371,0.5,GO:0015031,0.9354,13,protein transport
B9J08_002377,0.5,GO:0005576,0.6733,4,extracellular region
B9J08_002379,0.5,GO:0006457,0.6574,7,protein folding
B9J08_002379,0.5,GO:0051082,0.6402,8,unfolded protein binding
B9J08_002379,0.5,GO:0046872,0.5251,14,metal ion binding
B9J08_002388,0.5,GO:0016020,0.8845,7,membrane
B9J08_002388,0.5,GO:0005524,0.8332,11,ATP binding
B9J08_002389,0.5,GO:0005524,0.9864,10,ATP binding
B9J08_002389,0.5,GO:0000166,0.9838,11,nucleotide binding
B9J08_002390,0.5,GO:0005524,0.9701,13,ATP binding
B9J08_002392,0.5,GO:0000032,0.99,13,cell wall mannoprotein biosynthetic process
B9J08_002393,0.5,GO:0003676,0.9805,2,nucleic acid binding
B9J08_002393,0.5,GO:0003723,0.944,6,RNA binding
B9J08_002395,0.5,GO:0051536,0.9718,13,iron-sulfur cluster binding
B9J08_002396,0.5,GO:0031201,0.9238,12,SNARE complex
B9J08_002396,0.5,GO:0005484,0.8795,18,SNAP receptor activity
B9J08_002401,0.5,GO:0005484,0.9555,4,SNAP receptor activity
B9J08_002401,0.5,GO:0031201,0.938,7,SNARE complex
B9J08_002401,0.5,GO:0000149,0.873,18,SNARE binding
B9J08_002401,0.5,GO:0016192,0.8691,19,vesicle-mediated transport
B9J08_002402,0.5,GO:0022857,0.7749,7,transmembrane transporter activity
B9J08_002402,0.5,GO:0006810,0.6708,10,transport
B9J08_002402,0.5,GO:0016020,0.5876,11,membrane
B9J08_002402,0.5,GO:0005886,0.5851,12,plasma membrane
B9J08_002402,0.5,GO:0015205,0.5375,16,nucleobase transmembrane transporter activity
B9J08_002403,0.5,GO:0008017,0.8779,15,microtubule binding
B9J08_002403,0.5,GO:0015631,0.8666,18,tubulin binding
B9J08_002405,0.5,GO:0005524,0.9833,9,ATP binding
B9J08_002406,0.5,GO:0004298,0.9762,3,threonine-type endopeptidase activity
B9J08_002408,0.5,GO:0003824,0.8334,6,catalytic activity
B9J08_002408,0.5,GO:0016491,0.5589,15,oxidoreductase activity
B9J08_002409,0.5,GO:0006457,0.7674,11,protein folding
B9J08_002409,0.5,GO:0016018,0.6531,16,cyclosporin A binding
B9J08_002409,0.5,GO:0003755,0.5816,20,peptidyl-prolyl cis-trans isomerase activity
B9J08_002410,0.5,GO:0003676,0.5273,20,nucleic acid binding
B9J08_002412,0.5,GO:0016020,0.6121,7,membrane
B9J08_002413,0.5,GO:0003824,0.7852,9,catalytic activity
B9J08_002414,0.5,GO:0005525,0.9542,7,GTP binding
B9J08_002419,0.5,GO:0046872,0.7105,7,metal ion binding
B9J08_002420,0.5,GO:0006633,0.9627,18,fatty acid biosynthetic process
B9J08_002421,0.5,GO:0015031,0.8053,7,protein transport
B9J08_002423,0.5,GO:0005634,0.8155,5,nucleus
B9J08_002423,0.5,GO:0005737,0.7619,10,cytoplasm
B9J08_002426,0.5,GO:0003723,0.6005,14,RNA binding
B9J08_002427,0.5,GO:0005737,0.502,9,cytoplasm
B9J08_002428,0.5,GO:0008270,0.9458,12,zinc ion binding
B9J08_002428,0.5,GO:0008237,0.9422,13,metallopeptidase activity
B9J08_002428,0.5,GO:0004177,0.8322,19,aminopeptidase activity
B9J08_002428,0.5,GO:0005737,0.7296,20,cytoplasm
B9J08_002429,0.5,GO:0005524,0.9802,18,ATP binding
B9J08_002434,0.5,GO:0022857,0.6645,5,transmembrane transporter activity
B9J08_002435,0.5,GO:0022857,0.8061,7,transmembrane transporter activity
B9J08_002435,0.5,GO:0005886,0.7294,9,plasma membrane
B9J08_002435,0.5,GO:0016020,0.6561,11,membrane
B9J08_002435,0.5,GO:0006810,0.6272,12,transport
B9J08_002435,0.5,GO:0015205,0.5912,13,nucleobase transmembrane transporter activity
B9J08_002437,0.5,GO:0016020,0.6181,11,membrane
B9J08_002439,0.5,GO:0005739,0.648,10,mitochondrion
B9J08_002440,0.5,GO:0051082,0.9783,2,unfolded protein binding
B9J08_002440,0.5,GO:0006457,0.9394,6,protein folding
B9J08_002440,0.5,GO:0016272,0.7668,12,prefoldin complex
B9J08_002440,0.5,GO:0005737,0.6704,14,cytoplasm
B9J08_002440,0.5,GO:0051087,0.5283,15,chaperone binding
B9J08_002443,0.5,GO:0006865,0.9071,13,amino acid transport
B9J08_002443,0.5,GO:0015171,0.8976,14,amino acid transmembrane transporter activity
B9J08_002445,0.5,GO:0005524,0.9973,9,ATP binding
B9J08_002447,0.5,GO:0005739,0.674,9,mitochondrion
B9J08_002449,0.5,GO:0005525,0.815,13,GTP binding
B9J08_002450,0.5,GO:0051536,0.9475,14,iron-sulfur cluster binding
B9J08_002450,0.5,GO:0016491,0.921,15,oxidoreductase activity
B9J08_002450,0.5,GO:0005747,0.8892,20,mitochondrial respiratory chain complex I
B9J08_002451,0.5,GO:0000166,0.9838,6,nucleotide binding
B9J08_002451,0.5,GO:0005524,0.9812,10,ATP binding
B9J08_002452,0.5,GO:0008152,0.9632,4,metabolic process
B9J08_002453,0.5,GO:0003824,0.9194,10,catalytic activity
B9J08_002453,0.5,GO:0052655,0.9168,11,L-valine transaminase activity
B9J08_002453,0.5,GO:0052656,0.898,15,L-isoleucine transaminase activity
B9J08_002453,0.5,GO:0052654,0.8796,20,L-leucine transaminase activity
B9J08_002456,0.5,GO:0022857,0.8047,12,transmembrane transporter activity
B9J08_002457,0.5,GO:0005524,0.8148,13,ATP binding
B9J08_002461,0.5,GO:0032366,0.841,3,intracellular sterol transport
B9J08_002461,0.5,GO:0015918,0.6693,14,sterol transport
B9J08_002463,0.5,GO:0046872,0.9238,4,metal ion binding
B9J08_002464,0.5,GO:0016020,0.7903,17,membrane
B9J08_002465,0.5,GO:0022857,0.8126,9,transmembrane transporter activity
B9J08_002469,0.5,GO:0006807,0.9969,11,nitrogen compound metabolic process
B9J08_002469,0.5,GO:0005524,0.996,16,ATP binding
B9J08_002470,0.5,GO:0016020,0.8289,6,membrane
B9J08_002470,0.5,GO:0005483,0.7674,12,soluble NSF attachment protein activity
B9J08_002470,0.5,GO:0005774,0.6346,17,vacuolar membrane
B9J08_002476,0.5,GO:0005634,0.9131,13,nucleus
B9J08_002477,0.5,GO:0005975,0.9213,6,carbohydrate metabolic process
B9J08_002477,0.5,GO:0016868,0.8827,13,"intramolecular transferase activity, phosphotransferases"
B9J08_002478,0.5,GO:0003824,0.9628,15,catalytic activity
B9J08_002479,0.5,GO:0016491,0.8554,3,oxidoreductase activity
B9J08_002480,0.5,GO:0022857,0.9808,7,transmembrane transporter activity
B9J08_002481,0.5,GO:0022857,0.9512,6,transmembrane transporter activity
B9J08_002481,0.5,GO:0008643,0.8308,19,carbohydrate transport
B9J08_002483,0.5,GO:0005524,0.9939,12,ATP binding
B9J08_002484,0.5,GO:0003747,0.9489,9,translation release factor activity
B9J08_002484,0.5,GO:0016149,0.9362,11,"translation release factor activity, codon specific"
B9J08_002484,0.5,GO:0006415,0.8988,15,translational termination
B9J08_002485,0.5,GO:0005886,0.8467,7,plasma membrane
B9J08_002485,0.5,GO:0016020,0.7931,9,membrane
B9J08_002488,0.5,GO:0046872,0.9549,8,metal ion binding
B9J08_002491,0.5,GO:0005524,0.9869,7,ATP binding
B9J08_002491,0.5,GO:0000166,0.9849,10,nucleotide binding
B9J08_002494,0.5,GO:0006886,0.9433,16,intracellular protein transport
B9J08_002495,0.5,GO:0005524,0.9905,12,ATP binding
B9J08_002496,0.5,GO:0005524,0.971,13,ATP binding
B9J08_002497,0.5,GO:0005524,0.9953,11,ATP binding
B9J08_002499,0.5,GO:0016491,0.9433,3,oxidoreductase activity
B9J08_002499,0.5,GO:0050660,0.9128,4,flavin adenine dinucleotide binding
B9J08_002501,0.5,GO:0102341,0.9893,15,3-oxo-lignoceroyl-CoA reductase activity
B9J08_002503,0.5,GO:0007094,0.9457,17,mitotic spindle assembly checkpoint
B9J08_002510,0.5,GO:0005737,0.6408,12,cytoplasm
B9J08_002512,0.5,GO:0016868,0.9728,4,"intramolecular transferase activity, phosphotransferases"
B9J08_002513,0.5,GO:0046872,0.891,11,metal ion binding
B9J08_002517,0.5,GO:0003723,0.6979,8,RNA binding
B9J08_002517,0.5,GO:0008298,0.6834,9,intracellular mRNA localization
B9J08_002519,0.5,GO:0030170,0.8221,12,pyridoxal phosphate binding
B9J08_002521,0.5,GO:0005524,0.9944,17,ATP binding
B9J08_002521,0.5,GO:0006265,0.9938,18,DNA topological change
B9J08_002521,0.5,GO:0003918,0.9937,19,DNA topoisomerase type II (ATP-hydrolyzing) activity
B9J08_002524,0.5,GO:0005634,0.9194,9,nucleus
B9J08_002524,0.5,GO:0008270,0.8209,19,zinc ion binding
B9J08_002530,0.5,GO:0016787,0.7508,11,hydrolase activity
B9J08_002530,0.5,GO:0005739,0.6381,12,mitochondrion
B9J08_002530,0.5,GO:0008152,0.5713,15,metabolic process
B9J08_002531,0.5,GO:0008168,0.8136,11,methyltransferase activity
B9J08_002532,0.5,GO:0005634,0.8509,19,nucleus
B9J08_002533,0.5,GO:0005737,0.6106,17,cytoplasm
B9J08_002544,0.5,GO:0005524,0.9916,15,ATP binding
B9J08_002548,0.5,GO:0015031,0.8026,11,protein transport
B9J08_002550,0.5,GO:0004298,0.9365,13,threonine-type endopeptidase activity
B9J08_002550,0.5,GO:0051603,0.8905,19,proteolysis involved in cellular protein catabolic process
B9J08_002553,0.5,GO:0045048,0.5734,18,protein insertion into ER membrane
B9J08_002556,0.5,GO:0005758,0.6503,9,mitochondrial intermembrane space
B9J08_002562,0.5,GO:0005515,0.7795,17,protein binding
B9J08_002566,0.5,GO:0006096,0.9819,13,glycolytic process
B9J08_002568,0.5,GO:0004298,0.9903,4,threonine-type endopeptidase activity
B9J08_002568,0.5,GO:0051603,0.9666,20,proteolysis involved in cellular protein catabolic process
B9J08_002569,0.5,GO:0003677,0.9989,17,DNA binding
B9J08_002571,0.5,GO:0016787,0.96,18,hydrolase activity
B9J08_002572,0.5,GO:0005634,0.6258,15,nucleus
B9J08_002572,0.5,GO:0003676,0.6132,17,nucleic acid binding
B9J08_002575,0.5,GO:0008233,0.6961,10,peptidase activity
B9J08_002576,0.5,GO:0005634,0.9227,17,nucleus
B9J08_002577,0.5,GO:0008152,0.7592,3,metabolic process
B9J08_002578,0.5,GO:0022857,0.8446,10,transmembrane transporter activity
B9J08_002578,0.5,GO:0016020,0.7334,11,membrane
B9J08_002581,0.5,GO:0022857,0.7147,18,transmembrane transporter activity
B9J08_002582,0.5,GO:0005618,0.9249,3,cell wall
B9J08_002582,0.5,GO:0031225,0.8435,5,anchored component of membrane
B9J08_002582,0.5,GO:0005576,0.7608,8,extracellular region
B9J08_002582,0.5,GO:0007155,0.5737,17,cell adhesion
B9J08_002583,0.5,GO:0022857,0.8451,7,transmembrane transporter activity
B9J08_002585,0.5,GO:0022857,0.6069,9,transmembrane transporter activity
B9J08_002587,0.5,GO:0046872,0.9868,2,metal ion binding
B9J08_002588,0.5,GO:0005886,0.7731,6,plasma membrane
B9J08_002588,0.5,GO:0016020,0.7379,7,membrane
B9J08_002594,0.5,GO:0070403,0.9526,16,NAD+ binding
B9J08_002594,0.5,GO:0034979,0.9245,19,NAD-dependent protein deacetylase activity
B9J08_002596,0.5,GO:0003824,0.8148,8,catalytic activity
B9J08_002597,0.5,GO:0015031,0.9977,20,protein transport
B9J08_002600,0.5,GO:0008152,0.9992,1,metabolic process
B9J08_002600,0.5,GO:0045047,0.9917,9,protein targeting to ER
B9J08_002603,0.5,GO:0005634,0.7027,15,nucleus
B9J08_002607,0.5,GO:0005525,0.9928,10,GTP binding
B9J08_002608,0.5,GO:0007015,0.7831,8,actin filament organization
B9J08_002611,0.5,GO:0005524,0.9892,11,ATP binding
B9J08_002617,0.5,GO:0016020,0.5165,18,membrane
B9J08_002618,0.5,GO:0005524,0.9912,12,ATP binding
B9J08_002618,0.5,GO:0006515,0.9898,17,protein quality control for misfolded or incompletely synthesized proteins
B9J08_002619,0.5,GO:0008168,0.906,6,methyltransferase activity
B9J08_002619,0.5,GO:0032259,0.652,18,methylation
B9J08_002622,0.5,GO:0003735,0.9173,20,structural constituent of ribosome
B9J08_002627,0.5,GO:0016491,0.9641,12,oxidoreductase activity
B9J08_002628,0.5,GO:0008270,0.9542,10,zinc ion binding
B9J08_002628,0.5,GO:0005634,0.9373,14,nucleus
B9J08_002629,0.5,GO:0030976,0.9986,7,thiamine pyrophosphate binding
B9J08_002629,0.5,GO:0000287,0.9936,16,magnesium ion binding
B9J08_002630,0.5,GO:0008519,0.8636,15,ammonium transmembrane transporter activity
B9J08_002630,0.5,GO:0005886,0.8012,18,plasma membrane
B9J08_002632,0.5,GO:0004360,0.983,10,glutamine-fructose-6-phosphate transaminase (isomerizing) activity
B9J08_002632,0.5,GO:0097367,0.9754,12,carbohydrate derivative binding
B9J08_002632,0.5,GO:1901135,0.9688,15,carbohydrate derivative metabolic process
B9J08_002632,0.5,GO:0006002,0.9536,20,fructose 6-phosphate metabolic process
B9J08_002635,0.5,GO:0005525,0.9915,7,GTP binding
B9J08_002635,0.5,GO:0019001,0.9864,14,guanyl nucleotide binding
B9J08_002636,0.5,GO:0003676,0.9151,9,nucleic acid binding
B9J08_002638,0.5,GO:0008612,0.9135,14,peptidyl-lysine modification to peptidyl-hypusine
B9J08_002639,0.5,GO:0006979,0.5227,14,response to oxidative stress
B9J08_002642,0.5,GO:0005758,0.7336,12,mitochondrial intermembrane space
B9J08_002646,0.5,GO:0022857,0.9595,10,transmembrane transporter activity
B9J08_002646,0.5,GO:0055085,0.8096,19,transmembrane transport
B9J08_002647,0.5,GO:0005634,0.8964,6,nucleus
B9J08_002647,0.5,GO:0046872,0.7629,11,metal ion binding
B9J08_002652,0.5,GO:0005759,0.9095,19,mitochondrial matrix
B9J08_002652,0.5,GO:0006099,0.9058,20,tricarboxylic acid cycle
B9J08_002657,0.5,GO:0016491,0.9351,7,oxidoreductase activity
B9J08_002657,0.5,GO:0008270,0.9085,8,zinc ion binding
B9J08_002659,0.5,GO:0022857,0.9139,7,transmembrane transporter activity
B9J08_002660,0.5,GO:0022857,0.9534,6,transmembrane transporter activity
B9J08_002660,0.5,GO:0016020,0.6731,19,membrane
B9J08_002661,0.5,GO:0006139,0.988,10,nucleobase-containing compound metabolic process
B9J08_002663,0.5,GO:0022857,0.9268,12,transmembrane transporter activity
B9J08_002666,0.5,GO:0015171,0.824,19,amino acid transmembrane transporter activity
B9J08_002668,0.5,GO:0020037,0.9898,7,heme binding
B9J08_002668,0.5,GO:0004497,0.9626,12,monooxygenase activity
B9J08_002668,0.5,GO:0005506,0.9085,15,iron ion binding
B9J08_002668,0.5,GO:0016705,0.6702,16,"oxidoreductase activity, acting on paired donors, with incorporation or reduction of molecular oxygen"
B9J08_002668,0.5,GO:0016712,0.6701,17,"oxidoreductase activity, acting on paired donors, with incorporation or reduction of molecular oxygen, reduced flavin or flavoprotein as one donor, and incorporation of one atom of oxygen"
B9J08_002669,0.5,GO:0006094,0.9874,5,gluconeogenesis
B9J08_002671,0.5,GO:0006974,0.8454,19,cellular response to DNA damage stimulus
B9J08_002672,0.5,GO:0019888,0.9591,4,protein phosphatase regulator activity
B9J08_002672,0.5,GO:0003755,0.9232,8,peptidyl-prolyl cis-trans isomerase activity
B9J08_002672,0.5,GO:0008160,0.8626,19,protein tyrosine phosphatase activator activity
B9J08_002682,0.5,GO:0005524,0.9953,9,ATP binding
B9J08_002683,0.5,GO:0030170,0.9957,12,pyridoxal phosphate binding
B9J08_002683,0.5,GO:0003824,0.9835,14,catalytic activity
B9J08_002684,0.5,GO:0003677,0.7411,7,DNA binding
B9J08_002685,0.5,GO:0022857,0.8552,8,transmembrane transporter activity
B9J08_002685,0.5,GO:0016020,0.5609,17,membrane
B9J08_002685,0.5,GO:0055085,0.5529,18,transmembrane transport
B9J08_002689,0.5,GO:0006099,0.9914,1,tricarboxylic acid cycle
B9J08_002689,0.5,GO:0046872,0.9853,5,metal ion binding
B9J08_002689,0.5,GO:0051536,0.9767,7,iron-sulfur cluster binding
B9J08_002689,0.5,GO:0016491,0.9741,8,oxidoreductase activity
B9J08_002689,0.5,GO:0051537,0.9075,18,"2 iron, 2 sulfur cluster binding"
B9J08_002691,0.5,GO:0046872,0.9593,3,metal ion binding
B9J08_002691,0.5,GO:0019825,0.9335,7,oxygen binding
B9J08_002691,0.5,GO:0016491,0.8911,11,oxidoreductase activity
B9J08_002691,0.5,GO:0020037,0.8254,15,heme binding
B9J08_002691,0.5,GO:0071949,0.8203,16,FAD binding
B9J08_002692,0.5,GO:0003824,0.6156,9,catalytic activity
B9J08_002697,0.5,GO:0005634,0.788,10,nucleus
B9J08_002701,0.5,GO:0005525,0.9697,17,GTP binding
B9J08_002702,0.5,GO:0015031,0.7378,13,protein transport
B9J08_002706,0.5,GO:0005524,0.9834,5,ATP binding
B9J08_002706,0.5,GO:0000166,0.977,11,nucleotide binding
B9J08_002707,0.5,GO:0102205,0.8379,13,cholesterol allpha-glucosyltransferase activity
B9J08_002707,0.5,GO:0016758,0.8265,16,"transferase activity, transferring hexosyl groups"
B9J08_002708,0.5,GO:0009058,0.8552,5,biosynthetic process
B9J08_002708,0.5,GO:0000096,0.7772,14,sulfur amino acid metabolic process
B9J08_002710,0.5,GO:0003677,0.965,12,DNA binding
B9J08_002710,0.5,GO:0005634,0.963,13,nucleus
B9J08_002710,0.5,GO:0008270,0.9544,17,zinc ion binding
B9J08_002712,0.5,GO:0045454,0.9941,6,cell redox homeostasis
B9J08_002712,0.5,GO:0003756,0.96,16,protein disulfide isomerase activity
B9J08_002715,0.5,GO:0022857,0.6906,9,transmembrane transporter activity
B9J08_002715,0.5,GO:0016020,0.5784,15,membrane
B9J08_002718,0.5,GO:0005840,0.5549,13,ribosome
B9J08_002720,0.5,GO:0005737,0.6605,4,cytoplasm
B9J08_002721,0.5,GO:0061711,0.9972,3,N(6)-L-threonylcarbamoyladenine synthase activity
B9J08_002721,0.5,GO:0002949,0.9848,13,tRNA threonylcarbamoyladenosine modification
B9J08_002721,0.5,GO:0070525,0.9774,14,tRNA threonylcarbamoyladenosine metabolic process
B9J08_002725,0.5,GO:0016020,0.7294,5,membrane
B9J08_002728,0.5,GO:0016592,0.6861,5,mediator complex
B9J08_002728,0.5,GO:0006357,0.6446,20,regulation of transcription by RNA polymerase II
B9J08_002732,0.5,GO:0005737,0.6847,4,cytoplasm
B9J08_002733,0.5,GO:0006105,0.9776,19,succinate metabolic process
B9J08_002737,0.5,GO:0016620,0.9169,1,"oxidoreductase activity, acting on the aldehyde or oxo group of donors, NAD or NADP as acceptor"
B9J08_002737,0.5,GO:0016491,0.9101,3,oxidoreductase activity
B9J08_002738,0.5,GO:0005886,0.9071,4,plasma membrane
B9J08_002739,0.5,GO:0005737,0.9132,4,cytoplasm
B9J08_002740,0.5,GO:0005634,0.9432,5,nucleus
B9J08_002743,0.5,GO:0005737,0.6726,11,cytoplasm
B9J08_002743,0.5,GO:0072686,0.5165,17,mitotic spindle
B9J08_002745,0.5,GO:0016020,0.5167,14,membrane
B9J08_002746,0.5,GO:0006364,0.8703,17,rRNA processing
B9J08_002748,0.5,GO:0008270,0.893,8,zinc ion binding
B9J08_002748,0.5,GO:0005634,0.7812,17,nucleus
B9J08_002749,0.5,GO:0005524,0.9769,7,ATP binding
B9J08_002759,0.5,GO:0051536,0.9793,7,iron-sulfur cluster binding
B9J08_002759,0.5,GO:0016491,0.9705,9,oxidoreductase activity
B9J08_002759,0.5,GO:0008137,0.9229,20,NADH dehydrogenase (ubiquinone) activity
B9J08_002761,0.5,GO:0005975,0.9917,6,carbohydrate metabolic process
B9J08_002764,0.5,GO:0006520,0.9469,14,cellular amino acid metabolic process
B9J08_002765,0.5,GO:0005758,0.6953,14,mitochondrial intermembrane space
B9J08_002767,0.5,GO:0004298,0.9993,1,threonine-type endopeptidase activity
B9J08_002767,0.5,GO:0004175,0.9923,11,endopeptidase activity
B9J08_002767,0.5,GO:0051603,0.9894,16,proteolysis involved in cellular protein catabolic process
B9J08_002769,0.5,GO:0008270,0.9341,10,zinc ion binding
B9J08_002769,0.5,GO:0016491,0.919,13,oxidoreductase activity
B9J08_002769,0.5,GO:0051903,0.7845,18,S-(hydroxymethyl)glutathione dehydrogenase activity
B9J08_002772,0.5,GO:0005525,0.9868,10,GTP binding
B9J08_002772,0.5,GO:0003746,0.9769,14,translation elongation factor activity
B9J08_002780,0.5,GO:0003824,0.9325,1,catalytic activity
B9J08_002780,0.5,GO:0050660,0.5999,15,flavin adenine dinucleotide binding
B9J08_002780,0.5,GO:0071949,0.577,18,FAD binding
B9J08_002786,0.5,GO:0006412,0.9163,8,translation
B9J08_002788,0.5,GO:0005524,0.9928,15,ATP binding
B9J08_002789,0.5,GO:0016020,0.7208,8,membrane
B9J08_002789,0.5,GO:0005886,0.6789,9,plasma membrane
B9J08_002790,0.5,GO:0003676,0.778,14,nucleic acid binding
B9J08_002791,0.5,GO:0016791,0.6975,10,phosphatase activity
B9J08_002792,0.5,GO:0005524,0.9941,12,ATP binding
B9J08_002794,0.5,GO:0003677,0.6082,1,DNA binding
B9J08_002794,0.5,GO:0003676,0.5295,4,nucleic acid binding
B9J08_002795,0.5,GO:0022857,0.9116,20,transmembrane transporter activity
B9J08_002796,0.5,GO:0003677,0.7076,13,DNA binding
B9J08_002806,0.5,GO:0046872,0.8248,15,metal ion binding
B9J08_002807,0.5,GO:0005789,0.7055,17,endoplasmic reticulum membrane
B9J08_002808,0.5,GO:0008757,0.7344,13,S-adenosylmethionine-dependent methyltransferase activity
B9J08_002808,0.5,GO:0005737,0.6379,14,cytoplasm
B9J08_002809,0.5,GO:0003735,0.9958,10,structural constituent of ribosome
B9J08_002809,0.5,GO:0006412,0.9928,19,translation
B9J08_002813,0.5,GO:0000166,0.9636,9,nucleotide binding
B9J08_002813,0.5,GO:0005524,0.9332,16,ATP binding
B9J08_002815,0.5,GO:0016020,0.5579,11,membrane
B9J08_002816,0.5,GO:0022857,0.9832,16,transmembrane transporter activity
B9J08_002816,0.5,GO:0005342,0.9755,20,organic acid transmembrane transporter activity
B9J08_002818,0.5,GO:0008603,0.9365,6,cAMP-dependent protein kinase regulator activity
B9J08_002818,0.5,GO:0030552,0.9324,7,cAMP binding
B9J08_002819,0.5,GO:0005524,0.9734,13,ATP binding
B9J08_002823,0.5,GO:0000166,0.9903,10,nucleotide binding
B9J08_002823,0.5,GO:0005524,0.9888,11,ATP binding
B9J08_002824,0.5,GO:0005634,0.6275,7,nucleus
B9J08_002826,0.5,GO:0000166,0.9911,17,nucleotide binding
B9J08_002827,0.5,GO:0003723,0.6081,15,RNA binding
B9J08_002829,0.5,GO:0006468,0.9965,2,protein phosphorylation
B9J08_002830,0.5,GO:0016491,0.983,2,oxidoreductase activity
B9J08_002830,0.5,GO:0008152,0.8054,6,metabolic process
B9J08_002831,0.5,GO:0016020,0.9331,6,membrane
B9J08_002831,0.5,GO:0005886,0.8396,13,plasma membrane
B9J08_002831,0.5,GO:0008519,0.7381,17,ammonium transmembrane transporter activity
B9J08_002832,0.5,GO:0005524,0.989,10,ATP binding
B9J08_002834,0.5,GO:0005634,0.8489,4,nucleus
B9J08_002834,0.5,GO:0003677,0.7036,13,DNA binding
B9J08_002837,0.5,GO:0003677,0.549,6,DNA binding
B9J08_002839,0.5,GO:0005886,0.7321,8,plasma membrane
B9J08_002840,0.5,GO:0005634,0.9376,10,nucleus
B9J08_002844,0.5,GO:0005634,0.5698,19,nucleus
B9J08_002847,0.5,GO:0006635,0.9151,19,fatty acid beta-oxidation
B9J08_002848,0.5,GO:0005737,0.6715,10,cytoplasm
B9J08_002849,0.5,GO:0005524,0.9975,12,ATP binding
B9J08_002849,0.5,GO:0004672,0.9913,20,protein kinase activity
B9J08_002851,0.5,GO:0004298,0.9936,1,threonine-type endopeptidase activity
B9J08_002851,0.5,GO:0004175,0.9628,7,endopeptidase activity
B9J08_002851,0.5,GO:0051603,0.944,12,proteolysis involved in cellular protein catabolic process
B9J08_002853,0.5,GO:0003700,0.9561,16,DNA-binding transcription factor activity
B9J08_002853,0.5,GO:0005634,0.9507,18,nucleus
B9J08_002853,0.5,GO:0008270,0.9472,20,zinc ion binding
B9J08_002855,0.5,GO:0000166,0.9977,8,nucleotide binding
B9J08_002855,0.5,GO:0005524,0.9952,14,ATP binding
B9J08_002856,0.5,GO:0006031,0.951,8,chitin biosynthetic process
B9J08_002860,0.5,GO:0006355,0.8863,20,"regulation of transcription, DNA-templated"
B9J08_002863,0.5,GO:0003824,0.8308,5,catalytic activity
B9J08_002863,0.5,GO:0019752,0.7645,8,carboxylic acid metabolic process
B9J08_002863,0.5,GO:0016830,0.7092,13,carbon-carbon lyase activity
B9J08_002863,0.5,GO:0016831,0.6932,15,carboxy-lyase activity
B9J08_002864,0.5,GO:0022857,0.8233,8,transmembrane transporter activity
B9J08_002864,0.5,GO:0055085,0.5693,17,transmembrane transport
B9J08_002868,0.5,GO:0046872,0.9782,4,metal ion binding
B9J08_002870,0.5,GO:0003824,0.8898,11,catalytic activity
B9J08_002870,0.5,GO:0009058,0.8514,15,biosynthetic process
B9J08_002874,0.5,GO:0016757,0.9499,1,"transferase activity, transferring glycosyl groups"
B9J08_002876,0.5,GO:0005509,0.9685,5,calcium ion binding
B9J08_002878,0.5,GO:0003824,0.7611,1,catalytic activity
B9J08_002881,0.5,GO:0003677,0.8029,13,DNA binding
B9J08_002881,0.5,GO:0005634,0.7531,17,nucleus
B9J08_002886,0.5,GO:0022857,0.8246,8,transmembrane transporter activity
B9J08_002886,0.5,GO:0005886,0.7955,9,plasma membrane
B9J08_002886,0.5,GO:0016020,0.7838,10,membrane
B9J08_002889,0.5,GO:0003824,0.6558,11,catalytic activity
B9J08_002891,0.5,GO:0003677,0.9289,7,DNA binding
B9J08_002891,0.5,GO:0003700,0.9238,9,DNA-binding transcription factor activity
B9J08_002891,0.5,GO:0008270,0.9129,11,zinc ion binding
B9J08_002892,0.5,GO:0008168,0.7439,5,methyltransferase activity
B9J08_002895,0.5,GO:0005886,0.5437,13,plasma membrane
B9J08_002896,0.5,GO:0005524,0.9922,9,ATP binding
B9J08_002900,0.5,GO:0031966,0.62,17,mitochondrial membrane
B9J08_002901,0.5,GO:0006811,0.7613,9,ion transport
B9J08_002903,0.5,GO:0005524,0.9633,11,ATP binding
B9J08_002904,0.5,GO:0003824,0.6728,2,catalytic activity
B9J08_002905,0.5,GO:0005739,0.5056,12,mitochondrion
B9J08_002906,0.5,GO:0015031,0.924,12,protein transport
B9J08_002906,0.5,GO:0008320,0.8907,19,protein transmembrane transporter activity
B9J08_002911,0.5,GO:0005509,0.7303,11,calcium ion binding
B9J08_002911,0.5,GO:0016020,0.5888,17,membrane
B9J08_002913,0.5,GO:0003676,0.6996,9,nucleic acid binding
B9J08_002914,0.5,GO:0003824,0.6458,16,catalytic activity
B9J08_002916,0.5,GO:0005739,0.5227,19,mitochondrion
B9J08_002919,0.5,GO:0006099,0.9164,12,tricarboxylic acid cycle
B9J08_002919,0.5,GO:0003824,0.8997,15,catalytic activity
B9J08_002919,0.5,GO:0006097,0.8702,19,glyoxylate cycle
B9J08_002920,0.5,GO:0045454,0.9378,2,cell redox homeostasis
B9J08_002920,0.5,GO:0009055,0.5557,16,electron transfer activity
B9J08_002923,0.5,GO:0005681,0.7488,16,spliceosomal complex
B9J08_002924,0.5,GO:0008270,0.9567,10,zinc ion binding
B9J08_002924,0.5,GO:0005634,0.867,19,nucleus
B9J08_002930,0.5,GO:0005634,0.9055,12,nucleus
B9J08_002930,0.5,GO:0003677,0.7657,17,DNA binding
B9J08_002930,0.5,GO:0008270,0.7326,18,zinc ion binding
B9J08_002931,0.5,GO:0008270,0.911,11,zinc ion binding
B9J08_002931,0.5,GO:0005634,0.9072,14,nucleus
B9J08_002931,0.5,GO:0003677,0.8868,16,DNA binding
B9J08_002934,0.5,GO:0003735,0.6045,13,structural constituent of ribosome
B9J08_002936,0.5,GO:0005634,0.5953,9,nucleus
B9J08_002937,0.5,GO:0005515,0.5278,5,protein binding
B9J08_002940,0.5,GO:0005524,0.982,12,ATP binding
B9J08_002940,0.5,GO:0004672,0.9702,19,protein kinase activity
B9J08_002943,0.5,GO:0008168,0.8323,18,methyltransferase activity
B9J08_002948,0.5,GO:0032865,0.9963,16,ERMES complex
B9J08_002952,0.5,GO:0005634,0.5873,9,nucleus
B9J08_002953,0.5,GO:0015031,0.9394,2,protein transport
B9J08_002954,0.5,GO:0005337,0.7314,17,nucleoside transmembrane transporter activity
B9J08_002959,0.5,GO:0003677,0.9123,5,DNA binding
B9J08_002959,0.5,GO:0005634,0.6022,10,nucleus
B9J08_002960,0.5,GO:0046872,0.9599,6,metal ion binding
B9J08_002960,0.5,GO:0017183,0.9523,7,peptidyl-diphthamide biosynthetic process from peptidyl-histidine
B9J08_002962,0.5,GO:0008234,0.6083,8,cysteine-type peptidase activity
B9J08_002965,0.5,GO:0015171,0.9097,13,amino acid transmembrane transporter activity
B9J08_002967,0.5,GO:0005524,0.9414,16,ATP binding
B9J08_002969,0.5,GO:0005525,0.9902,10,GTP binding
B9J08_002970,0.5,GO:0003677,0.7613,6,DNA binding
B9J08_002972,0.5,GO:0046872,0.9444,3,metal ion binding
B9J08_002974,0.5,GO:0022857,0.8474,12,transmembrane transporter activity
B9J08_002974,0.5,GO:0055085,0.6728,17,transmembrane transport
B9J08_002977,0.5,GO:0005524,0.929,13,ATP binding
B9J08_002978,0.5,GO:0008270,0.7528,15,zinc ion binding
B9J08_002978,0.5,GO:0005634,0.707,19,nucleus
B9J08_002980,0.5,GO:0005743,0.7671,11,mitochondrial inner membrane
B9J08_002983,0.5,GO:0005525,0.9919,6,GTP binding
B9J08_002983,0.5,GO:0000166,0.9716,17,nucleotide binding
B9J08_002985,0.5,GO:0005634,0.8373,6,nucleus
B9J08_002986,0.5,GO:0003824,0.9691,6,catalytic activity
B9J08_002986,0.5,GO:0005975,0.9572,8,carbohydrate metabolic process
B9J08_002987,0.5,GO:0005515,0.811,5,protein binding
B9J08_002987,0.5,GO:0051015,0.7731,7,actin filament binding
B9J08_002989,0.5,GO:0005743,0.7592,11,mitochondrial inner membrane
B9J08_002990,0.5,GO:0003824,0.7921,6,catalytic activity
B9J08_002992,0.5,GO:0005576,0.8348,7,extracellular region
B9J08_002992,0.5,GO:0008270,0.6773,12,zinc ion binding
B9J08_002992,0.5,GO:0008237,0.5767,19,metallopeptidase activity
B9J08_002994,0.5,GO:0005524,0.9803,17,ATP binding
B9J08_002995,0.5,GO:0000103,0.9765,12,sulfate assimilation
B9J08_002997,0.5,GO:0006811,0.9906,7,ion transport
B9J08_002997,0.5,GO:0016491,0.9715,20,oxidoreductase activity
B9J08_002999,0.5,GO:0000776,0.7486,5,kinetochore
B9J08_003000,0.5,GO:0005634,0.7937,9,nucleus
B9J08_003001,0.5,GO:0000145,0.835,5,exocyst
B9J08_003001,0.5,GO:0006887,0.7846,12,exocytosis
B9J08_003002,0.5,GO:0005886,0.7197,17,plasma membrane
B9J08_003005,0.5,GO:0004129,0.7299,17,cytochrome-c oxidase activity
B9J08_003007,0.5,GO:0031267,0.8306,10,small GTPase binding
B9J08_003009,0.5,GO:0005524,0.9635,17,ATP binding
B9J08_003010,0.5,GO:0003723,0.8081,6,RNA binding
B9J08_003010,0.5,GO:1990904,0.6087,15,ribonucleoprotein complex
B9J08_003017,0.5,GO:0006810,0.881,7,transport
B9J08_003017,0.5,GO:0022857,0.8483,9,transmembrane transporter activity
B9J08_003017,0.5,GO:0016020,0.5979,16,membrane
B9J08_003017,0.5,GO:0015205,0.596,17,nucleobase transmembrane transporter activity
B9J08_003017,0.5,GO:0055085,0.5457,18,transmembrane transport
B9J08_003017,0.5,GO:0015851,0.5391,19,nucleobase transport
B9J08_003020,0.5,GO:0022857,0.745,12,transmembrane transporter activity
B9J08_003022,0.5,GO:0005634,0.7512,12,nucleus
B9J08_003023,0.5,GO:0003735,0.8855,20,structural constituent of ribosome
B9J08_003026,0.5,GO:0016627,0.6677,16,"oxidoreductase activity, acting on the CH-CH group of donors"
B9J08_003026,0.5,GO:0016628,0.6662,17,"oxidoreductase activity, acting on the CH-CH group of donors, NAD or NADP as acceptor"
B9J08_003028,0.5,GO:0070072,0.8914,20,vacuolar proton-transporting V-type ATPase complex assembly
B9J08_003030,0.5,GO:0050567,0.8847,17,glutaminyl-tRNA synthase (glutamine-hydrolyzing) activity
B9J08_003035,0.5,GO:0006364,0.6519,10,rRNA processing
B9J08_003036,0.5,GO:0022857,0.8824,7,transmembrane transporter activity
B9J08_003037,0.5,GO:0005737,0.6194,7,cytoplasm
B9J08_003040,0.5,GO:0016020,0.7915,10,membrane
B9J08_003049,0.5,GO:0022857,0.9087,8,transmembrane transporter activity
B9J08_003053,0.5,GO:0003676,0.9708,4,nucleic acid binding
B9J08_003053,0.5,GO:0003723,0.9376,6,RNA binding
B9J08_003053,0.5,GO:0005634,0.5958,13,nucleus
B9J08_003053,0.5,GO:0008143,0.5612,17,poly(A) binding
B9J08_003053,0.5,GO:0003729,0.5386,19,mRNA binding
B9J08_003055,0.5,GO:0016282,0.9975,1,eukaryotic 43S preinitiation complex
B9J08_003055,0.5,GO:0033290,0.9934,7,eukaryotic 48S preinitiation complex
B9J08_003055,0.5,GO:0001732,0.9881,15,formation of cytoplasmic translation initiation complex
B9J08_003056,0.5,GO:0005515,0.7312,10,protein binding
B9J08_003057,0.5,GO:0005634,0.7869,9,nucleus
B9J08_003057,0.5,GO:0003682,0.6837,13,chromatin binding
B9J08_003057,0.5,GO:0007062,0.6324,16,sister chromatid cohesion
B9J08_003060,0.5,GO:0003676,0.9879,5,nucleic acid binding
B9J08_003060,0.5,GO:0005634,0.8206,11,nucleus
B9J08_003069,0.5,GO:0006886,0.9012,17,intracellular protein transport
B9J08_003076,0.5,GO:0006886,0.9638,16,intracellular protein transport
B9J08_003078,0.5,GO:0009116,0.9959,8,nucleoside metabolic process
B9J08_003082,0.5,GO:0003676,0.6866,16,nucleic acid binding
B9J08_003085,0.5,GO:0008526,0.7234,6,phosphatidylinositol transfer activity
B9J08_003086,0.5,GO:0005634,0.5576,10,nucleus
B9J08_003088,0.5,GO:0016491,0.9287,1,oxidoreductase activity
B9J08_003088,0.5,GO:0016620,0.7536,12,"oxidoreductase activity, acting on the aldehyde or oxo group of donors, NAD or NADP as acceptor"
B9J08_003088,0.5,GO:0004029,0.6348,19,aldehyde dehydrogenase (NAD) activity
B9J08_003090,0.5,GO:0005634,0.5761,19,nucleus
B9J08_003092,0.5,GO:0016757,0.9551,16,"transferase activity, transferring glycosyl groups"
B9J08_003093,0.5,GO:0016020,0.6847,19,membrane
B9J08_003093,0.5,GO:0015031,0.6794,20,protein transport
B9J08_003094,0.5,GO:0005524,0.9982,8,ATP binding
B9J08_003094,0.5,GO:0016818,0.9975,13,"hydrolase activity, acting on acid anhydrides, in phosphorus-containing anhydrides"
B9J08_003095,0.5,GO:0003676,0.9625,8,nucleic acid binding
B9J08_003098,0.5,GO:0008168,0.8733,18,methyltransferase activity
B9J08_003104,0.5,GO:0005525,0.986,12,GTP binding
B9J08_003105,0.5,GO:0006520,0.9907,14,cellular amino acid metabolic process
B9J08_003106,0.5,GO:0005509,0.5944,15,calcium ion binding
B9J08_003114,0.5,GO:0005524,0.9964,10,ATP binding
B9J08_003115,0.5,GO:0007049,0.5189,7,cell cycle
B9J08_003115,0.5,GO:0016538,0.5154,8,cyclin-dependent protein serine/threonine kinase regulator activity
B9J08_003116,0.5,GO:0005634,0.71,16,nucleus
B9J08_003117,0.5,GO:0006397,0.6909,20,mRNA processing
B9J08_003119,0.5,GO:0016020,0.688,13,membrane
B9J08_003120,0.5,GO:0005975,0.9943,5,carbohydrate metabolic process
B9J08_003120,0.5,GO:0003824,0.9749,6,catalytic activity
B9J08_003120,0.5,GO:0005576,0.8233,20,extracellular region
B9J08_003123,0.5,GO:0006486,0.9203,10,protein glycosylation
B9J08_003123,0.5,GO:0000032,0.8841,19,cell wall mannoprotein biosynthetic process
B9J08_003125,0.5,GO:0016765,0.9234,19,"transferase activity, transferring alkyl or aryl (other than methyl) groups"
B9J08_003127,0.5,GO:0003735,0.9611,7,structural constituent of ribosome
B9J08_003130,0.5,GO:0005525,0.9884,11,GTP binding
B9J08_003131,0.5,GO:0005634,0.6852,13,nucleus
B9J08_003132,0.5,GO:0005524,0.9882,15,ATP binding
B9J08_003134,0.5,GO:0022857,0.8711,9,transmembrane transporter activity
B9J08_003135,0.5,GO:0003723,0.6546,5,RNA binding
B9J08_003139,0.5,GO:0005737,0.501,10,cytoplasm
B9J08_003141,0.5,GO:0008168,0.9226,5,methyltransferase activity
B9J08_003141,0.5,GO:0016279,0.5773,9,protein-lysine N-methyltransferase activity
B9J08_003142,0.5,GO:0046907,0.87,15,intracellular transport
B9J08_003147,0.5,GO:0016192,0.6936,11,vesicle-mediated transport
B9J08_003147,0.5,GO:0015031,0.6657,18,protein transport
B9J08_003154,0.5,GO:0003676,0.5926,13,nucleic acid binding
B9J08_003155,0.5,GO:0005634,0.845,9,nucleus
B9J08_003156,0.5,GO:0005524,0.9515,9,ATP binding
B9J08_003158,0.5,GO:0051301,0.6329,12,cell division
B9J08_003158,0.5,GO:0005874,0.6098,14,microtubule
B9J08_003167,0.5,GO:0016491,0.8662,4,oxidoreductase activity
B9J08_003171,0.5,GO:0016787,0.7861,11,hydrolase activity
B9J08_003172,0.5,GO:0000166,0.9881,10,nucleotide binding
B9J08_003172,0.5,GO:0005524,0.9877,11,ATP binding
B9J08_003173,0.5,GO:0016020,0.8486,7,membrane
B9J08_003176,0.5,GO:0005737,0.8153,4,cytoplasm
B9J08_003176,0.5,GO:0051082,0.5155,13,unfolded protein binding
B9J08_003177,0.5,GO:0017183,0.9991,2,peptidyl-diphthamide biosynthetic process from peptidyl-histidine
B9J08_003178,0.5,GO:0015031,0.8474,14,protein transport
B9J08_003180,0.5,GO:0006099,0.9391,16,tricarboxylic acid cycle
B9J08_003180,0.5,GO:0006102,0.9337,19,isocitrate metabolic process
B9J08_003194,0.5,GO:0016020,0.5327,16,membrane
B9J08_003195,0.5,GO:0005737,0.6367,6,cytoplasm
B9J08_003196,0.5,GO:0005524,0.9435,8,ATP binding
B9J08_003201,0.5,GO:0003676,0.8686,7,nucleic acid binding
B9J08_003202,0.5,GO:0022857,0.906,7,transmembrane transporter activity
B9J08_003202,0.5,GO:0005886,0.743,9,plasma membrane
B9J08_003202,0.5,GO:0016020,0.7061,10,membrane
B9J08_003207,0.5,GO:0005515,0.5734,18,protein binding
B9J08_003210,0.5,GO:0003723,0.8011,15,RNA binding
B9J08_003213,0.5,GO:0006865,0.9197,16,amino acid transport
B9J08_003215,0.5,GO:0016491,0.969,14,oxidoreductase activity
B9J08_003215,0.5,GO:0004128,0.904,20,"cytochrome-b5 reductase activity, acting on NAD(P)H"
B9J08_003216,0.5,GO:0005634,0.6077,9,nucleus
B9J08_003218,0.5,GO:0005737,0.5901,14,cytoplasm
B9J08_003219,0.5,GO:0030170,0.9209,6,pyridoxal phosphate binding
B9J08_003219,0.5,GO:0008483,0.8955,16,transaminase activity
B9J08_003220,0.5,GO:0005525,0.8721,19,GTP binding
B9J08_003226,0.5,GO:0016020,0.7467,3,membrane
B9J08_003227,0.5,GO:0008270,0.9517,12,zinc ion binding
B9J08_003228,0.5,GO:0008152,0.9315,7,metabolic process
B9J08_003229,0.5,GO:0005634,0.877,10,nucleus
B9J08_003232,0.5,GO:0006751,0.8982,13,glutathione catabolic process
B9J08_003234,0.5,GO:0005737,0.5354,13,cytoplasm
B9J08_003238,0.5,GO:0005525,0.9888,14,GTP binding
B9J08_003240,0.5,GO:0004609,0.9918,7,phosphatidylserine decarboxylase activity
B9J08_003241,0.5,GO:0000920,0.6845,16,septum digestion after cytokinesis
B9J08_003241,0.5,GO:0005935,0.6564,19,cellular bud neck
B9J08_003243,0.5,GO:0000815,0.9434,20,ESCRT III complex
B9J08_003244,0.5,GO:0031201,0.9832,3,SNARE complex
B9J08_003244,0.5,GO:0005484,0.9797,6,SNAP receptor activity
B9J08_003245,0.5,GO:0005525,0.9975,13,GTP binding
B9J08_003250,0.5,GO:0030295,0.9766,13,protein kinase activator activity
B9J08_003251,0.5,GO:0004553,0.993,9,"hydrolase activity, hydrolyzing O-glycosyl compounds"
B9J08_003251,0.5,GO:0005576,0.956,15,extracellular region
B9J08_003261,0.5,GO:0045041,0.8274,5,protein import into mitochondrial intermembrane space
B9J08_003261,0.5,GO:0016491,0.7689,12,oxidoreductase activity
B9J08_003262,0.5,GO:0005525,0.9893,10,GTP binding
B9J08_003263,0.5,GO:0005484,0.992,1,SNAP receptor activity
B9J08_003263,0.5,GO:0031201,0.9713,9,SNARE complex
B9J08_003263,0.5,GO:0006906,0.9627,12,vesicle fusion
B9J08_003264,0.5,GO:0005737,0.6181,14,cytoplasm
B9J08_003266,0.5,GO:0008152,0.7071,4,metabolic process
B9J08_003266,0.5,GO:0016491,0.6073,8,oxidoreductase activity
B9J08_003267,0.5,GO:0008270,0.9769,7,zinc ion binding
B9J08_003267,0.5,GO:0016491,0.9281,12,oxidoreductase activity
B9J08_003268,0.5,GO:0016491,0.8511,3,oxidoreductase activity
B9J08_003268,0.5,GO:0008152,0.6037,10,metabolic process
B9J08_003269,0.5,GO:0003677,0.9209,9,DNA binding
B9J08_003269,0.5,GO:0008270,0.8245,16,zinc ion binding
B9J08_003272,0.5,GO:0046872,0.9823,6,metal ion binding
B9J08_003274,0.5,GO:0003735,0.85,16,structural constituent of ribosome
B9J08_003275,0.5,GO:0006915,0.9362,8,apoptotic process
B9J08_003276,0.5,GO:0004645,0.8854,1,phosphorylase activity
B9J08_003276,0.5,GO:0102250,0.8653,2,linear malto-oligosaccharide phosphorylase activity
B9J08_003276,0.5,GO:0102499,0.8241,4,SHG alpha-glucan phosphorylase activity
B9J08_003276,0.5,GO:0008184,0.8212,5,glycogen phosphorylase activity
B9J08_003276,0.5,GO:0005975,0.7686,11,carbohydrate metabolic process
B9J08_003280,0.5,GO:0005634,0.936,12,nucleus
B9J08_003280,0.5,GO:0003700,0.9239,13,DNA-binding transcription factor activity
B9J08_003282,0.5,GO:0003676,0.8632,10,nucleic acid binding
B9J08_003285,0.5,GO:0000062,0.8758,13,fatty-acyl-CoA binding
B9J08_003289,0.5,GO:0052689,0.6439,11,carboxylic ester hydrolase activity
B9J08_003290,0.5,GO:0005524,0.992,9,ATP binding
B9J08_003290,0.5,GO:0000166,0.9908,11,nucleotide binding
B9J08_003292,0.5,GO:0016491,0.8295,3,oxidoreductase activity
B9J08_003293,0.5,GO:0008033,0.9951,10,tRNA processing
B9J08_003293,0.5,GO:0016779,0.9894,17,nucleotidyltransferase activity
B9J08_003294,0.5,GO:0016282,0.8735,4,eukaryotic 43S preinitiation complex
B9J08_003294,0.5,GO:0033290,0.8686,5,eukaryotic 48S preinitiation complex
B9J08_003294,0.5,GO:0001732,0.7621,9,formation of cytoplasmic translation initiation complex
B9J08_003294,0.5,GO:0005852,0.758,11,eukaryotic translation initiation factor 3 complex
B9J08_003294,0.5,GO:0003743,0.6793,15,translation initiation factor activity
B9J08_003296,0.5,GO:0006499,0.9611,13,N-terminal protein myristoylation
B9J08_003296,0.5,GO:0004379,0.9572,14,glycylpeptide N-tetradecanoyltransferase activity
B9J08_003298,0.5,GO:0006364,0.6134,19,rRNA processing
B9J08_003299,0.5,GO:0005509,0.9782,13,calcium ion binding
B9J08_003299,0.5,GO:0005515,0.9778,14,protein binding
B9J08_003300,0.5,GO:0016020,0.9061,9,membrane
B9J08_003301,0.5,GO:0005634,0.8609,20,nucleus
B9J08_003306,0.5,GO:0006096,0.9985,5,glycolytic process
B9J08_003313,0.5,GO:0006412,0.9564,20,translation
B9J08_003314,0.5,GO:0005576,0.7011,4,extracellular region
B9J08_003315,0.5,GO:0005829,0.5939,5,cytosol
B9J08_003319,0.5,GO:0046872,0.999,8,metal ion binding
B9J08_003320,0.5,GO:0005634,0.5705,9,nucleus
B9J08_003322,0.5,GO:0046872,0.982,1,metal ion binding
B9J08_003323,0.5,GO:0000166,0.9852,5,nucleotide binding
B9J08_003323,0.5,GO:0005524,0.9839,8,ATP binding
B9J08_003326,0.5,GO:0005524,0.9762,16,ATP binding
B9J08_003327,0.5,GO:0005525,0.991,9,GTP binding
B9J08_003329,0.5,GO:0016491,0.9837,15,oxidoreductase activity
B9J08_003330,0.5,GO:0000166,0.9948,15,nucleotide binding
B9J08_003330,0.5,GO:0005524,0.9933,19,ATP binding
B9J08_003331,0.5,GO:0003735,0.9307,20,structural constituent of ribosome
B9J08_003338,0.5,GO:0006260,0.9411,18,DNA replication
B9J08_003341,0.5,GO:0046873,0.965,12,metal ion transmembrane transporter activity
B9J08_003341,0.5,GO:0030001,0.9584,18,metal ion transport
B9J08_003344,0.5,GO:0071986,0.561,14,Ragulator complex
B9J08_003344,0.5,GO:0032008,0.5552,16,positive regulation of TOR signaling
B9J08_003349,0.5,GO:0004834,0.8543,3,tryptophan synthase activity
B9J08_003352,0.5,GO:0022857,0.5204,12,transmembrane transporter activity
B9J08_003354,0.5,GO:0006623,0.9918,2,protein targeting to vacuole
B9J08_003354,0.5,GO:0015031,0.9858,3,protein transport
B9J08_003354,0.5,GO:0045053,0.9857,4,protein retention in Golgi apparatus
B9J08_003355,0.5,GO:0005524,0.9792,16,ATP binding
B9J08_003356,0.5,GO:0005524,0.9841,16,ATP binding
B9J08_003359,0.5,GO:0005525,0.9807,9,GTP binding
B9J08_003361,0.5,GO:0005525,0.9794,19,GTP binding
B9J08_003364,0.5,GO:0005524,0.9935,10,ATP binding
B9J08_003365,0.5,GO:0006085,0.9948,17,acetyl-CoA biosynthetic process
B9J08_003365,0.5,GO:0016208,0.9945,19,AMP binding
B9J08_003368,0.5,GO:0003677,0.9376,6,DNA binding
B9J08_003368,0.5,GO:0046982,0.8778,12,protein heterodimerization activity
B9J08_003368,0.5,GO:0005634,0.8064,20,nucleus
B9J08_003369,0.5,GO:0046982,0.9389,6,protein heterodimerization activity
B9J08_003369,0.5,GO:0006334,0.9137,11,nucleosome assembly
B9J08_003369,0.5,GO:0003677,0.9066,13,DNA binding
B9J08_003371,0.5,GO:0006096,0.9891,5,glycolytic process
B9J08_003371,0.5,GO:0003824,0.9491,19,catalytic activity
B9J08_003372,0.5,GO:0005634,0.8552,5,nucleus
B9J08_003374,0.5,GO:0019752,0.9855,10,carboxylic acid metabolic process
B9J08_003374,0.5,GO:0003824,0.9833,11,catalytic activity
B9J08_003374,0.5,GO:0006097,0.9666,13,glyoxylate cycle
B9J08_003376,0.5,GO:0005524,0.9782,12,ATP binding
B9J08_003382,0.5,GO:0003676,0.9321,16,nucleic acid binding
B9J08_003383,0.5,GO:0016787,0.9922,1,hydrolase activity
B9J08_003385,0.5,GO:0005739,0.7721,19,mitochondrion
B9J08_003387,0.5,GO:0005515,0.9682,8,protein binding
B9J08_003387,0.5,GO:0008017,0.9643,9,microtubule binding
B9J08_003387,0.5,GO:0005874,0.9524,14,microtubule
B9J08_003387,0.5,GO:0051301,0.9269,17,cell division
B9J08_003392,0.5,GO:0005886,0.8127,6,plasma membrane
B9J08_003392,0.5,GO:0016020,0.6592,9,membrane
B9J08_003397,0.5,GO:0003824,0.7309,3,catalytic activity
B9J08_003397,0.5,GO:0004553,0.5687,8,"hydrolase activity, hydrolyzing O-glycosyl compounds"
B9J08_003400,0.5,GO:0005763,0.5958,18,mitochondrial small ribosomal subunit
B9J08_003400,0.5,GO:0003735,0.5589,19,structural constituent of ribosome
B9J08_003401,0.5,GO:0005216,0.9797,6,ion channel activity
B9J08_003402,0.5,GO:0005737,0.5272,10,cytoplasm
B9J08_003403,0.5,GO:0005515,0.5545,14,protein binding
B9J08_003405,0.5,GO:0008168,0.9382,13,methyltransferase activity
B9J08_003407,0.5,GO:0008270,0.9014,20,zinc ion binding
B9J08_003412,0.5,GO:0003677,0.6205,19,DNA binding
B9J08_003414,0.5,GO:0005524,0.9894,8,ATP binding
B9J08_003416,0.5,GO:0048038,0.8854,13,quinone binding
B9J08_003416,0.5,GO:0051287,0.8129,18,NAD binding
B9J08_003416,0.5,GO:0016651,0.7544,20,"oxidoreductase activity, acting on NAD(P)H"
B9J08_003418,0.5,GO:0005739,0.6439,13,mitochondrion
B9J08_003424,0.5,GO:0005524,0.9984,9,ATP binding
B9J08_003425,0.5,GO:0003677,0.9053,3,DNA binding
B9J08_003425,0.5,GO:0046983,0.8843,6,protein dimerization activity
B9J08_003425,0.5,GO:0003899,0.8341,11,DNA-directed 5'-3' RNA polymerase activity
B9J08_003428,0.5,GO:0003677,0.9548,8,DNA binding
B9J08_003430,0.5,GO:0005525,0.9964,18,GTP binding
B9J08_003432,0.5,GO:0016282,0.9993,1,eukaryotic 43S preinitiation complex
B9J08_003432,0.5,GO:0001732,0.9989,3,formation of cytoplasmic translation initiation complex
B9J08_003432,0.5,GO:0033290,0.9982,5,eukaryotic 48S preinitiation complex
B9J08_003432,0.5,GO:0003743,0.9947,14,translation initiation factor activity
B9J08_003432,0.5,GO:0005852,0.9929,18,eukaryotic translation initiation factor 3 complex
B9J08_003435,0.5,GO:0004298,0.9592,5,threonine-type endopeptidase activity
B9J08_003435,0.5,GO:0008233,0.9246,13,peptidase activity
B9J08_003435,0.5,GO:0004175,0.8918,17,endopeptidase activity
B9J08_003436,0.5,GO:0019706,0.9924,2,protein-cysteine S-palmitoyltransferase activity
B9J08_003436,0.5,GO:0016409,0.9609,9,palmitoyltransferase activity
B9J08_003437,0.5,GO:0045454,0.9792,1,cell redox homeostasis
B9J08_003437,0.5,GO:0004601,0.924,13,peroxidase activity
B9J08_003437,0.5,GO:0016209,0.905,15,antioxidant activity
B9J08_003437,0.5,GO:0051920,0.8459,18,peroxiredoxin activity
B9J08_003437,0.5,GO:0016491,0.8427,19,oxidoreductase activity
B9J08_003441,0.5,GO:0005524,0.9598,16,ATP binding
B9J08_003442,0.5,GO:0004601,0.8123,8,peroxidase activity
B9J08_003442,0.5,GO:0004602,0.7273,10,glutathione peroxidase activity
B9J08_003442,0.5,GO:0006979,0.6615,12,response to oxidative stress
B9J08_003442,0.5,GO:0034599,0.6268,14,cellular response to oxidative stress
B9J08_003442,0.5,GO:0008379,0.5314,19,thioredoxin peroxidase activity
B9J08_003444,0.5,GO:0004725,0.8622,14,protein tyrosine phosphatase activity
B9J08_003444,0.5,GO:0016791,0.843,17,phosphatase activity
B9J08_003446,0.5,GO:0005525,0.993,7,GTP binding
B9J08_003447,0.5,GO:0005634,0.726,8,nucleus
B9J08_003447,0.5,GO:0046872,0.691,10,metal ion binding
B9J08_003449,0.5,GO:0009331,0.998,2,glycerol-3-phosphate dehydrogenase complex
B9J08_003449,0.5,GO:0046168,0.9968,3,glycerol-3-phosphate catabolic process
B9J08_003449,0.5,GO:0006072,0.9888,6,glycerol-3-phosphate metabolic process
B9J08_003451,0.5,GO:0043547,0.6356,13,positive regulation of GTPase activity
B9J08_003451,0.5,GO:0005737,0.6139,16,cytoplasm
B9J08_003452,0.5,GO:0008483,0.9747,4,transaminase activity
B9J08_003452,0.5,GO:0009448,0.9231,15,gamma-aminobutyric acid metabolic process
B9J08_003453,0.5,GO:0005524,0.9891,8,ATP binding
B9J08_003454,0.5,GO:0003677,0.649,16,DNA binding
B9J08_003455,0.5,GO:0016491,0.5431,14,oxidoreductase activity
B9J08_003458,0.5,GO:0046872,0.9969,3,metal ion binding
B9J08_003461,0.5,GO:0016491,0.7427,7,oxidoreductase activity
B9J08_003462,0.5,GO:0005778,0.8258,15,peroxisomal membrane
B9J08_003462,0.5,GO:1990429,0.7747,19,peroxisomal importomer complex
B9J08_003465,0.5,GO:0022857,0.8253,8,transmembrane transporter activity
B9J08_003465,0.5,GO:0005886,0.6252,16,plasma membrane
B9J08_003466,0.5,GO:0003824,0.9881,1,catalytic activity
B9J08_003466,0.5,GO:0016491,0.9746,3,oxidoreductase activity
B9J08_003466,0.5,GO:0006099,0.9323,8,tricarboxylic acid cycle
B9J08_003466,0.5,GO:0006108,0.9112,9,malate metabolic process
B9J08_003466,0.5,GO:0016615,0.9026,10,malate dehydrogenase activity
B9J08_003466,0.5,GO:0019752,0.8748,11,carboxylic acid metabolic process
B9J08_003466,0.5,GO:0030060,0.853,14,L-malate dehydrogenase activity
B9J08_003466,0.5,GO:0005975,0.6688,20,carbohydrate metabolic process
B9J08_003473,0.5,GO:0016020,0.8059,12,membrane
B9J08_003477,0.5,GO:0005515,0.5071,6,protein binding
B9J08_003479,0.5,GO:0008270,0.847,16,zinc ion binding
B9J08_003479,0.5,GO:0005634,0.83,18,nucleus
B9J08_003480,0.5,GO:0008152,0.5043,7,metabolic process
B9J08_003482,0.5,GO:0019706,0.9909,3,protein-cysteine S-palmitoyltransferase activity
B9J08_003482,0.5,GO:0016409,0.9495,8,palmitoyltransferase activity
B9J08_003482,0.5,GO:0018230,0.9382,11,peptidyl-L-cysteine S-palmitoylation
B9J08_003486,0.5,GO:0004620,0.9664,13,phospholipase activity
B9J08_003489,0.5,GO:0003824,0.7644,2,catalytic activity
B9J08_003490,0.5,GO:0006465,0.9797,19,signal peptide processing
B9J08_003490,0.5,GO:0008233,0.9752,20,peptidase activity
B9J08_003496,0.5,GO:0015031,0.8811,11,protein transport
B9J08_003496,0.5,GO:0006914,0.8627,15,autophagy
B9J08_003498,0.5,GO:0003676,0.862,20,nucleic acid binding
B9J08_003503,0.5,GO:0003676,0.938,4,nucleic acid binding
B9J08_003503,0.5,GO:0003723,0.7844,11,RNA binding
B9J08_003504,0.5,GO:0043169,0.9687,10,cation binding
B9J08_003504,0.5,GO:0046872,0.9535,14,metal ion binding
B9J08_003509,0.5,GO:0046872,0.8582,17,metal ion binding
B9J08_003512,0.5,GO:0005524,0.9904,11,ATP binding
B9J08_003517,0.5,GO:0030170,0.9982,10,pyridoxal phosphate binding
B9J08_003524,0.5,GO:0016491,0.8358,5,oxidoreductase activity
B9J08_003524,0.5,GO:0008152,0.7085,11,metabolic process
B9J08_003530,0.5,GO:0006412,0.594,16,translation
B9J08_003530,0.5,GO:0003735,0.5875,18,structural constituent of ribosome
B9J08_003531,0.5,GO:0030170,0.9995,10,pyridoxal phosphate binding
B9J08_003535,0.5,GO:0005524,0.9899,14,ATP binding
B9J08_003536,0.5,GO:0015031,0.5465,10,protein transport
B9J08_003540,0.5,GO:0022857,0.912,6,transmembrane transporter activity
B9J08_003540,0.5,GO:0016020,0.896,8,membrane
B9J08_003542,0.5,GO:0008152,0.7379,6,metabolic process
B9J08_003542,0.5,GO:0016491,0.5493,8,oxidoreductase activity
B9J08_003544,0.5,GO:0005743,0.8428,19,mitochondrial inner membrane
B9J08_003545,0.5,GO:0000993,0.6853,18,RNA polymerase II complex binding
B9J08_003546,0.5,GO:0005634,0.9708,8,nucleus
B9J08_003553,0.5,GO:0003824,0.8731,11,catalytic activity
B9J08_003557,0.5,GO:0005737,0.7137,10,cytoplasm
B9J08_003560,0.5,GO:0006412,0.977,14,translation
B9J08_003562,0.5,GO:0003676,0.8779,20,nucleic acid binding
B9J08_003563,0.5,GO:0016491,0.9695,6,oxidoreductase activity
B9J08_003563,0.5,GO:0008270,0.8379,14,zinc ion binding
B9J08_003569,0.5,GO:0016407,0.8898,6,acetyltransferase activity
B9J08_003569,0.5,GO:0008374,0.7899,13,O-acyltransferase activity
B9J08_003573,0.5,GO:0005975,0.5167,15,carbohydrate metabolic process
B9J08_003578,0.5,GO:0006511,0.9437,19,ubiquitin-dependent protein catabolic process
B9J08_003581,0.5,GO:0016787,0.8289,5,hydrolase activity
B9J08_003583,0.5,GO:0043087,0.899,16,regulation of GTPase activity
B9J08_003585,0.5,GO:0008270,0.8349,18,zinc ion binding
B9J08_003585,0.5,GO:0005634,0.8233,20,nucleus
B9J08_003588,0.5,GO:0046872,0.8875,10,metal ion binding
B9J08_003590,0.5,GO:0003676,0.9657,5,nucleic acid binding
B9J08_003592,0.5,GO:0003676,0.711,7,nucleic acid binding
B9J08_003592,0.5,GO:0003723,0.6704,11,RNA binding
B9J08_003593,0.5,GO:0046872,0.8513,6,metal ion binding
B9J08_003593,0.5,GO:0008233,0.7235,11,peptidase activity
B9J08_003593,0.5,GO:0008237,0.5135,15,metallopeptidase activity
B9J08_003594,0.5,GO:0101005,0.9349,19,ubiquitinyl hydrolase activity
B9J08_003595,0.5,GO:0046872,0.6033,9,metal ion binding
B9J08_003596,0.5,GO:0006412,0.8927,20,translation
B9J08_003598,0.5,GO:0016192,0.6124,20,vesicle-mediated transport
B9J08_003599,0.5,GO:0005525,0.9928,10,GTP binding
B9J08_003603,0.5,GO:0016491,0.5843,13,oxidoreductase activity
B9J08_003604,0.5,GO:0005524,0.994,13,ATP binding
B9J08_003609,0.5,GO:0006546,0.9915,3,glycine catabolic process
B9J08_003609,0.5,GO:0006544,0.987,10,glycine metabolic process
B9J08_003610,0.5,GO:0003746,0.9936,15,translation elongation factor activity
B9J08_003610,0.5,GO:0005525,0.9922,20,GTP binding
B9J08_003612,0.5,GO:0006629,0.6969,19,lipid metabolic process
B9J08_003613,0.5,GO:0008104,0.5227,18,protein localization
B9J08_003614,0.5,GO:0008270,0.9811,3,zinc ion binding
B9J08_003614,0.5,GO:0016491,0.9429,11,oxidoreductase activity
B9J08_003614,0.5,GO:0005737,0.835,13,cytoplasm
B9J08_003615,0.5,GO:0046872,0.6593,8,metal ion binding
B9J08_003618,0.5,GO:0004725,0.8784,7,protein tyrosine phosphatase activity
B9J08_003618,0.5,GO:0004726,0.5547,14,non-membrane spanning protein tyrosine phosphatase activity
B9J08_003621,0.5,GO:0009395,0.909,20,phospholipid catabolic process
B9J08_003632,0.5,GO:0030955,0.9987,1,potassium ion binding
B9J08_003632,0.5,GO:0005524,0.9777,16,ATP binding
B9J08_003639,0.5,GO:0005737,0.5236,10,cytoplasm
B9J08_003640,0.5,GO:0005515,0.8182,3,protein binding
B9J08_003641,0.5,GO:0050660,0.8622,7,flavin adenine dinucleotide binding
B9J08_003643,0.5,GO:0055085,0.671,11,transmembrane transport
B9J08_003646,0.5,GO:0006520,0.9593,18,cellular amino acid metabolic process
B9J08_003647,0.5,GO:0008757,0.611,8,S-adenosylmethionine-dependent methyltransferase activity
B9J08_003650,0.5,GO:0006457,0.9887,2,protein folding
B9J08_003650,0.5,GO:0003755,0.9859,4,peptidyl-prolyl cis-trans isomerase activity
B9J08_003650,0.5,GO:0016018,0.9728,7,cyclosporin A binding
B9J08_003657,0.5,GO:0055085,0.8565,17,transmembrane transport
B9J08_003657,0.5,GO:0030001,0.856,18,metal ion transport
B9J08_003659,0.5,GO:0016020,0.5385,17,membrane
B9J08_003660,0.5,GO:0003676,0.942,5,nucleic acid binding
B9J08_003660,0.5,GO:0003723,0.9101,9,RNA binding
B9J08_003660,0.5,GO:0005737,0.7144,12,cytoplasm
B9J08_003662,0.5,GO:0046872,0.8303,5,metal ion binding
B9J08_003662,0.5,GO:0005737,0.6342,16,cytoplasm
B9J08_003662,0.5,GO:0006508,0.5611,20,proteolysis
B9J08_003663,0.5,GO:0000166,0.9807,8,nucleotide binding
B9J08_003663,0.5,GO:0005524,0.9782,10,ATP binding
B9J08_003664,0.5,GO:0005634,0.8113,9,nucleus
B9J08_003665,0.5,GO:0016301,0.9741,15,kinase activity
B9J08_003667,0.5,GO:0005525,0.9922,13,GTP binding
B9J08_003673,0.5,GO:0016020,0.6258,8,membrane
B9J08_003673,0.5,GO:0006487,0.5198,19,protein N-linked glycosylation
B9J08_003677,0.5,GO:0006412,0.9735,20,translation
B9J08_003678,0.5,GO:0016020,0.7694,12,membrane
B9J08_003680,0.5,GO:0016787,0.8193,2,hydrolase activity
B9J08_003680,0.5,GO:0016788,0.6913,11,"hydrolase activity, acting on ester bonds"
B9J08_003681,0.5,GO:0004128,0.9743,8,"cytochrome-b5 reductase activity, acting on NAD(P)H"
B9J08_003681,0.5,GO:0005741,0.9607,12,mitochondrial outer membrane
B9J08_003682,0.5,GO:0005524,0.9251,9,ATP binding
B9J08_003684,0.5,GO:0009331,0.9979,7,glycerol-3-phosphate dehydrogenase complex
B9J08_003684,0.5,GO:0006072,0.9976,8,glycerol-3-phosphate metabolic process
B9J08_003684,0.5,GO:0046168,0.9969,9,glycerol-3-phosphate catabolic process
B9J08_003687,0.5,GO:0005730,0.6703,12,nucleolus
B9J08_003688,0.5,GO:0005524,0.9914,15,ATP binding
B9J08_003689,0.5,GO:0046872,0.9821,4,metal ion binding
B9J08_003690,0.5,GO:0016020,0.9101,18,membrane
B9J08_003699,0.5,GO:0005743,0.8593,14,mitochondrial inner membrane
B9J08_003703,0.5,GO:0016020,0.6581,7,membrane
B9J08_003703,0.5,GO:0005886,0.5385,12,plasma membrane
B9J08_003707,0.5,GO:0006508,0.7388,18,proteolysis
B9J08_003707,0.5,GO:0004222,0.5636,20,metalloendopeptidase activity
B9J08_003708,0.5,GO:0000166,0.9876,19,nucleotide binding
B9J08_003709,0.5,GO:0004499,0.7743,10,"N,N-dimethylaniline monooxygenase activity"
B9J08_003709,0.5,GO:0050660,0.6836,17,flavin adenine dinucleotide binding
B9J08_003711,0.5,GO:0003677,0.8904,10,DNA binding
B9J08_003712,0.5,GO:0005634,0.827,10,nucleus
B9J08_003712,0.5,GO:0003700,0.7701,17,DNA-binding transcription factor activity
B9J08_003713,0.5,GO:0046872,0.9327,19,metal ion binding
B9J08_003719,0.5,GO:0005743,0.8715,16,mitochondrial inner membrane
B9J08_003720,0.5,GO:0005524,0.9626,8,ATP binding
B9J08_003722,0.5,GO:0003824,0.9507,4,catalytic activity
B9J08_003722,0.5,GO:0046912,0.9137,8,"transferase activity, transferring acyl groups, acyl groups converted into alkyl on transfer"
B9J08_003724,0.5,GO:0005524,0.9412,10,ATP binding
B9J08_003725,0.5,GO:0005852,0.6035,12,eukaryotic translation initiation factor 3 complex
B9J08_003726,0.5,GO:0005524,0.9923,14,ATP binding
B9J08_003727,0.5,GO:0005524,0.9789,7,ATP binding
B9J08_003728,0.5,GO:0005524,0.9551,14,ATP binding
B9J08_003730,0.5,GO:0016747,0.869,4,"transferase activity, transferring acyl groups other than amino-acyl groups"
B9J08_003730,0.5,GO:0016746,0.8544,5,"transferase activity, transferring acyl groups"
B9J08_003730,0.5,GO:0003988,0.8541,6,acetyl-CoA C-acyltransferase activity
B9J08_003730,0.5,GO:0003985,0.6971,8,acetyl-CoA C-acetyltransferase activity
B9J08_003731,0.5,GO:0005739,0.556,17,mitochondrion
B9J08_003732,0.5,GO:0005524,0.995,9,ATP binding
B9J08_003734,0.5,GO:0015171,0.8224,15,amino acid transmembrane transporter activity
B9J08_003735,0.5,GO:0005524,0.9709,15,ATP binding
B9J08_003736,0.5,GO:0005524,0.9771,14,ATP binding
B9J08_003737,0.5,GO:0016491,0.9832,16,oxidoreductase activity
B9J08_003738,0.5,GO:0004418,0.9872,15,hydroxymethylbilane synthase activity
B9J08_003743,0.5,GO:0016020,0.9829,2,membrane
B9J08_003748,0.5,GO:0005524,0.9845,19,ATP binding
B9J08_003752,0.5,GO:0005634,0.5554,11,nucleus
B9J08_003754,0.5,GO:0006810,0.9922,13,transport
B9J08_003754,0.5,GO:0022857,0.9806,17,transmembrane transporter activity
B9J08_003755,0.5,GO:0003735,0.981,17,structural constituent of ribosome
B9J08_003756,0.5,GO:0006414,0.9326,19,translational elongation
B9J08_003756,0.5,GO:0003735,0.9314,20,structural constituent of ribosome
B9J08_003758,0.5,GO:0016020,0.7174,9,membrane
B9J08_003759,0.5,GO:0032541,0.7082,9,cortical endoplasmic reticulum
B9J08_003759,0.5,GO:0006629,0.5274,14,lipid metabolic process
B9J08_003763,0.5,GO:0016491,0.9303,1,oxidoreductase activity
B9J08_003763,0.5,GO:0016616,0.7313,4,"oxidoreductase activity, acting on the CH-OH group of donors, NAD or NADP as acceptor"
B9J08_003764,0.5,GO:0005524,0.9722,17,ATP binding
B9J08_003765,0.5,GO:0005524,0.888,16,ATP binding
B9J08_003767,0.5,GO:0008270,0.7902,11,zinc ion binding
B9J08_003767,0.5,GO:0016787,0.7236,13,hydrolase activity
B9J08_003767,0.5,GO:0004126,0.6962,14,cytidine deaminase activity
B9J08_003767,0.5,GO:0003824,0.6341,17,catalytic activity
B9J08_003768,0.5,GO:0009987,0.9279,12,cellular process
B9J08_003771,0.5,GO:0005524,0.9286,13,ATP binding
B9J08_003772,0.5,GO:0005634,0.8153,13,nucleus
B9J08_003773,0.5,GO:0006904,0.8047,8,vesicle docking involved in exocytosis
B9J08_003775,0.5,GO:0005525,0.9748,9,GTP binding
B9J08_003775,0.5,GO:0000166,0.9655,13,nucleotide binding
B9J08_003778,0.5,GO:0000166,0.9394,11,nucleotide binding
B9J08_003778,0.5,GO:0005524,0.9261,19,ATP binding
B9J08_003784,0.5,GO:0000166,0.9857,5,nucleotide binding
B9J08_003784,0.5,GO:0005524,0.9824,8,ATP binding
B9J08_003787,0.5,GO:0004298,0.9665,3,threonine-type endopeptidase activity
B9J08_003788,0.5,GO:0005935,0.6976,12,cellular bud neck
B9J08_003788,0.5,GO:0005934,0.6485,13,cellular bud tip
B9J08_003789,0.5,GO:0005737,0.5522,12,cytoplasm
B9J08_003789,0.5,GO:0005634,0.5448,13,nucleus
B9J08_003791,0.5,GO:0035999,0.9995,8,tetrahydrofolate interconversion
B9J08_003791,0.5,GO:0006730,0.9992,11,one-carbon metabolic process
B9J08_003791,0.5,GO:0004372,0.9991,13,glycine hydroxymethyltransferase activity
B9J08_003791,0.5,GO:0019264,0.9989,16,glycine biosynthetic process from serine
B9J08_003792,0.5,GO:0005524,0.9782,9,ATP binding
B9J08_003793,0.5,GO:0004180,0.877,17,carboxypeptidase activity
B9J08_003795,0.5,GO:0005524,0.9918,18,ATP binding
B9J08_003799,0.5,GO:0003824,0.9776,2,catalytic activity
B9J08_003799,0.5,GO:0071555,0.954,9,cell wall organization
B9J08_003799,0.5,GO:0005975,0.9412,11,carbohydrate metabolic process
B9J08_003799,0.5,GO:0005618,0.7736,19,cell wall
B9J08_003800,0.5,GO:0101005,0.9056,16,ubiquitinyl hydrolase activity
B9J08_003801,0.5,GO:0009058,0.9913,11,biosynthetic process
B9J08_003804,0.5,GO:0005758,0.9914,4,mitochondrial intermembrane space
B9J08_003804,0.5,GO:0046872,0.9817,13,metal ion binding
B9J08_003808,0.5,GO:0005524,0.9904,6,ATP binding
B9J08_003808,0.5,GO:0000166,0.989,9,nucleotide binding
B9J08_003811,0.5,GO:0005524,0.7764,13,ATP binding
B9J08_003816,0.5,GO:0005737,0.9588,6,cytoplasm
B9J08_003816,0.5,GO:0005634,0.912,8,nucleus
B9J08_003816,0.5,GO:0019888,0.8329,20,protein phosphatase regulator activity
B9J08_003817,0.5,GO:0000166,0.9477,6,nucleotide binding
B9J08_003817,0.5,GO:0005524,0.9136,17,ATP binding
B9J08_003819,0.5,GO:0016491,0.9994,1,oxidoreductase activity
B9J08_003819,0.5,GO:0050660,0.9915,10,flavin adenine dinucleotide binding
B9J08_003819,0.5,GO:0016668,0.9505,20,"oxidoreductase activity, acting on a sulfur group of donors, NAD(P) as acceptor"
B9J08_003822,0.5,GO:0005524,0.9937,9,ATP binding
B9J08_003823,0.5,GO:0005737,0.6041,7,cytoplasm
B9J08_003824,0.5,GO:0005875,0.8461,20,microtubule associated complex
B9J08_003829,0.5,GO:0004672,0.9816,10,protein kinase activity
B9J08_003829,0.5,GO:0005524,0.9797,13,ATP binding
B9J08_003830,0.5,GO:0022857,0.7886,10,transmembrane transporter activity
B9J08_003832,0.5,GO:0000166,0.982,4,nucleotide binding
B9J08_003832,0.5,GO:0005524,0.9813,5,ATP binding
B9J08_003833,0.5,GO:0008643,0.6808,12,carbohydrate transport
B9J08_003833,0.5,GO:0022857,0.6411,18,transmembrane transporter activity
B9J08_003834,0.5,GO:0005525,0.9946,15,GTP binding
B9J08_003836,0.5,GO:0005524,0.9167,15,ATP binding
B9J08_003837,0.5,GO:0019262,0.7144,11,N-acetylneuraminate catabolic process
B9J08_003837,0.5,GO:0005737,0.6694,20,cytoplasm
B9J08_003838,0.5,GO:0046872,0.5824,14,metal ion binding
B9J08_003838,0.5,GO:0016787,0.5728,16,hydrolase activity
B9J08_003838,0.5,GO:0016810,0.5125,18,"hydrolase activity, acting on carbon-nitrogen (but not peptide) bonds"
B9J08_003842,0.5,GO:0005634,0.5063,17,nucleus
B9J08_003846,0.5,GO:0008168,0.8678,5,methyltransferase activity
B9J08_003846,0.5,GO:0032259,0.5862,16,methylation
B9J08_003850,0.5,GO:0016020,0.6274,17,membrane
B9J08_003852,0.5,GO:0003824,0.9594,3,catalytic activity
B9J08_003856,0.5,GO:0016538,0.9972,19,cyclin-dependent protein serine/threonine kinase regulator activity
B9J08_003859,0.5,GO:0005874,0.9941,7,microtubule
B9J08_003859,0.5,GO:0005875,0.9907,9,microtubule associated complex
B9J08_003859,0.5,GO:0007017,0.9888,12,microtubule-based process
B9J08_003860,0.5,GO:0044209,0.9996,1,AMP salvage
B9J08_003860,0.5,GO:0003999,0.9995,2,adenine phosphoribosyltransferase activity
B9J08_003860,0.5,GO:0016763,0.9983,6,"transferase activity, transferring pentosyl groups"
B9J08_003860,0.5,GO:0006168,0.9981,8,adenine salvage
B9J08_003862,0.5,GO:0003676,0.9341,15,nucleic acid binding
B9J08_003864,0.5,GO:0016787,0.7001,14,hydrolase activity
B9J08_003864,0.5,GO:0003824,0.6374,20,catalytic activity
B9J08_003865,0.5,GO:0052689,0.8692,5,carboxylic ester hydrolase activity
B9J08_003866,0.5,GO:0005524,0.9837,5,ATP binding
B9J08_003869,0.5,GO:0046872,0.92,3,metal ion binding
B9J08_003871,0.5,GO:0006855,0.8912,6,drug transmembrane transport
B9J08_003871,0.5,GO:0042910,0.8648,8,xenobiotic transmembrane transporter activity
B9J08_003871,0.5,GO:0055085,0.659,18,transmembrane transport
B9J08_003873,0.5,GO:0008081,0.7812,7,phosphoric diester hydrolase activity
B9J08_003873,0.5,GO:0005509,0.7574,8,calcium ion binding
B9J08_003873,0.5,GO:0016042,0.7358,10,lipid catabolic process
B9J08_003873,0.5,GO:0006629,0.6364,19,lipid metabolic process
B9J08_003878,0.5,GO:0005737,0.7678,8,cytoplasm
B9J08_003881,0.5,GO:0006526,0.8051,14,arginine biosynthetic process
B9J08_003882,0.5,GO:0009058,0.9423,13,biosynthetic process
B9J08_003883,0.5,GO:0006865,0.697,20,amino acid transport
B9J08_003892,0.5,GO:0000166,0.9777,6,nucleotide binding
B9J08_003895,0.5,GO:0003824,0.9144,2,catalytic activity
B9J08_003896,0.5,GO:0005524,0.8867,8,ATP binding
B9J08_003896,0.5,GO:0000166,0.8745,14,nucleotide binding
B9J08_003905,0.5,GO:0008168,0.6742,9,methyltransferase activity
B9J08_003910,0.5,GO:0005618,0.5737,9,cell wall
B9J08_003910,0.5,GO:0005199,0.5169,11,structural constituent of cell wall
B9J08_003916,0.5,GO:0009231,0.9641,3,riboflavin biosynthetic process
B9J08_003916,0.5,GO:0008686,0.8603,18,"3,4-dihydroxy-2-butanone-4-phosphate synthase activity"
B9J08_003917,0.5,GO:0005737,0.5059,3,cytoplasm
B9J08_003918,0.5,GO:0005524,0.9735,11,ATP binding
B9J08_003918,0.5,GO:0000166,0.9681,16,nucleotide binding
B9J08_003920,0.5,GO:0006468,0.9844,16,protein phosphorylation
B9J08_003921,0.5,GO:0022857,0.7783,8,transmembrane transporter activity
B9J08_003921,0.5,GO:0005886,0.636,13,plasma membrane
B9J08_003927,0.5,GO:0003723,0.583,13,RNA binding
B9J08_003928,0.5,GO:0016020,0.8152,7,membrane
B9J08_003930,0.5,GO:0005762,0.6175,16,mitochondrial large ribosomal subunit
B9J08_003932,0.5,GO:0016765,0.6849,13,"transferase activity, transferring alkyl or aryl (other than methyl) groups"
B9J08_003942,0.5,GO:0102338,0.9955,1,3-oxo-lignoceronyl-CoA synthase activity
B9J08_003942,0.5,GO:0102756,0.9901,3,very-long-chain 3-ketoacyl-CoA synthase activity
B9J08_003942,0.5,GO:0102337,0.9881,4,3-oxo-cerotoyl-CoA synthase activity
B9J08_003942,0.5,GO:0019367,0.9793,7,"fatty acid elongation, saturated fatty acid"
B9J08_003942,0.5,GO:0034626,0.9708,18,"fatty acid elongation, polyunsaturated fatty acid"
B9J08_003942,0.5,GO:0102336,0.9688,19,3-oxo-arachidoyl-CoA synthase activity
B9J08_003942,0.5,GO:0034625,0.9668,20,"fatty acid elongation, monounsaturated fatty acid"
B9J08_003943,0.5,GO:0005524,0.9508,16,ATP binding
B9J08_003943,0.5,GO:0016301,0.9425,20,kinase activity
B9J08_003944,0.5,GO:0016282,0.9998,1,eukaryotic 43S preinitiation complex
B9J08_003944,0.5,GO:0033290,0.9997,2,eukaryotic 48S preinitiation complex
B9J08_003944,0.5,GO:0001732,0.9994,3,formation of cytoplasmic translation initiation complex
B9J08_003944,0.5,GO:0003743,0.9994,4,translation initiation factor activity
B9J08_003944,0.5,GO:0005852,0.9956,10,eukaryotic translation initiation factor 3 complex
B9J08_003946,0.5,GO:0005829,0.5033,14,cytosol
B9J08_003947,0.5,GO:0005515,0.573,14,protein binding
B9J08_003947,0.5,GO:0005737,0.5,17,cytoplasm
B9J08_003949,0.5,GO:0046872,0.9272,3,metal ion binding
B9J08_003950,0.5,GO:0005634,0.7962,19,nucleus
B9J08_003955,0.5,GO:0003676,0.9758,5,nucleic acid binding
B9J08_003956,0.5,GO:0003676,0.781,7,nucleic acid binding
B9J08_003956,0.5,GO:0003723,0.7018,19,RNA binding
B9J08_003962,0.5,GO:0005737,0.6062,5,cytoplasm
B9J08_003965,0.5,GO:0003824,0.8852,3,catalytic activity
B9J08_003965,0.5,GO:0016740,0.763,17,transferase activity
B9J08_003969,0.5,GO:0051301,0.8346,14,cell division
B9J08_003969,0.5,GO:0005737,0.7843,15,cytoplasm
B9J08_003969,0.5,GO:0072686,0.7059,20,mitotic spindle
B9J08_003972,0.5,GO:0005525,0.9825,10,GTP binding
B9J08_003972,0.5,GO:0019001,0.9766,16,guanyl nucleotide binding
B9J08_003973,0.5,GO:0004222,0.9118,16,metalloendopeptidase activity
B9J08_003977,0.5,GO:0006099,0.8894,17,tricarboxylic acid cycle
B9J08_003977,0.5,GO:0016020,0.8822,20,membrane
B9J08_003979,0.5,GO:0030170,0.9986,10,pyridoxal phosphate binding
B9J08_003979,0.5,GO:0003824,0.9746,20,catalytic activity
B9J08_003980,0.5,GO:0008757,0.6145,14,S-adenosylmethionine-dependent methyltransferase activity
B9J08_003981,0.5,GO:0022857,0.7856,10,transmembrane transporter activity
B9J08_003981,0.5,GO:0042910,0.607,15,xenobiotic transmembrane transporter activity
B9J08_003982,0.5,GO:0005739,0.7099,11,mitochondrion
B9J08_003983,0.5,GO:0046872,0.8205,7,metal ion binding
B9J08_003983,0.5,GO:0005634,0.7674,10,nucleus
B9J08_003983,0.5,GO:0016791,0.748,11,phosphatase activity
B9J08_003983,0.5,GO:0005737,0.6985,14,cytoplasm
B9J08_003983,0.5,GO:0016787,0.6977,15,hydrolase activity
B9J08_003986,0.5,GO:0005525,0.9945,13,GTP binding
B9J08_003987,0.5,GO:0003677,0.71,4,DNA binding
B9J08_003988,0.5,GO:0005874,0.9962,13,microtubule
B9J08_003989,0.5,GO:0004842,0.8157,11,ubiquitin-protein transferase activity
B9J08_003991,0.5,GO:0005524,0.9827,12,ATP binding
B9J08_003996,0.5,GO:0003677,0.9986,4,DNA binding
B9J08_003998,0.5,GO:0016208,0.9949,12,AMP binding
B9J08_004001,0.5,GO:0003676,0.9253,8,nucleic acid binding
B9J08_004001,0.5,GO:0003723,0.8297,14,RNA binding
B9J08_004003,0.5,GO:0045454,0.799,8,cell redox homeostasis
B9J08_004003,0.5,GO:0005634,0.5533,18,nucleus
B9J08_004006,0.5,GO:0006412,0.7842,8,translation
B9J08_004010,0.5,GO:0005576,0.5123,17,extracellular region
B9J08_004011,0.5,GO:0006629,0.8119,9,lipid metabolic process
B9J08_004011,0.5,GO:0016042,0.7468,15,lipid catabolic process
B9J08_004012,0.5,GO:0030001,0.7264,12,metal ion transport
B9J08_004012,0.5,GO:0016020,0.7222,13,membrane
B9J08_004012,0.5,GO:0006829,0.7126,14,zinc ion transport
B9J08_004015,0.5,GO:0003824,0.9271,4,catalytic activity
B9J08_004015,0.5,GO:0004553,0.9208,6,"hydrolase activity, hydrolyzing O-glycosyl compounds"
B9J08_004015,0.5,GO:0005975,0.9081,8,carbohydrate metabolic process
B9J08_004015,0.5,GO:0030246,0.7156,11,carbohydrate binding
B9J08_004015,0.5,GO:0005576,0.6425,14,extracellular region
B9J08_004016,0.5,GO:0008152,0.9124,6,metabolic process
B9J08_004019,0.5,GO:0016020,0.6933,11,membrane
B9J08_004025,0.5,GO:0003677,0.8179,11,DNA binding
B9J08_004026,0.5,GO:0007165,0.5236,7,signal transduction
B9J08_004028,0.5,GO:0004672,0.966,15,protein kinase activity
B9J08_004028,0.5,GO:0035376,0.9579,19,sterol import
B9J08_004029,0.5,GO:0004672,0.9698,18,protein kinase activity
B9J08_004030,0.5,GO:0005524,0.9934,16,ATP binding
B9J08_004035,0.5,GO:0005730,0.7086,19,nucleolus
B9J08_004040,0.5,GO:0022857,0.788,6,transmembrane transporter activity
B9J08_004041,0.5,GO:0003676,0.8493,3,nucleic acid binding
B9J08_004041,0.5,GO:0003723,0.699,17,RNA binding
B9J08_004050,0.5,GO:0016192,0.7625,18,vesicle-mediated transport
B9J08_004055,0.5,GO:0003676,0.718,17,nucleic acid binding
B9J08_004061,0.5,GO:0003677,0.9844,7,DNA binding
B9J08_004061,0.5,GO:0008270,0.9542,13,zinc ion binding
B9J08_004065,0.5,GO:0005886,0.5421,6,plasma membrane
B9J08_004066,0.5,GO:0015031,0.8419,15,protein transport
B9J08_004068,0.5,GO:0016020,0.9841,15,membrane
B9J08_004068,0.5,GO:0005524,0.9808,17,ATP binding
B9J08_004072,0.5,GO:0006122,0.6976,10,"mitochondrial electron transport, ubiquinol to cytochrome c"
B9J08_004072,0.5,GO:0046872,0.6191,17,metal ion binding
B9J08_004073,0.5,GO:0003899,0.8887,17,DNA-directed 5'-3' RNA polymerase activity
B9J08_004079,0.5,GO:0015031,0.616,19,protein transport
B9J08_004080,0.5,GO:0005730,0.8436,15,nucleolus
B9J08_004082,0.5,GO:0016020,0.7063,8,membrane
B9J08_004086,0.5,GO:0051301,0.9961,5,cell division
B9J08_004088,0.5,GO:0046872,0.9971,11,metal ion binding
B9J08_004094,0.5,GO:0000166,0.9812,15,nucleotide binding
B9J08_004094,0.5,GO:0005524,0.9798,18,ATP binding
B9J08_004095,0.5,GO:0003824,0.9817,10,catalytic activity
B9J08_004097,0.5,GO:0022857,0.8745,11,transmembrane transporter activity
B9J08_004099,0.5,GO:0016020,0.899,9,membrane
B9J08_004099,0.5,GO:0022857,0.8765,10,transmembrane transporter activity
B9J08_004104,0.5,GO:0045454,0.5293,18,cell redox homeostasis
B9J08_004111,0.5,GO:0005576,0.7478,11,extracellular region
B9J08_004111,0.5,GO:0004806,0.5175,20,triglyceride lipase activity
B9J08_004112,0.5,GO:0007155,0.7662,10,cell adhesion
B9J08_004112,0.5,GO:0031225,0.619,14,anchored component of membrane
B9J08_004113,0.5,GO:0022857,0.851,9,transmembrane transporter activity
B9J08_004114,0.5,GO:0016491,0.9414,2,oxidoreductase activity
B9J08_004115,0.5,GO:0003755,0.943,3,peptidyl-prolyl cis-trans isomerase activity
B9J08_004115,0.5,GO:0006457,0.9327,5,protein folding
B9J08_004115,0.5,GO:0051082,0.8413,15,unfolded protein binding
B9J08_004115,0.5,GO:0005737,0.7057,18,cytoplasm
B9J08_004115,0.5,GO:0005515,0.6964,19,protein binding
B9J08_004116,0.5,GO:0005524,0.9547,15,ATP binding
B9J08_004118,0.5,GO:0042910,0.7451,6,xenobiotic transmembrane transporter activity
B9J08_004119,0.5,GO:0005737,0.5736,5,cytoplasm
B9J08_004121,0.5,GO:0046872,0.9527,2,metal ion binding
B9J08_004122,0.5,GO:0016020,0.939,9,membrane
B9J08_004122,0.5,GO:0016765,0.8662,16,"transferase activity, transferring alkyl or aryl (other than methyl) groups"
B9J08_004124,0.5,GO:0005524,0.9932,12,ATP binding
B9J08_004126,0.5,GO:0016788,0.5157,11,"hydrolase activity, acting on ester bonds"
B9J08_004129,0.5,GO:0000166,0.9801,7,nucleotide binding
B9J08_004129,0.5,GO:0005524,0.9268,17,ATP binding
B9J08_004132,0.5,GO:0006886,0.8397,16,intracellular protein transport
B9J08_004132,0.5,GO:0031267,0.8372,17,small GTPase binding
B9J08_004140,0.5,GO:0022857,0.7089,12,transmembrane transporter activity
B9J08_004140,0.5,GO:0055085,0.6553,13,transmembrane transport
B9J08_004141,0.5,GO:0016020,0.8399,10,membrane
B9J08_004142,0.5,GO:0005524,0.9683,14,ATP binding
B9J08_004142,0.5,GO:0004672,0.9556,19,protein kinase activity
B9J08_004144,0.5,GO:0006465,0.9202,10,signal peptide processing
B9J08_004147,0.5,GO:0005525,0.9948,14,GTP binding
B9J08_004149,0.5,GO:0006629,0.8465,20,lipid metabolic process
B9J08_004154,0.5,GO:0016020,0.5696,10,membrane
B9J08_004155,0.5,GO:0005737,0.798,6,cytoplasm
B9J08_004155,0.5,GO:0002161,0.7435,14,aminoacyl-tRNA editing activity
B9J08_004156,0.5,GO:0005576,0.6447,11,extracellular region
B9J08_004157,0.5,GO:0016020,0.8744,9,membrane
B9J08_004161,0.5,GO:0020037,0.9955,3,heme binding
B9J08_004161,0.5,GO:0005506,0.9204,14,iron ion binding
B9J08_004161,0.5,GO:0004497,0.9037,15,monooxygenase activity
B9J08_004161,0.5,GO:0016705,0.6514,19,"oxidoreductase activity, acting on paired donors, with incorporation or reduction of molecular oxygen"
B9J08_004165,0.5,GO:0008152,0.7431,10,metabolic process
B9J08_004166,0.5,GO:0005524,0.9969,9,ATP binding
B9J08_004167,0.5,GO:0005634,0.9352,10,nucleus
B9J08_004171,0.5,GO:0003700,0.7945,7,DNA-binding transcription factor activity
B9J08_004172,0.5,GO:0005576,0.6285,9,extracellular region
B9J08_004172,0.5,GO:0016042,0.5483,11,lipid catabolic process
B9J08_004173,0.5,GO:0005576,0.7048,8,extracellular region
B9J08_004175,0.5,GO:0005576,0.8087,5,extracellular region
B9J08_004175,0.5,GO:0004806,0.6544,7,triglyceride lipase activity
B9J08_004176,0.5,GO:0005576,0.7824,3,extracellular region
B9J08_004176,0.5,GO:0004806,0.522,14,triglyceride lipase activity
B9J08_004177,0.5,GO:0005576,0.6804,6,extracellular region
B9J08_004181,0.5,GO:0003723,0.5904,16,RNA binding
B9J08_004185,0.5,GO:0005763,0.7597,10,mitochondrial small ribosomal subunit
B9J08_004185,0.5,GO:0003735,0.6672,14,structural constituent of ribosome
B9J08_004188,0.5,GO:0022857,0.9407,11,transmembrane transporter activity
B9J08_004188,0.5,GO:0015833,0.7961,16,peptide transport
B9J08_004188,0.5,GO:0006857,0.7903,17,oligopeptide transport
B9J08_004189,0.5,GO:0051537,0.869,19,"2 iron, 2 sulfur cluster binding"
B9J08_004190,0.5,GO:0003779,0.795,12,actin binding
B9J08_004192,0.5,GO:0006807,0.6478,15,nitrogen compound metabolic process
B9J08_004196,0.5,GO:0006886,0.8298,20,intracellular protein transport
B9J08_004204,0.5,GO:0022857,0.768,6,transmembrane transporter activity
B9J08_004204,0.5,GO:0016020,0.5379,16,membrane
B9J08_004205,0.5,GO:0003824,0.6895,15,catalytic activity
B9J08_004210,0.5,GO:0046872,0.9317,6,metal ion binding
B9J08_004210,0.5,GO:0004222,0.6721,14,metalloendopeptidase activity
B9J08_004212,0.5,GO:0046872,0.9055,6,metal ion binding
B9J08_004212,0.5,GO:0005634,0.7437,11,nucleus
B9J08_004214,0.5,GO:0003677,0.7974,10,DNA binding
B9J08_004217,0.5,GO:0005524,0.7077,11,ATP binding
B9J08_004220,0.5,GO:0015031,0.8373,17,protein transport
B9J08_004225,0.5,GO:0005525,0.9968,11,GTP binding
B9J08_004225,0.5,GO:0044208,0.9963,13,'de novo' AMP biosynthetic process
B9J08_004227,0.5,GO:0005634,0.7115,10,nucleus
B9J08_004227,0.5,GO:0016310,0.6417,20,phosphorylation
B9J08_004228,0.5,GO:0016791,0.9399,6,phosphatase activity
B9J08_004229,0.5,GO:0005743,0.7914,15,mitochondrial inner membrane
B9J08_004229,0.5,GO:0070469,0.6631,16,respirasome
B9J08_004230,0.5,GO:0005525,0.9844,12,GTP binding
B9J08_004231,0.5,GO:0005525,0.9887,5,GTP binding
B9J08_004233,0.5,GO:0005737,0.6748,6,cytoplasm
B9J08_004237,0.5,GO:0006457,0.6395,7,protein folding
B9J08_004243,0.5,GO:0022857,0.6287,12,transmembrane transporter activity
B9J08_004249,0.5,GO:0003676,0.8803,9,nucleic acid binding
B9J08_004258,0.5,GO:0051301,0.5675,17,cell division
B9J08_004259,0.5,GO:0003824,0.7675,8,catalytic activity
B9J08_004259,0.5,GO:0016787,0.6709,10,hydrolase activity
B9J08_004259,0.5,GO:0016020,0.5708,16,membrane
B9J08_004263,0.5,GO:0046416,0.6343,16,D-amino acid metabolic process
B9J08_004264,0.5,GO:0022857,0.9601,8,transmembrane transporter activity
B9J08_004264,0.5,GO:0016020,0.8446,15,membrane
B9J08_004265,0.5,GO:0046872,0.808,9,metal ion binding
B9J08_004265,0.5,GO:0003677,0.7387,12,DNA binding
B9J08_004265,0.5,GO:0005737,0.511,19,cytoplasm
B9J08_004267,0.5,GO:0005739,0.6323,18,mitochondrion
B9J08_004267,0.5,GO:0046872,0.6275,19,metal ion binding
B9J08_004268,0.5,GO:0005515,0.5498,11,protein binding
B9J08_004271,0.5,GO:0003700,0.8753,12,DNA-binding transcription factor activity
B9J08_004273,0.5,GO:0004129,0.8059,16,cytochrome-c oxidase activity
B9J08_004277,0.5,GO:0008270,0.6703,13,zinc ion binding
B9J08_004277,0.5,GO:0006886,0.6462,16,intracellular protein transport
B9J08_004278,0.5,GO:0005737,0.558,6,cytoplasm
B9J08_004279,0.5,GO:0071467,0.606,19,cellular response to pH
B9J08_004285,0.5,GO:0000166,0.9824,7,nucleotide binding
B9J08_004285,0.5,GO:0005524,0.976,10,ATP binding
B9J08_004286,0.5,GO:0016020,0.9896,6,membrane
B9J08_004286,0.5,GO:0030479,0.9742,15,actin cortical patch
B9J08_004286,0.5,GO:0006897,0.9573,20,endocytosis
B9J08_004292,0.5,GO:0016813,0.8899,16,"hydrolase activity, acting on carbon-nitrogen (but not peptide) bonds, in linear amidines"
B9J08_004294,0.5,GO:0045047,0.9968,6,protein targeting to ER
B9J08_004294,0.5,GO:0000166,0.9952,9,nucleotide binding
B9J08_004294,0.5,GO:0006605,0.9912,20,protein targeting
B9J08_004295,0.5,GO:0006646,0.7623,12,phosphatidylethanolamine biosynthetic process
B9J08_004295,0.5,GO:0004609,0.6895,19,phosphatidylserine decarboxylase activity
B9J08_004295,0.5,GO:0008654,0.683,20,phospholipid biosynthetic process
B9J08_004298,0.5,GO:0030956,0.9979,12,glutamyl-tRNA(Gln) amidotransferase complex
B9J08_004298,0.5,GO:0003824,0.997,13,catalytic activity
B9J08_004299,0.5,GO:0035998,0.9996,7,"7,8-dihydroneopterin 3'-triphosphate biosynthetic process"
B9J08_004301,0.5,GO:0003677,0.588,8,DNA binding
B9J08_004303,0.5,GO:0003677,0.9418,11,DNA binding
B9J08_004309,0.5,GO:0005524,0.9661,12,ATP binding
B9J08_004315,0.5,GO:0016020,0.7447,7,membrane
B9J08_004315,0.5,GO:0000139,0.6339,13,Golgi membrane
B9J08_004318,0.5,GO:0007017,0.6858,18,microtubule-based process
B9J08_004319,0.5,GO:0005525,0.9863,10,GTP binding
B9J08_004320,0.5,GO:0000321,0.9228,14,re-entry into mitotic cell cycle after pheromone arrest
B9J08_004321,0.5,GO:0005524,0.9933,7,ATP binding
B9J08_004321,0.5,GO:0000166,0.9927,8,nucleotide binding
B9J08_004322,0.5,GO:0005524,0.997,5,ATP binding
B9J08_004323,0.5,GO:0005739,0.6726,17,mitochondrion
B9J08_004326,0.5,GO:0044255,0.7055,18,cellular lipid metabolic process
B9J08_004331,0.5,GO:0008270,0.988,6,zinc ion binding
B9J08_004331,0.5,GO:0016491,0.9296,10,oxidoreductase activity
B9J08_004331,0.5,GO:0005737,0.8556,13,cytoplasm
B9J08_004334,0.5,GO:0005634,0.8296,11,nucleus
B9J08_004334,0.5,GO:0003677,0.7748,13,DNA binding
B9J08_004336,0.5,GO:0005524,0.9823,12,ATP binding
B9J08_004338,0.5,GO:0005524,0.9789,8,ATP binding
B9J08_004338,0.5,GO:0051082,0.9728,14,unfolded protein binding
B9J08_004338,0.5,GO:0006457,0.9678,18,protein folding
B9J08_004339,0.5,GO:0005737,0.6366,9,cytoplasm
B9J08_004340,0.5,GO:0005524,0.9899,10,ATP binding
B9J08_004341,0.5,GO:0016491,0.8156,6,oxidoreductase activity
B9J08_004343,0.5,GO:0006797,0.5638,18,polyphosphate metabolic process
B9J08_004344,0.5,GO:0000166,0.9533,7,nucleotide binding
B9J08_004344,0.5,GO:0005524,0.9526,8,ATP binding
B9J08_004345,0.5,GO:0016491,0.9116,3,oxidoreductase activity
B9J08_004345,0.5,GO:0050660,0.7649,11,flavin adenine dinucleotide binding
B9J08_004349,0.5,GO:0006886,0.6591,18,intracellular protein transport
B9J08_004352,0.5,GO:0019510,0.9986,3,S-adenosylhomocysteine catabolic process
B9J08_004352,0.5,GO:0006730,0.9986,4,one-carbon metabolic process
B9J08_004353,0.5,GO:0003677,0.9823,6,DNA binding
B9J08_004353,0.5,GO:0005634,0.8641,20,nucleus
B9J08_004355,0.5,GO:0008270,0.9444,15,zinc ion binding
B9J08_004355,0.5,GO:0003700,0.9195,16,DNA-binding transcription factor activity
B9J08_004357,0.5,GO:0016787,0.9728,3,hydrolase activity
B9J08_004357,0.5,GO:0008233,0.9488,4,peptidase activity
B9J08_004357,0.5,GO:0005737,0.6474,14,cytoplasm
B9J08_004360,0.5,GO:0016787,0.5416,11,hydrolase activity
B9J08_004360,0.5,GO:0005737,0.529,12,cytoplasm
B9J08_004361,0.5,GO:0045454,0.9895,1,cell redox homeostasis
B9J08_004361,0.5,GO:0003756,0.8568,14,protein disulfide isomerase activity
B9J08_004361,0.5,GO:0016853,0.8256,18,isomerase activity
B9J08_004361,0.5,GO:0005788,0.7665,19,endoplasmic reticulum lumen
B9J08_004363,0.5,GO:0000338,0.6528,16,protein deneddylation
B9J08_004365,0.5,GO:0005743,0.9483,19,mitochondrial inner membrane
B9J08_004369,0.5,GO:0005524,0.9928,16,ATP binding
B9J08_004374,0.5,GO:0015031,0.996,7,protein transport
B9J08_004375,0.5,GO:0006096,0.9941,12,glycolytic process
B9J08_004377,0.5,GO:0005634,0.6817,11,nucleus
B9J08_004380,0.5,GO:0016301,0.6533,16,kinase activity
B9J08_004380,0.5,GO:0016773,0.6226,19,"phosphotransferase activity, alcohol group as acceptor"
B9J08_004382,0.5,GO:0005886,0.9341,4,plasma membrane
B9J08_004382,0.5,GO:0031505,0.5927,18,fungal-type cell wall organization
B9J08_004385,0.5,GO:0005525,0.9035,7,GTP binding
B9J08_004388,0.5,GO:0003723,0.7399,14,RNA binding
B9J08_004393,0.5,GO:0006241,0.995,7,CTP biosynthetic process
B9J08_004393,0.5,GO:0003883,0.9913,17,CTP synthase activity
B9J08_004396,0.5,GO:0003735,0.6483,17,structural constituent of ribosome
B9J08_004396,0.5,GO:0005763,0.6412,18,mitochondrial small ribosomal subunit
B9J08_004399,0.5,GO:0016192,0.8272,9,vesicle-mediated transport
B9J08_004399,0.5,GO:0016020,0.592,20,membrane
B9J08_004401,0.5,GO:0000166,0.9829,3,nucleotide binding
B9J08_004401,0.5,GO:0005524,0.9765,13,ATP binding
B9J08_004402,0.5,GO:0000993,0.985,8,RNA polymerase II complex binding
B9J08_004402,0.5,GO:0006355,0.98,14,"regulation of transcription, DNA-templated"
B9J08_004403,0.5,GO:0016020,0.5118,12,membrane
B9J08_004406,0.5,GO:0003824,0.9805,8,catalytic activity
B9J08_004406,0.5,GO:0005524,0.9781,10,ATP binding
B9J08_004407,0.5,GO:0006869,0.9968,13,lipid transport
B9J08_004408,0.5,GO:0003824,0.9091,9,catalytic activity
B9J08_004408,0.5,GO:0008654,0.8606,15,phospholipid biosynthetic process
B9J08_004409,0.5,GO:0005737,0.5813,12,cytoplasm
B9J08_004410,0.5,GO:0005975,0.9738,4,carbohydrate metabolic process
B9J08_004410,0.5,GO:0005618,0.8566,10,cell wall
B9J08_004410,0.5,GO:0004553,0.7519,16,"hydrolase activity, hydrolyzing O-glycosyl compounds"
B9J08_004410,0.5,GO:0016798,0.6756,19,"hydrolase activity, acting on glycosyl bonds"
B9J08_004411,0.5,GO:0006897,0.9288,20,endocytosis
B9J08_004412,0.5,GO:0001671,0.8882,18,ATPase activator activity
B9J08_004417,0.5,GO:0008152,0.82,5,metabolic process
B9J08_004417,0.5,GO:0016791,0.6974,10,phosphatase activity
B9J08_004420,0.5,GO:0005524,0.9176,9,ATP binding
B9J08_004421,0.5,GO:0005634,0.9234,17,nucleus
B9J08_004423,0.5,GO:0003743,0.8019,18,translation initiation factor activity
B9J08_004427,0.5,GO:0005743,0.9679,13,mitochondrial inner membrane
B9J08_004429,0.5,GO:0022857,0.8699,5,transmembrane transporter activity
B9J08_004429,0.5,GO:0016020,0.6769,10,membrane
B9J08_004430,0.5,GO:0000166,0.9904,5,nucleotide binding
B9J08_004430,0.5,GO:0005524,0.9875,7,ATP binding
B9J08_004432,0.5,GO:0003676,0.7178,2,nucleic acid binding
B9J08_004432,0.5,GO:0003723,0.7,4,RNA binding
B9J08_004432,0.5,GO:1990904,0.6356,9,ribonucleoprotein complex
B9J08_004432,0.5,GO:0003729,0.5473,13,mRNA binding
B9J08_004436,0.5,GO:0022857,0.9405,6,transmembrane transporter activity
B9J08_004443,0.5,GO:0005634,0.8939,5,nucleus
B9J08_004443,0.5,GO:0003676,0.8933,6,nucleic acid binding
B9J08_004446,0.5,GO:0000166,0.9798,3,nucleotide binding
B9J08_004446,0.5,GO:0005524,0.9402,20,ATP binding
B9J08_004447,0.5,GO:0016757,0.9185,20,"transferase activity, transferring glycosyl groups"
B9J08_004448,0.5,GO:0055085,0.68,12,transmembrane transport
B9J08_004452,0.5,GO:0000166,0.9968,6,nucleotide binding
B9J08_004452,0.5,GO:0005524,0.9951,10,ATP binding
B9J08_004456,0.5,GO:0005515,0.7396,5,protein binding
B9J08_004458,0.5,GO:0008270,0.8848,20,zinc ion binding
B9J08_004461,0.5,GO:0005739,0.5842,15,mitochondrion
B9J08_004463,0.5,GO:0005524,0.9864,12,ATP binding
B9J08_004472,0.5,GO:0016020,0.8241,6,membrane
B9J08_004474,0.5,GO:0022857,0.8998,10,transmembrane transporter activity
B9J08_004475,0.5,GO:0022857,0.8232,11,transmembrane transporter activity
B9J08_004477,0.5,GO:0003824,0.9902,2,catalytic activity
B9J08_004477,0.5,GO:0004553,0.9135,9,"hydrolase activity, hydrolyzing O-glycosyl compounds"
B9J08_004477,0.5,GO:0005975,0.8961,10,carbohydrate metabolic process
B9J08_004477,0.5,GO:0005576,0.7941,13,extracellular region
B9J08_004477,0.5,GO:0008422,0.7046,18,beta-glucosidase activity
B9J08_004477,0.5,GO:0000272,0.6776,20,polysaccharide catabolic process
B9J08_004478,0.5,GO:0020037,0.9645,12,heme binding
B9J08_004478,0.5,GO:0005506,0.9128,13,iron ion binding
B9J08_004478,0.5,GO:0004497,0.9056,14,monooxygenase activity
B9J08_004478,0.5,GO:0016705,0.6568,17,"oxidoreductase activity, acting on paired donors, with incorporation or reduction of molecular oxygen"
B9J08_004478,0.5,GO:0016712,0.6083,19,"oxidoreductase activity, acting on paired donors, with incorporation or reduction of molecular oxygen, reduced flavin or flavoprotein as one donor, and incorporation of one atom of oxygen"
B9J08_004479,0.5,GO:0055085,0.6457,16,transmembrane transport
B9J08_004482,0.5,GO:0005739,0.6112,17,mitochondrion
B9J08_004483,0.5,GO:0005758,0.9549,11,mitochondrial intermembrane space
B9J08_004485,0.5,GO:0005524,0.9565,15,ATP binding
B9J08_004486,0.5,GO:0005739,0.615,11,mitochondrion
B9J08_004487,0.5,GO:0051020,0.5989,10,GTPase binding
B9J08_004487,0.5,GO:0005515,0.5433,15,protein binding
B9J08_004493,0.5,GO:0005737,0.5441,8,cytoplasm
B9J08_004494,0.5,GO:0016020,0.7989,13,membrane
B9J08_004494,0.5,GO:0006812,0.7274,16,cation transport
B9J08_004497,0.5,GO:0004128,0.8037,7,"cytochrome-b5 reductase activity, acting on NAD(P)H"
B9J08_004497,0.5,GO:0016491,0.6836,16,oxidoreductase activity
B9J08_004498,0.5,GO:0005618,0.8394,3,cell wall
B9J08_004498,0.5,GO:0005576,0.7752,6,extracellular region
B9J08_004498,0.5,GO:0031225,0.76,7,anchored component of membrane
B9J08_004499,0.5,GO:0005525,0.9969,8,GTP binding
B9J08_004501,0.5,GO:0016491,0.9232,7,oxidoreductase activity
B9J08_004501,0.5,GO:0003885,0.9158,8,"D-arabinono-1,4-lactone oxidase activity"
B9J08_004501,0.5,GO:0050660,0.8034,19,flavin adenine dinucleotide binding
B9J08_004503,0.5,GO:0004298,0.9946,4,threonine-type endopeptidase activity
B9J08_004503,0.5,GO:0008233,0.9882,10,peptidase activity
B9J08_004503,0.5,GO:0004175,0.9869,12,endopeptidase activity
B9J08_004504,0.5,GO:0005524,0.9898,12,ATP binding
B9J08_004507,0.5,GO:0046592,0.7573,11,polyamine oxidase activity
B9J08_004507,0.5,GO:0016491,0.7009,16,oxidoreductase activity
B9J08_004507,0.5,GO:0046208,0.6472,20,spermine catabolic process
B9J08_004509,0.5,GO:0003676,0.5731,10,nucleic acid binding
B9J08_004510,0.5,GO:0005783,0.5541,16,endoplasmic reticulum
B9J08_004510,0.5,GO:0016020,0.5281,20,membrane
B9J08_004512,0.5,GO:0008535,0.8586,12,respiratory chain complex IV assembly
B9J08_004512,0.5,GO:0033617,0.8069,14,mitochondrial respiratory chain complex IV assembly
B9J08_004513,0.5,GO:0006810,0.8899,6,transport
B9J08_004513,0.5,GO:0022857,0.7869,11,transmembrane transporter activity
B9J08_004513,0.5,GO:0005886,0.7645,14,plasma membrane
B9J08_004513,0.5,GO:0016020,0.7473,18,membrane
B9J08_004518,0.5,GO:0016491,0.8958,9,oxidoreductase activity
B9J08_004518,0.5,GO:0045454,0.8832,12,cell redox homeostasis
B9J08_004518,0.5,GO:0004601,0.8545,14,peroxidase activity
B9J08_004522,0.5,GO:0005524,0.9462,12,ATP binding
B9J08_004524,0.5,GO:0005525,0.9881,7,GTP binding
B9J08_004525,0.5,GO:0016491,0.8054,4,oxidoreductase activity
B9J08_004526,0.5,GO:0005615,0.5318,12,extracellular space
B9J08_004531,0.5,GO:0016787,0.7735,3,hydrolase activity
B9J08_004533,0.5,GO:0022857,0.7869,12,transmembrane transporter activity
B9J08_004533,0.5,GO:0055085,0.6305,13,transmembrane transport
B9J08_004533,0.5,GO:0016020,0.6115,14,membrane
B9J08_004534,0.5,GO:0005737,0.7073,6,cytoplasm
B9J08_004536,0.5,GO:0005737,0.5784,10,cytoplasm
B9J08_004539,0.5,GO:0015171,0.6456,19,amino acid transmembrane transporter activity
B9J08_004542,0.5,GO:0102343,0.6623,13,3-hydroxy-arachidoyl-CoA dehydratase activity
B9J08_004543,0.5,GO:0102345,0.8478,7,3-hydroxy-lignoceroyl-CoA dehydratase activity
B9J08_004543,0.5,GO:0102343,0.806,12,3-hydroxy-arachidoyl-CoA dehydratase activity
B9J08_004543,0.5,GO:0102158,0.8004,14,very-long-chain 3-hydroxyacyl-CoA dehydratase activity
B9J08_004543,0.5,GO:0102344,0.7839,16,3-hydroxy-behenoyl-CoA dehydratase activity
B9J08_004544,0.5,GO:0015031,0.7716,18,protein transport
B9J08_004545,0.5,GO:0055085,0.6898,17,transmembrane transport
B9J08_004546,0.5,GO:0045454,0.8843,1,cell redox homeostasis
B9J08_004549,0.5,GO:0004175,0.7106,17,endopeptidase activity
B9J08_004550,0.5,GO:0006740,0.9857,15,NADPH regeneration
B9J08_004551,0.5,GO:0008236,0.8029,10,serine-type peptidase activity
B9J08_004551,0.5,GO:0004252,0.6681,13,serine-type endopeptidase activity
B9J08_004552,0.5,GO:0004252,0.848,10,serine-type endopeptidase activity
B9J08_004552,0.5,GO:0008236,0.8298,11,serine-type peptidase activity
B9J08_004553,0.5,GO:0008233,0.8992,9,peptidase activity
B9J08_004553,0.5,GO:0004222,0.7857,17,metalloendopeptidase activity
B9J08_004557,0.5,GO:0005634,0.6631,8,nucleus
B9J08_004558,0.5,GO:0004721,0.962,10,phosphoprotein phosphatase activity
B9J08_004558,0.5,GO:0005737,0.9032,15,cytoplasm
B9J08_004561,0.5,GO:0006807,0.996,13,nitrogen compound metabolic process
B9J08_004561,0.5,GO:0003824,0.9959,14,catalytic activity
B9J08_004569,0.5,GO:0051082,0.9261,5,unfolded protein binding
B9J08_004569,0.5,GO:0006457,0.9134,7,protein folding
B9J08_004569,0.5,GO:0016272,0.8007,10,prefoldin complex
B9J08_004569,0.5,GO:0005737,0.751,13,cytoplasm
B9J08_004573,0.5,GO:0022857,0.8643,7,transmembrane transporter activity
B9J08_004579,0.5,GO:0003746,0.9936,15,translation elongation factor activity
B9J08_004579,0.5,GO:0005525,0.9922,20,GTP binding
B9J08_004581,0.5,GO:0005525,0.9978,3,GTP binding
B9J08_004583,0.5,GO:0016491,0.5499,3,oxidoreductase activity
B9J08_004584,0.5,GO:0022857,0.8437,11,transmembrane transporter activity
B9J08_004584,0.5,GO:0055085,0.5823,20,transmembrane transport
B9J08_004587,0.5,GO:0016765,0.7733,12,"transferase activity, transferring alkyl or aryl (other than methyl) groups"
B9J08_004587,0.5,GO:0009058,0.7066,18,biosynthetic process
B9J08_004588,0.5,GO:0005525,0.9938,5,GTP binding
B9J08_004590,0.5,GO:0006629,0.9766,16,lipid metabolic process
B9J08_004593,0.5,GO:0016020,0.8947,17,membrane
B9J08_004593,0.5,GO:0006885,0.8843,19,regulation of pH
B9J08_004600,0.5,GO:0016491,0.9421,4,oxidoreductase activity
B9J08_004600,0.5,GO:0008270,0.8365,10,zinc ion binding
B9J08_004601,0.5,GO:0000166,0.9541,14,nucleotide binding
B9J08_004601,0.5,GO:0005524,0.951,15,ATP binding
B9J08_004602,0.5,GO:0005886,0.6565,15,plasma membrane
B9J08_004602,0.5,GO:0055085,0.5677,20,transmembrane transport
B9J08_004607,0.5,GO:0035091,0.5545,15,phosphatidylinositol binding
B9J08_004608,0.5,GO:0071255,0.9147,9,Cvt vesicle assembly
B9J08_004608,0.5,GO:0071562,0.9039,13,nucleus-vacuole junction assembly
B9J08_004608,0.5,GO:0071561,0.8879,18,nucleus-vacuole junction
B9J08_004610,0.5,GO:0046872,0.9951,7,metal ion binding
B9J08_004610,0.5,GO:0005524,0.9663,20,ATP binding
B9J08_004611,0.5,GO:0006913,0.96,16,nucleocytoplasmic transport
B9J08_004620,0.5,GO:0003676,0.5065,20,nucleic acid binding
B9J08_004621,0.5,GO:0003676,0.8465,10,nucleic acid binding
B9J08_004624,0.5,GO:0003676,0.868,5,nucleic acid binding
B9J08_004624,0.5,GO:0003677,0.8305,11,DNA binding
B9J08_004626,0.5,GO:0005730,0.8259,19,nucleolus
B9J08_004627,0.5,GO:0003723,0.6727,9,RNA binding
B9J08_004627,0.5,GO:0005737,0.6663,10,cytoplasm
B9J08_004627,0.5,GO:0003729,0.5262,18,mRNA binding
B9J08_004633,0.5,GO:0022857,0.8855,4,transmembrane transporter activity
B9J08_004633,0.5,GO:0015183,0.8413,7,L-aspartate transmembrane transporter activity
B9J08_004635,0.5,GO:0005758,0.8439,13,mitochondrial intermembrane space
B9J08_004636,0.5,GO:0004540,0.5774,10,ribonuclease activity
B9J08_004636,0.5,GO:0003676,0.5723,11,nucleic acid binding
B9J08_004636,0.5,GO:0004527,0.5496,12,exonuclease activity
B9J08_004636,0.5,GO:0003723,0.5084,19,RNA binding
B9J08_004638,0.5,GO:0003676,0.8604,16,nucleic acid binding
B9J08_004638,0.5,GO:0005634,0.844,19,nucleus
B9J08_004639,0.5,GO:0005524,0.981,19,ATP binding
B9J08_004641,0.5,GO:0015031,0.9814,11,protein transport
B9J08_004643,0.5,GO:0003677,0.6726,12,DNA binding
B9J08_004644,0.5,GO:0005739,0.5821,18,mitochondrion
B9J08_004647,0.5,GO:0071455,0.9946,15,cellular response to hyperoxia
B9J08_004648,0.5,GO:0008233,0.9855,5,peptidase activity
B9J08_004648,0.5,GO:0004175,0.8788,8,endopeptidase activity
B9J08_004648,0.5,GO:0008236,0.6984,15,serine-type peptidase activity
B9J08_004648,0.5,GO:0005615,0.6842,17,extracellular space
B9J08_004648,0.5,GO:0004252,0.6634,20,serine-type endopeptidase activity
B9J08_004652,0.5,GO:0005524,0.9953,17,ATP binding
B9J08_004656,0.5,GO:0003995,0.6092,11,acyl-CoA dehydrogenase activity
B9J08_004656,0.5,GO:0050660,0.5851,13,flavin adenine dinucleotide binding
B9J08_004657,0.5,GO:0005634,0.6796,16,nucleus
B9J08_004658,0.5,GO:0005524,0.8087,20,ATP binding
B9J08_004659,0.5,GO:0016620,0.9489,2,"oxidoreductase activity, acting on the aldehyde or oxo group of donors, NAD or NADP as acceptor"
B9J08_004659,0.5,GO:0008152,0.9479,4,metabolic process
B9J08_004659,0.5,GO:0016491,0.9236,10,oxidoreductase activity
B9J08_004659,0.5,GO:0006807,0.8675,15,nitrogen compound metabolic process
B9J08_004662,0.5,GO:0022857,0.9306,12,transmembrane transporter activity
B9J08_004662,0.5,GO:0055085,0.9155,13,transmembrane transport
B9J08_004666,0.5,GO:0016491,0.907,5,oxidoreductase activity
B9J08_004666,0.5,GO:0071949,0.6653,17,FAD binding
B9J08_004666,0.5,GO:0003884,0.6102,20,D-amino-acid oxidase activity
B9J08_004674,0.5,GO:0005515,0.7461,6,protein binding
B9J08_004674,0.5,GO:0006897,0.5278,18,endocytosis
B9J08_004675,0.5,GO:0005524,0.993,14,ATP binding
B9J08_004681,0.5,GO:0016491,0.8898,1,oxidoreductase activity
B9J08_004681,0.5,GO:0016616,0.6535,6,"oxidoreductase activity, acting on the CH-OH group of donors, NAD or NADP as acceptor"
B9J08_004690,0.5,GO:0022857,0.9058,7,transmembrane transporter activity
B9J08_004692,0.5,GO:0022857,0.9249,5,transmembrane transporter activity
B9J08_004692,0.5,GO:0016020,0.7089,16,membrane
B9J08_004704,0.5,GO:0000166,0.9672,5,nucleotide binding
B9J08_004704,0.5,GO:0016787,0.6465,20,hydrolase activity
B9J08_004709,0.5,GO:0016491,0.9842,3,oxidoreductase activity
B9J08_004709,0.5,GO:0010181,0.9789,5,FMN binding
B9J08_004712,0.5,GO:0015248,0.8505,3,sterol transporter activity
B9J08_004712,0.5,GO:0008289,0.6278,9,lipid binding
B9J08_004712,0.5,GO:0015918,0.5187,18,sterol transport
B9J08_004714,0.5,GO:0030337,0.8525,7,DNA polymerase processivity factor activity
B9J08_004718,0.5,GO:0015248,0.8187,5,sterol transporter activity
B9J08_004718,0.5,GO:0032934,0.6495,14,sterol binding
B9J08_004721,0.5,GO:0000166,0.985,6,nucleotide binding
B9J08_004721,0.5,GO:0005524,0.9832,11,ATP binding
B9J08_004722,0.5,GO:0005777,0.519,12,peroxisome
B9J08_004725,0.5,GO:0022857,0.9395,8,transmembrane transporter activity
B9J08_004725,0.5,GO:0005886,0.7993,20,plasma membrane
B9J08_004728,0.5,GO:0032977,0.8494,12,membrane insertase activity
B9J08_004728,0.5,GO:0051205,0.7658,13,protein insertion into membrane
B9J08_004736,0.5,GO:0003676,0.883,16,nucleic acid binding
B9J08_004737,0.5,GO:0006090,0.9528,15,pyruvate metabolic process
B9J08_004741,0.5,GO:0003824,0.7569,2,catalytic activity
B9J08_004742,0.5,GO:0016020,0.8529,15,membrane
B9J08_004742,0.5,GO:0046872,0.8341,17,metal ion binding
B9J08_004742,0.5,GO:0020037,0.8225,19,heme binding
B9J08_004745,0.5,GO:0008643,0.7213,11,carbohydrate transport
B9J08_004746,0.5,GO:0019706,0.9997,8,protein-cysteine S-palmitoyltransferase activity
B9J08_004751,0.5,GO:0016787,0.6294,9,hydrolase activity
B9J08_004752,0.5,GO:0071819,0.9961,11,DUBm complex
B9J08_004753,0.5,GO:0046872,0.9176,6,metal ion binding
B9J08_004753,0.5,GO:0045271,0.9041,10,respiratory chain complex I
B9J08_004753,0.5,GO:0051536,0.859,18,iron-sulfur cluster binding
B9J08_004753,0.5,GO:0005747,0.8387,19,mitochondrial respiratory chain complex I
B9J08_004754,0.5,GO:0003677,0.9479,4,DNA binding
B9J08_004754,0.5,GO:0046982,0.8302,15,protein heterodimerization activity
B9J08_004754,0.5,GO:0005634,0.8146,19,nucleus
B9J08_004756,0.5,GO:0003676,0.9498,5,nucleic acid binding
B9J08_004756,0.5,GO:0003723,0.8843,12,RNA binding
B9J08_004759,0.5,GO:0016192,0.9812,2,vesicle-mediated transport
B9J08_004759,0.5,GO:0006888,0.9312,13,endoplasmic reticulum to Golgi vesicle-mediated transport
B9J08_004759,0.5,GO:0030134,0.8657,18,COPII-coated ER to Golgi transport vesicle
B9J08_004764,0.5,GO:0016491,0.983,14,oxidoreductase activity
B9J08_004766,0.5,GO:0000166,0.9981,9,nucleotide binding
B9J08_004766,0.5,GO:0005524,0.9967,12,ATP binding
B9J08_004773,0.5,GO:0005515,0.6302,14,protein binding
B9J08_004774,0.5,GO:0003824,0.8523,9,catalytic activity
B9J08_004774,0.5,GO:0006520,0.7649,16,cellular amino acid metabolic process
B9J08_004775,0.5,GO:0022857,0.8259,13,transmembrane transporter activity
B9J08_004775,0.5,GO:0055085,0.6287,20,transmembrane transport
B9J08_004784,0.5,GO:0000974,0.7055,17,Prp19 complex
B9J08_004785,0.5,GO:0005524,0.9958,11,ATP binding
B9J08_004787,0.5,GO:0005634,0.8089,14,nucleus
B9J08_004793,0.5,GO:0016020,0.6256,2,membrane
B9J08_004795,0.5,GO:0006355,0.9904,2,"regulation of transcription, DNA-templated"
B9J08_004796,0.5,GO:0003676,0.7604,11,nucleic acid binding
B9J08_004796,0.5,GO:0003723,0.682,16,RNA binding
B9J08_004797,0.5,GO:0022857,0.9691,5,transmembrane transporter activity
B9J08_004797,0.5,GO:0008643,0.8885,17,carbohydrate transport
B9J08_004798,0.5,GO:0006520,0.9624,14,cellular amino acid metabolic process
B9J08_004800,0.5,GO:0003677,0.5096,14,DNA binding
B9J08_004801,0.5,GO:0005634,0.6626,9,nucleus
B9J08_004804,0.5,GO:0016491,0.8159,8,oxidoreductase activity
B9J08_004804,0.5,GO:0016616,0.7717,10,"oxidoreductase activity, acting on the CH-OH group of donors, NAD or NADP as acceptor"
B9J08_004805,0.5,GO:0005737,0.5012,15,cytoplasm
B9J08_004809,0.5,GO:0005737,0.5801,17,cytoplasm
B9J08_004811,0.5,GO:0003723,0.7681,15,RNA binding
B9J08_004814,0.5,GO:0003824,0.8055,18,catalytic activity
B9J08_004815,0.5,GO:0071467,0.789,9,cellular response to pH
B9J08_004815,0.5,GO:0005886,0.7649,11,plasma membrane
B9J08_004815,0.5,GO:0016020,0.7381,12,membrane
B9J08_004816,0.5,GO:0043087,0.964,6,regulation of GTPase activity
B9J08_004819,0.5,GO:0003677,0.983,6,DNA binding
B9J08_004820,0.5,GO:0005634,0.9258,13,nucleus
B9J08_004820,0.5,GO:0008270,0.9176,15,zinc ion binding
B9J08_004820,0.5,GO:0003677,0.9099,18,DNA binding
B9J08_004823,0.5,GO:0016020,0.753,6,membrane
B9J08_004824,0.5,GO:0005096,0.7911,12,GTPase activator activity
B9J08_004827,0.5,GO:0005789,0.91,16,endoplasmic reticulum membrane
B9J08_004828,0.5,GO:0003824,0.8701,2,catalytic activity
B9J08_004828,0.5,GO:0016616,0.6441,10,"oxidoreductase activity, acting on the CH-OH group of donors, NAD or NADP as acceptor"
B9J08_004829,0.5,GO:0005743,0.7761,20,mitochondrial inner membrane
B9J08_004830,0.5,GO:0022857,0.8463,12,transmembrane transporter activity
B9J08_004830,0.5,GO:0016020,0.6154,16,membrane
B9J08_004834,0.5,GO:0005525,0.9925,12,GTP binding
B9J08_004838,0.5,GO:0010181,0.9468,12,FMN binding
B9J08_004838,0.5,GO:0016491,0.7828,16,oxidoreductase activity
B9J08_004838,0.5,GO:0003955,0.7248,19,NAD(P)H dehydrogenase (quinone) activity
B9J08_004839,0.5,GO:0010181,0.8635,13,FMN binding
B9J08_004839,0.5,GO:0016491,0.8616,14,oxidoreductase activity
B9J08_004840,0.5,GO:0010181,0.8485,10,FMN binding
B9J08_004840,0.5,GO:0016491,0.8289,12,oxidoreductase activity
B9J08_004841,0.5,GO:0005975,0.7124,20,carbohydrate metabolic process
B9J08_004843,0.5,GO:0016282,0.9838,1,eukaryotic 43S preinitiation complex
B9J08_004843,0.5,GO:0005852,0.9453,7,eukaryotic translation initiation factor 3 complex
B9J08_004843,0.5,GO:0003743,0.8472,15,translation initiation factor activity
B9J08_004844,0.5,GO:0016538,0.5092,13,cyclin-dependent protein serine/threonine kinase regulator activity
B9J08_004846,0.5,GO:0015031,0.9042,9,protein transport
B9J08_004847,0.5,GO:0005783,0.6128,20,endoplasmic reticulum
B9J08_004850,0.5,GO:0000166,0.9827,7,nucleotide binding
B9J08_004850,0.5,GO:0005524,0.9077,19,ATP binding
B9J08_004851,0.5,GO:0016070,0.8095,14,RNA metabolic process
B9J08_004853,0.5,GO:0005524,0.9796,9,ATP binding
B9J08_004854,0.5,GO:0016787,0.584,7,hydrolase activity
B9J08_004856,0.5,GO:0005515,0.9217,19,protein binding
B9J08_004858,0.5,GO:1990748,0.9318,9,cellular detoxification
B9J08_004858,0.5,GO:0005811,0.9115,13,lipid droplet
B9J08_004858,0.5,GO:0016042,0.8832,16,lipid catabolic process
B9J08_004858,0.5,GO:0006629,0.8794,18,lipid metabolic process
B9J08_004861,0.5,GO:0003677,0.988,11,DNA binding
B9J08_004861,0.5,GO:0008270,0.9759,13,zinc ion binding
B9J08_004861,0.5,GO:0005634,0.9546,16,nucleus
B9J08_004862,0.5,GO:0035064,0.927,12,methylated histone binding
B9J08_004862,0.5,GO:0046872,0.9078,14,metal ion binding
B9J08_004862,0.5,GO:0035267,0.8401,19,NuA4 histone acetyltransferase complex
B9J08_004866,0.5,GO:0005524,0.9392,12,ATP binding
B9J08_004868,0.5,GO:0005524,0.9836,10,ATP binding
B9J08_004869,0.5,GO:0000145,0.872,7,exocyst
B9J08_004870,0.5,GO:0005634,0.87,5,nucleus
B9J08_004870,0.5,GO:0003677,0.7327,14,DNA binding
B9J08_004873,0.5,GO:0006457,0.7643,7,protein folding
B9J08_004873,0.5,GO:0005737,0.6933,10,cytoplasm
B9J08_004875,0.5,GO:0046872,0.9712,6,metal ion binding
B9J08_004878,0.5,GO:0008519,0.6504,17,ammonium transmembrane transporter activity
B9J08_004883,0.5,GO:0008270,0.9861,9,zinc ion binding
B9J08_004883,0.5,GO:0005634,0.9211,20,nucleus
B9J08_004884,0.5,GO:0016810,0.6392,9,"hydrolase activity, acting on carbon-nitrogen (but not peptide) bonds"
B9J08_004884,0.5,GO:0019239,0.5763,15,deaminase activity
B9J08_004884,0.5,GO:0016787,0.5216,18,hydrolase activity
B9J08_004886,0.5,GO:0016491,0.8818,9,oxidoreductase activity
B9J08_004889,0.5,GO:0006810,0.8325,9,transport
B9J08_004889,0.5,GO:0016020,0.805,14,membrane
B9J08_004889,0.5,GO:0022857,0.7836,16,transmembrane transporter activity
B9J08_004889,0.5,GO:0015489,0.7665,18,putrescine transmembrane transporter activity
B9J08_004891,0.5,GO:0016757,0.5511,17,"transferase activity, transferring glycosyl groups"
B9J08_004893,0.5,GO:0022857,0.6881,10,transmembrane transporter activity
B9J08_004898,0.5,GO:0022857,0.566,15,transmembrane transporter activity
B9J08_004898,0.5,GO:0055085,0.5152,19,transmembrane transport
B9J08_004907,0.5,GO:0097157,0.9965,1,pre-mRNA intronic binding
B9J08_004907,0.5,GO:0030623,0.9456,3,U5 snRNA binding
B9J08_004907,0.5,GO:0030620,0.9392,4,U2 snRNA binding
B9J08_004907,0.5,GO:0005682,0.9045,5,U5 snRNP
B9J08_004907,0.5,GO:0030619,0.8552,10,U1 snRNA binding
B9J08_004907,0.5,GO:0017070,0.8332,13,U6 snRNA binding
B9J08_004912,0.5,GO:0031966,0.6239,13,mitochondrial membrane
B9J08_004913,0.5,GO:0005524,0.9864,9,ATP binding
B9J08_004913,0.5,GO:0000166,0.9861,11,nucleotide binding
B9J08_004914,0.5,GO:0051539,0.811,15,"4 iron, 4 sulfur cluster binding"
B9J08_004914,0.5,GO:0046872,0.7834,18,metal ion binding
B9J08_004914,0.5,GO:0005829,0.7626,19,cytosol
B9J08_004916,0.5,GO:0006595,0.9943,9,polyamine metabolic process
B9J08_004916,0.5,GO:0006596,0.9915,12,polyamine biosynthetic process
B9J08_004918,0.5,GO:0005524,0.9819,16,ATP binding
B9J08_004921,0.5,GO:0003743,0.7989,13,translation initiation factor activity
B9J08_004921,0.5,GO:0006413,0.6338,20,translational initiation
B9J08_004923,0.5,GO:0005524,0.981,13,ATP binding
B9J08_004925,0.5,GO:0004252,0.7349,14,serine-type endopeptidase activity
B9J08_004927,0.5,GO:0015288,0.9534,1,porin activity
B9J08_004927,0.5,GO:0046930,0.9114,5,pore complex
B9J08_004928,0.5,GO:0005524,0.9799,11,ATP binding
B9J08_004930,0.5,GO:0016831,0.8801,7,carboxy-lyase activity
B9J08_004930,0.5,GO:0003824,0.8539,10,catalytic activity
B9J08_004930,0.5,GO:0000287,0.7769,14,magnesium ion binding
B9J08_004930,0.5,GO:0006569,0.7592,18,tryptophan catabolic process
B9J08_004931,0.5,GO:0003824,0.7127,13,catalytic activity
B9J08_004935,0.5,GO:0005515,0.7676,18,protein binding
B9J08_004936,0.5,GO:0005515,0.9358,1,protein binding
B9J08_004936,0.5,GO:0003779,0.5375,17,actin binding
B9J08_004938,0.5,GO:0003824,0.9164,3,catalytic activity
B9J08_004938,0.5,GO:0006629,0.7562,11,lipid metabolic process
B9J08_004939,0.5,GO:0015031,0.992,10,protein transport
B9J08_004941,0.5,GO:0016491,0.9415,2,oxidoreductase activity
B9J08_004943,0.5,GO:0016126,0.7212,19,sterol biosynthetic process
B9J08_004944,0.5,GO:0016020,0.9211,13,membrane
B9J08_004944,0.5,GO:0042910,0.8461,20,xenobiotic transmembrane transporter activity
B9J08_004947,0.5,GO:0006457,0.8713,11,protein folding
B9J08_004947,0.5,GO:0007118,0.7384,17,budding cell apical bud growth
B9J08_004947,0.5,GO:0006458,0.7312,18,'de novo' protein folding
B9J08_004947,0.5,GO:0051082,0.7066,20,unfolded protein binding
B9J08_004949,0.5,GO:0003824,0.8276,13,catalytic activity
B9J08_004949,0.5,GO:0006596,0.8145,17,polyamine biosynthetic process
B9J08_004950,0.5,GO:0016787,0.972,1,hydrolase activity
B9J08_004950,0.5,GO:0005737,0.8995,9,cytoplasm
B9J08_004950,0.5,GO:0005955,0.8095,14,calcineurin complex
B9J08_004950,0.5,GO:0046872,0.7964,15,metal ion binding
B9J08_004950,0.5,GO:0000754,0.7813,17,adaptation of signaling pathway by response to pheromone involved in conjugation with cellular fusion
B9J08_004955,0.5,GO:0005525,0.9971,4,GTP binding
B9J08_004957,0.5,GO:0006869,0.7341,6,lipid transport
B9J08_004957,0.5,GO:0008289,0.657,15,lipid binding
B9J08_004959,0.5,GO:0005730,0.7234,13,nucleolus
B9J08_004960,0.5,GO:0022857,0.935,7,transmembrane transporter activity
B9J08_004960,0.5,GO:0016020,0.6028,20,membrane
B9J08_004967,0.5,GO:0003824,0.8038,2,catalytic activity
B9J08_004967,0.5,GO:0016787,0.5046,11,hydrolase activity
B9J08_004969,0.5,GO:0072380,0.9562,6,TRC complex
B9J08_004970,0.5,GO:0005874,1.0,5,microtubule
B9J08_004975,0.5,GO:0008168,0.8843,5,methyltransferase activity
B9J08_004975,0.5,GO:0008152,0.734,9,metabolic process
B9J08_004975,0.5,GO:0008757,0.6412,12,S-adenosylmethionine-dependent methyltransferase activity
B9J08_004976,0.5,GO:0008757,0.6392,12,S-adenosylmethionine-dependent methyltransferase activity
B9J08_004976,0.5,GO:0032259,0.5125,15,methylation
B9J08_004977,0.5,GO:0006468,0.9829,10,protein phosphorylation
B9J08_004978,0.5,GO:0008270,0.5886,16,zinc ion binding
B9J08_004982,0.5,GO:0008526,0.6826,11,phosphatidylinositol transfer activity
B9J08_004985,0.5,GO:0005935,0.6194,13,cellular bud neck
B9J08_004985,0.5,GO:0005940,0.5461,18,septin ring
B9J08_004987,0.5,GO:0005634,0.7008,18,nucleus
B9J08_004992,0.5,GO:0005524,0.9741,8,ATP binding
B9J08_004992,0.5,GO:0006457,0.8993,20,protein folding
B9J08_004998,0.5,GO:0016874,0.7285,9,ligase activity
B9J08_004998,0.5,GO:0005524,0.6825,12,ATP binding
B9J08_005003,0.5,GO:0005524,0.9828,9,ATP binding
B9J08_005007,0.5,GO:0006694,0.8802,9,steroid biosynthetic process
B9J08_005007,0.5,GO:0005811,0.8593,14,lipid droplet
B9J08_005011,0.5,GO:0006810,0.9937,4,transport
B9J08_005013,0.5,GO:0005524,0.9849,10,ATP binding
B9J08_005015,0.5,GO:0006364,0.9244,15,rRNA processing
B9J08_005025,0.5,GO:0022857,0.9018,7,transmembrane transporter activity
B9J08_005028,0.5,GO:0016787,0.8961,12,hydrolase activity
B9J08_005030,0.5,GO:0005525,0.9971,18,GTP binding
B9J08_005033,0.5,GO:0000166,0.9794,8,nucleotide binding
B9J08_005033,0.5,GO:0005524,0.9773,9,ATP binding
B9J08_005033,0.5,GO:0016787,0.9603,20,hydrolase activity
B9J08_005043,0.5,GO:0016491,0.7055,11,oxidoreductase activity
B9J08_005044,0.5,GO:0000166,0.989,6,nucleotide binding
B9J08_005044,0.5,GO:0005524,0.9828,11,ATP binding
B9J08_005045,0.5,GO:0003676,0.8443,16,nucleic acid binding
B9J08_005047,0.5,GO:0016020,0.8461,11,membrane
B9J08_005047,0.5,GO:0005789,0.7177,14,endoplasmic reticulum membrane
B9J08_005050,0.5,GO:0005768,0.569,12,endosome
B9J08_005053,0.5,GO:0005524,0.9846,9,ATP binding
B9J08_005054,0.5,GO:0016491,0.8596,6,oxidoreductase activity
B9J08_005055,0.5,GO:0003676,0.7384,11,nucleic acid binding
B9J08_005064,0.5,GO:0016491,0.7092,11,oxidoreductase activity
B9J08_005069,0.5,GO:0008168,0.8157,14,methyltransferase activity
B9J08_005073,0.5,GO:0005524,0.9758,12,ATP binding
B9J08_005074,0.5,GO:0006325,0.9942,15,chromatin organization
B9J08_005081,0.5,GO:0000421,0.9008,20,autophagosome membrane
B9J08_005082,0.5,GO:0003824,0.9988,14,catalytic activity
B9J08_005084,0.5,GO:0006886,0.9164,16,intracellular protein transport
B9J08_005084,0.5,GO:0031267,0.815,20,small GTPase binding
B9J08_005085,0.5,GO:0005524,0.9825,12,ATP binding
B9J08_005086,0.5,GO:0008152,0.8686,5,metabolic process
B9J08_005088,0.5,GO:0008233,0.9554,5,peptidase activity
B9J08_005088,0.5,GO:0046872,0.8879,8,metal ion binding
B9J08_005094,0.5,GO:0000750,0.8104,11,pheromone-dependent signal transduction involved in conjugation with cellular fusion
B9J08_005095,0.5,GO:0005484,0.9659,4,SNAP receptor activity
B9J08_005095,0.5,GO:0031201,0.9516,10,SNARE complex
B9J08_005095,0.5,GO:0006906,0.9119,19,vesicle fusion
B9J08_005097,0.5,GO:0051536,0.9692,11,iron-sulfur cluster binding
B9J08_005103,0.5,GO:0005743,0.9542,13,mitochondrial inner membrane
B9J08_005105,0.5,GO:0008236,0.7151,16,serine-type peptidase activity
B9J08_005107,0.5,GO:0005634,0.985,12,nucleus
B9J08_005109,0.5,GO:0008289,0.6995,18,lipid binding
B9J08_005109,0.5,GO:0006869,0.6869,19,lipid transport
B9J08_005112,0.5,GO:0004748,0.673,13,"ribonucleoside-diphosphate reductase activity, thioredoxin disulfide as acceptor"
B9J08_005116,0.5,GO:0005524,0.9798,13,ATP binding
B9J08_005120,0.5,GO:0005730,0.6945,12,nucleolus
B9J08_005120,0.5,GO:0005634,0.6625,13,nucleus
B9J08_005121,0.5,GO:0005634,0.8337,15,nucleus
B9J08_005122,0.5,GO:0016740,0.7917,17,transferase activity
B9J08_005122,0.5,GO:0006631,0.7895,18,fatty acid metabolic process
B9J08_005123,0.5,GO:0006730,0.9999,2,one-carbon metabolic process
B9J08_005123,0.5,GO:0035999,0.9978,20,tetrahydrofolate interconversion
B9J08_005124,0.5,GO:0022857,0.8931,9,transmembrane transporter activity
B9J08_005124,0.5,GO:0006857,0.7909,20,oligopeptide transport
B9J08_005125,0.5,GO:0005739,0.6045,6,mitochondrion
B9J08_005128,0.5,GO:0005524,0.9391,13,ATP binding
B9J08_005129,0.5,GO:0004298,0.9923,8,threonine-type endopeptidase activity
B9J08_005129,0.5,GO:0051603,0.9909,11,proteolysis involved in cellular protein catabolic process
B9J08_005130,0.5,GO:0005737,0.5989,20,cytoplasm
B9J08_005132,0.5,GO:0015031,0.901,15,protein transport
B9J08_005134,0.5,GO:0005975,0.9608,16,carbohydrate metabolic process
B9J08_005138,0.5,GO:0046930,0.9908,4,pore complex
B9J08_005138,0.5,GO:0015288,0.9748,12,porin activity
B9J08_005138,0.5,GO:0008308,0.963,15,voltage-gated anion channel activity
B9J08_005140,0.5,GO:0016818,0.5651,15,"hydrolase activity, acting on acid anhydrides, in phosphorus-containing anhydrides"
B9J08_005143,0.5,GO:0008152,0.6101,8,metabolic process
B9J08_005145,0.5,GO:0003677,0.9413,10,DNA binding
B9J08_005145,0.5,GO:0046982,0.8843,13,protein heterodimerization activity
B9J08_005145,0.5,GO:0000786,0.8415,18,nucleosome
B9J08_005146,0.5,GO:0015031,0.9856,13,protein transport
B9J08_005148,0.5,GO:0005886,0.9116,4,plasma membrane
B9J08_005151,0.5,GO:0005737,0.7483,12,cytoplasm
B9J08_005151,0.5,GO:0003676,0.6161,18,nucleic acid binding
B9J08_005154,0.5,GO:0016020,0.5754,15,membrane
B9J08_005155,0.5,GO:0003677,0.9693,12,DNA binding
B9J08_005155,0.5,GO:0005634,0.9341,20,nucleus
B9J08_005158,0.5,GO:0008152,0.9552,2,metabolic process
B9J08_005160,0.5,GO:0005739,0.621,12,mitochondrion
B9J08_005161,0.5,GO:0005525,0.9918,16,GTP binding
B9J08_005163,0.5,GO:0005975,0.895,11,carbohydrate metabolic process
B9J08_005163,0.5,GO:0016791,0.8432,15,phosphatase activity
B9J08_005163,0.5,GO:0005737,0.819,18,cytoplasm
B9J08_005163,0.5,GO:0046872,0.8114,20,metal ion binding
B9J08_005165,0.5,GO:0015031,0.879,16,protein transport
B9J08_005166,0.5,GO:0005524,0.9784,13,ATP binding
B9J08_005166,0.5,GO:0000166,0.9758,14,nucleotide binding
B9J08_005168,0.5,GO:0055085,0.7309,10,transmembrane transport
B9J08_005168,0.5,GO:0022857,0.5716,17,transmembrane transporter activity
B9J08_005172,0.5,GO:0022857,0.811,13,transmembrane transporter activity
B9J08_005175,0.5,GO:0016020,0.7521,10,membrane
B9J08_005177,0.5,GO:0016791,0.6028,15,phosphatase activity
B9J08_005178,0.5,GO:0008152,0.894,3,metabolic process
B9J08_005179,0.5,GO:0006629,0.8952,6,lipid metabolic process
B9J08_005183,0.5,GO:0051287,0.7567,12,NAD binding
B9J08_005183,0.5,GO:0016616,0.6568,14,"oxidoreductase activity, acting on the CH-OH group of donors, NAD or NADP as acceptor"
B9J08_005183,0.5,GO:0016618,0.5589,16,hydroxypyruvate reductase activity
B9J08_005184,0.5,GO:0046872,0.7523,5,metal ion binding
B9J08_005186,0.5,GO:0016787,0.9779,13,hydrolase activity
B9J08_005188,0.5,GO:0003723,0.956,9,RNA binding
B9J08_005190,0.5,GO:0005634,0.862,19,nucleus
B9J08_005191,0.5,GO:0005634,0.8627,7,nucleus
B9J08_005199,0.5,GO:0005634,0.8472,4,nucleus
B9J08_005201,0.5,GO:0006094,0.9947,8,gluconeogenesis
B9J08_005209,0.5,GO:0016787,0.6461,7,hydrolase activity
B9J08_005211,0.5,GO:0016020,0.8853,7,membrane
B9J08_005213,0.5,GO:0005515,0.9994,3,protein binding
B9J08_005213,0.5,GO:0003779,0.9984,12,actin binding
B9J08_005213,0.5,GO:0005524,0.9957,20,ATP binding
B9J08_005214,0.5,GO:0000027,0.7143,20,ribosomal large subunit assembly
B9J08_005216,0.5,GO:0005524,0.9522,16,ATP binding
B9J08_005218,0.5,GO:0009058,0.9237,11,biosynthetic process
B9J08_005221,0.5,GO:0051117,0.9948,6,ATPase binding
B9J08_005222,0.5,GO:0005634,0.5095,13,nucleus
B9J08_005225,0.5,GO:0006730,0.9998,12,one-carbon metabolic process
B9J08_005225,0.5,GO:0004372,0.9998,16,glycine hydroxymethyltransferase activity
B9J08_005226,0.5,GO:0006096,0.9979,7,glycolytic process
B9J08_005228,0.5,GO:0004801,0.9633,8,sedoheptulose-7-phosphate:D-glyceraldehyde-3-phosphate glyceronetransferase activity
B9J08_005228,0.5,GO:0006098,0.9464,12,pentose-phosphate shunt
B9J08_005233,0.5,GO:0005829,0.5849,8,cytosol
B9J08_005236,0.5,GO:0017025,0.8711,12,TBP-class protein binding
B9J08_005237,0.5,GO:0005634,0.8943,4,nucleus
B9J08_005239,0.5,GO:0005975,0.9961,6,carbohydrate metabolic process
B9J08_005239,0.5,GO:0006096,0.9957,7,glycolytic process
B9J08_005241,0.5,GO:0030337,0.8576,7,DNA polymerase processivity factor activity
B9J08_005245,0.5,GO:0031225,0.8131,9,anchored component of membrane
B9J08_005245,0.5,GO:0009277,0.7862,14,fungal-type cell wall
B9J08_005250,0.5,GO:0005634,0.6348,16,nucleus
B9J08_005252,0.5,GO:0045184,0.5699,13,establishment of protein localization
B9J08_005255,0.5,GO:0005634,0.7914,8,nucleus
B9J08_005258,0.5,GO:0000166,0.9617,3,nucleotide binding
B9J08_005258,0.5,GO:0005524,0.9205,18,ATP binding
B9J08_005259,0.5,GO:0016925,0.9107,12,protein sumoylation
B9J08_005261,0.5,GO:0006644,0.6439,18,phospholipid metabolic process
B9J08_005264,0.5,GO:0016787,0.9732,4,hydrolase activity
B9J08_005269,0.5,GO:0046872,0.6583,11,metal ion binding
B9J08_005275,0.5,GO:0046983,0.6986,7,protein dimerization activity
B9J08_005278,0.5,GO:0016491,0.737,3,oxidoreductase activity
B9J08_005280,0.5,GO:0005524,0.9795,16,ATP binding
B9J08_005283,0.5,GO:0071782,0.7631,15,endoplasmic reticulum tubular network
B9J08_005283,0.5,GO:0071786,0.7608,16,endoplasmic reticulum tubular network organization
B9J08_005283,0.5,GO:0007029,0.7091,18,endoplasmic reticulum organization
B9J08_005283,0.5,GO:0048309,0.6958,20,endoplasmic reticulum inheritance
B9J08_005287,0.5,GO:0004190,0.9153,2,aspartic-type endopeptidase activity
B9J08_005289,0.5,GO:0006865,0.957,12,amino acid transport
B9J08_005289,0.5,GO:0055085,0.9088,20,transmembrane transport
B9J08_005291,0.5,GO:0003824,0.7587,5,catalytic activity
B9J08_005298,0.5,GO:0005634,0.8851,5,nucleus
B9J08_005298,0.5,GO:0003700,0.6688,15,DNA-binding transcription factor activity
B9J08_005298,0.5,GO:0003677,0.6486,19,DNA binding
B9J08_005299,0.5,GO:0005739,0.6864,20,mitochondrion
B9J08_005300,0.5,GO:0005524,0.983,2,ATP binding
B9J08_005303,0.5,GO:0006457,0.8696,7,protein folding
B9J08_005303,0.5,GO:0051082,0.8263,8,unfolded protein binding
B9J08_005303,0.5,GO:0005737,0.696,11,cytoplasm
B9J08_005303,0.5,GO:0016272,0.5881,15,prefoldin complex
B9J08_005305,0.5,GO:0034227,0.9776,13,tRNA thio-modification
B9J08_005305,0.5,GO:0002098,0.975,15,tRNA wobble uridine modification
B9J08_005307,0.5,GO:0003824,0.83,6,catalytic activity
B9J08_005308,0.5,GO:0020037,0.9687,5,heme binding
B9J08_005308,0.5,GO:0005506,0.9146,15,iron ion binding
B9J08_005308,0.5,GO:0004497,0.9109,16,monooxygenase activity
B9J08_005309,0.5,GO:0016811,0.6246,11,"hydrolase activity, acting on carbon-nitrogen (but not peptide) bonds, in linear amides"
B9J08_005312,0.5,GO:0006412,0.9837,20,translation
B9J08_005314,0.5,GO:0003824,0.7269,3,catalytic activity
B9J08_005320,0.5,GO:0016020,0.7968,8,membrane
B9J08_005322,0.5,GO:0022857,0.7888,5,transmembrane transporter activity
B9J08_005322,0.5,GO:0016020,0.5327,20,membrane
B9J08_005323,0.5,GO:0022857,0.8551,6,transmembrane transporter activity
B9J08_005327,0.5,GO:1990904,0.6972,19,ribonucleoprotein complex
B9J08_005329,0.5,GO:0016491,0.9169,1,oxidoreductase activity
B9J08_005330,0.5,GO:0005524,0.9856,11,ATP binding
B9J08_005331,0.5,GO:0005524,0.9669,18,ATP binding
B9J08_005339,0.5,GO:0003824,0.7339,2,catalytic activity
B9J08_005340,0.5,GO:0006694,0.9993,7,steroid biosynthetic process
B9J08_005340,0.5,GO:0016126,0.9962,16,sterol biosynthetic process
B9J08_005344,0.5,GO:0005634,0.9925,6,nucleus
B9J08_005344,0.5,GO:0003700,0.9123,11,DNA-binding transcription factor activity
B9J08_005345,0.5,GO:0022857,0.9056,10,transmembrane transporter activity
B9J08_005345,0.5,GO:0016020,0.5399,20,membrane
B9J08_005347,0.5,GO:0005634,0.5875,6,nucleus
B9J08_005351,0.5,GO:0003824,0.7757,6,catalytic activity
B9J08_005352,0.5,GO:0006412,0.7676,14,translation
B9J08_005353,0.5,GO:0004252,0.8702,14,serine-type endopeptidase activity
B9J08_005356,0.5,GO:0016279,0.956,9,protein-lysine N-methyltransferase activity
B9J08_005360,0.5,GO:0006865,0.8234,9,amino acid transport
B9J08_005360,0.5,GO:0005886,0.7265,16,plasma membrane
B9J08_005360,0.5,GO:0015171,0.6894,19,amino acid transmembrane transporter activity
B9J08_005363,0.5,GO:0008168,0.9463,10,methyltransferase activity
B9J08_005363,0.5,GO:0032259,0.8983,16,methylation
B9J08_005363,0.5,GO:0008757,0.8873,19,S-adenosylmethionine-dependent methyltransferase activity
B9J08_005367,0.5,GO:0003779,0.8913,16,actin binding
B9J08_005368,0.5,GO:0005524,0.9109,19,ATP binding
B9J08_005369,0.5,GO:0008168,0.9501,4,methyltransferase activity
B9J08_005369,0.5,GO:0006744,0.7295,17,ubiquinone biosynthetic process
B9J08_005372,0.5,GO:0016020,0.5746,7,membrane
B9J08_005373,0.5,GO:0005524,0.9789,19,ATP binding
B9J08_005375,0.5,GO:0022857,0.6884,7,transmembrane transporter activity
B9J08_005375,0.5,GO:0016020,0.5696,13,membrane
B9J08_005375,0.5,GO:0005886,0.554,16,plasma membrane
B9J08_005376,0.5,GO:0046872,0.9915,2,metal ion binding
B9J08_005379,0.5,GO:0016020,1.0,2,membrane
B9J08_005380,0.5,GO:0006897,0.8656,11,endocytosis
B9J08_005381,0.5,GO:0005524,0.9897,12,ATP binding
B9J08_005385,0.5,GO:0003676,0.8375,8,nucleic acid binding
B9J08_005387,0.5,GO:0045905,0.9972,1,positive regulation of translational termination
B9J08_005387,0.5,GO:0006452,0.9865,12,translational frameshifting
B9J08_005393,0.5,GO:0005739,0.6629,11,mitochondrion
B9J08_005395,0.5,GO:0015095,0.6366,8,magnesium ion transmembrane transporter activity
B9J08_005395,0.5,GO:0015693,0.5169,17,magnesium ion transport
B9J08_005396,0.5,GO:0005524,0.928,5,ATP binding
B9J08_005397,0.5,GO:0008270,0.9666,7,zinc ion binding
B9J08_005397,0.5,GO:0003824,0.8227,19,catalytic activity
B9J08_005402,0.5,GO:0008104,0.8075,13,protein localization
B9J08_005402,0.5,GO:0015031,0.742,16,protein transport
B9J08_005403,0.5,GO:0022857,0.8336,15,transmembrane transporter activity
B9J08_005403,0.5,GO:0005886,0.6175,19,plasma membrane
B9J08_005405,0.5,GO:0016020,0.7016,9,membrane
B9J08_005407,0.5,GO:0005739,0.5798,13,mitochondrion
B9J08_005408,0.5,GO:0046872,0.9836,2,metal ion binding
B9J08_005408,0.5,GO:0016740,0.7981,17,transferase activity
B9J08_005409,0.5,GO:0005759,0.764,18,mitochondrial matrix
B9J08_005412,0.5,GO:0005524,0.99,14,ATP binding
B9J08_005414,0.5,GO:0016020,0.5392,15,membrane
B9J08_005415,0.5,GO:0015031,0.9493,15,protein transport
B9J08_005418,0.5,GO:0006260,0.9703,20,DNA replication
B9J08_005424,0.5,GO:0005886,0.6139,10,plasma membrane
B9J08_005425,0.5,GO:0005743,0.791,14,mitochondrial inner membrane
B9J08_005426,0.5,GO:0032040,0.5806,9,small-subunit processome
B9J08_005426,0.5,GO:0006364,0.5222,15,rRNA processing
B9J08_005428,0.5,GO:0006520,0.9935,13,cellular amino acid metabolic process
B9J08_005430,0.5,GO:0005524,0.9923,6,ATP binding
B9J08_005430,0.5,GO:0000166,0.9897,11,nucleotide binding
B9J08_005432,0.5,GO:0046872,0.9538,5,metal ion binding
B9J08_005432,0.5,GO:0051537,0.7857,14,"2 iron, 2 sulfur cluster binding"
B9J08_005432,0.5,GO:0005759,0.735,19,mitochondrial matrix
B9J08_005433,0.5,GO:0005524,0.9698,16,ATP binding
B9J08_005436,0.5,GO:0000166,0.9895,8,nucleotide binding
B9J08_005436,0.5,GO:0005524,0.9892,9,ATP binding
B9J08_005441,0.5,GO:0015116,0.8085,20,sulfate transmembrane transporter activity
B9J08_005442,0.5,GO:0005634,0.7646,19,nucleus
B9J08_005445,0.5,GO:0008233,0.975,5,peptidase activity
B9J08_005446,0.5,GO:0008233,0.9731,9,peptidase activity
B9J08_005447,0.5,GO:0015031,0.8671,15,protein transport
B9J08_005447,0.5,GO:0005092,0.8145,18,GDP-dissociation inhibitor activity
B9J08_005450,0.5,GO:0005737,0.5899,18,cytoplasm
B9J08_005452,0.5,GO:0000166,0.9569,6,nucleotide binding
B9J08_005452,0.5,GO:0005524,0.9542,8,ATP binding
B9J08_005453,0.5,GO:0030170,0.9873,10,pyridoxal phosphate binding
B9J08_005454,0.5,GO:0016791,0.5523,10,phosphatase activity
B9J08_005455,0.5,GO:0016579,0.9726,17,protein deubiquitination
B9J08_005460,0.5,GO:0005524,0.9539,12,ATP binding
B9J08_005460,0.5,GO:0016881,0.9382,16,acid-amino acid ligase activity
B9J08_005462,0.5,GO:1902983,0.8546,8,DNA strand elongation involved in mitotic DNA replication
B9J08_005463,0.5,GO:0008289,0.9985,4,lipid binding
B9J08_005463,0.5,GO:0006869,0.9931,14,lipid transport
B9J08_005464,0.5,GO:0000166,0.9672,7,nucleotide binding
B9J08_005464,0.5,GO:0005524,0.9287,16,ATP binding
B9J08_005468,0.5,GO:0005525,0.965,7,GTP binding
B9J08_005468,0.5,GO:0000166,0.9524,19,nucleotide binding
B9J08_005469,0.5,GO:0003824,0.917,4,catalytic activity
B9J08_005474,0.5,GO:0016787,0.9265,1,hydrolase activity
B9J08_005474,0.5,GO:0004721,0.8022,10,phosphoprotein phosphatase activity
B9J08_005476,0.5,GO:0003677,0.997,12,DNA binding
B9J08_005478,0.5,GO:0004176,0.9883,11,ATP-dependent peptidase activity
B9J08_005485,0.5,GO:0008270,0.8945,6,zinc ion binding
B9J08_005489,0.5,GO:0005524,0.9777,4,ATP binding
B9J08_005491,0.5,GO:0022857,0.8382,8,transmembrane transporter activity
B9J08_005492,0.5,GO:0005886,0.6309,14,plasma membrane
B9J08_005492,0.5,GO:0055085,0.6239,16,transmembrane transport
B9J08_005492,0.5,GO:0022857,0.6023,19,transmembrane transporter activity
B9J08_005493,0.5,GO:0015031,0.8979,7,protein transport
B9J08_005497,0.5,GO:0046872,0.9408,11,metal ion binding
B9J08_005499,0.5,GO:0006139,0.9921,18,nucleobase-containing compound metabolic process
B9J08_005505,0.5,GO:0046872,0.9976,2,metal ion binding
B9J08_005510,0.5,GO:1990904,0.9653,19,ribonucleoprotein complex
B9J08_005512,0.5,GO:0005247,0.8764,13,voltage-gated chloride channel activity
B9J08_005512,0.5,GO:0015108,0.8745,15,chloride transmembrane transporter activity
B9J08_005514,0.5,GO:0005484,0.9504,14,SNAP receptor activity
B9J08_005515,0.5,GO:0003676,0.9829,18,nucleic acid binding
B9J08_005516,0.5,GO:0009072,0.7126,19,aromatic amino acid family metabolic process
B9J08_005517,0.5,GO:0005634,0.5771,7,nucleus
B9J08_005518,0.5,GO:0003824,0.9372,9,catalytic activity
B9J08_005521,0.5,GO:0004540,0.6114,19,ribonuclease activity
B9J08_005522,0.5,GO:0016020,0.6849,9,membrane
B9J08_005522,0.5,GO:0005886,0.5802,17,plasma membrane
B9J08_005523,0.5,GO:0005737,0.7038,9,cytoplasm
B9J08_005523,0.5,GO:0006796,0.573,17,phosphate-containing compound metabolic process
B9J08_005525,0.5,GO:0005524,0.9806,11,ATP binding
B9J08_005526,0.5,GO:0022857,0.7247,11,transmembrane transporter activity
B9J08_005526,0.5,GO:0031966,0.5582,19,mitochondrial membrane
B9J08_005526,0.5,GO:0016020,0.5577,20,membrane
B9J08_005528,0.5,GO:0003922,0.9955,14,GMP synthase (glutamine-hydrolyzing) activity
B9J08_005541,0.5,GO:0046872,0.9552,4,metal ion binding
B9J08_005542,0.5,GO:0009987,0.5949,17,cellular process
B9J08_005548,0.5,GO:0020037,0.9963,3,heme binding
B9J08_005548,0.5,GO:0004497,0.9267,14,monooxygenase activity
B9J08_005548,0.5,GO:0005506,0.8836,19,iron ion binding
B9J08_005548,0.5,GO:0016705,0.6821,20,"oxidoreductase activity, acting on paired donors, with incorporation or reduction of molecular oxygen"
B9J08_005550,0.5,GO:0003676,0.7899,10,nucleic acid binding
B9J08_005553,0.5,GO:0016020,0.636,7,membrane
B9J08_005554,0.5,GO:0016020,0.7874,5,membrane
B9J08_005564,0.5,GO:0006865,0.9326,13,amino acid transport
B9J08_005564,0.5,GO:0003333,0.8543,20,amino acid transmembrane transport
B9J08_005567,0.5,GO:0005524,0.9763,14,ATP binding
B9J08_005568,0.5,GO:0022857,0.9592,12,transmembrane transporter activity
B9J08_005568,0.5,GO:0055085,0.8733,16,transmembrane transport
B9J08_005568,0.5,GO:0008643,0.8437,17,carbohydrate transport
B9J08_005569,0.5,GO:0016787,0.9328,4,hydrolase activity
B9J08_005570,0.5,GO:0022857,0.8951,7,transmembrane transporter activity
B9J08_005571,0.5,GO:0022857,0.6882,10,transmembrane transporter activity
B9J08_005571,0.5,GO:0016020,0.5468,14,membrane
B9J08_005571,0.5,GO:0055085,0.5031,16,transmembrane transport
B9J08_005572,0.5,GO:0022857,0.7765,11,transmembrane transporter activity
B9J08_005572,0.5,GO:0055085,0.7307,13,transmembrane transport
B9J08_005579,0.5,GO:0005634,0.6522,12,nucleus
B9J08_005579,0.5,GO:0003677,0.6297,16,DNA binding
B9J08_005580,0.5,GO:0008152,0.9258,6,metabolic process
B9J08_005581,0.5,GO:0005975,0.636,11,carbohydrate metabolic process
B9J08_000002,0.7,GO:0022857,0.8234,11,transmembrane transporter activity
B9J08_000002,0.7,GO:0005886,0.7162,16,plasma membrane
B9J08_000003,0.7,GO:0030001,0.781,14,metal ion transport
B9J08_000009,0.7,GO:0016757,0.9658,9,"transferase activity, transferring glycosyl groups"
B9J08_000010,0.7,GO:0016746,0.7446,12,"transferase activity, transferring acyl groups"
B9J08_000011,0.7,GO:0006914,0.8522,9,autophagy
B9J08_000011,0.7,GO:0015031,0.7736,17,protein transport
B9J08_000012,0.7,GO:0006015,0.9984,2,5-phosphoribose 1-diphosphate biosynthetic process
B9J08_000013,0.7,GO:0004160,0.9933,12,dihydroxy-acid dehydratase activity
B9J08_000015,0.7,GO:0003824,0.9396,14,catalytic activity
B9J08_000015,0.7,GO:0019752,0.9083,17,carboxylic acid metabolic process
B9J08_000017,0.7,GO:0016788,0.8481,6,"hydrolase activity, acting on ester bonds"
B9J08_000018,0.7,GO:0000166,0.9923,10,nucleotide binding
B9J08_000018,0.7,GO:0005524,0.9898,15,ATP binding
B9J08_000023,0.7,GO:0004177,0.9603,13,aminopeptidase activity
B9J08_000026,0.7,GO:0005524,0.7936,13,ATP binding
B9J08_000027,0.7,GO:0016491,0.7803,4,oxidoreductase activity
B9J08_000027,0.7,GO:0008152,0.7276,7,metabolic process
B9J08_000028,0.7,GO:0005524,0.9922,14,ATP binding
B9J08_000031,0.7,GO:0006334,0.8501,17,nucleosome assembly
B9J08_000031,0.7,GO:0005737,0.7427,18,cytoplasm
B9J08_000032,0.7,GO:0000166,0.9813,2,nucleotide binding
B9J08_000032,0.7,GO:0005524,0.9724,11,ATP binding
B9J08_000033,0.7,GO:0022857,0.9296,8,transmembrane transporter activity
B9J08_000034,0.7,GO:0005743,0.8586,15,mitochondrial inner membrane
B9J08_000037,0.7,GO:0046872,0.8826,9,metal ion binding
B9J08_000037,0.7,GO:0006508,0.8537,15,proteolysis
B9J08_000044,0.7,GO:0005634,0.7943,20,nucleus
B9J08_000045,0.7,GO:0005524,0.9887,13,ATP binding
B9J08_000045,0.7,GO:0016818,0.9868,15,"hydrolase activity, acting on acid anhydrides, in phosphorus-containing anhydrides"
B9J08_000048,0.7,GO:0016020,0.7166,13,membrane
B9J08_000054,0.7,GO:0004553,0.886,15,"hydrolase activity, hydrolyzing O-glycosyl compounds"
B9J08_000054,0.7,GO:0005975,0.8427,19,carbohydrate metabolic process
B9J08_000055,0.7,GO:0006520,0.9928,11,cellular amino acid metabolic process
B9J08_000058,0.7,GO:0036381,0.9975,15,pyridoxal 5'-phosphate synthase (glutamine hydrolysing) activity
B9J08_000061,0.7,GO:0005730,0.7849,17,nucleolus
B9J08_000063,0.7,GO:0004298,0.9567,16,threonine-type endopeptidase activity
B9J08_000066,0.7,GO:0046872,0.9759,5,metal ion binding
B9J08_000073,0.7,GO:0016020,0.7504,11,membrane
B9J08_000082,0.7,GO:0005525,0.9871,5,GTP binding
B9J08_000091,0.7,GO:0006412,0.9752,20,translation
B9J08_000092,0.7,GO:0005874,0.9975,5,microtubule
B9J08_000093,0.7,GO:0005743,0.8887,12,mitochondrial inner membrane
B9J08_000094,0.7,GO:0005524,0.9878,16,ATP binding
B9J08_000095,0.7,GO:0008270,0.9547,16,zinc ion binding
B9J08_000095,0.7,GO:0005634,0.9177,20,nucleus
B9J08_000096,0.7,GO:0005634,0.8564,12,nucleus
B9J08_000098,0.7,GO:0005525,0.9895,15,GTP binding
B9J08_000100,0.7,GO:0004725,0.9118,7,protein tyrosine phosphatase activity
B9J08_000102,0.7,GO:0005524,0.9892,16,ATP binding
B9J08_000103,0.7,GO:0003824,0.9767,4,catalytic activity
B9J08_000103,0.7,GO:0005524,0.9696,10,ATP binding
B9J08_000109,0.7,GO:0005524,0.9687,14,ATP binding
B9J08_000111,0.7,GO:0005524,0.9954,6,ATP binding
B9J08_000111,0.7,GO:0000166,0.993,9,nucleotide binding
B9J08_000113,0.7,GO:0005524,0.9368,16,ATP binding
B9J08_000114,0.7,GO:0005524,0.9675,14,ATP binding
B9J08_000122,0.7,GO:0046872,0.8814,6,metal ion binding
B9J08_000127,0.7,GO:0005739,0.7986,12,mitochondrion
B9J08_000131,0.7,GO:0046872,0.9762,1,metal ion binding
B9J08_000133,0.7,GO:0005524,0.9911,11,ATP binding
B9J08_000140,0.7,GO:0004129,0.9037,18,cytochrome-c oxidase activity
B9J08_000141,0.7,GO:0000159,0.764,19,protein phosphatase type 2A complex
B9J08_000141,0.7,GO:0019888,0.7633,20,protein phosphatase regulator activity
B9J08_000145,0.7,GO:0030479,0.9476,3,actin cortical patch
B9J08_000145,0.7,GO:0005515,0.8521,18,protein binding
B9J08_000145,0.7,GO:0006897,0.8337,19,endocytosis
B9J08_000149,0.7,GO:0046872,0.7638,8,metal ion binding
B9J08_000150,0.7,GO:0006099,0.9616,9,tricarboxylic acid cycle
B9J08_000150,0.7,GO:0046872,0.9358,13,metal ion binding
B9J08_000152,0.7,GO:0005634,0.7427,10,nucleus
B9J08_000164,0.7,GO:0000166,0.9886,4,nucleotide binding
B9J08_000164,0.7,GO:0005524,0.981,15,ATP binding
B9J08_000168,0.7,GO:0016491,0.7511,12,oxidoreductase activity
B9J08_000171,0.7,GO:0005524,0.9698,14,ATP binding
B9J08_000172,0.7,GO:0022857,0.9662,7,transmembrane transporter activity
B9J08_000173,0.7,GO:0046872,0.9292,11,metal ion binding
B9J08_000173,0.7,GO:0009055,0.8905,19,electron transfer activity
B9J08_000173,0.7,GO:0020037,0.8901,20,heme binding
B9J08_000175,0.7,GO:0000166,0.9628,3,nucleotide binding
B9J08_000175,0.7,GO:0005524,0.939,10,ATP binding
B9J08_000175,0.7,GO:0005215,0.9163,17,transporter activity
B9J08_000179,0.7,GO:0005730,0.7394,11,nucleolus
B9J08_000184,0.7,GO:0005515,0.8989,6,protein binding
B9J08_000186,0.7,GO:0009052,0.9649,9,"pentose-phosphate shunt, non-oxidative branch"
B9J08_000186,0.7,GO:0004751,0.9437,11,ribose-5-phosphate isomerase activity
B9J08_000187,0.7,GO:0005525,0.9925,7,GTP binding
B9J08_000188,0.7,GO:0017111,0.946,15,nucleoside-triphosphatase activity
B9J08_000188,0.7,GO:0000166,0.9422,18,nucleotide binding
B9J08_000188,0.7,GO:0005524,0.9397,19,ATP binding
B9J08_000193,0.7,GO:0008168,0.8058,5,methyltransferase activity
B9J08_000203,0.7,GO:0006412,0.9686,14,translation
B9J08_000209,0.7,GO:0030295,0.9958,2,protein kinase activator activity
B9J08_000213,0.7,GO:0005525,0.9879,18,GTP binding
B9J08_000216,0.7,GO:0046872,0.7263,11,metal ion binding
B9J08_000222,0.7,GO:0003824,0.8213,6,catalytic activity
B9J08_000223,0.7,GO:0005525,0.8661,15,GTP binding
B9J08_000226,0.7,GO:0003676,0.966,11,nucleic acid binding
B9J08_000230,0.7,GO:0030170,0.9952,12,pyridoxal phosphate binding
B9J08_000231,0.7,GO:0005743,0.8306,19,mitochondrial inner membrane
B9J08_000234,0.7,GO:0003677,0.8727,9,DNA binding
B9J08_000236,0.7,GO:0006457,0.7687,6,protein folding
B9J08_000236,0.7,GO:0051085,0.7529,8,chaperone cofactor-dependent protein refolding
B9J08_000236,0.7,GO:0051087,0.7273,10,chaperone binding
B9J08_000236,0.7,GO:0051082,0.7097,12,unfolded protein binding
B9J08_000237,0.7,GO:0005886,0.8139,15,plasma membrane
B9J08_000242,0.7,GO:0005524,0.9824,10,ATP binding
B9J08_000243,0.7,GO:0006810,0.9828,12,transport
B9J08_000248,0.7,GO:0005524,0.958,20,ATP binding
B9J08_000258,0.7,GO:0005375,0.8057,7,copper ion transmembrane transporter activity
B9J08_000261,0.7,GO:0050660,0.7606,10,flavin adenine dinucleotide binding
B9J08_000262,0.7,GO:0008324,0.9889,9,cation transmembrane transporter activity
B9J08_000264,0.7,GO:0005524,0.9701,12,ATP binding
B9J08_000264,0.7,GO:0051082,0.9326,18,unfolded protein binding
B9J08_000269,0.7,GO:0005525,0.9908,14,GTP binding
B9J08_000271,0.7,GO:0031966,0.9049,8,mitochondrial membrane
B9J08_000272,0.7,GO:0015031,0.9115,12,protein transport
B9J08_000274,0.7,GO:0000015,0.9995,1,phosphopyruvate hydratase complex
B9J08_000274,0.7,GO:0004634,0.9957,2,phosphopyruvate hydratase activity
B9J08_000274,0.7,GO:0006096,0.9932,5,glycolytic process
B9J08_000274,0.7,GO:0000287,0.9775,17,magnesium ion binding
B9J08_000275,0.7,GO:0004298,0.9871,13,threonine-type endopeptidase activity
B9J08_000275,0.7,GO:0051603,0.985,15,proteolysis involved in cellular protein catabolic process
B9J08_000275,0.7,GO:0004175,0.981,19,endopeptidase activity
B9J08_000276,0.7,GO:0005524,0.9769,13,ATP binding
B9J08_000282,0.7,GO:0046872,0.7406,8,metal ion binding
B9J08_000282,0.7,GO:0005634,0.7378,9,nucleus
B9J08_000284,0.7,GO:0003824,0.7692,3,catalytic activity
B9J08_000285,0.7,GO:0005524,0.9776,14,ATP binding
B9J08_000287,0.7,GO:0005525,0.9938,6,GTP binding
B9J08_000288,0.7,GO:0005524,0.9875,12,ATP binding
B9J08_000290,0.7,GO:0005524,0.9751,13,ATP binding
B9J08_000296,0.7,GO:0000145,0.9232,5,exocyst
B9J08_000296,0.7,GO:0006887,0.8654,16,exocytosis
B9J08_000299,0.7,GO:0005525,0.9974,8,GTP binding
B9J08_000306,0.7,GO:0003824,0.7818,2,catalytic activity
B9J08_000307,0.7,GO:0004725,0.8957,8,protein tyrosine phosphatase activity
B9J08_000307,0.7,GO:0016311,0.8349,15,dephosphorylation
B9J08_000320,0.7,GO:0009070,0.8733,18,serine family amino acid biosynthetic process
B9J08_000321,0.7,GO:0022857,0.8657,12,transmembrane transporter activity
B9J08_000321,0.7,GO:0055085,0.7628,14,transmembrane transport
B9J08_000321,0.7,GO:0016020,0.7288,15,membrane
B9J08_000322,0.7,GO:0045454,0.9856,1,cell redox homeostasis
B9J08_000322,0.7,GO:0006662,0.8646,13,glycerol ether metabolic process
B9J08_000322,0.7,GO:0015035,0.8013,16,protein disulfide oxidoreductase activity
B9J08_000326,0.7,GO:0016491,0.8769,3,oxidoreductase activity
B9J08_000327,0.7,GO:0003676,0.7369,6,nucleic acid binding
B9J08_000328,0.7,GO:0003747,0.9175,6,translation release factor activity
B9J08_000328,0.7,GO:0016149,0.8817,12,"translation release factor activity, codon specific"
B9J08_000328,0.7,GO:0006415,0.8613,16,translational termination
B9J08_000335,0.7,GO:0005525,0.9518,16,GTP binding
B9J08_000340,0.7,GO:0005524,0.9904,12,ATP binding
B9J08_000341,0.7,GO:0005634,0.9182,10,nucleus
B9J08_000342,0.7,GO:0022857,0.8835,8,transmembrane transporter activity
B9J08_000342,0.7,GO:0005743,0.8,17,mitochondrial inner membrane
B9J08_000347,0.7,GO:0022857,0.9252,8,transmembrane transporter activity
B9J08_000348,0.7,GO:0003677,0.9926,10,DNA binding
B9J08_000348,0.7,GO:0003700,0.9897,13,DNA-binding transcription factor activity
B9J08_000348,0.7,GO:0005634,0.9631,20,nucleus
B9J08_000350,0.7,GO:0016491,0.9807,2,oxidoreductase activity
B9J08_000351,0.7,GO:0005737,0.7405,9,cytoplasm
B9J08_000352,0.7,GO:0008168,0.8277,5,methyltransferase activity
B9J08_000353,0.7,GO:0046872,0.9263,10,metal ion binding
B9J08_000355,0.7,GO:0000166,0.9901,5,nucleotide binding
B9J08_000355,0.7,GO:0005524,0.984,11,ATP binding
B9J08_000356,0.7,GO:0000166,0.9973,11,nucleotide binding
B9J08_000359,0.7,GO:0032511,0.7899,11,late endosome to vacuole transport via multivesicular body sorting pathway
B9J08_000363,0.7,GO:0005737,0.8863,6,cytoplasm
B9J08_000364,0.7,GO:0005524,0.9887,13,ATP binding
B9J08_000367,0.7,GO:0016491,0.9911,14,oxidoreductase activity
B9J08_000368,0.7,GO:0022857,0.861,12,transmembrane transporter activity
B9J08_000370,0.7,GO:0016491,0.964,2,oxidoreductase activity
B9J08_000370,0.7,GO:0008152,0.7647,4,metabolic process
B9J08_000371,0.7,GO:0005525,0.9797,1,GTP binding
B9J08_000378,0.7,GO:0003677,0.7371,9,DNA binding
B9J08_000379,0.7,GO:0000162,0.9946,16,tryptophan biosynthetic process
B9J08_000381,0.7,GO:0005515,0.9024,8,protein binding
B9J08_000381,0.7,GO:0043130,0.7164,12,ubiquitin binding
B9J08_000382,0.7,GO:0008652,0.9722,18,cellular amino acid biosynthetic process
B9J08_000389,0.7,GO:0003824,0.8858,3,catalytic activity
B9J08_000390,0.7,GO:0005743,0.8324,20,mitochondrial inner membrane
B9J08_000393,0.7,GO:0008168,0.9172,5,methyltransferase activity
B9J08_000398,0.7,GO:0004190,0.9125,3,aspartic-type endopeptidase activity
B9J08_000398,0.7,GO:0008233,0.7716,13,peptidase activity
B9J08_000401,0.7,GO:0005634,0.9761,6,nucleus
B9J08_000404,0.7,GO:0005515,0.7173,12,protein binding
B9J08_000405,0.7,GO:0005216,0.8955,13,ion channel activity
B9J08_000408,0.7,GO:0018279,0.8098,6,protein N-linked glycosylation via asparagine
B9J08_000410,0.7,GO:0005634,0.7969,6,nucleus
B9J08_000413,0.7,GO:0050833,0.8784,17,pyruvate transmembrane transporter activity
B9J08_000414,0.7,GO:0005634,0.9302,6,nucleus
B9J08_000418,0.7,GO:0016491,0.9319,5,oxidoreductase activity
B9J08_000418,0.7,GO:0006811,0.8198,17,ion transport
B9J08_000418,0.7,GO:0000293,0.8021,20,ferric-chelate reductase activity
B9J08_000419,0.7,GO:0051536,0.9542,12,iron-sulfur cluster binding
B9J08_000419,0.7,GO:0046872,0.9122,16,metal ion binding
B9J08_000422,0.7,GO:0005634,0.9382,8,nucleus
B9J08_000428,0.7,GO:0001522,0.8498,6,pseudouridine synthesis
B9J08_000428,0.7,GO:0009982,0.8124,18,pseudouridine synthase activity
B9J08_000431,0.7,GO:0005525,0.9963,17,GTP binding
B9J08_000432,0.7,GO:0005524,0.9932,15,ATP binding
B9J08_000434,0.7,GO:0005471,0.9463,20,ATP:ADP antiporter activity
B9J08_000435,0.7,GO:0000166,0.9915,7,nucleotide binding
B9J08_000435,0.7,GO:0005524,0.99,11,ATP binding
B9J08_000435,0.7,GO:0016020,0.9829,17,membrane
B9J08_000436,0.7,GO:0005886,0.7503,9,plasma membrane
B9J08_000436,0.7,GO:0016020,0.7284,10,membrane
B9J08_000442,0.7,GO:0005524,0.9831,17,ATP binding
B9J08_000442,0.7,GO:0000166,0.9829,18,nucleotide binding
B9J08_000444,0.7,GO:0008525,0.9498,13,phosphatidylcholine transporter activity
B9J08_000444,0.7,GO:0048194,0.9366,18,Golgi vesicle budding
B9J08_000447,0.7,GO:0003676,0.9164,10,nucleic acid binding
B9J08_000447,0.7,GO:0003677,0.8237,13,DNA binding
B9J08_000449,0.7,GO:0006865,0.8277,13,amino acid transport
B9J08_000451,0.7,GO:0008270,0.9645,3,zinc ion binding
B9J08_000458,0.7,GO:0005524,0.9915,16,ATP binding
B9J08_000460,0.7,GO:0003824,0.9648,12,catalytic activity
B9J08_000460,0.7,GO:0030170,0.9512,19,pyridoxal phosphate binding
B9J08_000462,0.7,GO:0016787,0.9946,1,hydrolase activity
B9J08_000462,0.7,GO:0004721,0.9318,17,phosphoprotein phosphatase activity
B9J08_000465,0.7,GO:0009073,0.9824,19,aromatic amino acid family biosynthetic process
B9J08_000467,0.7,GO:0003676,0.9629,4,nucleic acid binding
B9J08_000467,0.7,GO:0003677,0.9135,11,DNA binding
B9J08_000476,0.7,GO:0005524,0.9773,10,ATP binding
B9J08_000479,0.7,GO:0000166,0.9917,5,nucleotide binding
B9J08_000479,0.7,GO:0005524,0.991,9,ATP binding
B9J08_000480,0.7,GO:0000166,0.9965,6,nucleotide binding
B9J08_000480,0.7,GO:0005524,0.9958,10,ATP binding
B9J08_000482,0.7,GO:0008324,0.804,12,cation transmembrane transporter activity
B9J08_000483,0.7,GO:0005524,0.994,6,ATP binding
B9J08_000484,0.7,GO:0006546,0.991,7,glycine catabolic process
B9J08_000485,0.7,GO:0016192,0.8754,12,vesicle-mediated transport
B9J08_000485,0.7,GO:0016020,0.8245,16,membrane
B9J08_000485,0.7,GO:0031201,0.8223,17,SNARE complex
B9J08_000485,0.7,GO:0005484,0.7987,19,SNAP receptor activity
B9J08_000485,0.7,GO:0006906,0.7931,20,vesicle fusion
B9J08_000488,0.7,GO:0016817,0.9977,4,"hydrolase activity, acting on acid anhydrides"
B9J08_000488,0.7,GO:0005524,0.9973,10,ATP binding
B9J08_000494,0.7,GO:0022857,0.8127,8,transmembrane transporter activity
B9J08_000498,0.7,GO:0005737,0.823,14,cytoplasm
B9J08_000498,0.7,GO:0000287,0.7966,15,magnesium ion binding
B9J08_000501,0.7,GO:0005886,0.8817,5,plasma membrane
B9J08_000501,0.7,GO:0016020,0.7942,8,membrane
B9J08_000503,0.7,GO:0022857,0.8591,8,transmembrane transporter activity
B9J08_000507,0.7,GO:0016491,0.9864,11,oxidoreductase activity
B9J08_000507,0.7,GO:0006099,0.9617,17,tricarboxylic acid cycle
B9J08_000508,0.7,GO:0005524,0.9002,14,ATP binding
B9J08_000511,0.7,GO:0102338,0.99,3,3-oxo-lignoceronyl-CoA synthase activity
B9J08_000511,0.7,GO:0102756,0.9885,4,very-long-chain 3-ketoacyl-CoA synthase activity
B9J08_000511,0.7,GO:0102337,0.9826,11,3-oxo-cerotoyl-CoA synthase activity
B9J08_000511,0.7,GO:0102336,0.9813,14,3-oxo-arachidoyl-CoA synthase activity
B9J08_000511,0.7,GO:0006633,0.9676,20,fatty acid biosynthetic process
B9J08_000517,0.7,GO:0006811,0.9976,6,ion transport
B9J08_000523,0.7,GO:0004222,0.9748,7,metalloendopeptidase activity
B9J08_000524,0.7,GO:0005524,0.9569,20,ATP binding
B9J08_000526,0.7,GO:0005515,0.7841,4,protein binding
B9J08_000528,0.7,GO:0046872,0.7341,8,metal ion binding
B9J08_000529,0.7,GO:0035091,0.7159,16,phosphatidylinositol binding
B9J08_000537,0.7,GO:0005730,0.897,14,nucleolus
B9J08_000537,0.7,GO:0003676,0.8839,15,nucleic acid binding
B9J08_000542,0.7,GO:0005737,0.7528,10,cytoplasm
B9J08_000543,0.7,GO:0045454,0.9942,1,cell redox homeostasis
B9J08_000543,0.7,GO:0006662,0.966,7,glycerol ether metabolic process
B9J08_000543,0.7,GO:0015036,0.9247,15,disulfide oxidoreductase activity
B9J08_000543,0.7,GO:0015035,0.8856,19,protein disulfide oxidoreductase activity
B9J08_000545,0.7,GO:0016282,0.9993,1,eukaryotic 43S preinitiation complex
B9J08_000545,0.7,GO:0033290,0.9988,3,eukaryotic 48S preinitiation complex
B9J08_000545,0.7,GO:0001732,0.9988,4,formation of cytoplasmic translation initiation complex
B9J08_000545,0.7,GO:0003743,0.9979,8,translation initiation factor activity
B9J08_000548,0.7,GO:0015693,0.932,3,magnesium ion transport
B9J08_000548,0.7,GO:0015095,0.8863,6,magnesium ion transmembrane transporter activity
B9J08_000548,0.7,GO:0006811,0.7649,20,ion transport
B9J08_000549,0.7,GO:0005524,0.9857,11,ATP binding
B9J08_000552,0.7,GO:0005524,0.9926,9,ATP binding
B9J08_000555,0.7,GO:0046872,0.83,19,metal ion binding
B9J08_000556,0.7,GO:0016020,0.746,12,membrane
B9J08_000559,0.7,GO:0046294,0.8552,13,formaldehyde catabolic process
B9J08_000561,0.7,GO:0003779,0.9469,11,actin binding
B9J08_000561,0.7,GO:0030479,0.9293,13,actin cortical patch
B9J08_000561,0.7,GO:0006897,0.8904,19,endocytosis
B9J08_000573,0.7,GO:0000166,0.9861,4,nucleotide binding
B9J08_000573,0.7,GO:0005524,0.9738,14,ATP binding
B9J08_000576,0.7,GO:0006629,0.9968,8,lipid metabolic process
B9J08_000576,0.7,GO:0016042,0.9963,9,lipid catabolic process
B9J08_000577,0.7,GO:0003824,0.7671,4,catalytic activity
B9J08_000582,0.7,GO:0022857,0.8991,6,transmembrane transporter activity
B9J08_000584,0.7,GO:0005515,0.803,13,protein binding
B9J08_000587,0.7,GO:0003779,0.8883,4,actin binding
B9J08_000587,0.7,GO:0042989,0.8562,6,sequestering of actin monomers
B9J08_000587,0.7,GO:0003785,0.8189,8,actin monomer binding
B9J08_000590,0.7,GO:0046872,0.97,2,metal ion binding
B9J08_000590,0.7,GO:0008270,0.7417,13,zinc ion binding
B9J08_000591,0.7,GO:0005886,0.7461,10,plasma membrane
B9J08_000592,0.7,GO:0008270,0.9726,10,zinc ion binding
B9J08_000596,0.7,GO:0005524,0.9612,15,ATP binding
B9J08_000602,0.7,GO:0004301,0.9533,11,epoxide hydrolase activity
B9J08_000602,0.7,GO:0008270,0.9307,15,zinc ion binding
B9J08_000602,0.7,GO:0005737,0.8886,19,cytoplasm
B9J08_000607,0.7,GO:0022857,0.7619,13,transmembrane transporter activity
B9J08_000611,0.7,GO:0016579,0.9346,16,protein deubiquitination
B9J08_000614,0.7,GO:0005886,0.9168,5,plasma membrane
B9J08_000614,0.7,GO:0031505,0.7221,16,fungal-type cell wall organization
B9J08_000614,0.7,GO:0031225,0.7036,17,anchored component of membrane
B9J08_000616,0.7,GO:0016192,0.8017,15,vesicle-mediated transport
B9J08_000625,0.7,GO:0006099,0.9027,18,tricarboxylic acid cycle
B9J08_000627,0.7,GO:0019706,0.9999,4,protein-cysteine S-palmitoyltransferase activity
B9J08_000633,0.7,GO:0006457,0.7306,8,protein folding
B9J08_000636,0.7,GO:0046872,0.9654,11,metal ion binding
B9J08_000643,0.7,GO:0005524,0.9948,5,ATP binding
B9J08_000643,0.7,GO:0000166,0.9937,9,nucleotide binding
B9J08_000645,0.7,GO:0004601,0.8693,3,peroxidase activity
B9J08_000645,0.7,GO:0016491,0.8192,6,oxidoreductase activity
B9J08_000645,0.7,GO:0016209,0.7308,9,antioxidant activity
B9J08_000646,0.7,GO:0003824,0.8054,4,catalytic activity
B9J08_000646,0.7,GO:0016787,0.7839,6,hydrolase activity
B9J08_000648,0.7,GO:0003755,0.977,3,peptidyl-prolyl cis-trans isomerase activity
B9J08_000648,0.7,GO:0006457,0.9746,5,protein folding
B9J08_000648,0.7,GO:0016018,0.9499,10,cyclosporin A binding
B9J08_000650,0.7,GO:0000166,0.9822,6,nucleotide binding
B9J08_000651,0.7,GO:0005634,0.842,10,nucleus
B9J08_000656,0.7,GO:0003824,0.8166,2,catalytic activity
B9J08_000657,0.7,GO:0000166,0.9868,2,nucleotide binding
B9J08_000657,0.7,GO:0005524,0.9749,12,ATP binding
B9J08_000659,0.7,GO:0000166,0.9915,6,nucleotide binding
B9J08_000659,0.7,GO:0005524,0.9871,10,ATP binding
B9J08_000677,0.7,GO:0016020,0.8061,9,membrane
B9J08_000677,0.7,GO:0005886,0.8049,10,plasma membrane
B9J08_000682,0.7,GO:0019243,0.9973,3,methylglyoxal catabolic process to D-lactate via S-lactoyl-glutathione
B9J08_000682,0.7,GO:0004416,0.9889,9,hydroxyacylglutathione hydrolase activity
B9J08_000688,0.7,GO:0046872,0.9845,4,metal ion binding
B9J08_000693,0.7,GO:0006886,0.9231,19,intracellular protein transport
B9J08_000694,0.7,GO:0003824,0.9869,2,catalytic activity
B9J08_000694,0.7,GO:0016491,0.9799,3,oxidoreductase activity
B9J08_000694,0.7,GO:0016615,0.928,6,malate dehydrogenase activity
B9J08_000694,0.7,GO:0006099,0.9182,7,tricarboxylic acid cycle
B9J08_000694,0.7,GO:0030060,0.8587,11,L-malate dehydrogenase activity
B9J08_000694,0.7,GO:0006108,0.8539,12,malate metabolic process
B9J08_000694,0.7,GO:0016616,0.7279,16,"oxidoreductase activity, acting on the CH-OH group of donors, NAD or NADP as acceptor"
B9J08_000695,0.7,GO:0005975,0.9094,9,carbohydrate metabolic process
B9J08_000696,0.7,GO:0005739,0.7923,15,mitochondrion
B9J08_000701,0.7,GO:0005886,0.8639,8,plasma membrane
B9J08_000701,0.7,GO:0016491,0.7526,12,oxidoreductase activity
B9J08_000704,0.7,GO:0005524,0.994,7,ATP binding
B9J08_000705,0.7,GO:0000166,0.9916,11,nucleotide binding
B9J08_000705,0.7,GO:0005524,0.9912,12,ATP binding
B9J08_000720,0.7,GO:0005524,0.9814,16,ATP binding
B9J08_000729,0.7,GO:0005524,0.9893,18,ATP binding
B9J08_000735,0.7,GO:0004672,0.9748,17,protein kinase activity
B9J08_000737,0.7,GO:0000030,0.7445,6,mannosyltransferase activity
B9J08_000740,0.7,GO:0016491,0.9298,9,oxidoreductase activity
B9J08_000740,0.7,GO:0006520,0.81,17,cellular amino acid metabolic process
B9J08_000740,0.7,GO:0006537,0.7923,18,glutamate biosynthetic process
B9J08_000748,0.7,GO:0005096,0.7054,18,GTPase activator activity
B9J08_000752,0.7,GO:0031078,0.776,3,histone deacetylase activity (H3-K14 specific)
B9J08_000752,0.7,GO:0032041,0.7154,12,NAD-dependent histone deacetylase activity (H3-K14 specific)
B9J08_000752,0.7,GO:0006325,0.7136,14,chromatin organization
B9J08_000752,0.7,GO:0004407,0.7132,15,histone deacetylase activity
B9J08_000753,0.7,GO:0005524,0.9962,8,ATP binding
B9J08_000756,0.7,GO:0022857,0.9244,4,transmembrane transporter activity
B9J08_000756,0.7,GO:0005886,0.7033,15,plasma membrane
B9J08_000764,0.7,GO:0003824,0.9639,5,catalytic activity
B9J08_000764,0.7,GO:0016491,0.958,6,oxidoreductase activity
B9J08_000764,0.7,GO:0019752,0.9413,11,carboxylic acid metabolic process
B9J08_000764,0.7,GO:0006108,0.9089,14,malate metabolic process
B9J08_000764,0.7,GO:0030060,0.8986,15,L-malate dehydrogenase activity
B9J08_000764,0.7,GO:0006099,0.8937,16,tricarboxylic acid cycle
B9J08_000766,0.7,GO:0003824,0.953,2,catalytic activity
B9J08_000766,0.7,GO:0030170,0.9196,11,pyridoxal phosphate binding
B9J08_000766,0.7,GO:0008483,0.9077,16,transaminase activity
B9J08_000773,0.7,GO:0015031,0.7404,16,protein transport
B9J08_000774,0.7,GO:0003676,0.9973,7,nucleic acid binding
B9J08_000775,0.7,GO:0005991,0.9672,9,trehalose metabolic process
B9J08_000775,0.7,GO:0005992,0.9618,11,trehalose biosynthetic process
B9J08_000778,0.7,GO:0015031,0.9793,16,protein transport
B9J08_000780,0.7,GO:0003824,0.7205,4,catalytic activity
B9J08_000790,0.7,GO:0016192,0.995,3,vesicle-mediated transport
B9J08_000790,0.7,GO:0006897,0.9753,9,endocytosis
B9J08_000790,0.7,GO:0030479,0.957,17,actin cortical patch
B9J08_000790,0.7,GO:0043332,0.9205,20,mating projection tip
B9J08_000791,0.7,GO:0005634,0.9804,13,nucleus
B9J08_000792,0.7,GO:0003824,0.842,3,catalytic activity
B9J08_000796,0.7,GO:0022857,0.7277,10,transmembrane transporter activity
B9J08_000797,0.7,GO:0022857,0.8099,10,transmembrane transporter activity
B9J08_000801,0.7,GO:0005737,0.7015,4,cytoplasm
B9J08_000805,0.7,GO:0005634,0.7672,13,nucleus
B9J08_000808,0.7,GO:0006096,0.9998,5,glycolytic process
B9J08_000811,0.7,GO:0005875,0.822,14,microtubule associated complex
B9J08_000812,0.7,GO:0042843,0.8596,19,D-xylose catabolic process
B9J08_000813,0.7,GO:0045329,0.8783,10,carnitine biosynthetic process
B9J08_000818,0.7,GO:0000166,0.9707,6,nucleotide binding
B9J08_000818,0.7,GO:0005524,0.961,11,ATP binding
B9J08_000822,0.7,GO:0004672,0.9871,18,protein kinase activity
B9J08_000825,0.7,GO:0003677,0.9258,9,DNA binding
B9J08_000829,0.7,GO:0003676,0.934,6,nucleic acid binding
B9J08_000837,0.7,GO:0000166,0.9958,8,nucleotide binding
B9J08_000837,0.7,GO:0005524,0.9911,15,ATP binding
B9J08_000837,0.7,GO:0005215,0.9904,16,transporter activity
B9J08_000838,0.7,GO:0005524,0.9687,12,ATP binding
B9J08_000839,0.7,GO:0006886,0.9081,8,intracellular protein transport
B9J08_000847,0.7,GO:0005524,0.9221,7,ATP binding
B9J08_000848,0.7,GO:0016020,0.7941,12,membrane
B9J08_000850,0.7,GO:0016491,0.8787,2,oxidoreductase activity
B9J08_000853,0.7,GO:0022857,0.8675,7,transmembrane transporter activity
B9J08_000855,0.7,GO:0003677,0.9554,2,DNA binding
B9J08_000855,0.7,GO:0006334,0.887,9,nucleosome assembly
B9J08_000855,0.7,GO:0030261,0.8511,19,chromosome condensation
B9J08_000863,0.7,GO:0008483,0.7483,10,transaminase activity
B9J08_000867,0.7,GO:0034220,0.8666,7,ion transmembrane transport
B9J08_000871,0.7,GO:0005737,0.7162,6,cytoplasm
B9J08_000872,0.7,GO:0015031,0.7513,13,protein transport
B9J08_000873,0.7,GO:0046872,0.9644,11,metal ion binding
B9J08_000874,0.7,GO:0016491,0.9794,2,oxidoreductase activity
B9J08_000877,0.7,GO:0030011,0.9733,1,maintenance of cell polarity
B9J08_000877,0.7,GO:0034727,0.8173,6,piecemeal microautophagy of the nucleus
B9J08_000877,0.7,GO:0016020,0.7205,18,membrane
B9J08_000880,0.7,GO:0005524,0.9973,2,ATP binding
B9J08_000880,0.7,GO:0000166,0.9937,11,nucleotide binding
B9J08_000881,0.7,GO:0005524,0.9714,18,ATP binding
B9J08_000881,0.7,GO:0004672,0.9675,19,protein kinase activity
B9J08_000886,0.7,GO:0051536,0.7452,12,iron-sulfur cluster binding
B9J08_000887,0.7,GO:0005524,0.9867,11,ATP binding
B9J08_000895,0.7,GO:0046872,0.8533,7,metal ion binding
B9J08_000895,0.7,GO:0005975,0.8368,9,carbohydrate metabolic process
B9J08_000896,0.7,GO:0055085,0.7508,9,transmembrane transport
B9J08_000899,0.7,GO:0000266,0.9388,14,mitochondrial fission
B9J08_000899,0.7,GO:0016559,0.8912,20,peroxisome fission
B9J08_000901,0.7,GO:0030976,0.9625,5,thiamine pyrophosphate binding
B9J08_000902,0.7,GO:0006351,0.9771,20,"transcription, DNA-templated"
B9J08_000907,0.7,GO:0005524,0.9725,18,ATP binding
B9J08_000908,0.7,GO:0003723,0.7984,11,RNA binding
B9J08_000909,0.7,GO:0005515,0.8587,3,protein binding
B9J08_000910,0.7,GO:0005525,0.9938,3,GTP binding
B9J08_000912,0.7,GO:0005524,0.7318,15,ATP binding
B9J08_000914,0.7,GO:0003746,0.8711,13,translation elongation factor activity
B9J08_000914,0.7,GO:0005853,0.8457,15,eukaryotic translation elongation factor 1 complex
B9J08_000918,0.7,GO:0031225,0.9241,17,anchored component of membrane
B9J08_000920,0.7,GO:0016616,0.8565,18,"oxidoreductase activity, acting on the CH-OH group of donors, NAD or NADP as acceptor"
B9J08_000921,0.7,GO:0006913,0.9141,20,nucleocytoplasmic transport
B9J08_000928,0.7,GO:0015250,0.8709,8,water channel activity
B9J08_000928,0.7,GO:0015267,0.854,9,channel activity
B9J08_000928,0.7,GO:0016020,0.798,13,membrane
B9J08_000928,0.7,GO:0005886,0.7581,14,plasma membrane
B9J08_000930,0.7,GO:0006810,0.9352,13,transport
B9J08_000930,0.7,GO:0022857,0.919,16,transmembrane transporter activity
B9J08_000932,0.7,GO:0016020,0.8532,12,membrane
B9J08_000932,0.7,GO:0045332,0.8463,13,phospholipid translocation
B9J08_000938,0.7,GO:0022857,0.9133,7,transmembrane transporter activity
B9J08_000938,0.7,GO:0008643,0.7102,15,carbohydrate transport
B9J08_000939,0.7,GO:0003677,0.9498,7,DNA binding
B9J08_000939,0.7,GO:0005634,0.8861,17,nucleus
B9J08_000939,0.7,GO:0008270,0.8005,20,zinc ion binding
B9J08_000942,0.7,GO:0008168,0.9201,5,methyltransferase activity
B9J08_000944,0.7,GO:0046872,0.9781,3,metal ion binding
B9J08_000944,0.7,GO:0000166,0.9373,6,nucleotide binding
B9J08_000944,0.7,GO:0052856,0.9071,10,NADHX epimerase activity
B9J08_000944,0.7,GO:0052857,0.8396,15,NADPHX epimerase activity
B9J08_000945,0.7,GO:0005525,0.982,12,GTP binding
B9J08_000947,0.7,GO:0016787,0.9453,2,hydrolase activity
B9J08_000947,0.7,GO:0008610,0.7329,20,lipid biosynthetic process
B9J08_000952,0.7,GO:0016272,0.7127,8,prefoldin complex
B9J08_000954,0.7,GO:0005524,0.9614,11,ATP binding
B9J08_000960,0.7,GO:0005525,0.9978,7,GTP binding
B9J08_000962,0.7,GO:0016020,0.747,8,membrane
B9J08_000963,0.7,GO:0016020,0.9431,9,membrane
B9J08_000963,0.7,GO:0000139,0.9026,20,Golgi membrane
B9J08_000967,0.7,GO:0005634,0.9093,12,nucleus
B9J08_000967,0.7,GO:0003700,0.8117,19,DNA-binding transcription factor activity
B9J08_000969,0.7,GO:0000166,0.9941,8,nucleotide binding
B9J08_000969,0.7,GO:0005524,0.9852,13,ATP binding
B9J08_000976,0.7,GO:0045454,0.9874,12,cell redox homeostasis
B9J08_000976,0.7,GO:0016491,0.9628,20,oxidoreductase activity
B9J08_000980,0.7,GO:0000287,0.9616,6,magnesium ion binding
B9J08_000980,0.7,GO:0006099,0.8973,17,tricarboxylic acid cycle
B9J08_000981,0.7,GO:0006139,0.8282,15,nucleobase-containing compound metabolic process
B9J08_000984,0.7,GO:0043332,0.9842,7,mating projection tip
B9J08_000985,0.7,GO:0030479,0.7191,15,actin cortical patch
B9J08_000988,0.7,GO:0005634,0.9952,5,nucleus
B9J08_000988,0.7,GO:0003700,0.9756,16,DNA-binding transcription factor activity
B9J08_000990,0.7,GO:0003824,0.7877,2,catalytic activity
B9J08_000995,0.7,GO:0015116,0.857,10,sulfate transmembrane transporter activity
B9J08_000996,0.7,GO:0005524,0.9824,10,ATP binding
B9J08_001000,0.7,GO:0016020,0.8571,13,membrane
B9J08_001001,0.7,GO:0005525,0.9785,8,GTP binding
B9J08_001005,0.7,GO:0033178,0.7085,10,"proton-transporting two-sector ATPase complex, catalytic domain"
B9J08_001006,0.7,GO:0015693,0.9285,10,magnesium ion transport
B9J08_001006,0.7,GO:0005743,0.8756,17,mitochondrial inner membrane
B9J08_001006,0.7,GO:0015095,0.8542,19,magnesium ion transmembrane transporter activity
B9J08_001014,0.7,GO:0022857,0.8848,17,transmembrane transporter activity
B9J08_001015,0.7,GO:0022857,0.9198,7,transmembrane transporter activity
B9J08_001016,0.7,GO:0022857,0.9558,11,transmembrane transporter activity
B9J08_001016,0.7,GO:0008643,0.8388,15,carbohydrate transport
B9J08_001017,0.7,GO:0022857,0.964,7,transmembrane transporter activity
B9J08_001018,0.7,GO:2001295,0.996,4,malonyl-CoA biosynthetic process
B9J08_001019,0.7,GO:0008236,0.7921,11,serine-type peptidase activity
B9J08_001026,0.7,GO:0003723,0.9578,19,RNA binding
B9J08_001031,0.7,GO:0006457,0.9565,3,protein folding
B9J08_001031,0.7,GO:0005737,0.9052,7,cytoplasm
B9J08_001031,0.7,GO:0003755,0.8756,10,peptidyl-prolyl cis-trans isomerase activity
B9J08_001034,0.7,GO:0004725,0.7689,11,protein tyrosine phosphatase activity
B9J08_001036,0.7,GO:0016020,0.8727,5,membrane
B9J08_001039,0.7,GO:0008152,0.7415,14,metabolic process
B9J08_001062,0.7,GO:0005524,0.9943,7,ATP binding
B9J08_001067,0.7,GO:0016491,0.888,7,oxidoreductase activity
B9J08_001068,0.7,GO:0031966,0.7201,12,mitochondrial membrane
B9J08_001073,0.7,GO:0006544,0.9856,6,glycine metabolic process
B9J08_001073,0.7,GO:0008483,0.9572,18,transaminase activity
B9J08_001075,0.7,GO:0005524,0.9991,3,ATP binding
B9J08_001077,0.7,GO:0003676,0.8634,7,nucleic acid binding
B9J08_001085,0.7,GO:0005524,0.9692,10,ATP binding
B9J08_001085,0.7,GO:0000166,0.9643,15,nucleotide binding
B9J08_001086,0.7,GO:0045454,0.9978,1,cell redox homeostasis
B9J08_001086,0.7,GO:0006662,0.9158,12,glycerol ether metabolic process
B9J08_001086,0.7,GO:0015035,0.8139,17,protein disulfide oxidoreductase activity
B9J08_001090,0.7,GO:0016491,0.9896,2,oxidoreductase activity
B9J08_001090,0.7,GO:0019430,0.9478,8,removal of superoxide radicals
B9J08_001090,0.7,GO:0098869,0.9468,9,cellular oxidant detoxification
B9J08_001091,0.7,GO:0031201,0.9925,5,SNARE complex
B9J08_001091,0.7,GO:0012505,0.9911,7,endomembrane system
B9J08_001091,0.7,GO:0005484,0.9848,11,SNAP receptor activity
B9J08_001093,0.7,GO:0006325,0.9954,17,chromatin organization
B9J08_001095,0.7,GO:0000166,0.9941,4,nucleotide binding
B9J08_001095,0.7,GO:0005524,0.9913,9,ATP binding
B9J08_001098,0.7,GO:0006139,0.9472,13,nucleobase-containing compound metabolic process
B9J08_001098,0.7,GO:0009116,0.8733,20,nucleoside metabolic process
B9J08_001102,0.7,GO:0005525,0.9824,8,GTP binding
B9J08_001104,0.7,GO:0003676,0.9207,17,nucleic acid binding
B9J08_001105,0.7,GO:0000166,0.9895,14,nucleotide binding
B9J08_001106,0.7,GO:0045454,0.9918,1,cell redox homeostasis
B9J08_001106,0.7,GO:0016491,0.9045,14,oxidoreductase activity
B9J08_001106,0.7,GO:0004601,0.821,19,peroxidase activity
B9J08_001108,0.7,GO:0006259,0.9963,13,DNA metabolic process
B9J08_001110,0.7,GO:0016747,0.7617,18,"transferase activity, transferring acyl groups other than amino-acyl groups"
B9J08_001112,0.7,GO:0005886,0.7357,8,plasma membrane
B9J08_001116,0.7,GO:0006629,0.8651,12,lipid metabolic process
B9J08_001122,0.7,GO:0003676,0.9947,14,nucleic acid binding
B9J08_001124,0.7,GO:0016787,0.8067,4,hydrolase activity
B9J08_001124,0.7,GO:0004721,0.7772,8,phosphoprotein phosphatase activity
B9J08_001125,0.7,GO:0000166,0.997,6,nucleotide binding
B9J08_001125,0.7,GO:0005524,0.9951,10,ATP binding
B9J08_001128,0.7,GO:0003735,0.8659,9,structural constituent of ribosome
B9J08_001131,0.7,GO:0005524,0.9936,10,ATP binding
B9J08_001132,0.7,GO:0005737,0.717,12,cytoplasm
B9J08_001136,0.7,GO:0005524,0.986,16,ATP binding
B9J08_001136,0.7,GO:0051082,0.9781,20,unfolded protein binding
B9J08_001137,0.7,GO:0034314,0.9946,1,Arp2/3 complex-mediated actin nucleation
B9J08_001138,0.7,GO:0005524,0.999,5,ATP binding
B9J08_001139,0.7,GO:0006396,0.8859,16,RNA processing
B9J08_001142,0.7,GO:0016020,0.7767,8,membrane
B9J08_001146,0.7,GO:0003676,0.9156,8,nucleic acid binding
B9J08_001146,0.7,GO:0003723,0.8608,17,RNA binding
B9J08_001148,0.7,GO:0005739,0.7726,12,mitochondrion
B9J08_001149,0.7,GO:0005524,0.9893,6,ATP binding
B9J08_001156,0.7,GO:0000166,0.9785,9,nucleotide binding
B9J08_001156,0.7,GO:0005524,0.9725,13,ATP binding
B9J08_001160,0.7,GO:0005524,0.9845,15,ATP binding
B9J08_001160,0.7,GO:0016301,0.8081,20,kinase activity
B9J08_001161,0.7,GO:0006782,0.9351,16,protoporphyrinogen IX biosynthetic process
B9J08_001162,0.7,GO:0015095,0.765,13,magnesium ion transmembrane transporter activity
B9J08_001162,0.7,GO:0005886,0.7447,16,plasma membrane
B9J08_001162,0.7,GO:0022890,0.731,18,inorganic cation transmembrane transporter activity
B9J08_001166,0.7,GO:0003676,0.7006,17,nucleic acid binding
B9J08_001170,0.7,GO:0042128,0.9525,6,nitrate assimilation
B9J08_001170,0.7,GO:0006808,0.902,13,regulation of nitrogen utilization
B9J08_001171,0.7,GO:0008270,0.9106,8,zinc ion binding
B9J08_001171,0.7,GO:0016491,0.8911,9,oxidoreductase activity
B9J08_001173,0.7,GO:0033558,0.978,16,protein deacetylase activity
B9J08_001173,0.7,GO:0051287,0.9701,17,NAD binding
B9J08_001177,0.7,GO:0005525,0.9965,10,GTP binding
B9J08_001183,0.7,GO:0008324,0.8596,16,cation transmembrane transporter activity
B9J08_001185,0.7,GO:0030001,0.9513,10,metal ion transport
B9J08_001185,0.7,GO:0006829,0.9473,11,zinc ion transport
B9J08_001190,0.7,GO:0008168,0.8388,15,methyltransferase activity
B9J08_001192,0.7,GO:0005524,0.984,11,ATP binding
B9J08_001205,0.7,GO:0005524,0.9714,11,ATP binding
B9J08_001207,0.7,GO:0006099,0.9867,6,tricarboxylic acid cycle
B9J08_001207,0.7,GO:0003824,0.976,12,catalytic activity
B9J08_001207,0.7,GO:0016829,0.9364,20,lyase activity
B9J08_001213,0.7,GO:0022857,0.9191,9,transmembrane transporter activity
B9J08_001213,0.7,GO:0055085,0.7932,17,transmembrane transport
B9J08_001216,0.7,GO:0004169,0.8955,17,dolichyl-phosphate-mannose-protein mannosyltransferase activity
B9J08_001216,0.7,GO:0000030,0.8558,19,mannosyltransferase activity
B9J08_001224,0.7,GO:0000097,0.9799,2,sulfur amino acid biosynthetic process
B9J08_001224,0.7,GO:0000103,0.9739,9,sulfate assimilation
B9J08_001224,0.7,GO:0019344,0.9639,18,cysteine biosynthetic process
B9J08_001227,0.7,GO:0006096,0.9997,5,glycolytic process
B9J08_001229,0.7,GO:0051536,0.9638,8,iron-sulfur cluster binding
B9J08_001232,0.7,GO:0005634,0.9679,15,nucleus
B9J08_001237,0.7,GO:0015031,0.8566,11,protein transport
B9J08_001237,0.7,GO:0016192,0.7396,15,vesicle-mediated transport
B9J08_001238,0.7,GO:0005524,0.9949,9,ATP binding
B9J08_001241,0.7,GO:0016020,0.8949,5,membrane
B9J08_001243,0.7,GO:0016281,0.9306,20,eukaryotic translation initiation factor 4F complex
B9J08_001245,0.7,GO:0032008,0.8201,13,positive regulation of TOR signaling
B9J08_001252,0.7,GO:0003723,0.8737,6,RNA binding
B9J08_001252,0.7,GO:0005682,0.7116,13,U5 snRNP
B9J08_001254,0.7,GO:0008324,0.7906,15,cation transmembrane transporter activity
B9J08_001255,0.7,GO:0005975,0.8555,8,carbohydrate metabolic process
B9J08_001255,0.7,GO:0046352,0.7409,11,disaccharide catabolic process
B9J08_001255,0.7,GO:0009313,0.7093,12,oligosaccharide catabolic process
B9J08_001259,0.7,GO:0015031,0.7326,17,protein transport
B9J08_001260,0.7,GO:0005524,0.9457,9,ATP binding
B9J08_001260,0.7,GO:0016787,0.8907,18,hydrolase activity
B9J08_001264,0.7,GO:0031966,0.9354,9,mitochondrial membrane
B9J08_001264,0.7,GO:0005743,0.8676,15,mitochondrial inner membrane
B9J08_001267,0.7,GO:0016780,0.7148,7,"phosphotransferase activity, for other substituted phosphate groups"
B9J08_001270,0.7,GO:0005634,0.8514,11,nucleus
B9J08_001270,0.7,GO:0003700,0.7739,18,DNA-binding transcription factor activity
B9J08_001271,0.7,GO:0005524,0.9454,6,ATP binding
B9J08_001271,0.7,GO:0051082,0.8475,20,unfolded protein binding
B9J08_001274,0.7,GO:0005515,0.7869,6,protein binding
B9J08_001277,0.7,GO:0019752,0.9878,13,carboxylic acid metabolic process
B9J08_001277,0.7,GO:0003824,0.9818,17,catalytic activity
B9J08_001286,0.7,GO:0005524,0.9809,8,ATP binding
B9J08_001291,0.7,GO:0044255,0.7041,17,cellular lipid metabolic process
B9J08_001294,0.7,GO:0016787,0.7824,6,hydrolase activity
B9J08_001295,0.7,GO:0046872,0.7806,12,metal ion binding
B9J08_001295,0.7,GO:0016787,0.7403,14,hydrolase activity
B9J08_001296,0.7,GO:0006633,0.9587,5,fatty acid biosynthetic process
B9J08_001296,0.7,GO:0008659,0.9048,20,(3R)-hydroxymyristoyl-[acyl-carrier-protein] dehydratase activity
B9J08_001297,0.7,GO:0005524,0.8748,11,ATP binding
B9J08_001300,0.7,GO:0006355,0.9922,18,"regulation of transcription, DNA-templated"
B9J08_001301,0.7,GO:0003824,0.9313,3,catalytic activity
B9J08_001301,0.7,GO:0005975,0.7812,7,carbohydrate metabolic process
B9J08_001301,0.7,GO:0030246,0.7596,8,carbohydrate binding
B9J08_001305,0.7,GO:0005524,0.9773,11,ATP binding
B9J08_001311,0.7,GO:0030042,0.99,10,actin filament depolymerization
B9J08_001311,0.7,GO:0003779,0.9864,13,actin binding
B9J08_001315,0.7,GO:0000256,0.8533,18,allantoin catabolic process
B9J08_001318,0.7,GO:0016192,0.8549,7,vesicle-mediated transport
B9J08_001319,0.7,GO:0016020,0.8469,9,membrane
B9J08_001322,0.7,GO:0051536,0.8905,7,iron-sulfur cluster binding
B9J08_001322,0.7,GO:0051537,0.7607,16,"2 iron, 2 sulfur cluster binding"
B9J08_001322,0.7,GO:0009055,0.7177,20,electron transfer activity
B9J08_001323,0.7,GO:0016020,0.9907,12,membrane
B9J08_001323,0.7,GO:0005484,0.988,16,SNAP receptor activity
B9J08_001325,0.7,GO:0008152,0.9148,4,metabolic process
B9J08_001330,0.7,GO:0009396,0.9196,15,folic acid-containing compound biosynthetic process
B9J08_001330,0.7,GO:0006760,0.8922,18,folic acid-containing compound metabolic process
B9J08_001330,0.7,GO:0046654,0.8913,19,tetrahydrofolate biosynthetic process
B9J08_001332,0.7,GO:0005634,0.9478,17,nucleus
B9J08_001338,0.7,GO:0000166,0.96,4,nucleotide binding
B9J08_001338,0.7,GO:0045899,0.9362,19,positive regulation of RNA polymerase II transcriptional preinitiation complex assembly
B9J08_001338,0.7,GO:0005524,0.9355,20,ATP binding
B9J08_001340,0.7,GO:0097320,0.8074,8,plasma membrane tubulation
B9J08_001340,0.7,GO:0030479,0.7848,11,actin cortical patch
B9J08_001340,0.7,GO:0005515,0.7736,14,protein binding
B9J08_001340,0.7,GO:0006897,0.7607,16,endocytosis
B9J08_001344,0.7,GO:0005524,0.8968,19,ATP binding
B9J08_001345,0.7,GO:0005524,0.9897,14,ATP binding
B9J08_001348,0.7,GO:0005524,0.9924,17,ATP binding
B9J08_001355,0.7,GO:0003824,0.856,3,catalytic activity
B9J08_001362,0.7,GO:0016020,0.8652,9,membrane
B9J08_001363,0.7,GO:0005524,0.998,15,ATP binding
B9J08_001363,0.7,GO:0003676,0.9967,20,nucleic acid binding
B9J08_001367,0.7,GO:0008270,0.9503,11,zinc ion binding
B9J08_001368,0.7,GO:0005524,0.9904,11,ATP binding
B9J08_001371,0.7,GO:0008270,0.9788,9,zinc ion binding
B9J08_001371,0.7,GO:0005634,0.8575,19,nucleus
B9J08_001381,0.7,GO:0046872,0.9797,5,metal ion binding
B9J08_001381,0.7,GO:0004784,0.9731,7,superoxide dismutase activity
B9J08_001381,0.7,GO:0006801,0.8812,13,superoxide metabolic process
B9J08_001383,0.7,GO:0005975,0.953,5,carbohydrate metabolic process
B9J08_001383,0.7,GO:0003824,0.8795,9,catalytic activity
B9J08_001383,0.7,GO:0030246,0.8096,16,carbohydrate binding
B9J08_001385,0.7,GO:0005737,0.7043,18,cytoplasm
B9J08_001387,0.7,GO:0005525,0.9816,10,GTP binding
B9J08_001388,0.7,GO:0006570,0.7113,14,tyrosine metabolic process
B9J08_001393,0.7,GO:0004408,0.7126,11,holocytochrome-c synthase activity
B9J08_001394,0.7,GO:0016020,0.8748,14,membrane
B9J08_001399,0.7,GO:0022857,0.9056,16,transmembrane transporter activity
B9J08_001406,0.7,GO:0004298,0.9958,1,threonine-type endopeptidase activity
B9J08_001406,0.7,GO:0051603,0.9755,15,proteolysis involved in cellular protein catabolic process
B9J08_001407,0.7,GO:0006621,0.7973,13,protein retention in ER lumen
B9J08_001407,0.7,GO:0046923,0.7736,15,ER retention sequence binding
B9J08_001413,0.7,GO:0000166,0.9983,19,nucleotide binding
B9J08_001414,0.7,GO:0004842,0.8367,20,ubiquitin-protein transferase activity
B9J08_001415,0.7,GO:0004842,0.7753,13,ubiquitin-protein transferase activity
B9J08_001418,0.7,GO:0005618,0.9057,8,cell wall
B9J08_001418,0.7,GO:0004553,0.8627,12,"hydrolase activity, hydrolyzing O-glycosyl compounds"
B9J08_001418,0.7,GO:0005576,0.8335,17,extracellular region
B9J08_001418,0.7,GO:0071555,0.8212,19,cell wall organization
B9J08_001421,0.7,GO:0050992,0.8493,19,dimethylallyl diphosphate biosynthetic process
B9J08_001422,0.7,GO:0009249,0.9958,1,protein lipoylation
B9J08_001422,0.7,GO:0016992,0.9781,8,lipoate synthase activity
B9J08_001422,0.7,GO:0046872,0.9624,17,metal ion binding
B9J08_001427,0.7,GO:0005543,0.7997,5,phospholipid binding
B9J08_001432,0.7,GO:0005515,0.9288,3,protein binding
B9J08_001432,0.7,GO:0051015,0.861,6,actin filament binding
B9J08_001432,0.7,GO:0007015,0.8525,9,actin filament organization
B9J08_001432,0.7,GO:0051017,0.8123,16,actin filament bundle assembly
B9J08_001447,0.7,GO:0005524,0.9797,15,ATP binding
B9J08_001448,0.7,GO:0020037,0.9963,3,heme binding
B9J08_001448,0.7,GO:0005506,0.9918,11,iron ion binding
B9J08_001450,0.7,GO:0006811,0.8398,13,ion transport
B9J08_001450,0.7,GO:0015677,0.8356,14,copper ion import
B9J08_001452,0.7,GO:0005739,0.7529,15,mitochondrion
B9J08_001453,0.7,GO:0005524,0.9821,13,ATP binding
B9J08_001454,0.7,GO:0030011,0.8341,1,maintenance of cell polarity
B9J08_001454,0.7,GO:0008289,0.7616,11,lipid binding
B9J08_001461,0.7,GO:0006457,0.99,8,protein folding
B9J08_001461,0.7,GO:0005524,0.9823,17,ATP binding
B9J08_001461,0.7,GO:0051082,0.9773,20,unfolded protein binding
B9J08_001463,0.7,GO:0005524,0.9903,15,ATP binding
B9J08_001464,0.7,GO:0022857,0.8444,7,transmembrane transporter activity
B9J08_001465,0.7,GO:0003824,0.9472,7,catalytic activity
B9J08_001465,0.7,GO:0016020,0.8399,11,membrane
B9J08_001467,0.7,GO:0005524,0.9856,7,ATP binding
B9J08_001471,0.7,GO:0006364,0.9123,19,rRNA processing
B9J08_001474,0.7,GO:0046872,0.8281,8,metal ion binding
B9J08_001476,0.7,GO:0005524,0.9879,11,ATP binding
B9J08_001476,0.7,GO:0000166,0.9856,15,nucleotide binding
B9J08_001477,0.7,GO:0004298,0.8473,4,threonine-type endopeptidase activity
B9J08_001477,0.7,GO:0005737,0.7314,19,cytoplasm
B9J08_001484,0.7,GO:0016746,0.8847,5,"transferase activity, transferring acyl groups"
B9J08_001484,0.7,GO:0016747,0.8843,6,"transferase activity, transferring acyl groups other than amino-acyl groups"
B9J08_001484,0.7,GO:0003988,0.84,10,acetyl-CoA C-acyltransferase activity
B9J08_001484,0.7,GO:0010124,0.7701,15,phenylacetate catabolic process
B9J08_001487,0.7,GO:0022857,0.7793,9,transmembrane transporter activity
B9J08_001493,0.7,GO:0005524,0.9808,14,ATP binding
B9J08_001499,0.7,GO:0022857,0.7212,17,transmembrane transporter activity
B9J08_001501,0.7,GO:0016787,0.9812,6,hydrolase activity
B9J08_001501,0.7,GO:0005524,0.9774,12,ATP binding
B9J08_001506,0.7,GO:0008233,0.9472,9,peptidase activity
B9J08_001506,0.7,GO:0046872,0.8942,20,metal ion binding
B9J08_001510,0.7,GO:0046872,0.9702,4,metal ion binding
B9J08_001510,0.7,GO:0008233,0.9593,7,peptidase activity
B9J08_001512,0.7,GO:0005524,0.99,13,ATP binding
B9J08_001515,0.7,GO:0020037,0.9319,6,heme binding
B9J08_001515,0.7,GO:0004497,0.746,15,monooxygenase activity
B9J08_001515,0.7,GO:0005506,0.737,16,iron ion binding
B9J08_001521,0.7,GO:0022857,0.7643,9,transmembrane transporter activity
B9J08_001524,0.7,GO:0008270,0.9701,10,zinc ion binding
B9J08_001525,0.7,GO:0020037,0.994,5,heme binding
B9J08_001525,0.7,GO:0005506,0.9708,13,iron ion binding
B9J08_001525,0.7,GO:0004497,0.9648,14,monooxygenase activity
B9J08_001526,0.7,GO:0022857,0.9294,7,transmembrane transporter activity
B9J08_001526,0.7,GO:0008643,0.7027,19,carbohydrate transport
B9J08_001527,0.7,GO:0022857,0.9429,7,transmembrane transporter activity
B9J08_001527,0.7,GO:0008643,0.7547,19,carbohydrate transport
B9J08_001528,0.7,GO:0022857,0.9722,6,transmembrane transporter activity
B9J08_001529,0.7,GO:0003824,0.9547,2,catalytic activity
B9J08_001529,0.7,GO:0004553,0.7478,7,"hydrolase activity, hydrolyzing O-glycosyl compounds"
B9J08_001529,0.7,GO:0005975,0.7303,8,carbohydrate metabolic process
B9J08_001530,0.7,GO:0015171,0.8799,7,amino acid transmembrane transporter activity
B9J08_001530,0.7,GO:0006865,0.7909,17,amino acid transport
B9J08_001533,0.7,GO:0016620,0.9501,2,"oxidoreductase activity, acting on the aldehyde or oxo group of donors, NAD or NADP as acceptor"
B9J08_001533,0.7,GO:0016491,0.9259,3,oxidoreductase activity
B9J08_001533,0.7,GO:0008152,0.7143,8,metabolic process
B9J08_001534,0.7,GO:0004190,0.8078,1,aspartic-type endopeptidase activity
B9J08_001535,0.7,GO:0016491,0.9791,4,oxidoreductase activity
B9J08_001535,0.7,GO:0003824,0.975,6,catalytic activity
B9J08_001535,0.7,GO:0010181,0.9674,8,FMN binding
B9J08_001536,0.7,GO:0016020,0.7362,11,membrane
B9J08_001537,0.7,GO:0016020,0.8645,13,membrane
B9J08_001540,0.7,GO:0003824,0.9622,3,catalytic activity
B9J08_001540,0.7,GO:0008152,0.9415,4,metabolic process
B9J08_001540,0.7,GO:0016829,0.9095,8,lyase activity
B9J08_001540,0.7,GO:0005737,0.8658,14,cytoplasm
B9J08_001541,0.7,GO:0016020,0.8531,9,membrane
B9J08_001542,0.7,GO:0022857,0.7533,6,transmembrane transporter activity
B9J08_001543,0.7,GO:0017183,0.9983,3,peptidyl-diphthamide biosynthetic process from peptidyl-histidine
B9J08_001547,0.7,GO:0022857,0.7484,8,transmembrane transporter activity
B9J08_001550,0.7,GO:0016491,0.9011,4,oxidoreductase activity
B9J08_001553,0.7,GO:0008299,0.863,16,isoprenoid biosynthetic process
B9J08_001553,0.7,GO:0016740,0.8405,19,transferase activity
B9J08_001561,0.7,GO:0005525,0.9895,10,GTP binding
B9J08_001562,0.7,GO:0005634,0.9269,12,nucleus
B9J08_001566,0.7,GO:0003676,0.8722,4,nucleic acid binding
B9J08_001566,0.7,GO:0003723,0.7489,10,RNA binding
B9J08_001567,0.7,GO:0022857,0.8731,7,transmembrane transporter activity
B9J08_001568,0.7,GO:0003735,0.742,14,structural constituent of ribosome
B9J08_001569,0.7,GO:0005634,0.9662,8,nucleus
B9J08_001574,0.7,GO:0005525,0.9624,12,GTP binding
B9J08_001576,0.7,GO:0003824,0.8592,8,catalytic activity
B9J08_001580,0.7,GO:0004722,0.8302,16,protein serine/threonine phosphatase activity
B9J08_001580,0.7,GO:0046872,0.8215,18,metal ion binding
B9J08_001580,0.7,GO:0043169,0.8129,19,cation binding
B9J08_001580,0.7,GO:0005634,0.8113,20,nucleus
B9J08_001581,0.7,GO:0000166,0.9938,5,nucleotide binding
B9J08_001581,0.7,GO:0005524,0.9869,12,ATP binding
B9J08_001585,0.7,GO:0015031,0.9206,15,protein transport
B9J08_001587,0.7,GO:0005634,0.849,13,nucleus
B9J08_001588,0.7,GO:0020037,0.8522,12,heme binding
B9J08_001588,0.7,GO:0004497,0.7629,13,monooxygenase activity
B9J08_001588,0.7,GO:0005506,0.7442,14,iron ion binding
B9J08_001593,0.7,GO:0031267,0.8898,13,small GTPase binding
B9J08_001595,0.7,GO:0005634,0.8474,15,nucleus
B9J08_001611,0.7,GO:0005524,0.9952,8,ATP binding
B9J08_001613,0.7,GO:0016787,0.8715,2,hydrolase activity
B9J08_001614,0.7,GO:0016787,0.8805,3,hydrolase activity
B9J08_001619,0.7,GO:0005524,0.9397,19,ATP binding
B9J08_001620,0.7,GO:0003677,0.9849,14,DNA binding
B9J08_001620,0.7,GO:0005634,0.9747,18,nucleus
B9J08_001620,0.7,GO:0008270,0.9629,19,zinc ion binding
B9J08_001622,0.7,GO:0003824,0.9234,1,catalytic activity
B9J08_001625,0.7,GO:0008033,0.9967,13,tRNA processing
B9J08_001633,0.7,GO:0016491,0.7918,7,oxidoreductase activity
B9J08_001641,0.7,GO:0097428,0.8658,7,protein maturation by iron-sulfur cluster transfer
B9J08_001641,0.7,GO:0051536,0.7923,16,iron-sulfur cluster binding
B9J08_001644,0.7,GO:0003676,0.9962,16,nucleic acid binding
B9J08_001645,0.7,GO:0030170,0.9885,11,pyridoxal phosphate binding
B9J08_001646,0.7,GO:0016491,0.969,11,oxidoreductase activity
B9J08_001646,0.7,GO:0046872,0.9662,12,metal ion binding
B9J08_001647,0.7,GO:1904668,0.9022,5,positive regulation of ubiquitin protein ligase activity
B9J08_001647,0.7,GO:0010997,0.8693,7,anaphase-promoting complex binding
B9J08_001647,0.7,GO:1905786,0.7759,16,positive regulation of anaphase-promoting complex-dependent catabolic process
B9J08_001647,0.7,GO:0097027,0.7536,18,ubiquitin-protein transferase activator activity
B9J08_001648,0.7,GO:0030170,0.9643,9,pyridoxal phosphate binding
B9J08_001648,0.7,GO:0008483,0.8967,18,transaminase activity
B9J08_001652,0.7,GO:0005759,0.701,10,mitochondrial matrix
B9J08_001654,0.7,GO:0031510,0.8376,6,SUMO activating enzyme complex
B9J08_001654,0.7,GO:0008641,0.7581,17,ubiquitin-like modifier activating enzyme activity
B9J08_001665,0.7,GO:0005975,0.9603,6,carbohydrate metabolic process
B9J08_001665,0.7,GO:0009251,0.8285,16,glucan catabolic process
B9J08_001665,0.7,GO:0004553,0.8168,19,"hydrolase activity, hydrolyzing O-glycosyl compounds"
B9J08_001667,0.7,GO:0003677,0.8131,8,DNA binding
B9J08_001667,0.7,GO:0003887,0.8021,10,DNA-directed DNA polymerase activity
B9J08_001668,0.7,GO:0046872,0.9168,4,metal ion binding
B9J08_001668,0.7,GO:0003824,0.8348,7,catalytic activity
B9J08_001669,0.7,GO:0016757,0.795,10,"transferase activity, transferring glycosyl groups"
B9J08_001670,0.7,GO:0046872,0.9975,9,metal ion binding
B9J08_001673,0.7,GO:0006865,0.8988,12,amino acid transport
B9J08_001675,0.7,GO:0005524,0.9669,6,ATP binding
B9J08_001682,0.7,GO:0006629,0.756,7,lipid metabolic process
B9J08_001688,0.7,GO:0016491,0.7755,3,oxidoreductase activity
B9J08_001695,0.7,GO:0005975,0.9914,8,carbohydrate metabolic process
B9J08_001695,0.7,GO:0005992,0.9876,11,trehalose biosynthetic process
B9J08_001695,0.7,GO:0003824,0.9782,16,catalytic activity
B9J08_001697,0.7,GO:0043169,0.9701,4,cation binding
B9J08_001697,0.7,GO:0046872,0.9623,5,metal ion binding
B9J08_001697,0.7,GO:0004722,0.8614,14,protein serine/threonine phosphatase activity
B9J08_001701,0.7,GO:0005524,0.9657,17,ATP binding
B9J08_001701,0.7,GO:0055085,0.9575,19,transmembrane transport
B9J08_001702,0.7,GO:0046872,0.9473,14,metal ion binding
B9J08_001703,0.7,GO:0005515,0.7894,17,protein binding
B9J08_001704,0.7,GO:0000166,0.9502,18,nucleotide binding
B9J08_001710,0.7,GO:0005515,0.7764,3,protein binding
B9J08_001713,0.7,GO:0030170,0.9885,12,pyridoxal phosphate binding
B9J08_001715,0.7,GO:0005524,0.9695,12,ATP binding
B9J08_001716,0.7,GO:0000166,0.9867,10,nucleotide binding
B9J08_001716,0.7,GO:0005524,0.9841,14,ATP binding
B9J08_001718,0.7,GO:0005737,0.7043,4,cytoplasm
B9J08_001724,0.7,GO:0005524,0.9657,8,ATP binding
B9J08_001724,0.7,GO:0000166,0.9581,14,nucleotide binding
B9J08_001726,0.7,GO:0005524,0.9702,14,ATP binding
B9J08_001728,0.7,GO:0016020,0.7242,8,membrane
B9J08_001732,0.7,GO:0005509,0.802,8,calcium ion binding
B9J08_001733,0.7,GO:0016491,0.9684,1,oxidoreductase activity
B9J08_001737,0.7,GO:0006810,0.9248,3,transport
B9J08_001737,0.7,GO:0022857,0.875,8,transmembrane transporter activity
B9J08_001739,0.7,GO:0005634,0.7202,14,nucleus
B9J08_001740,0.7,GO:0050660,0.9967,16,flavin adenine dinucleotide binding
B9J08_001741,0.7,GO:0008152,0.9987,5,metabolic process
B9J08_001741,0.7,GO:0050660,0.9948,13,flavin adenine dinucleotide binding
B9J08_001742,0.7,GO:0046872,0.7433,11,metal ion binding
B9J08_001745,0.7,GO:0005524,0.9657,13,ATP binding
B9J08_001749,0.7,GO:0016787,0.7025,3,hydrolase activity
B9J08_001752,0.7,GO:0016787,0.8618,8,hydrolase activity
B9J08_001752,0.7,GO:0008233,0.8617,9,peptidase activity
B9J08_001758,0.7,GO:0005737,0.7119,13,cytoplasm
B9J08_001759,0.7,GO:0006629,0.9777,14,lipid metabolic process
B9J08_001762,0.7,GO:0048500,0.834,11,signal recognition particle
B9J08_001762,0.7,GO:0008312,0.7976,13,7S RNA binding
B9J08_001765,0.7,GO:0000166,0.9665,10,nucleotide binding
B9J08_001766,0.7,GO:0003676,0.7253,4,nucleic acid binding
B9J08_001768,0.7,GO:0071561,0.739,12,nucleus-vacuole junction
B9J08_001769,0.7,GO:0006396,0.9445,18,RNA processing
B9J08_001772,0.7,GO:0006015,0.9972,6,5-phosphoribose 1-diphosphate biosynthetic process
B9J08_001774,0.7,GO:0000166,0.985,6,nucleotide binding
B9J08_001774,0.7,GO:0005524,0.9743,11,ATP binding
B9J08_001775,0.7,GO:0005886,0.8388,6,plasma membrane
B9J08_001775,0.7,GO:0016020,0.8101,7,membrane
B9J08_001776,0.7,GO:0006797,0.9575,3,polyphosphate metabolic process
B9J08_001776,0.7,GO:0006799,0.9182,6,polyphosphate biosynthetic process
B9J08_001776,0.7,GO:0042144,0.7804,12,"vacuole fusion, non-autophagic"
B9J08_001780,0.7,GO:0006887,0.7496,16,exocytosis
B9J08_001780,0.7,GO:0000145,0.7201,17,exocyst
B9J08_001784,0.7,GO:0015078,0.9746,6,proton transmembrane transporter activity
B9J08_001786,0.7,GO:0008270,0.9537,9,zinc ion binding
B9J08_001787,0.7,GO:0008270,0.9764,7,zinc ion binding
B9J08_001788,0.7,GO:0016020,0.8491,12,membrane
B9J08_001793,0.7,GO:0006486,0.8765,20,protein glycosylation
B9J08_001795,0.7,GO:0046872,0.973,4,metal ion binding
B9J08_001795,0.7,GO:0005829,0.8446,7,cytosol
B9J08_001795,0.7,GO:0000224,0.7255,14,peptide-N4-(N-acetyl-beta-glucosaminyl)asparagine amidase activity
B9J08_001796,0.7,GO:0005524,0.9669,11,ATP binding
B9J08_001797,0.7,GO:0005524,0.9736,19,ATP binding
B9J08_001798,0.7,GO:0046854,0.9975,3,phosphatidylinositol phosphorylation
B9J08_001799,0.7,GO:0006072,0.9707,13,glycerol-3-phosphate metabolic process
B9J08_001802,0.7,GO:0046872,0.7491,19,metal ion binding
B9J08_001809,0.7,GO:0016491,0.863,3,oxidoreductase activity
B9J08_001809,0.7,GO:0008152,0.7007,5,metabolic process
B9J08_001813,0.7,GO:0005524,0.9831,10,ATP binding
B9J08_001814,0.7,GO:0004601,0.8218,5,peroxidase activity
B9J08_001815,0.7,GO:0032865,0.9736,20,ERMES complex
B9J08_001817,0.7,GO:0005737,0.8187,8,cytoplasm
B9J08_001825,0.7,GO:0003676,0.9076,14,nucleic acid binding
B9J08_001825,0.7,GO:0046872,0.8688,20,metal ion binding
B9J08_001826,0.7,GO:0005634,0.7976,18,nucleus
B9J08_001828,0.7,GO:0016491,0.9683,1,oxidoreductase activity
B9J08_001832,0.7,GO:0016020,0.8506,7,membrane
B9J08_001832,0.7,GO:0005886,0.8026,8,plasma membrane
B9J08_001834,0.7,GO:0022857,0.7543,12,transmembrane transporter activity
B9J08_001836,0.7,GO:0006364,0.9263,14,rRNA processing
B9J08_001839,0.7,GO:0031201,0.9408,12,SNARE complex
B9J08_001842,0.7,GO:0045899,0.9939,2,positive regulation of RNA polymerase II transcriptional preinitiation complex assembly
B9J08_001846,0.7,GO:0003723,0.7501,14,RNA binding
B9J08_001846,0.7,GO:0005634,0.725,17,nucleus
B9J08_001850,0.7,GO:0004643,0.9647,6,phosphoribosylaminoimidazolecarboxamide formyltransferase activity
B9J08_001851,0.7,GO:0003735,0.9297,12,structural constituent of ribosome
B9J08_001852,0.7,GO:0003676,0.7816,5,nucleic acid binding
B9J08_001860,0.7,GO:0006096,0.9987,3,glycolytic process
B9J08_001860,0.7,GO:0004618,0.9961,20,phosphoglycerate kinase activity
B9J08_001863,0.7,GO:0016020,0.9638,15,membrane
B9J08_001868,0.7,GO:0005737,0.9602,13,cytoplasm
B9J08_001871,0.7,GO:0003723,0.92,6,RNA binding
B9J08_001871,0.7,GO:0003743,0.8514,8,translation initiation factor activity
B9J08_001873,0.7,GO:0003824,0.8606,1,catalytic activity
B9J08_001873,0.7,GO:0005992,0.8272,3,trehalose biosynthetic process
B9J08_001875,0.7,GO:0006094,0.9971,13,gluconeogenesis
B9J08_001875,0.7,GO:0006096,0.9949,20,glycolytic process
B9J08_001878,0.7,GO:0000166,0.9837,12,nucleotide binding
B9J08_001878,0.7,GO:0005524,0.9714,18,ATP binding
B9J08_001883,0.7,GO:0003824,0.8835,2,catalytic activity
B9J08_001884,0.7,GO:0046872,0.9985,2,metal ion binding
B9J08_001884,0.7,GO:0051536,0.9923,17,iron-sulfur cluster binding
B9J08_001887,0.7,GO:0009058,0.9789,10,biosynthetic process
B9J08_001889,0.7,GO:0022857,0.9852,8,transmembrane transporter activity
B9J08_001889,0.7,GO:0006810,0.9556,19,transport
B9J08_001890,0.7,GO:0016787,0.9789,2,hydrolase activity
B9J08_001893,0.7,GO:0005524,0.9905,12,ATP binding
B9J08_001893,0.7,GO:0000166,0.9898,13,nucleotide binding
B9J08_001898,0.7,GO:0005524,0.9925,8,ATP binding
B9J08_001899,0.7,GO:0000166,0.9925,6,nucleotide binding
B9J08_001899,0.7,GO:0005524,0.992,8,ATP binding
B9J08_001901,0.7,GO:0005618,0.8068,4,cell wall
B9J08_001901,0.7,GO:0071555,0.7554,11,cell wall organization
B9J08_001901,0.7,GO:0009277,0.7383,13,fungal-type cell wall
B9J08_001902,0.7,GO:0030117,0.89,17,membrane coat
B9J08_001903,0.7,GO:0046872,0.7516,8,metal ion binding
B9J08_001903,0.7,GO:0016787,0.7429,11,hydrolase activity
B9J08_001905,0.7,GO:0000166,0.9912,17,nucleotide binding
B9J08_001907,0.7,GO:0000032,0.9739,19,cell wall mannoprotein biosynthetic process
B9J08_001908,0.7,GO:0006486,0.942,17,protein glycosylation
B9J08_001910,0.7,GO:0005524,0.9254,12,ATP binding
B9J08_001911,0.7,GO:0005524,0.9768,19,ATP binding
B9J08_001912,0.7,GO:0046872,0.9585,12,metal ion binding
B9J08_001914,0.7,GO:0003676,0.7804,15,nucleic acid binding
B9J08_001915,0.7,GO:0005730,0.9874,16,nucleolus
B9J08_001916,0.7,GO:0000032,0.9258,6,cell wall mannoprotein biosynthetic process
B9J08_001920,0.7,GO:0003677,0.8696,12,DNA binding
B9J08_001920,0.7,GO:0008270,0.8126,15,zinc ion binding
B9J08_001923,0.7,GO:0008168,0.8075,9,methyltransferase activity
B9J08_001923,0.7,GO:0008173,0.7006,14,RNA methyltransferase activity
B9J08_001924,0.7,GO:0016192,0.9748,12,vesicle-mediated transport
B9J08_001925,0.7,GO:0016757,0.9127,2,"transferase activity, transferring glycosyl groups"
B9J08_001927,0.7,GO:0004177,0.9556,16,aminopeptidase activity
B9J08_001931,0.7,GO:0005034,0.8178,11,osmosensor activity
B9J08_001931,0.7,GO:0005886,0.8137,12,plasma membrane
B9J08_001936,0.7,GO:0016020,0.7083,11,membrane
B9J08_001939,0.7,GO:0000166,0.9916,8,nucleotide binding
B9J08_001939,0.7,GO:0005524,0.9861,11,ATP binding
B9J08_001941,0.7,GO:0005730,0.9976,13,nucleolus
B9J08_001944,0.7,GO:0016787,0.9836,3,hydrolase activity
B9J08_001952,0.7,GO:0022857,0.7986,8,transmembrane transporter activity
B9J08_001955,0.7,GO:0006915,0.7767,6,apoptotic process
B9J08_001958,0.7,GO:0004190,0.9306,5,aspartic-type endopeptidase activity
B9J08_001959,0.7,GO:0000155,0.9865,7,phosphorelay sensor kinase activity
B9J08_001960,0.7,GO:0000166,0.9839,17,nucleotide binding
B9J08_001965,0.7,GO:0003824,0.7789,2,catalytic activity
B9J08_001968,0.7,GO:0016491,0.9712,1,oxidoreductase activity
B9J08_001968,0.7,GO:0016620,0.9578,4,"oxidoreductase activity, acting on the aldehyde or oxo group of donors, NAD or NADP as acceptor"
B9J08_001968,0.7,GO:0008152,0.9327,5,metabolic process
B9J08_001984,0.7,GO:0022857,0.7594,11,transmembrane transporter activity
B9J08_001985,0.7,GO:0102483,0.8068,9,scopolin beta-glucosidase activity
B9J08_001985,0.7,GO:0005975,0.8043,10,carbohydrate metabolic process
B9J08_001985,0.7,GO:0004553,0.7945,11,"hydrolase activity, hydrolyzing O-glycosyl compounds"
B9J08_001987,0.7,GO:0003824,0.8728,4,catalytic activity
B9J08_001989,0.7,GO:0006011,0.8554,11,UDP-glucose metabolic process
B9J08_001989,0.7,GO:0070569,0.7919,19,uridylyltransferase activity
B9J08_001997,0.7,GO:0006486,0.8049,18,protein glycosylation
B9J08_001999,0.7,GO:0000166,0.9831,18,nucleotide binding
B9J08_002005,0.7,GO:0030170,0.9674,3,pyridoxal phosphate binding
B9J08_002009,0.7,GO:0005525,0.9704,14,GTP binding
B9J08_002011,0.7,GO:0016491,0.9531,3,oxidoreductase activity
B9J08_002016,0.7,GO:0016592,0.7337,20,mediator complex
B9J08_002018,0.7,GO:0045454,0.8686,2,cell redox homeostasis
B9J08_002019,0.7,GO:0005743,0.7862,12,mitochondrial inner membrane
B9J08_002022,0.7,GO:0005634,0.9064,10,nucleus
B9J08_002023,0.7,GO:0017108,0.922,1,5'-flap endonuclease activity
B9J08_002023,0.7,GO:0033557,0.8224,15,Slx1-Slx4 complex
B9J08_002025,0.7,GO:0005524,0.9623,13,ATP binding
B9J08_002026,0.7,GO:0045454,0.9801,6,cell redox homeostasis
B9J08_002026,0.7,GO:0046872,0.9745,8,metal ion binding
B9J08_002026,0.7,GO:2000678,0.9708,10,negative regulation of transcription regulatory region DNA binding
B9J08_002026,0.7,GO:0051536,0.9597,14,iron-sulfur cluster binding
B9J08_002027,0.7,GO:0005634,0.8542,9,nucleus
B9J08_002030,0.7,GO:0006298,0.9924,15,mismatch repair
B9J08_002032,0.7,GO:0016779,0.9101,8,nucleotidyltransferase activity
B9J08_002034,0.7,GO:0016409,0.845,3,palmitoyltransferase activity
B9J08_002034,0.7,GO:0019706,0.7923,5,protein-cysteine S-palmitoyltransferase activity
B9J08_002041,0.7,GO:0000166,0.9804,4,nucleotide binding
B9J08_002041,0.7,GO:0005524,0.9688,10,ATP binding
B9J08_002042,0.7,GO:0003824,0.9262,3,catalytic activity
B9J08_002042,0.7,GO:0004721,0.7698,13,phosphoprotein phosphatase activity
B9J08_002043,0.7,GO:0003824,0.9977,9,catalytic activity
B9J08_002043,0.7,GO:0016765,0.9962,11,"transferase activity, transferring alkyl or aryl (other than methyl) groups"
B9J08_002044,0.7,GO:0005524,0.9729,10,ATP binding
B9J08_002051,0.7,GO:0003824,0.9961,17,catalytic activity
B9J08_002053,0.7,GO:0005524,0.9663,16,ATP binding
B9J08_002057,0.7,GO:0008270,0.9874,8,zinc ion binding
B9J08_002060,0.7,GO:0005524,0.9939,6,ATP binding
B9J08_002064,0.7,GO:0000776,0.7429,9,kinetochore
B9J08_002065,0.7,GO:0005886,0.715,6,plasma membrane
B9J08_002067,0.7,GO:0016020,0.794,16,membrane
B9J08_002070,0.7,GO:0016791,0.9096,7,phosphatase activity
B9J08_002070,0.7,GO:0005737,0.8895,10,cytoplasm
B9J08_002072,0.7,GO:0003677,0.9376,6,DNA binding
B9J08_002072,0.7,GO:0046982,0.8778,12,protein heterodimerization activity
B9J08_002072,0.7,GO:0005634,0.8064,20,nucleus
B9J08_002073,0.7,GO:0046982,0.9389,6,protein heterodimerization activity
B9J08_002073,0.7,GO:0006334,0.9137,11,nucleosome assembly
B9J08_002073,0.7,GO:0003677,0.9066,13,DNA binding
B9J08_002074,0.7,GO:0006486,0.9192,20,protein glycosylation
B9J08_002078,0.7,GO:0006807,0.9976,12,nitrogen compound metabolic process
B9J08_002079,0.7,GO:0022857,0.7771,13,transmembrane transporter activity
B9J08_002079,0.7,GO:0055085,0.7245,16,transmembrane transport
B9J08_002080,0.7,GO:0016020,0.7798,20,membrane
B9J08_002085,0.7,GO:0006325,0.9928,5,chromatin organization
B9J08_002085,0.7,GO:0010468,0.9601,18,regulation of gene expression
B9J08_002088,0.7,GO:0005525,0.9921,6,GTP binding
B9J08_002091,0.7,GO:0045721,0.8601,4,negative regulation of gluconeogenesis
B9J08_002094,0.7,GO:0003676,0.9587,6,nucleic acid binding
B9J08_002094,0.7,GO:0003723,0.9323,8,RNA binding
B9J08_002099,0.7,GO:0016018,0.9205,2,cyclosporin A binding
B9J08_002099,0.7,GO:0003755,0.9042,4,peptidyl-prolyl cis-trans isomerase activity
B9J08_002099,0.7,GO:0006457,0.7376,18,protein folding
B9J08_002100,0.7,GO:0016538,0.9743,8,cyclin-dependent protein serine/threonine kinase regulator activity
B9J08_002107,0.7,GO:0003824,0.8162,9,catalytic activity
B9J08_002107,0.7,GO:0008152,0.7135,20,metabolic process
B9J08_002113,0.7,GO:0000166,0.9804,19,nucleotide binding
B9J08_002114,0.7,GO:0003824,0.8417,2,catalytic activity
B9J08_002117,0.7,GO:0006525,0.978,14,arginine metabolic process
B9J08_002117,0.7,GO:0003824,0.9741,16,catalytic activity
B9J08_002124,0.7,GO:0005524,0.9898,7,ATP binding
B9J08_002135,0.7,GO:0005515,0.7827,7,protein binding
B9J08_002136,0.7,GO:0008270,0.9001,10,zinc ion binding
B9J08_002142,0.7,GO:0003755,0.9606,4,peptidyl-prolyl cis-trans isomerase activity
B9J08_002142,0.7,GO:0006457,0.9231,9,protein folding
B9J08_002142,0.7,GO:0016018,0.9063,12,cyclosporin A binding
B9J08_002143,0.7,GO:0045454,0.9447,2,cell redox homeostasis
B9J08_002143,0.7,GO:0004601,0.84,9,peroxidase activity
B9J08_002146,0.7,GO:0005524,0.9927,4,ATP binding
B9J08_002146,0.7,GO:0000166,0.9867,14,nucleotide binding
B9J08_002150,0.7,GO:0000155,0.9863,2,phosphorelay sensor kinase activity
B9J08_002150,0.7,GO:0004673,0.982,5,protein histidine kinase activity
B9J08_002150,0.7,GO:0005524,0.9579,19,ATP binding
B9J08_002162,0.7,GO:0003677,0.8918,19,DNA binding
B9J08_002168,0.7,GO:0022857,0.9286,10,transmembrane transporter activity
B9J08_002168,0.7,GO:0008643,0.8916,13,carbohydrate transport
B9J08_002169,0.7,GO:0005634,0.8991,19,nucleus
B9J08_002169,0.7,GO:0003677,0.8813,20,DNA binding
B9J08_002170,0.7,GO:0005634,0.9566,14,nucleus
B9J08_002170,0.7,GO:0003700,0.9551,16,DNA-binding transcription factor activity
B9J08_002173,0.7,GO:0000166,0.9132,8,nucleotide binding
B9J08_002173,0.7,GO:0016020,0.9039,12,membrane
B9J08_002173,0.7,GO:0015662,0.9037,13,"ion transmembrane transporter activity, phosphorylative mechanism"
B9J08_002173,0.7,GO:0005886,0.8741,19,plasma membrane
B9J08_002173,0.7,GO:0005524,0.8721,20,ATP binding
B9J08_002181,0.7,GO:0046872,0.8621,7,metal ion binding
B9J08_002183,0.7,GO:0005975,0.9265,11,carbohydrate metabolic process
B9J08_002183,0.7,GO:0006032,0.8782,16,chitin catabolic process
B9J08_002183,0.7,GO:0000272,0.8489,18,polysaccharide catabolic process
B9J08_002183,0.7,GO:0004553,0.8139,20,"hydrolase activity, hydrolyzing O-glycosyl compounds"
B9J08_002186,0.7,GO:0022857,0.891,16,transmembrane transporter activity
B9J08_002187,0.7,GO:0042910,0.7894,9,xenobiotic transmembrane transporter activity
B9J08_002188,0.7,GO:0003824,0.9033,2,catalytic activity
B9J08_002190,0.7,GO:0005634,0.8117,13,nucleus
B9J08_002190,0.7,GO:0003700,0.7816,17,DNA-binding transcription factor activity
B9J08_002193,0.7,GO:0005524,0.9901,10,ATP binding
B9J08_002193,0.7,GO:0000166,0.9901,11,nucleotide binding
B9J08_002194,0.7,GO:0031201,0.9148,18,SNARE complex
B9J08_002197,0.7,GO:0016818,0.9959,4,"hydrolase activity, acting on acid anhydrides, in phosphorus-containing anhydrides"
B9J08_002197,0.7,GO:0005524,0.9832,16,ATP binding
B9J08_002202,0.7,GO:0005886,0.8304,12,plasma membrane
B9J08_002202,0.7,GO:0016020,0.7789,16,membrane
B9J08_002209,0.7,GO:0005524,0.992,12,ATP binding
B9J08_002212,0.7,GO:0005524,0.9888,13,ATP binding
B9J08_002217,0.7,GO:0003677,0.8943,13,DNA binding
B9J08_002217,0.7,GO:0005634,0.8269,19,nucleus
B9J08_002217,0.7,GO:0008270,0.822,20,zinc ion binding
B9J08_002219,0.7,GO:0005634,0.8254,13,nucleus
B9J08_002222,0.7,GO:0003723,0.7503,11,RNA binding
B9J08_002223,0.7,GO:0005525,0.9924,15,GTP binding
B9J08_002224,0.7,GO:0006260,0.9863,8,DNA replication
B9J08_002227,0.7,GO:0022857,0.8651,8,transmembrane transporter activity
B9J08_002231,0.7,GO:0030976,0.9927,7,thiamine pyrophosphate binding
B9J08_002231,0.7,GO:0047433,0.9884,9,branched-chain-2-oxoacid decarboxylase activity
B9J08_002231,0.7,GO:0000287,0.986,11,magnesium ion binding
B9J08_002231,0.7,GO:0004737,0.9838,13,pyruvate decarboxylase activity
B9J08_002232,0.7,GO:0000166,0.9948,10,nucleotide binding
B9J08_002232,0.7,GO:0005524,0.9937,12,ATP binding
B9J08_002235,0.7,GO:0005524,0.998,11,ATP binding
B9J08_002237,0.7,GO:0022857,0.8979,7,transmembrane transporter activity
B9J08_002238,0.7,GO:0008270,0.9782,14,zinc ion binding
B9J08_002238,0.7,GO:0005634,0.9683,16,nucleus
B9J08_002239,0.7,GO:0022857,0.9373,8,transmembrane transporter activity
B9J08_002239,0.7,GO:0008643,0.8062,18,carbohydrate transport
B9J08_002241,0.7,GO:0022857,0.8753,7,transmembrane transporter activity
B9J08_002242,0.7,GO:0016020,0.7638,17,membrane
B9J08_002243,0.7,GO:0022857,0.8567,6,transmembrane transporter activity
B9J08_002249,0.7,GO:0005886,0.8097,6,plasma membrane
B9J08_002250,0.7,GO:0022857,0.9191,10,transmembrane transporter activity
B9J08_002250,0.7,GO:0008643,0.785,18,carbohydrate transport
B9J08_002251,0.7,GO:0022857,0.913,11,transmembrane transporter activity
B9J08_002251,0.7,GO:0008643,0.8,13,carbohydrate transport
B9J08_002251,0.7,GO:0055085,0.7252,15,transmembrane transport
B9J08_002253,0.7,GO:0003676,0.9511,4,nucleic acid binding
B9J08_002253,0.7,GO:0003723,0.9254,6,RNA binding
B9J08_002257,0.7,GO:0003824,0.8437,3,catalytic activity
B9J08_002258,0.7,GO:0030026,0.9171,12,cellular manganese ion homeostasis
B9J08_002259,0.7,GO:0022857,0.8211,7,transmembrane transporter activity
B9J08_002261,0.7,GO:0016020,0.7778,6,membrane
B9J08_002262,0.7,GO:0005975,0.778,17,carbohydrate metabolic process
B9J08_002264,0.7,GO:0003824,0.9239,2,catalytic activity
B9J08_002264,0.7,GO:0008152,0.8794,6,metabolic process
B9J08_002264,0.7,GO:0006633,0.8009,19,fatty acid biosynthetic process
B9J08_002266,0.7,GO:0003676,0.9152,7,nucleic acid binding
B9J08_002268,0.7,GO:0004298,0.9984,1,threonine-type endopeptidase activity
B9J08_002268,0.7,GO:0004175,0.9891,11,endopeptidase activity
B9J08_002268,0.7,GO:0051603,0.9824,19,proteolysis involved in cellular protein catabolic process
B9J08_002272,0.7,GO:0008233,0.9559,8,peptidase activity
B9J08_002272,0.7,GO:0004177,0.948,9,aminopeptidase activity
B9J08_002273,0.7,GO:0007005,0.739,9,mitochondrion organization
B9J08_002276,0.7,GO:0005525,0.9875,9,GTP binding
B9J08_002279,0.7,GO:0003700,0.9924,7,DNA-binding transcription factor activity
B9J08_002279,0.7,GO:0005634,0.9841,13,nucleus
B9J08_002280,0.7,GO:0006865,0.9799,13,amino acid transport
B9J08_002287,0.7,GO:0005525,0.9918,10,GTP binding
B9J08_002291,0.7,GO:0005854,0.7897,16,nascent polypeptide-associated complex
B9J08_002292,0.7,GO:0022857,0.8146,7,transmembrane transporter activity
B9J08_002293,0.7,GO:0005524,0.9895,10,ATP binding
B9J08_002298,0.7,GO:0042744,0.9879,4,hydrogen peroxide catabolic process
B9J08_002298,0.7,GO:0020037,0.9836,11,heme binding
B9J08_002298,0.7,GO:0046872,0.9726,18,metal ion binding
B9J08_002301,0.7,GO:0005524,0.9525,13,ATP binding
B9J08_002311,0.7,GO:0005759,0.8855,10,mitochondrial matrix
B9J08_002311,0.7,GO:0034551,0.7867,14,mitochondrial respiratory chain complex III assembly
B9J08_002313,0.7,GO:0006904,0.9715,15,vesicle docking involved in exocytosis
B9J08_002318,0.7,GO:0004525,0.9132,17,ribonuclease III activity
B9J08_002322,0.7,GO:0019904,0.8749,15,protein domain specific binding
B9J08_002323,0.7,GO:0005525,0.9929,11,GTP binding
B9J08_002324,0.7,GO:0003677,0.9874,6,DNA binding
B9J08_002324,0.7,GO:0008270,0.9681,16,zinc ion binding
B9J08_002324,0.7,GO:0005634,0.9347,19,nucleus
B9J08_002325,0.7,GO:0016020,0.9485,7,membrane
B9J08_002325,0.7,GO:0005774,0.7567,18,vacuolar membrane
B9J08_002326,0.7,GO:0003677,0.7574,6,DNA binding
B9J08_002327,0.7,GO:0001732,0.9863,3,formation of cytoplasmic translation initiation complex
B9J08_002327,0.7,GO:0016282,0.9798,6,eukaryotic 43S preinitiation complex
B9J08_002327,0.7,GO:0033290,0.9666,13,eukaryotic 48S preinitiation complex
B9J08_002327,0.7,GO:0003743,0.9482,20,translation initiation factor activity
B9J08_002328,0.7,GO:0016787,0.7118,3,hydrolase activity
B9J08_002329,0.7,GO:0005524,0.9291,14,ATP binding
B9J08_002336,0.7,GO:0016791,0.7734,7,phosphatase activity
B9J08_002336,0.7,GO:0004721,0.7463,9,phosphoprotein phosphatase activity
B9J08_002339,0.7,GO:0005524,0.9705,13,ATP binding
B9J08_002341,0.7,GO:0046872,0.9851,3,metal ion binding
B9J08_002342,0.7,GO:0016491,0.773,15,oxidoreductase activity
B9J08_002342,0.7,GO:0031966,0.71,18,mitochondrial membrane
B9J08_002342,0.7,GO:0005739,0.7019,19,mitochondrion
B9J08_002345,0.7,GO:0015031,0.9671,10,protein transport
B9J08_002346,0.7,GO:0000166,0.9919,10,nucleotide binding
B9J08_002346,0.7,GO:0005524,0.9893,13,ATP binding
B9J08_002349,0.7,GO:0020037,0.9747,11,heme binding
B9J08_002349,0.7,GO:0016491,0.9565,18,oxidoreductase activity
B9J08_002351,0.7,GO:0005524,0.9934,7,ATP binding
B9J08_002363,0.7,GO:0030976,0.9884,2,thiamine pyrophosphate binding
B9J08_002363,0.7,GO:0008152,0.9586,9,metabolic process
B9J08_002363,0.7,GO:0006099,0.9509,11,tricarboxylic acid cycle
B9J08_002363,0.7,GO:0004591,0.9403,13,oxoglutarate dehydrogenase (succinyl-transferring) activity
B9J08_002365,0.7,GO:0005524,0.992,5,ATP binding
B9J08_002366,0.7,GO:0020037,0.9819,2,heme binding
B9J08_002366,0.7,GO:0046872,0.9515,11,metal ion binding
B9J08_002366,0.7,GO:0006979,0.8601,20,response to oxidative stress
B9J08_002367,0.7,GO:0006412,0.9892,20,translation
B9J08_002371,0.7,GO:0015031,0.9354,13,protein transport
B9J08_002388,0.7,GO:0016020,0.8845,7,membrane
B9J08_002388,0.7,GO:0005524,0.8332,11,ATP binding
B9J08_002389,0.7,GO:0005524,0.9864,10,ATP binding
B9J08_002389,0.7,GO:0000166,0.9838,11,nucleotide binding
B9J08_002390,0.7,GO:0005524,0.9701,13,ATP binding
B9J08_002392,0.7,GO:0000032,0.99,13,cell wall mannoprotein biosynthetic process
B9J08_002393,0.7,GO:0003676,0.9805,2,nucleic acid binding
B9J08_002393,0.7,GO:0003723,0.944,6,RNA binding
B9J08_002395,0.7,GO:0051536,0.9718,13,iron-sulfur cluster binding
B9J08_002396,0.7,GO:0031201,0.9238,12,SNARE complex
B9J08_002396,0.7,GO:0005484,0.8795,18,SNAP receptor activity
B9J08_002401,0.7,GO:0005484,0.9555,4,SNAP receptor activity
B9J08_002401,0.7,GO:0031201,0.938,7,SNARE complex
B9J08_002401,0.7,GO:0000149,0.873,18,SNARE binding
B9J08_002401,0.7,GO:0016192,0.8691,19,vesicle-mediated transport
B9J08_002402,0.7,GO:0022857,0.7749,7,transmembrane transporter activity
B9J08_002403,0.7,GO:0008017,0.8779,15,microtubule binding
B9J08_002403,0.7,GO:0015631,0.8666,18,tubulin binding
B9J08_002405,0.7,GO:0005524,0.9833,9,ATP binding
B9J08_002406,0.7,GO:0004298,0.9762,3,threonine-type endopeptidase activity
B9J08_002408,0.7,GO:0003824,0.8334,6,catalytic activity
B9J08_002409,0.7,GO:0006457,0.7674,11,protein folding
B9J08_002413,0.7,GO:0003824,0.7852,9,catalytic activity
B9J08_002414,0.7,GO:0005525,0.9542,7,GTP binding
B9J08_002419,0.7,GO:0046872,0.7105,7,metal ion binding
B9J08_002420,0.7,GO:0006633,0.9627,18,fatty acid biosynthetic process
B9J08_002421,0.7,GO:0015031,0.8053,7,protein transport
B9J08_002423,0.7,GO:0005634,0.8155,5,nucleus
B9J08_002423,0.7,GO:0005737,0.7619,10,cytoplasm
B9J08_002428,0.7,GO:0008270,0.9458,12,zinc ion binding
B9J08_002428,0.7,GO:0008237,0.9422,13,metallopeptidase activity
B9J08_002428,0.7,GO:0004177,0.8322,19,aminopeptidase activity
B9J08_002428,0.7,GO:0005737,0.7296,20,cytoplasm
B9J08_002429,0.7,GO:0005524,0.9802,18,ATP binding
B9J08_002435,0.7,GO:0022857,0.8061,7,transmembrane transporter activity
B9J08_002435,0.7,GO:0005886,0.7294,9,plasma membrane
B9J08_002440,0.7,GO:0051082,0.9783,2,unfolded protein binding
B9J08_002440,0.7,GO:0006457,0.9394,6,protein folding
B9J08_002440,0.7,GO:0016272,0.7668,12,prefoldin complex
B9J08_002443,0.7,GO:0006865,0.9071,13,amino acid transport
B9J08_002443,0.7,GO:0015171,0.8976,14,amino acid transmembrane transporter activity
B9J08_002445,0.7,GO:0005524,0.9973,9,ATP binding
B9J08_002449,0.7,GO:0005525,0.815,13,GTP binding
B9J08_002450,0.7,GO:0051536,0.9475,14,iron-sulfur cluster binding
B9J08_002450,0.7,GO:0016491,0.921,15,oxidoreductase activity
B9J08_002450,0.7,GO:0005747,0.8892,20,mitochondrial respiratory chain complex I
B9J08_002451,0.7,GO:0000166,0.9838,6,nucleotide binding
B9J08_002451,0.7,GO:0005524,0.9812,10,ATP binding
B9J08_002452,0.7,GO:0008152,0.9632,4,metabolic process
B9J08_002453,0.7,GO:0003824,0.9194,10,catalytic activity
B9J08_002453,0.7,GO:0052655,0.9168,11,L-valine transaminase activity
B9J08_002453,0.7,GO:0052656,0.898,15,L-isoleucine transaminase activity
B9J08_002453,0.7,GO:0052654,0.8796,20,L-leucine transaminase activity
B9J08_002456,0.7,GO:0022857,0.8047,12,transmembrane transporter activity
B9J08_002457,0.7,GO:0005524,0.8148,13,ATP binding
B9J08_002461,0.7,GO:0032366,0.841,3,intracellular sterol transport
B9J08_002463,0.7,GO:0046872,0.9238,4,metal ion binding
B9J08_002464,0.7,GO:0016020,0.7903,17,membrane
B9J08_002465,0.7,GO:0022857,0.8126,9,transmembrane transporter activity
B9J08_002469,0.7,GO:0006807,0.9969,11,nitrogen compound metabolic process
B9J08_002469,0.7,GO:0005524,0.996,16,ATP binding
B9J08_002470,0.7,GO:0016020,0.8289,6,membrane
B9J08_002470,0.7,GO:0005483,0.7674,12,soluble NSF attachment protein activity
B9J08_002476,0.7,GO:0005634,0.9131,13,nucleus
B9J08_002477,0.7,GO:0005975,0.9213,6,carbohydrate metabolic process
B9J08_002477,0.7,GO:0016868,0.8827,13,"intramolecular transferase activity, phosphotransferases"
B9J08_002478,0.7,GO:0003824,0.9628,15,catalytic activity
B9J08_002479,0.7,GO:0016491,0.8554,3,oxidoreductase activity
B9J08_002480,0.7,GO:0022857,0.9808,7,transmembrane transporter activity
B9J08_002481,0.7,GO:0022857,0.9512,6,transmembrane transporter activity
B9J08_002481,0.7,GO:0008643,0.8308,19,carbohydrate transport
B9J08_002483,0.7,GO:0005524,0.9939,12,ATP binding
B9J08_002484,0.7,GO:0003747,0.9489,9,translation release factor activity
B9J08_002484,0.7,GO:0016149,0.9362,11,"translation release factor activity, codon specific"
B9J08_002484,0.7,GO:0006415,0.8988,15,translational termination
B9J08_002485,0.7,GO:0005886,0.8467,7,plasma membrane
B9J08_002485,0.7,GO:0016020,0.7931,9,membrane
B9J08_002488,0.7,GO:0046872,0.9549,8,metal ion binding
B9J08_002491,0.7,GO:0005524,0.9869,7,ATP binding
B9J08_002491,0.7,GO:0000166,0.9849,10,nucleotide binding
B9J08_002494,0.7,GO:0006886,0.9433,16,intracellular protein transport
B9J08_002495,0.7,GO:0005524,0.9905,12,ATP binding
B9J08_002496,0.7,GO:0005524,0.971,13,ATP binding
B9J08_002497,0.7,GO:0005524,0.9953,11,ATP binding
B9J08_002499,0.7,GO:0016491,0.9433,3,oxidoreductase activity
B9J08_002499,0.7,GO:0050660,0.9128,4,flavin adenine dinucleotide binding
B9J08_002501,0.7,GO:0102341,0.9893,15,3-oxo-lignoceroyl-CoA reductase activity
B9J08_002503,0.7,GO:0007094,0.9457,17,mitotic spindle assembly checkpoint
B9J08_002512,0.7,GO:0016868,0.9728,4,"intramolecular transferase activity, phosphotransferases"
B9J08_002513,0.7,GO:0046872,0.891,11,metal ion binding
B9J08_002519,0.7,GO:0030170,0.8221,12,pyridoxal phosphate binding
B9J08_002521,0.7,GO:0005524,0.9944,17,ATP binding
B9J08_002521,0.7,GO:0006265,0.9938,18,DNA topological change
B9J08_002521,0.7,GO:0003918,0.9937,19,DNA topoisomerase type II (ATP-hydrolyzing) activity
B9J08_002524,0.7,GO:0005634,0.9194,9,nucleus
B9J08_002524,0.7,GO:0008270,0.8209,19,zinc ion binding
B9J08_002530,0.7,GO:0016787,0.7508,11,hydrolase activity
B9J08_002531,0.7,GO:0008168,0.8136,11,methyltransferase activity
B9J08_002532,0.7,GO:0005634,0.8509,19,nucleus
B9J08_002544,0.7,GO:0005524,0.9916,15,ATP binding
B9J08_002548,0.7,GO:0015031,0.8026,11,protein transport
B9J08_002550,0.7,GO:0004298,0.9365,13,threonine-type endopeptidase activity
B9J08_002550,0.7,GO:0051603,0.8905,19,proteolysis involved in cellular protein catabolic process
B9J08_002562,0.7,GO:0005515,0.7795,17,protein binding
B9J08_002566,0.7,GO:0006096,0.9819,13,glycolytic process
B9J08_002568,0.7,GO:0004298,0.9903,4,threonine-type endopeptidase activity
B9J08_002568,0.7,GO:0051603,0.9666,20,proteolysis involved in cellular protein catabolic process
B9J08_002569,0.7,GO:0003677,0.9989,17,DNA binding
B9J08_002571,0.7,GO:0016787,0.96,18,hydrolase activity
B9J08_002576,0.7,GO:0005634,0.9227,17,nucleus
B9J08_002577,0.7,GO:0008152,0.7592,3,metabolic process
B9J08_002578,0.7,GO:0022857,0.8446,10,transmembrane transporter activity
B9J08_002578,0.7,GO:0016020,0.7334,11,membrane
B9J08_002581,0.7,GO:0022857,0.7147,18,transmembrane transporter activity
B9J08_002582,0.7,GO:0005618,0.9249,3,cell wall
B9J08_002582,0.7,GO:0031225,0.8435,5,anchored component of membrane
B9J08_002582,0.7,GO:0005576,0.7608,8,extracellular region
B9J08_002583,0.7,GO:0022857,0.8451,7,transmembrane transporter activity
B9J08_002587,0.7,GO:0046872,0.9868,2,metal ion binding
B9J08_002588,0.7,GO:0005886,0.7731,6,plasma membrane
B9J08_002588,0.7,GO:0016020,0.7379,7,membrane
B9J08_002594,0.7,GO:0070403,0.9526,16,NAD+ binding
B9J08_002594,0.7,GO:0034979,0.9245,19,NAD-dependent protein deacetylase activity
B9J08_002596,0.7,GO:0003824,0.8148,8,catalytic activity
B9J08_002597,0.7,GO:0015031,0.9977,20,protein transport
B9J08_002600,0.7,GO:0008152,0.9992,1,metabolic process
B9J08_002600,0.7,GO:0045047,0.9917,9,protein targeting to ER
B9J08_002603,0.7,GO:0005634,0.7027,15,nucleus
B9J08_002607,0.7,GO:0005525,0.9928,10,GTP binding
B9J08_002608,0.7,GO:0007015,0.7831,8,actin filament organization
B9J08_002611,0.7,GO:0005524,0.9892,11,ATP binding
B9J08_002618,0.7,GO:0005524,0.9912,12,ATP binding
B9J08_002618,0.7,GO:0006515,0.9898,17,protein quality control for misfolded or incompletely synthesized proteins
B9J08_002619,0.7,GO:0008168,0.906,6,methyltransferase activity
B9J08_002622,0.7,GO:0003735,0.9173,20,structural constituent of ribosome
B9J08_002627,0.7,GO:0016491,0.9641,12,oxidoreductase activity
B9J08_002628,0.7,GO:0008270,0.9542,10,zinc ion binding
B9J08_002628,0.7,GO:0005634,0.9373,14,nucleus
B9J08_002629,0.7,GO:0030976,0.9986,7,thiamine pyrophosphate binding
B9J08_002629,0.7,GO:0000287,0.9936,16,magnesium ion binding
B9J08_002630,0.7,GO:0008519,0.8636,15,ammonium transmembrane transporter activity
B9J08_002630,0.7,GO:0005886,0.8012,18,plasma membrane
B9J08_002632,0.7,GO:0004360,0.983,10,glutamine-fructose-6-phosphate transaminase (isomerizing) activity
B9J08_002632,0.7,GO:0097367,0.9754,12,carbohydrate derivative binding
B9J08_002632,0.7,GO:1901135,0.9688,15,carbohydrate derivative metabolic process
B9J08_002632,0.7,GO:0006002,0.9536,20,fructose 6-phosphate metabolic process
B9J08_002635,0.7,GO:0005525,0.9915,7,GTP binding
B9J08_002635,0.7,GO:0019001,0.9864,14,guanyl nucleotide binding
B9J08_002636,0.7,GO:0003676,0.9151,9,nucleic acid binding
B9J08_002638,0.7,GO:0008612,0.9135,14,peptidyl-lysine modification to peptidyl-hypusine
B9J08_002642,0.7,GO:0005758,0.7336,12,mitochondrial intermembrane space
B9J08_002646,0.7,GO:0022857,0.9595,10,transmembrane transporter activity
B9J08_002646,0.7,GO:0055085,0.8096,19,transmembrane transport
B9J08_002647,0.7,GO:0005634,0.8964,6,nucleus
B9J08_002647,0.7,GO:0046872,0.7629,11,metal ion binding
B9J08_002652,0.7,GO:0005759,0.9095,19,mitochondrial matrix
B9J08_002652,0.7,GO:0006099,0.9058,20,tricarboxylic acid cycle
B9J08_002657,0.7,GO:0016491,0.9351,7,oxidoreductase activity
B9J08_002657,0.7,GO:0008270,0.9085,8,zinc ion binding
B9J08_002659,0.7,GO:0022857,0.9139,7,transmembrane transporter activity
B9J08_002660,0.7,GO:0022857,0.9534,6,transmembrane transporter activity
B9J08_002661,0.7,GO:0006139,0.988,10,nucleobase-containing compound metabolic process
B9J08_002663,0.7,GO:0022857,0.9268,12,transmembrane transporter activity
B9J08_002666,0.7,GO:0015171,0.824,19,amino acid transmembrane transporter activity
B9J08_002668,0.7,GO:0020037,0.9898,7,heme binding
B9J08_002668,0.7,GO:0004497,0.9626,12,monooxygenase activity
B9J08_002668,0.7,GO:0005506,0.9085,15,iron ion binding
B9J08_002669,0.7,GO:0006094,0.9874,5,gluconeogenesis
B9J08_002671,0.7,GO:0006974,0.8454,19,cellular response to DNA damage stimulus
B9J08_002672,0.7,GO:0019888,0.9591,4,protein phosphatase regulator activity
B9J08_002672,0.7,GO:0003755,0.9232,8,peptidyl-prolyl cis-trans isomerase activity
B9J08_002672,0.7,GO:0008160,0.8626,19,protein tyrosine phosphatase activator activity
B9J08_002682,0.7,GO:0005524,0.9953,9,ATP binding
B9J08_002683,0.7,GO:0030170,0.9957,12,pyridoxal phosphate binding
B9J08_002683,0.7,GO:0003824,0.9835,14,catalytic activity
B9J08_002684,0.7,GO:0003677,0.7411,7,DNA binding
B9J08_002685,0.7,GO:0022857,0.8552,8,transmembrane transporter activity
B9J08_002689,0.7,GO:0006099,0.9914,1,tricarboxylic acid cycle
B9J08_002689,0.7,GO:0046872,0.9853,5,metal ion binding
B9J08_002689,0.7,GO:0051536,0.9767,7,iron-sulfur cluster binding
B9J08_002689,0.7,GO:0016491,0.9741,8,oxidoreductase activity
B9J08_002689,0.7,GO:0051537,0.9075,18,"2 iron, 2 sulfur cluster binding"
B9J08_002691,0.7,GO:0046872,0.9593,3,metal ion binding
B9J08_002691,0.7,GO:0019825,0.9335,7,oxygen binding
B9J08_002691,0.7,GO:0016491,0.8911,11,oxidoreductase activity
B9J08_002691,0.7,GO:0020037,0.8254,15,heme binding
B9J08_002691,0.7,GO:0071949,0.8203,16,FAD binding
B9J08_002697,0.7,GO:0005634,0.788,10,nucleus
B9J08_002701,0.7,GO:0005525,0.9697,17,GTP binding
B9J08_002702,0.7,GO:0015031,0.7378,13,protein transport
B9J08_002706,0.7,GO:0005524,0.9834,5,ATP binding
B9J08_002706,0.7,GO:0000166,0.977,11,nucleotide binding
B9J08_002707,0.7,GO:0102205,0.8379,13,cholesterol allpha-glucosyltransferase activity
B9J08_002707,0.7,GO:0016758,0.8265,16,"transferase activity, transferring hexosyl groups"
B9J08_002708,0.7,GO:0009058,0.8552,5,biosynthetic process
B9J08_002708,0.7,GO:0000096,0.7772,14,sulfur amino acid metabolic process
B9J08_002710,0.7,GO:0003677,0.965,12,DNA binding
B9J08_002710,0.7,GO:0005634,0.963,13,nucleus
B9J08_002710,0.7,GO:0008270,0.9544,17,zinc ion binding
B9J08_002712,0.7,GO:0045454,0.9941,6,cell redox homeostasis
B9J08_002712,0.7,GO:0003756,0.96,16,protein disulfide isomerase activity
B9J08_002721,0.7,GO:0061711,0.9972,3,N(6)-L-threonylcarbamoyladenine synthase activity
B9J08_002721,0.7,GO:0002949,0.9848,13,tRNA threonylcarbamoyladenosine modification
B9J08_002721,0.7,GO:0070525,0.9774,14,tRNA threonylcarbamoyladenosine metabolic process
B9J08_002725,0.7,GO:0016020,0.7294,5,membrane
B9J08_002733,0.7,GO:0006105,0.9776,19,succinate metabolic process
B9J08_002737,0.7,GO:0016620,0.9169,1,"oxidoreductase activity, acting on the aldehyde or oxo group of donors, NAD or NADP as acceptor"
B9J08_002737,0.7,GO:0016491,0.9101,3,oxidoreductase activity
B9J08_002738,0.7,GO:0005886,0.9071,4,plasma membrane
B9J08_002739,0.7,GO:0005737,0.9132,4,cytoplasm
B9J08_002740,0.7,GO:0005634,0.9432,5,nucleus
B9J08_002746,0.7,GO:0006364,0.8703,17,rRNA processing
B9J08_002748,0.7,GO:0008270,0.893,8,zinc ion binding
B9J08_002748,0.7,GO:0005634,0.7812,17,nucleus
B9J08_002749,0.7,GO:0005524,0.9769,7,ATP binding
B9J08_002759,0.7,GO:0051536,0.9793,7,iron-sulfur cluster binding
B9J08_002759,0.7,GO:0016491,0.9705,9,oxidoreductase activity
B9J08_002759,0.7,GO:0008137,0.9229,20,NADH dehydrogenase (ubiquinone) activity
B9J08_002761,0.7,GO:0005975,0.9917,6,carbohydrate metabolic process
B9J08_002764,0.7,GO:0006520,0.9469,14,cellular amino acid metabolic process
B9J08_002767,0.7,GO:0004298,0.9993,1,threonine-type endopeptidase activity
B9J08_002767,0.7,GO:0004175,0.9923,11,endopeptidase activity
B9J08_002767,0.7,GO:0051603,0.9894,16,proteolysis involved in cellular protein catabolic process
B9J08_002769,0.7,GO:0008270,0.9341,10,zinc ion binding
B9J08_002769,0.7,GO:0016491,0.919,13,oxidoreductase activity
B9J08_002769,0.7,GO:0051903,0.7845,18,S-(hydroxymethyl)glutathione dehydrogenase activity
B9J08_002772,0.7,GO:0005525,0.9868,10,GTP binding
B9J08_002772,0.7,GO:0003746,0.9769,14,translation elongation factor activity
B9J08_002780,0.7,GO:0003824,0.9325,1,catalytic activity
B9J08_002786,0.7,GO:0006412,0.9163,8,translation
B9J08_002788,0.7,GO:0005524,0.9928,15,ATP binding
B9J08_002789,0.7,GO:0016020,0.7208,8,membrane
B9J08_002790,0.7,GO:0003676,0.778,14,nucleic acid binding
B9J08_002792,0.7,GO:0005524,0.9941,12,ATP binding
B9J08_002795,0.7,GO:0022857,0.9116,20,transmembrane transporter activity
B9J08_002796,0.7,GO:0003677,0.7076,13,DNA binding
B9J08_002806,0.7,GO:0046872,0.8248,15,metal ion binding
B9J08_002807,0.7,GO:0005789,0.7055,17,endoplasmic reticulum membrane
B9J08_002808,0.7,GO:0008757,0.7344,13,S-adenosylmethionine-dependent methyltransferase activity
B9J08_002809,0.7,GO:0003735,0.9958,10,structural constituent of ribosome
B9J08_002809,0.7,GO:0006412,0.9928,19,translation
B9J08_002813,0.7,GO:0000166,0.9636,9,nucleotide binding
B9J08_002813,0.7,GO:0005524,0.9332,16,ATP binding
B9J08_002816,0.7,GO:0022857,0.9832,16,transmembrane transporter activity
B9J08_002816,0.7,GO:0005342,0.9755,20,organic acid transmembrane transporter activity
B9J08_002818,0.7,GO:0008603,0.9365,6,cAMP-dependent protein kinase regulator activity
B9J08_002818,0.7,GO:0030552,0.9324,7,cAMP binding
B9J08_002819,0.7,GO:0005524,0.9734,13,ATP binding
B9J08_002823,0.7,GO:0000166,0.9903,10,nucleotide binding
B9J08_002823,0.7,GO:0005524,0.9888,11,ATP binding
B9J08_002826,0.7,GO:0000166,0.9911,17,nucleotide binding
B9J08_002829,0.7,GO:0006468,0.9965,2,protein phosphorylation
B9J08_002830,0.7,GO:0016491,0.983,2,oxidoreductase activity
B9J08_002830,0.7,GO:0008152,0.8054,6,metabolic process
B9J08_002831,0.7,GO:0016020,0.9331,6,membrane
B9J08_002831,0.7,GO:0005886,0.8396,13,plasma membrane
B9J08_002831,0.7,GO:0008519,0.7381,17,ammonium transmembrane transporter activity
B9J08_002832,0.7,GO:0005524,0.989,10,ATP binding
B9J08_002834,0.7,GO:0005634,0.8489,4,nucleus
B9J08_002834,0.7,GO:0003677,0.7036,13,DNA binding
B9J08_002839,0.7,GO:0005886,0.7321,8,plasma membrane
B9J08_002840,0.7,GO:0005634,0.9376,10,nucleus
B9J08_002847,0.7,GO:0006635,0.9151,19,fatty acid beta-oxidation
B9J08_002849,0.7,GO:0005524,0.9975,12,ATP binding
B9J08_002849,0.7,GO:0004672,0.9913,20,protein kinase activity
B9J08_002851,0.7,GO:0004298,0.9936,1,threonine-type endopeptidase activity
B9J08_002851,0.7,GO:0004175,0.9628,7,endopeptidase activity
B9J08_002851,0.7,GO:0051603,0.944,12,proteolysis involved in cellular protein catabolic process
B9J08_002853,0.7,GO:0003700,0.9561,16,DNA-binding transcription factor activity
B9J08_002853,0.7,GO:0005634,0.9507,18,nucleus
B9J08_002853,0.7,GO:0008270,0.9472,20,zinc ion binding
B9J08_002855,0.7,GO:0000166,0.9977,8,nucleotide binding
B9J08_002855,0.7,GO:0005524,0.9952,14,ATP binding
B9J08_002856,0.7,GO:0006031,0.951,8,chitin biosynthetic process
B9J08_002860,0.7,GO:0006355,0.8863,20,"regulation of transcription, DNA-templated"
B9J08_002863,0.7,GO:0003824,0.8308,5,catalytic activity
B9J08_002863,0.7,GO:0019752,0.7645,8,carboxylic acid metabolic process
B9J08_002863,0.7,GO:0016830,0.7092,13,carbon-carbon lyase activity
B9J08_002864,0.7,GO:0022857,0.8233,8,transmembrane transporter activity
B9J08_002868,0.7,GO:0046872,0.9782,4,metal ion binding
B9J08_002870,0.7,GO:0003824,0.8898,11,catalytic activity
B9J08_002870,0.7,GO:0009058,0.8514,15,biosynthetic process
B9J08_002874,0.7,GO:0016757,0.9499,1,"transferase activity, transferring glycosyl groups"
B9J08_002876,0.7,GO:0005509,0.9685,5,calcium ion binding
B9J08_002878,0.7,GO:0003824,0.7611,1,catalytic activity
B9J08_002881,0.7,GO:0003677,0.8029,13,DNA binding
B9J08_002881,0.7,GO:0005634,0.7531,17,nucleus
B9J08_002886,0.7,GO:0022857,0.8246,8,transmembrane transporter activity
B9J08_002886,0.7,GO:0005886,0.7955,9,plasma membrane
B9J08_002886,0.7,GO:0016020,0.7838,10,membrane
B9J08_002891,0.7,GO:0003677,0.9289,7,DNA binding
B9J08_002891,0.7,GO:0003700,0.9238,9,DNA-binding transcription factor activity
B9J08_002891,0.7,GO:0008270,0.9129,11,zinc ion binding
B9J08_002892,0.7,GO:0008168,0.7439,5,methyltransferase activity
B9J08_002896,0.7,GO:0005524,0.9922,9,ATP binding
B9J08_002901,0.7,GO:0006811,0.7613,9,ion transport
B9J08_002903,0.7,GO:0005524,0.9633,11,ATP binding
B9J08_002906,0.7,GO:0015031,0.924,12,protein transport
B9J08_002906,0.7,GO:0008320,0.8907,19,protein transmembrane transporter activity
B9J08_002911,0.7,GO:0005509,0.7303,11,calcium ion binding
B9J08_002919,0.7,GO:0006099,0.9164,12,tricarboxylic acid cycle
B9J08_002919,0.7,GO:0003824,0.8997,15,catalytic activity
B9J08_002919,0.7,GO:0006097,0.8702,19,glyoxylate cycle
B9J08_002920,0.7,GO:0045454,0.9378,2,cell redox homeostasis
B9J08_002923,0.7,GO:0005681,0.7488,16,spliceosomal complex
B9J08_002924,0.7,GO:0008270,0.9567,10,zinc ion binding
B9J08_002924,0.7,GO:0005634,0.867,19,nucleus
B9J08_002930,0.7,GO:0005634,0.9055,12,nucleus
B9J08_002930,0.7,GO:0003677,0.7657,17,DNA binding
B9J08_002930,0.7,GO:0008270,0.7326,18,zinc ion binding
B9J08_002931,0.7,GO:0008270,0.911,11,zinc ion binding
B9J08_002931,0.7,GO:0005634,0.9072,14,nucleus
B9J08_002931,0.7,GO:0003677,0.8868,16,DNA binding
B9J08_002940,0.7,GO:0005524,0.982,12,ATP binding
B9J08_002940,0.7,GO:0004672,0.9702,19,protein kinase activity
B9J08_002943,0.7,GO:0008168,0.8323,18,methyltransferase activity
B9J08_002948,0.7,GO:0032865,0.9963,16,ERMES complex
B9J08_002953,0.7,GO:0015031,0.9394,2,protein transport
B9J08_002954,0.7,GO:0005337,0.7314,17,nucleoside transmembrane transporter activity
B9J08_002959,0.7,GO:0003677,0.9123,5,DNA binding
B9J08_002960,0.7,GO:0046872,0.9599,6,metal ion binding
B9J08_002960,0.7,GO:0017183,0.9523,7,peptidyl-diphthamide biosynthetic process from peptidyl-histidine
B9J08_002965,0.7,GO:0015171,0.9097,13,amino acid transmembrane transporter activity
B9J08_002967,0.7,GO:0005524,0.9414,16,ATP binding
B9J08_002969,0.7,GO:0005525,0.9902,10,GTP binding
B9J08_002970,0.7,GO:0003677,0.7613,6,DNA binding
B9J08_002972,0.7,GO:0046872,0.9444,3,metal ion binding
B9J08_002974,0.7,GO:0022857,0.8474,12,transmembrane transporter activity
B9J08_002977,0.7,GO:0005524,0.929,13,ATP binding
B9J08_002978,0.7,GO:0008270,0.7528,15,zinc ion binding
B9J08_002978,0.7,GO:0005634,0.707,19,nucleus
B9J08_002980,0.7,GO:0005743,0.7671,11,mitochondrial inner membrane
B9J08_002983,0.7,GO:0005525,0.9919,6,GTP binding
B9J08_002983,0.7,GO:0000166,0.9716,17,nucleotide binding
B9J08_002985,0.7,GO:0005634,0.8373,6,nucleus
B9J08_002986,0.7,GO:0003824,0.9691,6,catalytic activity
B9J08_002986,0.7,GO:0005975,0.9572,8,carbohydrate metabolic process
B9J08_002987,0.7,GO:0005515,0.811,5,protein binding
B9J08_002987,0.7,GO:0051015,0.7731,7,actin filament binding
B9J08_002989,0.7,GO:0005743,0.7592,11,mitochondrial inner membrane
B9J08_002990,0.7,GO:0003824,0.7921,6,catalytic activity
B9J08_002992,0.7,GO:0005576,0.8348,7,extracellular region
B9J08_002994,0.7,GO:0005524,0.9803,17,ATP binding
B9J08_002995,0.7,GO:0000103,0.9765,12,sulfate assimilation
B9J08_002997,0.7,GO:0006811,0.9906,7,ion transport
B9J08_002997,0.7,GO:0016491,0.9715,20,oxidoreductase activity
B9J08_002999,0.7,GO:0000776,0.7486,5,kinetochore
B9J08_003000,0.7,GO:0005634,0.7937,9,nucleus
B9J08_003001,0.7,GO:0000145,0.835,5,exocyst
B9J08_003001,0.7,GO:0006887,0.7846,12,exocytosis
B9J08_003002,0.7,GO:0005886,0.7197,17,plasma membrane
B9J08_003005,0.7,GO:0004129,0.7299,17,cytochrome-c oxidase activity
B9J08_003007,0.7,GO:0031267,0.8306,10,small GTPase binding
B9J08_003009,0.7,GO:0005524,0.9635,17,ATP binding
B9J08_003010,0.7,GO:0003723,0.8081,6,RNA binding
B9J08_003017,0.7,GO:0006810,0.881,7,transport
B9J08_003017,0.7,GO:0022857,0.8483,9,transmembrane transporter activity
B9J08_003020,0.7,GO:0022857,0.745,12,transmembrane transporter activity
B9J08_003022,0.7,GO:0005634,0.7512,12,nucleus
B9J08_003023,0.7,GO:0003735,0.8855,20,structural constituent of ribosome
B9J08_003028,0.7,GO:0070072,0.8914,20,vacuolar proton-transporting V-type ATPase complex assembly
B9J08_003030,0.7,GO:0050567,0.8847,17,glutaminyl-tRNA synthase (glutamine-hydrolyzing) activity
B9J08_003036,0.7,GO:0022857,0.8824,7,transmembrane transporter activity
B9J08_003040,0.7,GO:0016020,0.7915,10,membrane
B9J08_003049,0.7,GO:0022857,0.9087,8,transmembrane transporter activity
B9J08_003053,0.7,GO:0003676,0.9708,4,nucleic acid binding
B9J08_003053,0.7,GO:0003723,0.9376,6,RNA binding
B9J08_003055,0.7,GO:0016282,0.9975,1,eukaryotic 43S preinitiation complex
B9J08_003055,0.7,GO:0033290,0.9934,7,eukaryotic 48S preinitiation complex
B9J08_003055,0.7,GO:0001732,0.9881,15,formation of cytoplasmic translation initiation complex
B9J08_003056,0.7,GO:0005515,0.7312,10,protein binding
B9J08_003057,0.7,GO:0005634,0.7869,9,nucleus
B9J08_003060,0.7,GO:0003676,0.9879,5,nucleic acid binding
B9J08_003060,0.7,GO:0005634,0.8206,11,nucleus
B9J08_003069,0.7,GO:0006886,0.9012,17,intracellular protein transport
B9J08_003076,0.7,GO:0006886,0.9638,16,intracellular protein transport
B9J08_003078,0.7,GO:0009116,0.9959,8,nucleoside metabolic process
B9J08_003085,0.7,GO:0008526,0.7234,6,phosphatidylinositol transfer activity
B9J08_003088,0.7,GO:0016491,0.9287,1,oxidoreductase activity
B9J08_003088,0.7,GO:0016620,0.7536,12,"oxidoreductase activity, acting on the aldehyde or oxo group of donors, NAD or NADP as acceptor"
B9J08_003092,0.7,GO:0016757,0.9551,16,"transferase activity, transferring glycosyl groups"
B9J08_003094,0.7,GO:0005524,0.9982,8,ATP binding
B9J08_003094,0.7,GO:0016818,0.9975,13,"hydrolase activity, acting on acid anhydrides, in phosphorus-containing anhydrides"
B9J08_003095,0.7,GO:0003676,0.9625,8,nucleic acid binding
B9J08_003098,0.7,GO:0008168,0.8733,18,methyltransferase activity
B9J08_003104,0.7,GO:0005525,0.986,12,GTP binding
B9J08_003105,0.7,GO:0006520,0.9907,14,cellular amino acid metabolic process
B9J08_003114,0.7,GO:0005524,0.9964,10,ATP binding
B9J08_003116,0.7,GO:0005634,0.71,16,nucleus
B9J08_003120,0.7,GO:0005975,0.9943,5,carbohydrate metabolic process
B9J08_003120,0.7,GO:0003824,0.9749,6,catalytic activity
B9J08_003120,0.7,GO:0005576,0.8233,20,extracellular region
B9J08_003123,0.7,GO:0006486,0.9203,10,protein glycosylation
B9J08_003123,0.7,GO:0000032,0.8841,19,cell wall mannoprotein biosynthetic process
B9J08_003125,0.7,GO:0016765,0.9234,19,"transferase activity, transferring alkyl or aryl (other than methyl) groups"
B9J08_003127,0.7,GO:0003735,0.9611,7,structural constituent of ribosome
B9J08_003130,0.7,GO:0005525,0.9884,11,GTP binding
B9J08_003132,0.7,GO:0005524,0.9882,15,ATP binding
B9J08_003134,0.7,GO:0022857,0.8711,9,transmembrane transporter activity
B9J08_003141,0.7,GO:0008168,0.9226,5,methyltransferase activity
B9J08_003142,0.7,GO:0046907,0.87,15,intracellular transport
B9J08_003155,0.7,GO:0005634,0.845,9,nucleus
B9J08_003156,0.7,GO:0005524,0.9515,9,ATP binding
B9J08_003167,0.7,GO:0016491,0.8662,4,oxidoreductase activity
B9J08_003171,0.7,GO:0016787,0.7861,11,hydrolase activity
B9J08_003172,0.7,GO:0000166,0.9881,10,nucleotide binding
B9J08_003172,0.7,GO:0005524,0.9877,11,ATP binding
B9J08_003173,0.7,GO:0016020,0.8486,7,membrane
B9J08_003176,0.7,GO:0005737,0.8153,4,cytoplasm
B9J08_003177,0.7,GO:0017183,0.9991,2,peptidyl-diphthamide biosynthetic process from peptidyl-histidine
B9J08_003178,0.7,GO:0015031,0.8474,14,protein transport
B9J08_003180,0.7,GO:0006099,0.9391,16,tricarboxylic acid cycle
B9J08_003180,0.7,GO:0006102,0.9337,19,isocitrate metabolic process
B9J08_003196,0.7,GO:0005524,0.9435,8,ATP binding
B9J08_003201,0.7,GO:0003676,0.8686,7,nucleic acid binding
B9J08_003202,0.7,GO:0022857,0.906,7,transmembrane transporter activity
B9J08_003202,0.7,GO:0005886,0.743,9,plasma membrane
B9J08_003202,0.7,GO:0016020,0.7061,10,membrane
B9J08_003210,0.7,GO:0003723,0.8011,15,RNA binding
B9J08_003213,0.7,GO:0006865,0.9197,16,amino acid transport
B9J08_003215,0.7,GO:0016491,0.969,14,oxidoreductase activity
B9J08_003215,0.7,GO:0004128,0.904,20,"cytochrome-b5 reductase activity, acting on NAD(P)H"
B9J08_003219,0.7,GO:0030170,0.9209,6,pyridoxal phosphate binding
B9J08_003219,0.7,GO:0008483,0.8955,16,transaminase activity
B9J08_003220,0.7,GO:0005525,0.8721,19,GTP binding
B9J08_003226,0.7,GO:0016020,0.7467,3,membrane
B9J08_003227,0.7,GO:0008270,0.9517,12,zinc ion binding
B9J08_003228,0.7,GO:0008152,0.9315,7,metabolic process
B9J08_003229,0.7,GO:0005634,0.877,10,nucleus
B9J08_003232,0.7,GO:0006751,0.8982,13,glutathione catabolic process
B9J08_003238,0.7,GO:0005525,0.9888,14,GTP binding
B9J08_003240,0.7,GO:0004609,0.9918,7,phosphatidylserine decarboxylase activity
B9J08_003243,0.7,GO:0000815,0.9434,20,ESCRT III complex
B9J08_003244,0.7,GO:0031201,0.9832,3,SNARE complex
B9J08_003244,0.7,GO:0005484,0.9797,6,SNAP receptor activity
B9J08_003245,0.7,GO:0005525,0.9975,13,GTP binding
B9J08_003250,0.7,GO:0030295,0.9766,13,protein kinase activator activity
B9J08_003251,0.7,GO:0004553,0.993,9,"hydrolase activity, hydrolyzing O-glycosyl compounds"
B9J08_003251,0.7,GO:0005576,0.956,15,extracellular region
B9J08_003261,0.7,GO:0045041,0.8274,5,protein import into mitochondrial intermembrane space
B9J08_003261,0.7,GO:0016491,0.7689,12,oxidoreductase activity
B9J08_003262,0.7,GO:0005525,0.9893,10,GTP binding
B9J08_003263,0.7,GO:0005484,0.992,1,SNAP receptor activity
B9J08_003263,0.7,GO:0031201,0.9713,9,SNARE complex
B9J08_003263,0.7,GO:0006906,0.9627,12,vesicle fusion
B9J08_003266,0.7,GO:0008152,0.7071,4,metabolic process
B9J08_003267,0.7,GO:0008270,0.9769,7,zinc ion binding
B9J08_003267,0.7,GO:0016491,0.9281,12,oxidoreductase activity
B9J08_003268,0.7,GO:0016491,0.8511,3,oxidoreductase activity
B9J08_003269,0.7,GO:0003677,0.9209,9,DNA binding
B9J08_003269,0.7,GO:0008270,0.8245,16,zinc ion binding
B9J08_003272,0.7,GO:0046872,0.9823,6,metal ion binding
B9J08_003274,0.7,GO:0003735,0.85,16,structural constituent of ribosome
B9J08_003275,0.7,GO:0006915,0.9362,8,apoptotic process
B9J08_003276,0.7,GO:0004645,0.8854,1,phosphorylase activity
B9J08_003276,0.7,GO:0102250,0.8653,2,linear malto-oligosaccharide phosphorylase activity
B9J08_003276,0.7,GO:0102499,0.8241,4,SHG alpha-glucan phosphorylase activity
B9J08_003276,0.7,GO:0008184,0.8212,5,glycogen phosphorylase activity
B9J08_003276,0.7,GO:0005975,0.7686,11,carbohydrate metabolic process
B9J08_003280,0.7,GO:0005634,0.936,12,nucleus
B9J08_003280,0.7,GO:0003700,0.9239,13,DNA-binding transcription factor activity
B9J08_003282,0.7,GO:0003676,0.8632,10,nucleic acid binding
B9J08_003285,0.7,GO:0000062,0.8758,13,fatty-acyl-CoA binding
B9J08_003290,0.7,GO:0005524,0.992,9,ATP binding
B9J08_003290,0.7,GO:0000166,0.9908,11,nucleotide binding
B9J08_003292,0.7,GO:0016491,0.8295,3,oxidoreductase activity
B9J08_003293,0.7,GO:0008033,0.9951,10,tRNA processing
B9J08_003293,0.7,GO:0016779,0.9894,17,nucleotidyltransferase activity
B9J08_003294,0.7,GO:0016282,0.8735,4,eukaryotic 43S preinitiation complex
B9J08_003294,0.7,GO:0033290,0.8686,5,eukaryotic 48S preinitiation complex
B9J08_003294,0.7,GO:0001732,0.7621,9,formation of cytoplasmic translation initiation complex
B9J08_003294,0.7,GO:0005852,0.758,11,eukaryotic translation initiation factor 3 complex
B9J08_003296,0.7,GO:0006499,0.9611,13,N-terminal protein myristoylation
B9J08_003296,0.7,GO:0004379,0.9572,14,glycylpeptide N-tetradecanoyltransferase activity
B9J08_003299,0.7,GO:0005509,0.9782,13,calcium ion binding
B9J08_003299,0.7,GO:0005515,0.9778,14,protein binding
B9J08_003300,0.7,GO:0016020,0.9061,9,membrane
B9J08_003301,0.7,GO:0005634,0.8609,20,nucleus
B9J08_003306,0.7,GO:0006096,0.9985,5,glycolytic process
B9J08_003313,0.7,GO:0006412,0.9564,20,translation
B9J08_003314,0.7,GO:0005576,0.7011,4,extracellular region
B9J08_003319,0.7,GO:0046872,0.999,8,metal ion binding
B9J08_003322,0.7,GO:0046872,0.982,1,metal ion binding
B9J08_003323,0.7,GO:0000166,0.9852,5,nucleotide binding
B9J08_003323,0.7,GO:0005524,0.9839,8,ATP binding
B9J08_003326,0.7,GO:0005524,0.9762,16,ATP binding
B9J08_003327,0.7,GO:0005525,0.991,9,GTP binding
B9J08_003329,0.7,GO:0016491,0.9837,15,oxidoreductase activity
B9J08_003330,0.7,GO:0000166,0.9948,15,nucleotide binding
B9J08_003330,0.7,GO:0005524,0.9933,19,ATP binding
B9J08_003331,0.7,GO:0003735,0.9307,20,structural constituent of ribosome
B9J08_003338,0.7,GO:0006260,0.9411,18,DNA replication
B9J08_003341,0.7,GO:0046873,0.965,12,metal ion transmembrane transporter activity
B9J08_003341,0.7,GO:0030001,0.9584,18,metal ion transport
B9J08_003349,0.7,GO:0004834,0.8543,3,tryptophan synthase activity
B9J08_003354,0.7,GO:0006623,0.9918,2,protein targeting to vacuole
B9J08_003354,0.7,GO:0015031,0.9858,3,protein transport
B9J08_003354,0.7,GO:0045053,0.9857,4,protein retention in Golgi apparatus
B9J08_003355,0.7,GO:0005524,0.9792,16,ATP binding
B9J08_003356,0.7,GO:0005524,0.9841,16,ATP binding
B9J08_003359,0.7,GO:0005525,0.9807,9,GTP binding
B9J08_003361,0.7,GO:0005525,0.9794,19,GTP binding
B9J08_003364,0.7,GO:0005524,0.9935,10,ATP binding
B9J08_003365,0.7,GO:0006085,0.9948,17,acetyl-CoA biosynthetic process
B9J08_003365,0.7,GO:0016208,0.9945,19,AMP binding
B9J08_003368,0.7,GO:0003677,0.9376,6,DNA binding
B9J08_003368,0.7,GO:0046982,0.8778,12,protein heterodimerization activity
B9J08_003368,0.7,GO:0005634,0.8064,20,nucleus
B9J08_003369,0.7,GO:0046982,0.9389,6,protein heterodimerization activity
B9J08_003369,0.7,GO:0006334,0.9137,11,nucleosome assembly
B9J08_003369,0.7,GO:0003677,0.9066,13,DNA binding
B9J08_003371,0.7,GO:0006096,0.9891,5,glycolytic process
B9J08_003371,0.7,GO:0003824,0.9491,19,catalytic activity
B9J08_003372,0.7,GO:0005634,0.8552,5,nucleus
B9J08_003374,0.7,GO:0019752,0.9855,10,carboxylic acid metabolic process
B9J08_003374,0.7,GO:0003824,0.9833,11,catalytic activity
B9J08_003374,0.7,GO:0006097,0.9666,13,glyoxylate cycle
B9J08_003376,0.7,GO:0005524,0.9782,12,ATP binding
B9J08_003382,0.7,GO:0003676,0.9321,16,nucleic acid binding
B9J08_003383,0.7,GO:0016787,0.9922,1,hydrolase activity
B9J08_003385,0.7,GO:0005739,0.7721,19,mitochondrion
B9J08_003387,0.7,GO:0005515,0.9682,8,protein binding
B9J08_003387,0.7,GO:0008017,0.9643,9,microtubule binding
B9J08_003387,0.7,GO:0005874,0.9524,14,microtubule
B9J08_003387,0.7,GO:0051301,0.9269,17,cell division
B9J08_003392,0.7,GO:0005886,0.8127,6,plasma membrane
B9J08_003397,0.7,GO:0003824,0.7309,3,catalytic activity
B9J08_003401,0.7,GO:0005216,0.9797,6,ion channel activity
B9J08_003405,0.7,GO:0008168,0.9382,13,methyltransferase activity
B9J08_003407,0.7,GO:0008270,0.9014,20,zinc ion binding
B9J08_003414,0.7,GO:0005524,0.9894,8,ATP binding
B9J08_003416,0.7,GO:0048038,0.8854,13,quinone binding
B9J08_003416,0.7,GO:0051287,0.8129,18,NAD binding
B9J08_003416,0.7,GO:0016651,0.7544,20,"oxidoreductase activity, acting on NAD(P)H"
B9J08_003424,0.7,GO:0005524,0.9984,9,ATP binding
B9J08_003425,0.7,GO:0003677,0.9053,3,DNA binding
B9J08_003425,0.7,GO:0046983,0.8843,6,protein dimerization activity
B9J08_003425,0.7,GO:0003899,0.8341,11,DNA-directed 5'-3' RNA polymerase activity
B9J08_003428,0.7,GO:0003677,0.9548,8,DNA binding
B9J08_003430,0.7,GO:0005525,0.9964,18,GTP binding
B9J08_003432,0.7,GO:0016282,0.9993,1,eukaryotic 43S preinitiation complex
B9J08_003432,0.7,GO:0001732,0.9989,3,formation of cytoplasmic translation initiation complex
B9J08_003432,0.7,GO:0033290,0.9982,5,eukaryotic 48S preinitiation complex
B9J08_003432,0.7,GO:0003743,0.9947,14,translation initiation factor activity
B9J08_003432,0.7,GO:0005852,0.9929,18,eukaryotic translation initiation factor 3 complex
B9J08_003435,0.7,GO:0004298,0.9592,5,threonine-type endopeptidase activity
B9J08_003435,0.7,GO:0008233,0.9246,13,peptidase activity
B9J08_003435,0.7,GO:0004175,0.8918,17,endopeptidase activity
B9J08_003436,0.7,GO:0019706,0.9924,2,protein-cysteine S-palmitoyltransferase activity
B9J08_003436,0.7,GO:0016409,0.9609,9,palmitoyltransferase activity
B9J08_003437,0.7,GO:0045454,0.9792,1,cell redox homeostasis
B9J08_003437,0.7,GO:0004601,0.924,13,peroxidase activity
B9J08_003437,0.7,GO:0016209,0.905,15,antioxidant activity
B9J08_003437,0.7,GO:0051920,0.8459,18,peroxiredoxin activity
B9J08_003437,0.7,GO:0016491,0.8427,19,oxidoreductase activity
B9J08_003441,0.7,GO:0005524,0.9598,16,ATP binding
B9J08_003442,0.7,GO:0004601,0.8123,8,peroxidase activity
B9J08_003442,0.7,GO:0004602,0.7273,10,glutathione peroxidase activity
B9J08_003444,0.7,GO:0004725,0.8622,14,protein tyrosine phosphatase activity
B9J08_003444,0.7,GO:0016791,0.843,17,phosphatase activity
B9J08_003446,0.7,GO:0005525,0.993,7,GTP binding
B9J08_003447,0.7,GO:0005634,0.726,8,nucleus
B9J08_003449,0.7,GO:0009331,0.998,2,glycerol-3-phosphate dehydrogenase complex
B9J08_003449,0.7,GO:0046168,0.9968,3,glycerol-3-phosphate catabolic process
B9J08_003449,0.7,GO:0006072,0.9888,6,glycerol-3-phosphate metabolic process
B9J08_003452,0.7,GO:0008483,0.9747,4,transaminase activity
B9J08_003452,0.7,GO:0009448,0.9231,15,gamma-aminobutyric acid metabolic process
B9J08_003453,0.7,GO:0005524,0.9891,8,ATP binding
B9J08_003458,0.7,GO:0046872,0.9969,3,metal ion binding
B9J08_003461,0.7,GO:0016491,0.7427,7,oxidoreductase activity
B9J08_003462,0.7,GO:0005778,0.8258,15,peroxisomal membrane
B9J08_003462,0.7,GO:1990429,0.7747,19,peroxisomal importomer complex
B9J08_003465,0.7,GO:0022857,0.8253,8,transmembrane transporter activity
B9J08_003466,0.7,GO:0003824,0.9881,1,catalytic activity
B9J08_003466,0.7,GO:0016491,0.9746,3,oxidoreductase activity
B9J08_003466,0.7,GO:0006099,0.9323,8,tricarboxylic acid cycle
B9J08_003466,0.7,GO:0006108,0.9112,9,malate metabolic process
B9J08_003466,0.7,GO:0016615,0.9026,10,malate dehydrogenase activity
B9J08_003466,0.7,GO:0019752,0.8748,11,carboxylic acid metabolic process
B9J08_003466,0.7,GO:0030060,0.853,14,L-malate dehydrogenase activity
B9J08_003473,0.7,GO:0016020,0.8059,12,membrane
B9J08_003479,0.7,GO:0008270,0.847,16,zinc ion binding
B9J08_003479,0.7,GO:0005634,0.83,18,nucleus
B9J08_003482,0.7,GO:0019706,0.9909,3,protein-cysteine S-palmitoyltransferase activity
B9J08_003482,0.7,GO:0016409,0.9495,8,palmitoyltransferase activity
B9J08_003482,0.7,GO:0018230,0.9382,11,peptidyl-L-cysteine S-palmitoylation
B9J08_003486,0.7,GO:0004620,0.9664,13,phospholipase activity
B9J08_003489,0.7,GO:0003824,0.7644,2,catalytic activity
B9J08_003490,0.7,GO:0006465,0.9797,19,signal peptide processing
B9J08_003490,0.7,GO:0008233,0.9752,20,peptidase activity
B9J08_003496,0.7,GO:0015031,0.8811,11,protein transport
B9J08_003496,0.7,GO:0006914,0.8627,15,autophagy
B9J08_003498,0.7,GO:0003676,0.862,20,nucleic acid binding
B9J08_003503,0.7,GO:0003676,0.938,4,nucleic acid binding
B9J08_003503,0.7,GO:0003723,0.7844,11,RNA binding
B9J08_003504,0.7,GO:0043169,0.9687,10,cation binding
B9J08_003504,0.7,GO:0046872,0.9535,14,metal ion binding
B9J08_003509,0.7,GO:0046872,0.8582,17,metal ion binding
B9J08_003512,0.7,GO:0005524,0.9904,11,ATP binding
B9J08_003517,0.7,GO:0030170,0.9982,10,pyridoxal phosphate binding
B9J08_003524,0.7,GO:0016491,0.8358,5,oxidoreductase activity
B9J08_003524,0.7,GO:0008152,0.7085,11,metabolic process
B9J08_003531,0.7,GO:0030170,0.9995,10,pyridoxal phosphate binding
B9J08_003535,0.7,GO:0005524,0.9899,14,ATP binding
B9J08_003540,0.7,GO:0022857,0.912,6,transmembrane transporter activity
B9J08_003540,0.7,GO:0016020,0.896,8,membrane
B9J08_003542,0.7,GO:0008152,0.7379,6,metabolic process
B9J08_003544,0.7,GO:0005743,0.8428,19,mitochondrial inner membrane
B9J08_003546,0.7,GO:0005634,0.9708,8,nucleus
B9J08_003553,0.7,GO:0003824,0.8731,11,catalytic activity
B9J08_003557,0.7,GO:0005737,0.7137,10,cytoplasm
B9J08_003560,0.7,GO:0006412,0.977,14,translation
B9J08_003562,0.7,GO:0003676,0.8779,20,nucleic acid binding
B9J08_003563,0.7,GO:0016491,0.9695,6,oxidoreductase activity
B9J08_003563,0.7,GO:0008270,0.8379,14,zinc ion binding
B9J08_003569,0.7,GO:0016407,0.8898,6,acetyltransferase activity
B9J08_003569,0.7,GO:0008374,0.7899,13,O-acyltransferase activity
B9J08_003578,0.7,GO:0006511,0.9437,19,ubiquitin-dependent protein catabolic process
B9J08_003581,0.7,GO:0016787,0.8289,5,hydrolase activity
B9J08_003583,0.7,GO:0043087,0.899,16,regulation of GTPase activity
B9J08_003585,0.7,GO:0008270,0.8349,18,zinc ion binding
B9J08_003585,0.7,GO:0005634,0.8233,20,nucleus
B9J08_003588,0.7,GO:0046872,0.8875,10,metal ion binding
B9J08_003590,0.7,GO:0003676,0.9657,5,nucleic acid binding
B9J08_003592,0.7,GO:0003676,0.711,7,nucleic acid binding
B9J08_003593,0.7,GO:0046872,0.8513,6,metal ion binding
B9J08_003593,0.7,GO:0008233,0.7235,11,peptidase activity
B9J08_003594,0.7,GO:0101005,0.9349,19,ubiquitinyl hydrolase activity
B9J08_003596,0.7,GO:0006412,0.8927,20,translation
B9J08_003599,0.7,GO:0005525,0.9928,10,GTP binding
B9J08_003604,0.7,GO:0005524,0.994,13,ATP binding
B9J08_003609,0.7,GO:0006546,0.9915,3,glycine catabolic process
B9J08_003609,0.7,GO:0006544,0.987,10,glycine metabolic process
B9J08_003610,0.7,GO:0003746,0.9936,15,translation elongation factor activity
B9J08_003610,0.7,GO:0005525,0.9922,20,GTP binding
B9J08_003614,0.7,GO:0008270,0.9811,3,zinc ion binding
B9J08_003614,0.7,GO:0016491,0.9429,11,oxidoreductase activity
B9J08_003614,0.7,GO:0005737,0.835,13,cytoplasm
B9J08_003618,0.7,GO:0004725,0.8784,7,protein tyrosine phosphatase activity
B9J08_003621,0.7,GO:0009395,0.909,20,phospholipid catabolic process
B9J08_003632,0.7,GO:0030955,0.9987,1,potassium ion binding
B9J08_003632,0.7,GO:0005524,0.9777,16,ATP binding
B9J08_003640,0.7,GO:0005515,0.8182,3,protein binding
B9J08_003641,0.7,GO:0050660,0.8622,7,flavin adenine dinucleotide binding
B9J08_003646,0.7,GO:0006520,0.9593,18,cellular amino acid metabolic process
B9J08_003650,0.7,GO:0006457,0.9887,2,protein folding
B9J08_003650,0.7,GO:0003755,0.9859,4,peptidyl-prolyl cis-trans isomerase activity
B9J08_003650,0.7,GO:0016018,0.9728,7,cyclosporin A binding
B9J08_003657,0.7,GO:0055085,0.8565,17,transmembrane transport
B9J08_003657,0.7,GO:0030001,0.856,18,metal ion transport
B9J08_003660,0.7,GO:0003676,0.942,5,nucleic acid binding
B9J08_003660,0.7,GO:0003723,0.9101,9,RNA binding
B9J08_003660,0.7,GO:0005737,0.7144,12,cytoplasm
B9J08_003662,0.7,GO:0046872,0.8303,5,metal ion binding
B9J08_003663,0.7,GO:0000166,0.9807,8,nucleotide binding
B9J08_003663,0.7,GO:0005524,0.9782,10,ATP binding
B9J08_003664,0.7,GO:0005634,0.8113,9,nucleus
B9J08_003665,0.7,GO:0016301,0.9741,15,kinase activity
B9J08_003667,0.7,GO:0005525,0.9922,13,GTP binding
B9J08_003677,0.7,GO:0006412,0.9735,20,translation
B9J08_003678,0.7,GO:0016020,0.7694,12,membrane
B9J08_003680,0.7,GO:0016787,0.8193,2,hydrolase activity
B9J08_003681,0.7,GO:0004128,0.9743,8,"cytochrome-b5 reductase activity, acting on NAD(P)H"
B9J08_003681,0.7,GO:0005741,0.9607,12,mitochondrial outer membrane
B9J08_003682,0.7,GO:0005524,0.9251,9,ATP binding
B9J08_003684,0.7,GO:0009331,0.9979,7,glycerol-3-phosphate dehydrogenase complex
B9J08_003684,0.7,GO:0006072,0.9976,8,glycerol-3-phosphate metabolic process
B9J08_003684,0.7,GO:0046168,0.9969,9,glycerol-3-phosphate catabolic process
B9J08_003688,0.7,GO:0005524,0.9914,15,ATP binding
B9J08_003689,0.7,GO:0046872,0.9821,4,metal ion binding
B9J08_003690,0.7,GO:0016020,0.9101,18,membrane
B9J08_003699,0.7,GO:0005743,0.8593,14,mitochondrial inner membrane
B9J08_003707,0.7,GO:0006508,0.7388,18,proteolysis
B9J08_003708,0.7,GO:0000166,0.9876,19,nucleotide binding
B9J08_003709,0.7,GO:0004499,0.7743,10,"N,N-dimethylaniline monooxygenase activity"
B9J08_003711,0.7,GO:0003677,0.8904,10,DNA binding
B9J08_003712,0.7,GO:0005634,0.827,10,nucleus
B9J08_003712,0.7,GO:0003700,0.7701,17,DNA-binding transcription factor activity
B9J08_003713,0.7,GO:0046872,0.9327,19,metal ion binding
B9J08_003719,0.7,GO:0005743,0.8715,16,mitochondrial inner membrane
B9J08_003720,0.7,GO:0005524,0.9626,8,ATP binding
B9J08_003722,0.7,GO:0003824,0.9507,4,catalytic activity
B9J08_003722,0.7,GO:0046912,0.9137,8,"transferase activity, transferring acyl groups, acyl groups converted into alkyl on transfer"
B9J08_003724,0.7,GO:0005524,0.9412,10,ATP binding
B9J08_003726,0.7,GO:0005524,0.9923,14,ATP binding
B9J08_003727,0.7,GO:0005524,0.9789,7,ATP binding
B9J08_003728,0.7,GO:0005524,0.9551,14,ATP binding
B9J08_003730,0.7,GO:0016747,0.869,4,"transferase activity, transferring acyl groups other than amino-acyl groups"
B9J08_003730,0.7,GO:0016746,0.8544,5,"transferase activity, transferring acyl groups"
B9J08_003730,0.7,GO:0003988,0.8541,6,acetyl-CoA C-acyltransferase activity
B9J08_003732,0.7,GO:0005524,0.995,9,ATP binding
B9J08_003734,0.7,GO:0015171,0.8224,15,amino acid transmembrane transporter activity
B9J08_003735,0.7,GO:0005524,0.9709,15,ATP binding
B9J08_003736,0.7,GO:0005524,0.9771,14,ATP binding
B9J08_003737,0.7,GO:0016491,0.9832,16,oxidoreductase activity
B9J08_003738,0.7,GO:0004418,0.9872,15,hydroxymethylbilane synthase activity
B9J08_003743,0.7,GO:0016020,0.9829,2,membrane
B9J08_003748,0.7,GO:0005524,0.9845,19,ATP binding
B9J08_003754,0.7,GO:0006810,0.9922,13,transport
B9J08_003754,0.7,GO:0022857,0.9806,17,transmembrane transporter activity
B9J08_003755,0.7,GO:0003735,0.981,17,structural constituent of ribosome
B9J08_003756,0.7,GO:0006414,0.9326,19,translational elongation
B9J08_003756,0.7,GO:0003735,0.9314,20,structural constituent of ribosome
B9J08_003758,0.7,GO:0016020,0.7174,9,membrane
B9J08_003759,0.7,GO:0032541,0.7082,9,cortical endoplasmic reticulum
B9J08_003763,0.7,GO:0016491,0.9303,1,oxidoreductase activity
B9J08_003763,0.7,GO:0016616,0.7313,4,"oxidoreductase activity, acting on the CH-OH group of donors, NAD or NADP as acceptor"
B9J08_003764,0.7,GO:0005524,0.9722,17,ATP binding
B9J08_003765,0.7,GO:0005524,0.888,16,ATP binding
B9J08_003767,0.7,GO:0008270,0.7902,11,zinc ion binding
B9J08_003767,0.7,GO:0016787,0.7236,13,hydrolase activity
B9J08_003768,0.7,GO:0009987,0.9279,12,cellular process
B9J08_003771,0.7,GO:0005524,0.9286,13,ATP binding
B9J08_003772,0.7,GO:0005634,0.8153,13,nucleus
B9J08_003773,0.7,GO:0006904,0.8047,8,vesicle docking involved in exocytosis
B9J08_003775,0.7,GO:0005525,0.9748,9,GTP binding
B9J08_003775,0.7,GO:0000166,0.9655,13,nucleotide binding
B9J08_003778,0.7,GO:0000166,0.9394,11,nucleotide binding
B9J08_003778,0.7,GO:0005524,0.9261,19,ATP binding
B9J08_003784,0.7,GO:0000166,0.9857,5,nucleotide binding
B9J08_003784,0.7,GO:0005524,0.9824,8,ATP binding
B9J08_003787,0.7,GO:0004298,0.9665,3,threonine-type endopeptidase activity
B9J08_003791,0.7,GO:0035999,0.9995,8,tetrahydrofolate interconversion
B9J08_003791,0.7,GO:0006730,0.9992,11,one-carbon metabolic process
B9J08_003791,0.7,GO:0004372,0.9991,13,glycine hydroxymethyltransferase activity
B9J08_003791,0.7,GO:0019264,0.9989,16,glycine biosynthetic process from serine
B9J08_003792,0.7,GO:0005524,0.9782,9,ATP binding
B9J08_003793,0.7,GO:0004180,0.877,17,carboxypeptidase activity
B9J08_003795,0.7,GO:0005524,0.9918,18,ATP binding
B9J08_003799,0.7,GO:0003824,0.9776,2,catalytic activity
B9J08_003799,0.7,GO:0071555,0.954,9,cell wall organization
B9J08_003799,0.7,GO:0005975,0.9412,11,carbohydrate metabolic process
B9J08_003799,0.7,GO:0005618,0.7736,19,cell wall
B9J08_003800,0.7,GO:0101005,0.9056,16,ubiquitinyl hydrolase activity
B9J08_003801,0.7,GO:0009058,0.9913,11,biosynthetic process
B9J08_003804,0.7,GO:0005758,0.9914,4,mitochondrial intermembrane space
B9J08_003804,0.7,GO:0046872,0.9817,13,metal ion binding
B9J08_003808,0.7,GO:0005524,0.9904,6,ATP binding
B9J08_003808,0.7,GO:0000166,0.989,9,nucleotide binding
B9J08_003811,0.7,GO:0005524,0.7764,13,ATP binding
B9J08_003816,0.7,GO:0005737,0.9588,6,cytoplasm
B9J08_003816,0.7,GO:0005634,0.912,8,nucleus
B9J08_003816,0.7,GO:0019888,0.8329,20,protein phosphatase regulator activity
B9J08_003817,0.7,GO:0000166,0.9477,6,nucleotide binding
B9J08_003817,0.7,GO:0005524,0.9136,17,ATP binding
B9J08_003819,0.7,GO:0016491,0.9994,1,oxidoreductase activity
B9J08_003819,0.7,GO:0050660,0.9915,10,flavin adenine dinucleotide binding
B9J08_003819,0.7,GO:0016668,0.9505,20,"oxidoreductase activity, acting on a sulfur group of donors, NAD(P) as acceptor"
B9J08_003822,0.7,GO:0005524,0.9937,9,ATP binding
B9J08_003824,0.7,GO:0005875,0.8461,20,microtubule associated complex
B9J08_003829,0.7,GO:0004672,0.9816,10,protein kinase activity
B9J08_003829,0.7,GO:0005524,0.9797,13,ATP binding
B9J08_003830,0.7,GO:0022857,0.7886,10,transmembrane transporter activity
B9J08_003832,0.7,GO:0000166,0.982,4,nucleotide binding
B9J08_003832,0.7,GO:0005524,0.9813,5,ATP binding
B9J08_003834,0.7,GO:0005525,0.9946,15,GTP binding
B9J08_003836,0.7,GO:0005524,0.9167,15,ATP binding
B9J08_003837,0.7,GO:0019262,0.7144,11,N-acetylneuraminate catabolic process
B9J08_003846,0.7,GO:0008168,0.8678,5,methyltransferase activity
B9J08_003852,0.7,GO:0003824,0.9594,3,catalytic activity
B9J08_003856,0.7,GO:0016538,0.9972,19,cyclin-dependent protein serine/threonine kinase regulator activity
B9J08_003859,0.7,GO:0005874,0.9941,7,microtubule
B9J08_003859,0.7,GO:0005875,0.9907,9,microtubule associated complex
B9J08_003859,0.7,GO:0007017,0.9888,12,microtubule-based process
B9J08_003860,0.7,GO:0044209,0.9996,1,AMP salvage
B9J08_003860,0.7,GO:0003999,0.9995,2,adenine phosphoribosyltransferase activity
B9J08_003860,0.7,GO:0016763,0.9983,6,"transferase activity, transferring pentosyl groups"
B9J08_003860,0.7,GO:0006168,0.9981,8,adenine salvage
B9J08_003862,0.7,GO:0003676,0.9341,15,nucleic acid binding
B9J08_003864,0.7,GO:0016787,0.7001,14,hydrolase activity
B9J08_003865,0.7,GO:0052689,0.8692,5,carboxylic ester hydrolase activity
B9J08_003866,0.7,GO:0005524,0.9837,5,ATP binding
B9J08_003869,0.7,GO:0046872,0.92,3,metal ion binding
B9J08_003871,0.7,GO:0006855,0.8912,6,drug transmembrane transport
B9J08_003871,0.7,GO:0042910,0.8648,8,xenobiotic transmembrane transporter activity
B9J08_003873,0.7,GO:0008081,0.7812,7,phosphoric diester hydrolase activity
B9J08_003873,0.7,GO:0005509,0.7574,8,calcium ion binding
B9J08_003873,0.7,GO:0016042,0.7358,10,lipid catabolic process
B9J08_003878,0.7,GO:0005737,0.7678,8,cytoplasm
B9J08_003881,0.7,GO:0006526,0.8051,14,arginine biosynthetic process
B9J08_003882,0.7,GO:0009058,0.9423,13,biosynthetic process
B9J08_003892,0.7,GO:0000166,0.9777,6,nucleotide binding
B9J08_003895,0.7,GO:0003824,0.9144,2,catalytic activity
B9J08_003896,0.7,GO:0005524,0.8867,8,ATP binding
B9J08_003896,0.7,GO:0000166,0.8745,14,nucleotide binding
B9J08_003916,0.7,GO:0009231,0.9641,3,riboflavin biosynthetic process
B9J08_003916,0.7,GO:0008686,0.8603,18,"3,4-dihydroxy-2-butanone-4-phosphate synthase activity"
B9J08_003918,0.7,GO:0005524,0.9735,11,ATP binding
B9J08_003918,0.7,GO:0000166,0.9681,16,nucleotide binding
B9J08_003920,0.7,GO:0006468,0.9844,16,protein phosphorylation
B9J08_003921,0.7,GO:0022857,0.7783,8,transmembrane transporter activity
B9J08_003928,0.7,GO:0016020,0.8152,7,membrane
B9J08_003942,0.7,GO:0102338,0.9955,1,3-oxo-lignoceronyl-CoA synthase activity
B9J08_003942,0.7,GO:0102756,0.9901,3,very-long-chain 3-ketoacyl-CoA synthase activity
B9J08_003942,0.7,GO:0102337,0.9881,4,3-oxo-cerotoyl-CoA synthase activity
B9J08_003942,0.7,GO:0019367,0.9793,7,"fatty acid elongation, saturated fatty acid"
B9J08_003942,0.7,GO:0034626,0.9708,18,"fatty acid elongation, polyunsaturated fatty acid"
B9J08_003942,0.7,GO:0102336,0.9688,19,3-oxo-arachidoyl-CoA synthase activity
B9J08_003942,0.7,GO:0034625,0.9668,20,"fatty acid elongation, monounsaturated fatty acid"
B9J08_003943,0.7,GO:0005524,0.9508,16,ATP binding
B9J08_003943,0.7,GO:0016301,0.9425,20,kinase activity
B9J08_003944,0.7,GO:0016282,0.9998,1,eukaryotic 43S preinitiation complex
B9J08_003944,0.7,GO:0033290,0.9997,2,eukaryotic 48S preinitiation complex
B9J08_003944,0.7,GO:0001732,0.9994,3,formation of cytoplasmic translation initiation complex
B9J08_003944,0.7,GO:0003743,0.9994,4,translation initiation factor activity
B9J08_003944,0.7,GO:0005852,0.9956,10,eukaryotic translation initiation factor 3 complex
B9J08_003949,0.7,GO:0046872,0.9272,3,metal ion binding
B9J08_003950,0.7,GO:0005634,0.7962,19,nucleus
B9J08_003955,0.7,GO:0003676,0.9758,5,nucleic acid binding
B9J08_003956,0.7,GO:0003676,0.781,7,nucleic acid binding
B9J08_003956,0.7,GO:0003723,0.7018,19,RNA binding
B9J08_003965,0.7,GO:0003824,0.8852,3,catalytic activity
B9J08_003965,0.7,GO:0016740,0.763,17,transferase activity
B9J08_003969,0.7,GO:0051301,0.8346,14,cell division
B9J08_003969,0.7,GO:0005737,0.7843,15,cytoplasm
B9J08_003969,0.7,GO:0072686,0.7059,20,mitotic spindle
B9J08_003972,0.7,GO:0005525,0.9825,10,GTP binding
B9J08_003972,0.7,GO:0019001,0.9766,16,guanyl nucleotide binding
B9J08_003973,0.7,GO:0004222,0.9118,16,metalloendopeptidase activity
B9J08_003977,0.7,GO:0006099,0.8894,17,tricarboxylic acid cycle
B9J08_003977,0.7,GO:0016020,0.8822,20,membrane
B9J08_003979,0.7,GO:0030170,0.9986,10,pyridoxal phosphate binding
B9J08_003979,0.7,GO:0003824,0.9746,20,catalytic activity
B9J08_003981,0.7,GO:0022857,0.7856,10,transmembrane transporter activity
B9J08_003982,0.7,GO:0005739,0.7099,11,mitochondrion
B9J08_003983,0.7,GO:0046872,0.8205,7,metal ion binding
B9J08_003983,0.7,GO:0005634,0.7674,10,nucleus
B9J08_003983,0.7,GO:0016791,0.748,11,phosphatase activity
B9J08_003986,0.7,GO:0005525,0.9945,13,GTP binding
B9J08_003987,0.7,GO:0003677,0.71,4,DNA binding
B9J08_003988,0.7,GO:0005874,0.9962,13,microtubule
B9J08_003989,0.7,GO:0004842,0.8157,11,ubiquitin-protein transferase activity
B9J08_003991,0.7,GO:0005524,0.9827,12,ATP binding
B9J08_003996,0.7,GO:0003677,0.9986,4,DNA binding
B9J08_003998,0.7,GO:0016208,0.9949,12,AMP binding
B9J08_004001,0.7,GO:0003676,0.9253,8,nucleic acid binding
B9J08_004001,0.7,GO:0003723,0.8297,14,RNA binding
B9J08_004003,0.7,GO:0045454,0.799,8,cell redox homeostasis
B9J08_004006,0.7,GO:0006412,0.7842,8,translation
B9J08_004011,0.7,GO:0006629,0.8119,9,lipid metabolic process
B9J08_004011,0.7,GO:0016042,0.7468,15,lipid catabolic process
B9J08_004012,0.7,GO:0030001,0.7264,12,metal ion transport
B9J08_004012,0.7,GO:0016020,0.7222,13,membrane
B9J08_004012,0.7,GO:0006829,0.7126,14,zinc ion transport
B9J08_004015,0.7,GO:0003824,0.9271,4,catalytic activity
B9J08_004015,0.7,GO:0004553,0.9208,6,"hydrolase activity, hydrolyzing O-glycosyl compounds"
B9J08_004015,0.7,GO:0005975,0.9081,8,carbohydrate metabolic process
B9J08_004015,0.7,GO:0030246,0.7156,11,carbohydrate binding
B9J08_004016,0.7,GO:0008152,0.9124,6,metabolic process
B9J08_004025,0.7,GO:0003677,0.8179,11,DNA binding
B9J08_004028,0.7,GO:0004672,0.966,15,protein kinase activity
B9J08_004028,0.7,GO:0035376,0.9579,19,sterol import
B9J08_004029,0.7,GO:0004672,0.9698,18,protein kinase activity
B9J08_004030,0.7,GO:0005524,0.9934,16,ATP binding
B9J08_004035,0.7,GO:0005730,0.7086,19,nucleolus
B9J08_004040,0.7,GO:0022857,0.788,6,transmembrane transporter activity
B9J08_004041,0.7,GO:0003676,0.8493,3,nucleic acid binding
B9J08_004050,0.7,GO:0016192,0.7625,18,vesicle-mediated transport
B9J08_004055,0.7,GO:0003676,0.718,17,nucleic acid binding
B9J08_004061,0.7,GO:0003677,0.9844,7,DNA binding
B9J08_004061,0.7,GO:0008270,0.9542,13,zinc ion binding
B9J08_004066,0.7,GO:0015031,0.8419,15,protein transport
B9J08_004068,0.7,GO:0016020,0.9841,15,membrane
B9J08_004068,0.7,GO:0005524,0.9808,17,ATP binding
B9J08_004073,0.7,GO:0003899,0.8887,17,DNA-directed 5'-3' RNA polymerase activity
B9J08_004080,0.7,GO:0005730,0.8436,15,nucleolus
B9J08_004082,0.7,GO:0016020,0.7063,8,membrane
B9J08_004086,0.7,GO:0051301,0.9961,5,cell division
B9J08_004088,0.7,GO:0046872,0.9971,11,metal ion binding
B9J08_004094,0.7,GO:0000166,0.9812,15,nucleotide binding
B9J08_004094,0.7,GO:0005524,0.9798,18,ATP binding
B9J08_004095,0.7,GO:0003824,0.9817,10,catalytic activity
B9J08_004097,0.7,GO:0022857,0.8745,11,transmembrane transporter activity
B9J08_004099,0.7,GO:0016020,0.899,9,membrane
B9J08_004099,0.7,GO:0022857,0.8765,10,transmembrane transporter activity
B9J08_004111,0.7,GO:0005576,0.7478,11,extracellular region
B9J08_004112,0.7,GO:0007155,0.7662,10,cell adhesion
B9J08_004113,0.7,GO:0022857,0.851,9,transmembrane transporter activity
B9J08_004114,0.7,GO:0016491,0.9414,2,oxidoreductase activity
B9J08_004115,0.7,GO:0003755,0.943,3,peptidyl-prolyl cis-trans isomerase activity
B9J08_004115,0.7,GO:0006457,0.9327,5,protein folding
B9J08_004115,0.7,GO:0051082,0.8413,15,unfolded protein binding
B9J08_004115,0.7,GO:0005737,0.7057,18,cytoplasm
B9J08_004116,0.7,GO:0005524,0.9547,15,ATP binding
B9J08_004118,0.7,GO:0042910,0.7451,6,xenobiotic transmembrane transporter activity
B9J08_004121,0.7,GO:0046872,0.9527,2,metal ion binding
B9J08_004122,0.7,GO:0016020,0.939,9,membrane
B9J08_004122,0.7,GO:0016765,0.8662,16,"transferase activity, transferring alkyl or aryl (other than methyl) groups"
B9J08_004124,0.7,GO:0005524,0.9932,12,ATP binding
B9J08_004129,0.7,GO:0000166,0.9801,7,nucleotide binding
B9J08_004129,0.7,GO:0005524,0.9268,17,ATP binding
B9J08_004132,0.7,GO:0006886,0.8397,16,intracellular protein transport
B9J08_004132,0.7,GO:0031267,0.8372,17,small GTPase binding
B9J08_004140,0.7,GO:0022857,0.7089,12,transmembrane transporter activity
B9J08_004141,0.7,GO:0016020,0.8399,10,membrane
B9J08_004142,0.7,GO:0005524,0.9683,14,ATP binding
B9J08_004142,0.7,GO:0004672,0.9556,19,protein kinase activity
B9J08_004144,0.7,GO:0006465,0.9202,10,signal peptide processing
B9J08_004147,0.7,GO:0005525,0.9948,14,GTP binding
B9J08_004149,0.7,GO:0006629,0.8465,20,lipid metabolic process
B9J08_004155,0.7,GO:0005737,0.798,6,cytoplasm
B9J08_004155,0.7,GO:0002161,0.7435,14,aminoacyl-tRNA editing activity
B9J08_004157,0.7,GO:0016020,0.8744,9,membrane
B9J08_004161,0.7,GO:0020037,0.9955,3,heme binding
B9J08_004161,0.7,GO:0005506,0.9204,14,iron ion binding
B9J08_004161,0.7,GO:0004497,0.9037,15,monooxygenase activity
B9J08_004165,0.7,GO:0008152,0.7431,10,metabolic process
B9J08_004166,0.7,GO:0005524,0.9969,9,ATP binding
B9J08_004167,0.7,GO:0005634,0.9352,10,nucleus
B9J08_004171,0.7,GO:0003700,0.7945,7,DNA-binding transcription factor activity
B9J08_004173,0.7,GO:0005576,0.7048,8,extracellular region
B9J08_004175,0.7,GO:0005576,0.8087,5,extracellular region
B9J08_004176,0.7,GO:0005576,0.7824,3,extracellular region
B9J08_004185,0.7,GO:0005763,0.7597,10,mitochondrial small ribosomal subunit
B9J08_004188,0.7,GO:0022857,0.9407,11,transmembrane transporter activity
B9J08_004188,0.7,GO:0015833,0.7961,16,peptide transport
B9J08_004188,0.7,GO:0006857,0.7903,17,oligopeptide transport
B9J08_004189,0.7,GO:0051537,0.869,19,"2 iron, 2 sulfur cluster binding"
B9J08_004190,0.7,GO:0003779,0.795,12,actin binding
B9J08_004196,0.7,GO:0006886,0.8298,20,intracellular protein transport
B9J08_004204,0.7,GO:0022857,0.768,6,transmembrane transporter activity
B9J08_004210,0.7,GO:0046872,0.9317,6,metal ion binding
B9J08_004212,0.7,GO:0046872,0.9055,6,metal ion binding
B9J08_004212,0.7,GO:0005634,0.7437,11,nucleus
B9J08_004214,0.7,GO:0003677,0.7974,10,DNA binding
B9J08_004217,0.7,GO:0005524,0.7077,11,ATP binding
B9J08_004220,0.7,GO:0015031,0.8373,17,protein transport
B9J08_004225,0.7,GO:0005525,0.9968,11,GTP binding
B9J08_004225,0.7,GO:0044208,0.9963,13,'de novo' AMP biosynthetic process
B9J08_004227,0.7,GO:0005634,0.7115,10,nucleus
B9J08_004228,0.7,GO:0016791,0.9399,6,phosphatase activity
B9J08_004229,0.7,GO:0005743,0.7914,15,mitochondrial inner membrane
B9J08_004230,0.7,GO:0005525,0.9844,12,GTP binding
B9J08_004231,0.7,GO:0005525,0.9887,5,GTP binding
B9J08_004249,0.7,GO:0003676,0.8803,9,nucleic acid binding
B9J08_004259,0.7,GO:0003824,0.7675,8,catalytic activity
B9J08_004264,0.7,GO:0022857,0.9601,8,transmembrane transporter activity
B9J08_004264,0.7,GO:0016020,0.8446,15,membrane
B9J08_004265,0.7,GO:0046872,0.808,9,metal ion binding
B9J08_004265,0.7,GO:0003677,0.7387,12,DNA binding
B9J08_004271,0.7,GO:0003700,0.8753,12,DNA-binding transcription factor activity
B9J08_004273,0.7,GO:0004129,0.8059,16,cytochrome-c oxidase activity
B9J08_004285,0.7,GO:0000166,0.9824,7,nucleotide binding
B9J08_004285,0.7,GO:0005524,0.976,10,ATP binding
B9J08_004286,0.7,GO:0016020,0.9896,6,membrane
B9J08_004286,0.7,GO:0030479,0.9742,15,actin cortical patch
B9J08_004286,0.7,GO:0006897,0.9573,20,endocytosis
B9J08_004292,0.7,GO:0016813,0.8899,16,"hydrolase activity, acting on carbon-nitrogen (but not peptide) bonds, in linear amidines"
B9J08_004294,0.7,GO:0045047,0.9968,6,protein targeting to ER
B9J08_004294,0.7,GO:0000166,0.9952,9,nucleotide binding
B9J08_004294,0.7,GO:0006605,0.9912,20,protein targeting
B9J08_004295,0.7,GO:0006646,0.7623,12,phosphatidylethanolamine biosynthetic process
B9J08_004298,0.7,GO:0030956,0.9979,12,glutamyl-tRNA(Gln) amidotransferase complex
B9J08_004298,0.7,GO:0003824,0.997,13,catalytic activity
B9J08_004299,0.7,GO:0035998,0.9996,7,"7,8-dihydroneopterin 3'-triphosphate biosynthetic process"
B9J08_004303,0.7,GO:0003677,0.9418,11,DNA binding
B9J08_004309,0.7,GO:0005524,0.9661,12,ATP binding
B9J08_004315,0.7,GO:0016020,0.7447,7,membrane
B9J08_004319,0.7,GO:0005525,0.9863,10,GTP binding
B9J08_004320,0.7,GO:0000321,0.9228,14,re-entry into mitotic cell cycle after pheromone arrest
B9J08_004321,0.7,GO:0005524,0.9933,7,ATP binding
B9J08_004321,0.7,GO:0000166,0.9927,8,nucleotide binding
B9J08_004322,0.7,GO:0005524,0.997,5,ATP binding
B9J08_004326,0.7,GO:0044255,0.7055,18,cellular lipid metabolic process
B9J08_004331,0.7,GO:0008270,0.988,6,zinc ion binding
B9J08_004331,0.7,GO:0016491,0.9296,10,oxidoreductase activity
B9J08_004331,0.7,GO:0005737,0.8556,13,cytoplasm
B9J08_004334,0.7,GO:0005634,0.8296,11,nucleus
B9J08_004334,0.7,GO:0003677,0.7748,13,DNA binding
B9J08_004336,0.7,GO:0005524,0.9823,12,ATP binding
B9J08_004338,0.7,GO:0005524,0.9789,8,ATP binding
B9J08_004338,0.7,GO:0051082,0.9728,14,unfolded protein binding
B9J08_004338,0.7,GO:0006457,0.9678,18,protein folding
B9J08_004340,0.7,GO:0005524,0.9899,10,ATP binding
B9J08_004341,0.7,GO:0016491,0.8156,6,oxidoreductase activity
B9J08_004344,0.7,GO:0000166,0.9533,7,nucleotide binding
B9J08_004344,0.7,GO:0005524,0.9526,8,ATP binding
B9J08_004345,0.7,GO:0016491,0.9116,3,oxidoreductase activity
B9J08_004345,0.7,GO:0050660,0.7649,11,flavin adenine dinucleotide binding
B9J08_004352,0.7,GO:0019510,0.9986,3,S-adenosylhomocysteine catabolic process
B9J08_004352,0.7,GO:0006730,0.9986,4,one-carbon metabolic process
B9J08_004353,0.7,GO:0003677,0.9823,6,DNA binding
B9J08_004353,0.7,GO:0005634,0.8641,20,nucleus
B9J08_004355,0.7,GO:0008270,0.9444,15,zinc ion binding
B9J08_004355,0.7,GO:0003700,0.9195,16,DNA-binding transcription factor activity
B9J08_004357,0.7,GO:0016787,0.9728,3,hydrolase activity
B9J08_004357,0.7,GO:0008233,0.9488,4,peptidase activity
B9J08_004361,0.7,GO:0045454,0.9895,1,cell redox homeostasis
B9J08_004361,0.7,GO:0003756,0.8568,14,protein disulfide isomerase activity
B9J08_004361,0.7,GO:0016853,0.8256,18,isomerase activity
B9J08_004361,0.7,GO:0005788,0.7665,19,endoplasmic reticulum lumen
B9J08_004365,0.7,GO:0005743,0.9483,19,mitochondrial inner membrane
B9J08_004369,0.7,GO:0005524,0.9928,16,ATP binding
B9J08_004374,0.7,GO:0015031,0.996,7,protein transport
B9J08_004375,0.7,GO:0006096,0.9941,12,glycolytic process
B9J08_004382,0.7,GO:0005886,0.9341,4,plasma membrane
B9J08_004385,0.7,GO:0005525,0.9035,7,GTP binding
B9J08_004388,0.7,GO:0003723,0.7399,14,RNA binding
B9J08_004393,0.7,GO:0006241,0.995,7,CTP biosynthetic process
B9J08_004393,0.7,GO:0003883,0.9913,17,CTP synthase activity
B9J08_004399,0.7,GO:0016192,0.8272,9,vesicle-mediated transport
B9J08_004401,0.7,GO:0000166,0.9829,3,nucleotide binding
B9J08_004401,0.7,GO:0005524,0.9765,13,ATP binding
B9J08_004402,0.7,GO:0000993,0.985,8,RNA polymerase II complex binding
B9J08_004402,0.7,GO:0006355,0.98,14,"regulation of transcription, DNA-templated"
B9J08_004406,0.7,GO:0003824,0.9805,8,catalytic activity
B9J08_004406,0.7,GO:0005524,0.9781,10,ATP binding
B9J08_004407,0.7,GO:0006869,0.9968,13,lipid transport
B9J08_004408,0.7,GO:0003824,0.9091,9,catalytic activity
B9J08_004408,0.7,GO:0008654,0.8606,15,phospholipid biosynthetic process
B9J08_004410,0.7,GO:0005975,0.9738,4,carbohydrate metabolic process
B9J08_004410,0.7,GO:0005618,0.8566,10,cell wall
B9J08_004410,0.7,GO:0004553,0.7519,16,"hydrolase activity, hydrolyzing O-glycosyl compounds"
B9J08_004411,0.7,GO:0006897,0.9288,20,endocytosis
B9J08_004412,0.7,GO:0001671,0.8882,18,ATPase activator activity
B9J08_004417,0.7,GO:0008152,0.82,5,metabolic process
B9J08_004420,0.7,GO:0005524,0.9176,9,ATP binding
B9J08_004421,0.7,GO:0005634,0.9234,17,nucleus
B9J08_004423,0.7,GO:0003743,0.8019,18,translation initiation factor activity
B9J08_004427,0.7,GO:0005743,0.9679,13,mitochondrial inner membrane
B9J08_004429,0.7,GO:0022857,0.8699,5,transmembrane transporter activity
B9J08_004430,0.7,GO:0000166,0.9904,5,nucleotide binding
B9J08_004430,0.7,GO:0005524,0.9875,7,ATP binding
B9J08_004432,0.7,GO:0003676,0.7178,2,nucleic acid binding
B9J08_004432,0.7,GO:0003723,0.7,4,RNA binding
B9J08_004436,0.7,GO:0022857,0.9405,6,transmembrane transporter activity
B9J08_004443,0.7,GO:0005634,0.8939,5,nucleus
B9J08_004443,0.7,GO:0003676,0.8933,6,nucleic acid binding
B9J08_004446,0.7,GO:0000166,0.9798,3,nucleotide binding
B9J08_004446,0.7,GO:0005524,0.9402,20,ATP binding
B9J08_004447,0.7,GO:0016757,0.9185,20,"transferase activity, transferring glycosyl groups"
B9J08_004452,0.7,GO:0000166,0.9968,6,nucleotide binding
B9J08_004452,0.7,GO:0005524,0.9951,10,ATP binding
B9J08_004456,0.7,GO:0005515,0.7396,5,protein binding
B9J08_004458,0.7,GO:0008270,0.8848,20,zinc ion binding
B9J08_004463,0.7,GO:0005524,0.9864,12,ATP binding
B9J08_004472,0.7,GO:0016020,0.8241,6,membrane
B9J08_004474,0.7,GO:0022857,0.8998,10,transmembrane transporter activity
B9J08_004475,0.7,GO:0022857,0.8232,11,transmembrane transporter activity
B9J08_004477,0.7,GO:0003824,0.9902,2,catalytic activity
B9J08_004477,0.7,GO:0004553,0.9135,9,"hydrolase activity, hydrolyzing O-glycosyl compounds"
B9J08_004477,0.7,GO:0005975,0.8961,10,carbohydrate metabolic process
B9J08_004477,0.7,GO:0005576,0.7941,13,extracellular region
B9J08_004477,0.7,GO:0008422,0.7046,18,beta-glucosidase activity
B9J08_004478,0.7,GO:0020037,0.9645,12,heme binding
B9J08_004478,0.7,GO:0005506,0.9128,13,iron ion binding
B9J08_004478,0.7,GO:0004497,0.9056,14,monooxygenase activity
B9J08_004483,0.7,GO:0005758,0.9549,11,mitochondrial intermembrane space
B9J08_004485,0.7,GO:0005524,0.9565,15,ATP binding
B9J08_004494,0.7,GO:0016020,0.7989,13,membrane
B9J08_004494,0.7,GO:0006812,0.7274,16,cation transport
B9J08_004497,0.7,GO:0004128,0.8037,7,"cytochrome-b5 reductase activity, acting on NAD(P)H"
B9J08_004498,0.7,GO:0005618,0.8394,3,cell wall
B9J08_004498,0.7,GO:0005576,0.7752,6,extracellular region
B9J08_004498,0.7,GO:0031225,0.76,7,anchored component of membrane
B9J08_004499,0.7,GO:0005525,0.9969,8,GTP binding
B9J08_004501,0.7,GO:0016491,0.9232,7,oxidoreductase activity
B9J08_004501,0.7,GO:0003885,0.9158,8,"D-arabinono-1,4-lactone oxidase activity"
B9J08_004501,0.7,GO:0050660,0.8034,19,flavin adenine dinucleotide binding
B9J08_004503,0.7,GO:0004298,0.9946,4,threonine-type endopeptidase activity
B9J08_004503,0.7,GO:0008233,0.9882,10,peptidase activity
B9J08_004503,0.7,GO:0004175,0.9869,12,endopeptidase activity
B9J08_004504,0.7,GO:0005524,0.9898,12,ATP binding
B9J08_004507,0.7,GO:0046592,0.7573,11,polyamine oxidase activity
B9J08_004507,0.7,GO:0016491,0.7009,16,oxidoreductase activity
B9J08_004512,0.7,GO:0008535,0.8586,12,respiratory chain complex IV assembly
B9J08_004512,0.7,GO:0033617,0.8069,14,mitochondrial respiratory chain complex IV assembly
B9J08_004513,0.7,GO:0006810,0.8899,6,transport
B9J08_004513,0.7,GO:0022857,0.7869,11,transmembrane transporter activity
B9J08_004513,0.7,GO:0005886,0.7645,14,plasma membrane
B9J08_004513,0.7,GO:0016020,0.7473,18,membrane
B9J08_004518,0.7,GO:0016491,0.8958,9,oxidoreductase activity
B9J08_004518,0.7,GO:0045454,0.8832,12,cell redox homeostasis
B9J08_004518,0.7,GO:0004601,0.8545,14,peroxidase activity
B9J08_004522,0.7,GO:0005524,0.9462,12,ATP binding
B9J08_004524,0.7,GO:0005525,0.9881,7,GTP binding
B9J08_004525,0.7,GO:0016491,0.8054,4,oxidoreductase activity
B9J08_004531,0.7,GO:0016787,0.7735,3,hydrolase activity
B9J08_004533,0.7,GO:0022857,0.7869,12,transmembrane transporter activity
B9J08_004534,0.7,GO:0005737,0.7073,6,cytoplasm
B9J08_004543,0.7,GO:0102345,0.8478,7,3-hydroxy-lignoceroyl-CoA dehydratase activity
B9J08_004543,0.7,GO:0102343,0.806,12,3-hydroxy-arachidoyl-CoA dehydratase activity
B9J08_004543,0.7,GO:0102158,0.8004,14,very-long-chain 3-hydroxyacyl-CoA dehydratase activity
B9J08_004543,0.7,GO:0102344,0.7839,16,3-hydroxy-behenoyl-CoA dehydratase activity
B9J08_004544,0.7,GO:0015031,0.7716,18,protein transport
B9J08_004546,0.7,GO:0045454,0.8843,1,cell redox homeostasis
B9J08_004549,0.7,GO:0004175,0.7106,17,endopeptidase activity
B9J08_004550,0.7,GO:0006740,0.9857,15,NADPH regeneration
B9J08_004551,0.7,GO:0008236,0.8029,10,serine-type peptidase activity
B9J08_004552,0.7,GO:0004252,0.848,10,serine-type endopeptidase activity
B9J08_004552,0.7,GO:0008236,0.8298,11,serine-type peptidase activity
B9J08_004553,0.7,GO:0008233,0.8992,9,peptidase activity
B9J08_004553,0.7,GO:0004222,0.7857,17,metalloendopeptidase activity
B9J08_004558,0.7,GO:0004721,0.962,10,phosphoprotein phosphatase activity
B9J08_004558,0.7,GO:0005737,0.9032,15,cytoplasm
B9J08_004561,0.7,GO:0006807,0.996,13,nitrogen compound metabolic process
B9J08_004561,0.7,GO:0003824,0.9959,14,catalytic activity
B9J08_004569,0.7,GO:0051082,0.9261,5,unfolded protein binding
B9J08_004569,0.7,GO:0006457,0.9134,7,protein folding
B9J08_004569,0.7,GO:0016272,0.8007,10,prefoldin complex
B9J08_004569,0.7,GO:0005737,0.751,13,cytoplasm
B9J08_004573,0.7,GO:0022857,0.8643,7,transmembrane transporter activity
B9J08_004579,0.7,GO:0003746,0.9936,15,translation elongation factor activity
B9J08_004579,0.7,GO:0005525,0.9922,20,GTP binding
B9J08_004581,0.7,GO:0005525,0.9978,3,GTP binding
B9J08_004584,0.7,GO:0022857,0.8437,11,transmembrane transporter activity
B9J08_004587,0.7,GO:0016765,0.7733,12,"transferase activity, transferring alkyl or aryl (other than methyl) groups"
B9J08_004587,0.7,GO:0009058,0.7066,18,biosynthetic process
B9J08_004588,0.7,GO:0005525,0.9938,5,GTP binding
B9J08_004590,0.7,GO:0006629,0.9766,16,lipid metabolic process
B9J08_004593,0.7,GO:0016020,0.8947,17,membrane
B9J08_004593,0.7,GO:0006885,0.8843,19,regulation of pH
B9J08_004600,0.7,GO:0016491,0.9421,4,oxidoreductase activity
B9J08_004600,0.7,GO:0008270,0.8365,10,zinc ion binding
B9J08_004601,0.7,GO:0000166,0.9541,14,nucleotide binding
B9J08_004601,0.7,GO:0005524,0.951,15,ATP binding
B9J08_004608,0.7,GO:0071255,0.9147,9,Cvt vesicle assembly
B9J08_004608,0.7,GO:0071562,0.9039,13,nucleus-vacuole junction assembly
B9J08_004608,0.7,GO:0071561,0.8879,18,nucleus-vacuole junction
B9J08_004610,0.7,GO:0046872,0.9951,7,metal ion binding
B9J08_004610,0.7,GO:0005524,0.9663,20,ATP binding
B9J08_004611,0.7,GO:0006913,0.96,16,nucleocytoplasmic transport
B9J08_004621,0.7,GO:0003676,0.8465,10,nucleic acid binding
B9J08_004624,0.7,GO:0003676,0.868,5,nucleic acid binding
B9J08_004624,0.7,GO:0003677,0.8305,11,DNA binding
B9J08_004626,0.7,GO:0005730,0.8259,19,nucleolus
B9J08_004633,0.7,GO:0022857,0.8855,4,transmembrane transporter activity
B9J08_004633,0.7,GO:0015183,0.8413,7,L-aspartate transmembrane transporter activity
B9J08_004635,0.7,GO:0005758,0.8439,13,mitochondrial intermembrane space
B9J08_004638,0.7,GO:0003676,0.8604,16,nucleic acid binding
B9J08_004638,0.7,GO:0005634,0.844,19,nucleus
B9J08_004639,0.7,GO:0005524,0.981,19,ATP binding
B9J08_004641,0.7,GO:0015031,0.9814,11,protein transport
B9J08_004647,0.7,GO:0071455,0.9946,15,cellular response to hyperoxia
B9J08_004648,0.7,GO:0008233,0.9855,5,peptidase activity
B9J08_004648,0.7,GO:0004175,0.8788,8,endopeptidase activity
B9J08_004652,0.7,GO:0005524,0.9953,17,ATP binding
B9J08_004658,0.7,GO:0005524,0.8087,20,ATP binding
B9J08_004659,0.7,GO:0016620,0.9489,2,"oxidoreductase activity, acting on the aldehyde or oxo group of donors, NAD or NADP as acceptor"
B9J08_004659,0.7,GO:0008152,0.9479,4,metabolic process
B9J08_004659,0.7,GO:0016491,0.9236,10,oxidoreductase activity
B9J08_004659,0.7,GO:0006807,0.8675,15,nitrogen compound metabolic process
B9J08_004662,0.7,GO:0022857,0.9306,12,transmembrane transporter activity
B9J08_004662,0.7,GO:0055085,0.9155,13,transmembrane transport
B9J08_004666,0.7,GO:0016491,0.907,5,oxidoreductase activity
B9J08_004674,0.7,GO:0005515,0.7461,6,protein binding
B9J08_004675,0.7,GO:0005524,0.993,14,ATP binding
B9J08_004681,0.7,GO:0016491,0.8898,1,oxidoreductase activity
B9J08_004690,0.7,GO:0022857,0.9058,7,transmembrane transporter activity
B9J08_004692,0.7,GO:0022857,0.9249,5,transmembrane transporter activity
B9J08_004692,0.7,GO:0016020,0.7089,16,membrane
B9J08_004704,0.7,GO:0000166,0.9672,5,nucleotide binding
B9J08_004709,0.7,GO:0016491,0.9842,3,oxidoreductase activity
B9J08_004709,0.7,GO:0010181,0.9789,5,FMN binding
B9J08_004712,0.7,GO:0015248,0.8505,3,sterol transporter activity
B9J08_004714,0.7,GO:0030337,0.8525,7,DNA polymerase processivity factor activity
B9J08_004718,0.7,GO:0015248,0.8187,5,sterol transporter activity
B9J08_004721,0.7,GO:0000166,0.985,6,nucleotide binding
B9J08_004721,0.7,GO:0005524,0.9832,11,ATP binding
B9J08_004725,0.7,GO:0022857,0.9395,8,transmembrane transporter activity
B9J08_004725,0.7,GO:0005886,0.7993,20,plasma membrane
B9J08_004728,0.7,GO:0032977,0.8494,12,membrane insertase activity
B9J08_004728,0.7,GO:0051205,0.7658,13,protein insertion into membrane
B9J08_004736,0.7,GO:0003676,0.883,16,nucleic acid binding
B9J08_004737,0.7,GO:0006090,0.9528,15,pyruvate metabolic process
B9J08_004741,0.7,GO:0003824,0.7569,2,catalytic activity
B9J08_004742,0.7,GO:0016020,0.8529,15,membrane
B9J08_004742,0.7,GO:0046872,0.8341,17,metal ion binding
B9J08_004742,0.7,GO:0020037,0.8225,19,heme binding
B9J08_004745,0.7,GO:0008643,0.7213,11,carbohydrate transport
B9J08_004746,0.7,GO:0019706,0.9997,8,protein-cysteine S-palmitoyltransferase activity
B9J08_004752,0.7,GO:0071819,0.9961,11,DUBm complex
B9J08_004753,0.7,GO:0046872,0.9176,6,metal ion binding
B9J08_004753,0.7,GO:0045271,0.9041,10,respiratory chain complex I
B9J08_004753,0.7,GO:0051536,0.859,18,iron-sulfur cluster binding
B9J08_004753,0.7,GO:0005747,0.8387,19,mitochondrial respiratory chain complex I
B9J08_004754,0.7,GO:0003677,0.9479,4,DNA binding
B9J08_004754,0.7,GO:0046982,0.8302,15,protein heterodimerization activity
B9J08_004754,0.7,GO:0005634,0.8146,19,nucleus
B9J08_004756,0.7,GO:0003676,0.9498,5,nucleic acid binding
B9J08_004756,0.7,GO:0003723,0.8843,12,RNA binding
B9J08_004759,0.7,GO:0016192,0.9812,2,vesicle-mediated transport
B9J08_004759,0.7,GO:0006888,0.9312,13,endoplasmic reticulum to Golgi vesicle-mediated transport
B9J08_004759,0.7,GO:0030134,0.8657,18,COPII-coated ER to Golgi transport vesicle
B9J08_004764,0.7,GO:0016491,0.983,14,oxidoreductase activity
B9J08_004766,0.7,GO:0000166,0.9981,9,nucleotide binding
B9J08_004766,0.7,GO:0005524,0.9967,12,ATP binding
B9J08_004774,0.7,GO:0003824,0.8523,9,catalytic activity
B9J08_004774,0.7,GO:0006520,0.7649,16,cellular amino acid metabolic process
B9J08_004775,0.7,GO:0022857,0.8259,13,transmembrane transporter activity
B9J08_004784,0.7,GO:0000974,0.7055,17,Prp19 complex
B9J08_004785,0.7,GO:0005524,0.9958,11,ATP binding
B9J08_004787,0.7,GO:0005634,0.8089,14,nucleus
B9J08_004795,0.7,GO:0006355,0.9904,2,"regulation of transcription, DNA-templated"
B9J08_004796,0.7,GO:0003676,0.7604,11,nucleic acid binding
B9J08_004797,0.7,GO:0022857,0.9691,5,transmembrane transporter activity
B9J08_004797,0.7,GO:0008643,0.8885,17,carbohydrate transport
B9J08_004798,0.7,GO:0006520,0.9624,14,cellular amino acid metabolic process
B9J08_004804,0.7,GO:0016491,0.8159,8,oxidoreductase activity
B9J08_004804,0.7,GO:0016616,0.7717,10,"oxidoreductase activity, acting on the CH-OH group of donors, NAD or NADP as acceptor"
B9J08_004811,0.7,GO:0003723,0.7681,15,RNA binding
B9J08_004814,0.7,GO:0003824,0.8055,18,catalytic activity
B9J08_004815,0.7,GO:0071467,0.789,9,cellular response to pH
B9J08_004815,0.7,GO:0005886,0.7649,11,plasma membrane
B9J08_004815,0.7,GO:0016020,0.7381,12,membrane
B9J08_004816,0.7,GO:0043087,0.964,6,regulation of GTPase activity
B9J08_004819,0.7,GO:0003677,0.983,6,DNA binding
B9J08_004820,0.7,GO:0005634,0.9258,13,nucleus
B9J08_004820,0.7,GO:0008270,0.9176,15,zinc ion binding
B9J08_004820,0.7,GO:0003677,0.9099,18,DNA binding
B9J08_004823,0.7,GO:0016020,0.753,6,membrane
B9J08_004824,0.7,GO:0005096,0.7911,12,GTPase activator activity
B9J08_004827,0.7,GO:0005789,0.91,16,endoplasmic reticulum membrane
B9J08_004828,0.7,GO:0003824,0.8701,2,catalytic activity
B9J08_004829,0.7,GO:0005743,0.7761,20,mitochondrial inner membrane
B9J08_004830,0.7,GO:0022857,0.8463,12,transmembrane transporter activity
B9J08_004834,0.7,GO:0005525,0.9925,12,GTP binding
B9J08_004838,0.7,GO:0010181,0.9468,12,FMN binding
B9J08_004838,0.7,GO:0016491,0.7828,16,oxidoreductase activity
B9J08_004838,0.7,GO:0003955,0.7248,19,NAD(P)H dehydrogenase (quinone) activity
B9J08_004839,0.7,GO:0010181,0.8635,13,FMN binding
B9J08_004839,0.7,GO:0016491,0.8616,14,oxidoreductase activity
B9J08_004840,0.7,GO:0010181,0.8485,10,FMN binding
B9J08_004840,0.7,GO:0016491,0.8289,12,oxidoreductase activity
B9J08_004841,0.7,GO:0005975,0.7124,20,carbohydrate metabolic process
B9J08_004843,0.7,GO:0016282,0.9838,1,eukaryotic 43S preinitiation complex
B9J08_004843,0.7,GO:0005852,0.9453,7,eukaryotic translation initiation factor 3 complex
B9J08_004843,0.7,GO:0003743,0.8472,15,translation initiation factor activity
B9J08_004846,0.7,GO:0015031,0.9042,9,protein transport
B9J08_004850,0.7,GO:0000166,0.9827,7,nucleotide binding
B9J08_004850,0.7,GO:0005524,0.9077,19,ATP binding
B9J08_004851,0.7,GO:0016070,0.8095,14,RNA metabolic process
B9J08_004853,0.7,GO:0005524,0.9796,9,ATP binding
B9J08_004856,0.7,GO:0005515,0.9217,19,protein binding
B9J08_004858,0.7,GO:1990748,0.9318,9,cellular detoxification
B9J08_004858,0.7,GO:0005811,0.9115,13,lipid droplet
B9J08_004858,0.7,GO:0016042,0.8832,16,lipid catabolic process
B9J08_004858,0.7,GO:0006629,0.8794,18,lipid metabolic process
B9J08_004861,0.7,GO:0003677,0.988,11,DNA binding
B9J08_004861,0.7,GO:0008270,0.9759,13,zinc ion binding
B9J08_004861,0.7,GO:0005634,0.9546,16,nucleus
B9J08_004862,0.7,GO:0035064,0.927,12,methylated histone binding
B9J08_004862,0.7,GO:0046872,0.9078,14,metal ion binding
B9J08_004862,0.7,GO:0035267,0.8401,19,NuA4 histone acetyltransferase complex
B9J08_004866,0.7,GO:0005524,0.9392,12,ATP binding
B9J08_004868,0.7,GO:0005524,0.9836,10,ATP binding
B9J08_004869,0.7,GO:0000145,0.872,7,exocyst
B9J08_004870,0.7,GO:0005634,0.87,5,nucleus
B9J08_004870,0.7,GO:0003677,0.7327,14,DNA binding
B9J08_004873,0.7,GO:0006457,0.7643,7,protein folding
B9J08_004875,0.7,GO:0046872,0.9712,6,metal ion binding
B9J08_004883,0.7,GO:0008270,0.9861,9,zinc ion binding
B9J08_004883,0.7,GO:0005634,0.9211,20,nucleus
B9J08_004886,0.7,GO:0016491,0.8818,9,oxidoreductase activity
B9J08_004889,0.7,GO:0006810,0.8325,9,transport
B9J08_004889,0.7,GO:0016020,0.805,14,membrane
B9J08_004889,0.7,GO:0022857,0.7836,16,transmembrane transporter activity
B9J08_004889,0.7,GO:0015489,0.7665,18,putrescine transmembrane transporter activity
B9J08_004907,0.7,GO:0097157,0.9965,1,pre-mRNA intronic binding
B9J08_004907,0.7,GO:0030623,0.9456,3,U5 snRNA binding
B9J08_004907,0.7,GO:0030620,0.9392,4,U2 snRNA binding
B9J08_004907,0.7,GO:0005682,0.9045,5,U5 snRNP
B9J08_004907,0.7,GO:0030619,0.8552,10,U1 snRNA binding
B9J08_004907,0.7,GO:0017070,0.8332,13,U6 snRNA binding
B9J08_004913,0.7,GO:0005524,0.9864,9,ATP binding
B9J08_004913,0.7,GO:0000166,0.9861,11,nucleotide binding
B9J08_004914,0.7,GO:0051539,0.811,15,"4 iron, 4 sulfur cluster binding"
B9J08_004914,0.7,GO:0046872,0.7834,18,metal ion binding
B9J08_004914,0.7,GO:0005829,0.7626,19,cytosol
B9J08_004916,0.7,GO:0006595,0.9943,9,polyamine metabolic process
B9J08_004916,0.7,GO:0006596,0.9915,12,polyamine biosynthetic process
B9J08_004918,0.7,GO:0005524,0.9819,16,ATP binding
B9J08_004921,0.7,GO:0003743,0.7989,13,translation initiation factor activity
B9J08_004923,0.7,GO:0005524,0.981,13,ATP binding
B9J08_004925,0.7,GO:0004252,0.7349,14,serine-type endopeptidase activity
B9J08_004927,0.7,GO:0015288,0.9534,1,porin activity
B9J08_004927,0.7,GO:0046930,0.9114,5,pore complex
B9J08_004928,0.7,GO:0005524,0.9799,11,ATP binding
B9J08_004930,0.7,GO:0016831,0.8801,7,carboxy-lyase activity
B9J08_004930,0.7,GO:0003824,0.8539,10,catalytic activity
B9J08_004930,0.7,GO:0000287,0.7769,14,magnesium ion binding
B9J08_004930,0.7,GO:0006569,0.7592,18,tryptophan catabolic process
B9J08_004931,0.7,GO:0003824,0.7127,13,catalytic activity
B9J08_004935,0.7,GO:0005515,0.7676,18,protein binding
B9J08_004936,0.7,GO:0005515,0.9358,1,protein binding
B9J08_004938,0.7,GO:0003824,0.9164,3,catalytic activity
B9J08_004938,0.7,GO:0006629,0.7562,11,lipid metabolic process
B9J08_004939,0.7,GO:0015031,0.992,10,protein transport
B9J08_004941,0.7,GO:0016491,0.9415,2,oxidoreductase activity
B9J08_004943,0.7,GO:0016126,0.7212,19,sterol biosynthetic process
B9J08_004944,0.7,GO:0016020,0.9211,13,membrane
B9J08_004944,0.7,GO:0042910,0.8461,20,xenobiotic transmembrane transporter activity
B9J08_004947,0.7,GO:0006457,0.8713,11,protein folding
B9J08_004947,0.7,GO:0007118,0.7384,17,budding cell apical bud growth
B9J08_004947,0.7,GO:0006458,0.7312,18,'de novo' protein folding
B9J08_004947,0.7,GO:0051082,0.7066,20,unfolded protein binding
B9J08_004949,0.7,GO:0003824,0.8276,13,catalytic activity
B9J08_004949,0.7,GO:0006596,0.8145,17,polyamine biosynthetic process
B9J08_004950,0.7,GO:0016787,0.972,1,hydrolase activity
B9J08_004950,0.7,GO:0005737,0.8995,9,cytoplasm
B9J08_004950,0.7,GO:0005955,0.8095,14,calcineurin complex
B9J08_004950,0.7,GO:0046872,0.7964,15,metal ion binding
B9J08_004950,0.7,GO:0000754,0.7813,17,adaptation of signaling pathway by response to pheromone involved in conjugation with cellular fusion
B9J08_004955,0.7,GO:0005525,0.9971,4,GTP binding
B9J08_004957,0.7,GO:0006869,0.7341,6,lipid transport
B9J08_004959,0.7,GO:0005730,0.7234,13,nucleolus
B9J08_004960,0.7,GO:0022857,0.935,7,transmembrane transporter activity
B9J08_004967,0.7,GO:0003824,0.8038,2,catalytic activity
B9J08_004969,0.7,GO:0072380,0.9562,6,TRC complex
B9J08_004970,0.7,GO:0005874,1.0,5,microtubule
B9J08_004975,0.7,GO:0008168,0.8843,5,methyltransferase activity
B9J08_004975,0.7,GO:0008152,0.734,9,metabolic process
B9J08_004977,0.7,GO:0006468,0.9829,10,protein phosphorylation
B9J08_004987,0.7,GO:0005634,0.7008,18,nucleus
B9J08_004992,0.7,GO:0005524,0.9741,8,ATP binding
B9J08_004992,0.7,GO:0006457,0.8993,20,protein folding
B9J08_004998,0.7,GO:0016874,0.7285,9,ligase activity
B9J08_005003,0.7,GO:0005524,0.9828,9,ATP binding
B9J08_005007,0.7,GO:0006694,0.8802,9,steroid biosynthetic process
B9J08_005007,0.7,GO:0005811,0.8593,14,lipid droplet
B9J08_005011,0.7,GO:0006810,0.9937,4,transport
B9J08_005013,0.7,GO:0005524,0.9849,10,ATP binding
B9J08_005015,0.7,GO:0006364,0.9244,15,rRNA processing
B9J08_005025,0.7,GO:0022857,0.9018,7,transmembrane transporter activity
B9J08_005028,0.7,GO:0016787,0.8961,12,hydrolase activity
B9J08_005030,0.7,GO:0005525,0.9971,18,GTP binding
B9J08_005033,0.7,GO:0000166,0.9794,8,nucleotide binding
B9J08_005033,0.7,GO:0005524,0.9773,9,ATP binding
B9J08_005033,0.7,GO:0016787,0.9603,20,hydrolase activity
B9J08_005043,0.7,GO:0016491,0.7055,11,oxidoreductase activity
B9J08_005044,0.7,GO:0000166,0.989,6,nucleotide binding
B9J08_005044,0.7,GO:0005524,0.9828,11,ATP binding
B9J08_005045,0.7,GO:0003676,0.8443,16,nucleic acid binding
B9J08_005047,0.7,GO:0016020,0.8461,11,membrane
B9J08_005047,0.7,GO:0005789,0.7177,14,endoplasmic reticulum membrane
B9J08_005053,0.7,GO:0005524,0.9846,9,ATP binding
B9J08_005054,0.7,GO:0016491,0.8596,6,oxidoreductase activity
B9J08_005055,0.7,GO:0003676,0.7384,11,nucleic acid binding
B9J08_005064,0.7,GO:0016491,0.7092,11,oxidoreductase activity
B9J08_005069,0.7,GO:0008168,0.8157,14,methyltransferase activity
B9J08_005073,0.7,GO:0005524,0.9758,12,ATP binding
B9J08_005074,0.7,GO:0006325,0.9942,15,chromatin organization
B9J08_005081,0.7,GO:0000421,0.9008,20,autophagosome membrane
B9J08_005082,0.7,GO:0003824,0.9988,14,catalytic activity
B9J08_005084,0.7,GO:0006886,0.9164,16,intracellular protein transport
B9J08_005084,0.7,GO:0031267,0.815,20,small GTPase binding
B9J08_005085,0.7,GO:0005524,0.9825,12,ATP binding
B9J08_005086,0.7,GO:0008152,0.8686,5,metabolic process
B9J08_005088,0.7,GO:0008233,0.9554,5,peptidase activity
B9J08_005088,0.7,GO:0046872,0.8879,8,metal ion binding
B9J08_005094,0.7,GO:0000750,0.8104,11,pheromone-dependent signal transduction involved in conjugation with cellular fusion
B9J08_005095,0.7,GO:0005484,0.9659,4,SNAP receptor activity
B9J08_005095,0.7,GO:0031201,0.9516,10,SNARE complex
B9J08_005095,0.7,GO:0006906,0.9119,19,vesicle fusion
B9J08_005097,0.7,GO:0051536,0.9692,11,iron-sulfur cluster binding
B9J08_005103,0.7,GO:0005743,0.9542,13,mitochondrial inner membrane
B9J08_005105,0.7,GO:0008236,0.7151,16,serine-type peptidase activity
B9J08_005107,0.7,GO:0005634,0.985,12,nucleus
B9J08_005116,0.7,GO:0005524,0.9798,13,ATP binding
B9J08_005121,0.7,GO:0005634,0.8337,15,nucleus
B9J08_005122,0.7,GO:0016740,0.7917,17,transferase activity
B9J08_005122,0.7,GO:0006631,0.7895,18,fatty acid metabolic process
B9J08_005123,0.7,GO:0006730,0.9999,2,one-carbon metabolic process
B9J08_005123,0.7,GO:0035999,0.9978,20,tetrahydrofolate interconversion
B9J08_005124,0.7,GO:0022857,0.8931,9,transmembrane transporter activity
B9J08_005124,0.7,GO:0006857,0.7909,20,oligopeptide transport
B9J08_005128,0.7,GO:0005524,0.9391,13,ATP binding
B9J08_005129,0.7,GO:0004298,0.9923,8,threonine-type endopeptidase activity
B9J08_005129,0.7,GO:0051603,0.9909,11,proteolysis involved in cellular protein catabolic process
B9J08_005132,0.7,GO:0015031,0.901,15,protein transport
B9J08_005134,0.7,GO:0005975,0.9608,16,carbohydrate metabolic process
B9J08_005138,0.7,GO:0046930,0.9908,4,pore complex
B9J08_005138,0.7,GO:0015288,0.9748,12,porin activity
B9J08_005138,0.7,GO:0008308,0.963,15,voltage-gated anion channel activity
B9J08_005145,0.7,GO:0003677,0.9413,10,DNA binding
B9J08_005145,0.7,GO:0046982,0.8843,13,protein heterodimerization activity
B9J08_005145,0.7,GO:0000786,0.8415,18,nucleosome
B9J08_005146,0.7,GO:0015031,0.9856,13,protein transport
B9J08_005148,0.7,GO:0005886,0.9116,4,plasma membrane
B9J08_005151,0.7,GO:0005737,0.7483,12,cytoplasm
B9J08_005155,0.7,GO:0003677,0.9693,12,DNA binding
B9J08_005155,0.7,GO:0005634,0.9341,20,nucleus
B9J08_005158,0.7,GO:0008152,0.9552,2,metabolic process
B9J08_005161,0.7,GO:0005525,0.9918,16,GTP binding
B9J08_005163,0.7,GO:0005975,0.895,11,carbohydrate metabolic process
B9J08_005163,0.7,GO:0016791,0.8432,15,phosphatase activity
B9J08_005163,0.7,GO:0005737,0.819,18,cytoplasm
B9J08_005163,0.7,GO:0046872,0.8114,20,metal ion binding
B9J08_005165,0.7,GO:0015031,0.879,16,protein transport
B9J08_005166,0.7,GO:0005524,0.9784,13,ATP binding
B9J08_005166,0.7,GO:0000166,0.9758,14,nucleotide binding
B9J08_005168,0.7,GO:0055085,0.7309,10,transmembrane transport
B9J08_005172,0.7,GO:0022857,0.811,13,transmembrane transporter activity
B9J08_005175,0.7,GO:0016020,0.7521,10,membrane
B9J08_005178,0.7,GO:0008152,0.894,3,metabolic process
B9J08_005179,0.7,GO:0006629,0.8952,6,lipid metabolic process
B9J08_005183,0.7,GO:0051287,0.7567,12,NAD binding
B9J08_005184,0.7,GO:0046872,0.7523,5,metal ion binding
B9J08_005186,0.7,GO:0016787,0.9779,13,hydrolase activity
B9J08_005188,0.7,GO:0003723,0.956,9,RNA binding
B9J08_005190,0.7,GO:0005634,0.862,19,nucleus
B9J08_005191,0.7,GO:0005634,0.8627,7,nucleus
B9J08_005199,0.7,GO:0005634,0.8472,4,nucleus
B9J08_005201,0.7,GO:0006094,0.9947,8,gluconeogenesis
B9J08_005211,0.7,GO:0016020,0.8853,7,membrane
B9J08_005213,0.7,GO:0005515,0.9994,3,protein binding
B9J08_005213,0.7,GO:0003779,0.9984,12,actin binding
B9J08_005213,0.7,GO:0005524,0.9957,20,ATP binding
B9J08_005214,0.7,GO:0000027,0.7143,20,ribosomal large subunit assembly
B9J08_005216,0.7,GO:0005524,0.9522,16,ATP binding
B9J08_005218,0.7,GO:0009058,0.9237,11,biosynthetic process
B9J08_005221,0.7,GO:0051117,0.9948,6,ATPase binding
B9J08_005225,0.7,GO:0006730,0.9998,12,one-carbon metabolic process
B9J08_005225,0.7,GO:0004372,0.9998,16,glycine hydroxymethyltransferase activity
B9J08_005226,0.7,GO:0006096,0.9979,7,glycolytic process
B9J08_005228,0.7,GO:0004801,0.9633,8,sedoheptulose-7-phosphate:D-glyceraldehyde-3-phosphate glyceronetransferase activity
B9J08_005228,0.7,GO:0006098,0.9464,12,pentose-phosphate shunt
B9J08_005236,0.7,GO:0017025,0.8711,12,TBP-class protein binding
B9J08_005237,0.7,GO:0005634,0.8943,4,nucleus
B9J08_005239,0.7,GO:0005975,0.9961,6,carbohydrate metabolic process
B9J08_005239,0.7,GO:0006096,0.9957,7,glycolytic process
B9J08_005241,0.7,GO:0030337,0.8576,7,DNA polymerase processivity factor activity
B9J08_005245,0.7,GO:0031225,0.8131,9,anchored component of membrane
B9J08_005245,0.7,GO:0009277,0.7862,14,fungal-type cell wall
B9J08_005255,0.7,GO:0005634,0.7914,8,nucleus
B9J08_005258,0.7,GO:0000166,0.9617,3,nucleotide binding
B9J08_005258,0.7,GO:0005524,0.9205,18,ATP binding
B9J08_005259,0.7,GO:0016925,0.9107,12,protein sumoylation
B9J08_005264,0.7,GO:0016787,0.9732,4,hydrolase activity
B9J08_005278,0.7,GO:0016491,0.737,3,oxidoreductase activity
B9J08_005280,0.7,GO:0005524,0.9795,16,ATP binding
B9J08_005283,0.7,GO:0071782,0.7631,15,endoplasmic reticulum tubular network
B9J08_005283,0.7,GO:0071786,0.7608,16,endoplasmic reticulum tubular network organization
B9J08_005283,0.7,GO:0007029,0.7091,18,endoplasmic reticulum organization
B9J08_005287,0.7,GO:0004190,0.9153,2,aspartic-type endopeptidase activity
B9J08_005289,0.7,GO:0006865,0.957,12,amino acid transport
B9J08_005289,0.7,GO:0055085,0.9088,20,transmembrane transport
B9J08_005291,0.7,GO:0003824,0.7587,5,catalytic activity
B9J08_005298,0.7,GO:0005634,0.8851,5,nucleus
B9J08_005300,0.7,GO:0005524,0.983,2,ATP binding
B9J08_005303,0.7,GO:0006457,0.8696,7,protein folding
B9J08_005303,0.7,GO:0051082,0.8263,8,unfolded protein binding
B9J08_005305,0.7,GO:0034227,0.9776,13,tRNA thio-modification
B9J08_005305,0.7,GO:0002098,0.975,15,tRNA wobble uridine modification
B9J08_005307,0.7,GO:0003824,0.83,6,catalytic activity
B9J08_005308,0.7,GO:0020037,0.9687,5,heme binding
B9J08_005308,0.7,GO:0005506,0.9146,15,iron ion binding
B9J08_005308,0.7,GO:0004497,0.9109,16,monooxygenase activity
B9J08_005312,0.7,GO:0006412,0.9837,20,translation
B9J08_005314,0.7,GO:0003824,0.7269,3,catalytic activity
B9J08_005320,0.7,GO:0016020,0.7968,8,membrane
B9J08_005322,0.7,GO:0022857,0.7888,5,transmembrane transporter activity
B9J08_005323,0.7,GO:0022857,0.8551,6,transmembrane transporter activity
B9J08_005329,0.7,GO:0016491,0.9169,1,oxidoreductase activity
B9J08_005330,0.7,GO:0005524,0.9856,11,ATP binding
B9J08_005331,0.7,GO:0005524,0.9669,18,ATP binding
B9J08_005339,0.7,GO:0003824,0.7339,2,catalytic activity
B9J08_005340,0.7,GO:0006694,0.9993,7,steroid biosynthetic process
B9J08_005340,0.7,GO:0016126,0.9962,16,sterol biosynthetic process
B9J08_005344,0.7,GO:0005634,0.9925,6,nucleus
B9J08_005344,0.7,GO:0003700,0.9123,11,DNA-binding transcription factor activity
B9J08_005345,0.7,GO:0022857,0.9056,10,transmembrane transporter activity
B9J08_005351,0.7,GO:0003824,0.7757,6,catalytic activity
B9J08_005352,0.7,GO:0006412,0.7676,14,translation
B9J08_005353,0.7,GO:0004252,0.8702,14,serine-type endopeptidase activity
B9J08_005356,0.7,GO:0016279,0.956,9,protein-lysine N-methyltransferase activity
B9J08_005360,0.7,GO:0006865,0.8234,9,amino acid transport
B9J08_005360,0.7,GO:0005886,0.7265,16,plasma membrane
B9J08_005363,0.7,GO:0008168,0.9463,10,methyltransferase activity
B9J08_005363,0.7,GO:0032259,0.8983,16,methylation
B9J08_005363,0.7,GO:0008757,0.8873,19,S-adenosylmethionine-dependent methyltransferase activity
B9J08_005367,0.7,GO:0003779,0.8913,16,actin binding
B9J08_005368,0.7,GO:0005524,0.9109,19,ATP binding
B9J08_005369,0.7,GO:0008168,0.9501,4,methyltransferase activity
B9J08_005369,0.7,GO:0006744,0.7295,17,ubiquinone biosynthetic process
B9J08_005373,0.7,GO:0005524,0.9789,19,ATP binding
B9J08_005376,0.7,GO:0046872,0.9915,2,metal ion binding
B9J08_005379,0.7,GO:0016020,1.0,2,membrane
B9J08_005380,0.7,GO:0006897,0.8656,11,endocytosis
B9J08_005381,0.7,GO:0005524,0.9897,12,ATP binding
B9J08_005385,0.7,GO:0003676,0.8375,8,nucleic acid binding
B9J08_005387,0.7,GO:0045905,0.9972,1,positive regulation of translational termination
B9J08_005387,0.7,GO:0006452,0.9865,12,translational frameshifting
B9J08_005396,0.7,GO:0005524,0.928,5,ATP binding
B9J08_005397,0.7,GO:0008270,0.9666,7,zinc ion binding
B9J08_005397,0.7,GO:0003824,0.8227,19,catalytic activity
B9J08_005402,0.7,GO:0008104,0.8075,13,protein localization
B9J08_005402,0.7,GO:0015031,0.742,16,protein transport
B9J08_005403,0.7,GO:0022857,0.8336,15,transmembrane transporter activity
B9J08_005405,0.7,GO:0016020,0.7016,9,membrane
B9J08_005408,0.7,GO:0046872,0.9836,2,metal ion binding
B9J08_005408,0.7,GO:0016740,0.7981,17,transferase activity
B9J08_005409,0.7,GO:0005759,0.764,18,mitochondrial matrix
B9J08_005412,0.7,GO:0005524,0.99,14,ATP binding
B9J08_005415,0.7,GO:0015031,0.9493,15,protein transport
B9J08_005418,0.7,GO:0006260,0.9703,20,DNA replication
B9J08_005425,0.7,GO:0005743,0.791,14,mitochondrial inner membrane
B9J08_005428,0.7,GO:0006520,0.9935,13,cellular amino acid metabolic process
B9J08_005430,0.7,GO:0005524,0.9923,6,ATP binding
B9J08_005430,0.7,GO:0000166,0.9897,11,nucleotide binding
B9J08_005432,0.7,GO:0046872,0.9538,5,metal ion binding
B9J08_005432,0.7,GO:0051537,0.7857,14,"2 iron, 2 sulfur cluster binding"
B9J08_005432,0.7,GO:0005759,0.735,19,mitochondrial matrix
B9J08_005433,0.7,GO:0005524,0.9698,16,ATP binding
B9J08_005436,0.7,GO:0000166,0.9895,8,nucleotide binding
B9J08_005436,0.7,GO:0005524,0.9892,9,ATP binding
B9J08_005441,0.7,GO:0015116,0.8085,20,sulfate transmembrane transporter activity
B9J08_005442,0.7,GO:0005634,0.7646,19,nucleus
B9J08_005445,0.7,GO:0008233,0.975,5,peptidase activity
B9J08_005446,0.7,GO:0008233,0.9731,9,peptidase activity
B9J08_005447,0.7,GO:0015031,0.8671,15,protein transport
B9J08_005447,0.7,GO:0005092,0.8145,18,GDP-dissociation inhibitor activity
B9J08_005452,0.7,GO:0000166,0.9569,6,nucleotide binding
B9J08_005452,0.7,GO:0005524,0.9542,8,ATP binding
B9J08_005453,0.7,GO:0030170,0.9873,10,pyridoxal phosphate binding
B9J08_005455,0.7,GO:0016579,0.9726,17,protein deubiquitination
B9J08_005460,0.7,GO:0005524,0.9539,12,ATP binding
B9J08_005460,0.7,GO:0016881,0.9382,16,acid-amino acid ligase activity
B9J08_005462,0.7,GO:1902983,0.8546,8,DNA strand elongation involved in mitotic DNA replication
B9J08_005463,0.7,GO:0008289,0.9985,4,lipid binding
B9J08_005463,0.7,GO:0006869,0.9931,14,lipid transport
B9J08_005464,0.7,GO:0000166,0.9672,7,nucleotide binding
B9J08_005464,0.7,GO:0005524,0.9287,16,ATP binding
B9J08_005468,0.7,GO:0005525,0.965,7,GTP binding
B9J08_005468,0.7,GO:0000166,0.9524,19,nucleotide binding
B9J08_005469,0.7,GO:0003824,0.917,4,catalytic activity
B9J08_005474,0.7,GO:0016787,0.9265,1,hydrolase activity
B9J08_005474,0.7,GO:0004721,0.8022,10,phosphoprotein phosphatase activity
B9J08_005476,0.7,GO:0003677,0.997,12,DNA binding
B9J08_005478,0.7,GO:0004176,0.9883,11,ATP-dependent peptidase activity
B9J08_005485,0.7,GO:0008270,0.8945,6,zinc ion binding
B9J08_005489,0.7,GO:0005524,0.9777,4,ATP binding
B9J08_005491,0.7,GO:0022857,0.8382,8,transmembrane transporter activity
B9J08_005493,0.7,GO:0015031,0.8979,7,protein transport
B9J08_005497,0.7,GO:0046872,0.9408,11,metal ion binding
B9J08_005499,0.7,GO:0006139,0.9921,18,nucleobase-containing compound metabolic process
B9J08_005505,0.7,GO:0046872,0.9976,2,metal ion binding
B9J08_005510,0.7,GO:1990904,0.9653,19,ribonucleoprotein complex
B9J08_005512,0.7,GO:0005247,0.8764,13,voltage-gated chloride channel activity
B9J08_005512,0.7,GO:0015108,0.8745,15,chloride transmembrane transporter activity
B9J08_005514,0.7,GO:0005484,0.9504,14,SNAP receptor activity
B9J08_005515,0.7,GO:0003676,0.9829,18,nucleic acid binding
B9J08_005516,0.7,GO:0009072,0.7126,19,aromatic amino acid family metabolic process
B9J08_005518,0.7,GO:0003824,0.9372,9,catalytic activity
B9J08_005523,0.7,GO:0005737,0.7038,9,cytoplasm
B9J08_005525,0.7,GO:0005524,0.9806,11,ATP binding
B9J08_005526,0.7,GO:0022857,0.7247,11,transmembrane transporter activity
B9J08_005528,0.7,GO:0003922,0.9955,14,GMP synthase (glutamine-hydrolyzing) activity
B9J08_005541,0.7,GO:0046872,0.9552,4,metal ion binding
B9J08_005548,0.7,GO:0020037,0.9963,3,heme binding
B9J08_005548,0.7,GO:0004497,0.9267,14,monooxygenase activity
B9J08_005548,0.7,GO:0005506,0.8836,19,iron ion binding
B9J08_005550,0.7,GO:0003676,0.7899,10,nucleic acid binding
B9J08_005554,0.7,GO:0016020,0.7874,5,membrane
B9J08_005564,0.7,GO:0006865,0.9326,13,amino acid transport
B9J08_005564,0.7,GO:0003333,0.8543,20,amino acid transmembrane transport
B9J08_005567,0.7,GO:0005524,0.9763,14,ATP binding
B9J08_005568,0.7,GO:0022857,0.9592,12,transmembrane transporter activity
B9J08_005568,0.7,GO:0055085,0.8733,16,transmembrane transport
B9J08_005568,0.7,GO:0008643,0.8437,17,carbohydrate transport
B9J08_005569,0.7,GO:0016787,0.9328,4,hydrolase activity
B9J08_005570,0.7,GO:0022857,0.8951,7,transmembrane transporter activity
B9J08_005572,0.7,GO:0022857,0.7765,11,transmembrane transporter activity
B9J08_005572,0.7,GO:0055085,0.7307,13,transmembrane transport
B9J08_005580,0.7,GO:0008152,0.9258,6,metabolic process
B9J08_000002,0.8,GO:0022857,0.8234,11,transmembrane transporter activity
B9J08_000009,0.8,GO:0016757,0.9658,9,"transferase activity, transferring glycosyl groups"
B9J08_000011,0.8,GO:0006914,0.8522,9,autophagy
B9J08_000012,0.8,GO:0006015,0.9984,2,5-phosphoribose 1-diphosphate biosynthetic process
B9J08_000013,0.8,GO:0004160,0.9933,12,dihydroxy-acid dehydratase activity
B9J08_000015,0.8,GO:0003824,0.9396,14,catalytic activity
B9J08_000015,0.8,GO:0019752,0.9083,17,carboxylic acid metabolic process
B9J08_000017,0.8,GO:0016788,0.8481,6,"hydrolase activity, acting on ester bonds"
B9J08_000018,0.8,GO:0000166,0.9923,10,nucleotide binding
B9J08_000018,0.8,GO:0005524,0.9898,15,ATP binding
B9J08_000023,0.8,GO:0004177,0.9603,13,aminopeptidase activity
B9J08_000028,0.8,GO:0005524,0.9922,14,ATP binding
B9J08_000031,0.8,GO:0006334,0.8501,17,nucleosome assembly
B9J08_000032,0.8,GO:0000166,0.9813,2,nucleotide binding
B9J08_000032,0.8,GO:0005524,0.9724,11,ATP binding
B9J08_000033,0.8,GO:0022857,0.9296,8,transmembrane transporter activity
B9J08_000034,0.8,GO:0005743,0.8586,15,mitochondrial inner membrane
B9J08_000037,0.8,GO:0046872,0.8826,9,metal ion binding
B9J08_000037,0.8,GO:0006508,0.8537,15,proteolysis
B9J08_000045,0.8,GO:0005524,0.9887,13,ATP binding
B9J08_000045,0.8,GO:0016818,0.9868,15,"hydrolase activity, acting on acid anhydrides, in phosphorus-containing anhydrides"
B9J08_000054,0.8,GO:0004553,0.886,15,"hydrolase activity, hydrolyzing O-glycosyl compounds"
B9J08_000054,0.8,GO:0005975,0.8427,19,carbohydrate metabolic process
B9J08_000055,0.8,GO:0006520,0.9928,11,cellular amino acid metabolic process
B9J08_000058,0.8,GO:0036381,0.9975,15,pyridoxal 5'-phosphate synthase (glutamine hydrolysing) activity
B9J08_000063,0.8,GO:0004298,0.9567,16,threonine-type endopeptidase activity
B9J08_000066,0.8,GO:0046872,0.9759,5,metal ion binding
B9J08_000082,0.8,GO:0005525,0.9871,5,GTP binding
B9J08_000091,0.8,GO:0006412,0.9752,20,translation
B9J08_000092,0.8,GO:0005874,0.9975,5,microtubule
B9J08_000093,0.8,GO:0005743,0.8887,12,mitochondrial inner membrane
B9J08_000094,0.8,GO:0005524,0.9878,16,ATP binding
B9J08_000095,0.8,GO:0008270,0.9547,16,zinc ion binding
B9J08_000095,0.8,GO:0005634,0.9177,20,nucleus
B9J08_000096,0.8,GO:0005634,0.8564,12,nucleus
B9J08_000098,0.8,GO:0005525,0.9895,15,GTP binding
B9J08_000100,0.8,GO:0004725,0.9118,7,protein tyrosine phosphatase activity
B9J08_000102,0.8,GO:0005524,0.9892,16,ATP binding
B9J08_000103,0.8,GO:0003824,0.9767,4,catalytic activity
B9J08_000103,0.8,GO:0005524,0.9696,10,ATP binding
B9J08_000109,0.8,GO:0005524,0.9687,14,ATP binding
B9J08_000111,0.8,GO:0005524,0.9954,6,ATP binding
B9J08_000111,0.8,GO:0000166,0.993,9,nucleotide binding
B9J08_000113,0.8,GO:0005524,0.9368,16,ATP binding
B9J08_000114,0.8,GO:0005524,0.9675,14,ATP binding
B9J08_000122,0.8,GO:0046872,0.8814,6,metal ion binding
B9J08_000131,0.8,GO:0046872,0.9762,1,metal ion binding
B9J08_000133,0.8,GO:0005524,0.9911,11,ATP binding
B9J08_000140,0.8,GO:0004129,0.9037,18,cytochrome-c oxidase activity
B9J08_000145,0.8,GO:0030479,0.9476,3,actin cortical patch
B9J08_000145,0.8,GO:0005515,0.8521,18,protein binding
B9J08_000145,0.8,GO:0006897,0.8337,19,endocytosis
B9J08_000150,0.8,GO:0006099,0.9616,9,tricarboxylic acid cycle
B9J08_000150,0.8,GO:0046872,0.9358,13,metal ion binding
B9J08_000164,0.8,GO:0000166,0.9886,4,nucleotide binding
B9J08_000164,0.8,GO:0005524,0.981,15,ATP binding
B9J08_000171,0.8,GO:0005524,0.9698,14,ATP binding
B9J08_000172,0.8,GO:0022857,0.9662,7,transmembrane transporter activity
B9J08_000173,0.8,GO:0046872,0.9292,11,metal ion binding
B9J08_000173,0.8,GO:0009055,0.8905,19,electron transfer activity
B9J08_000173,0.8,GO:0020037,0.8901,20,heme binding
B9J08_000175,0.8,GO:0000166,0.9628,3,nucleotide binding
B9J08_000175,0.8,GO:0005524,0.939,10,ATP binding
B9J08_000175,0.8,GO:0005215,0.9163,17,transporter activity
B9J08_000184,0.8,GO:0005515,0.8989,6,protein binding
B9J08_000186,0.8,GO:0009052,0.9649,9,"pentose-phosphate shunt, non-oxidative branch"
B9J08_000186,0.8,GO:0004751,0.9437,11,ribose-5-phosphate isomerase activity
B9J08_000187,0.8,GO:0005525,0.9925,7,GTP binding
B9J08_000188,0.8,GO:0017111,0.946,15,nucleoside-triphosphatase activity
B9J08_000188,0.8,GO:0000166,0.9422,18,nucleotide binding
B9J08_000188,0.8,GO:0005524,0.9397,19,ATP binding
B9J08_000193,0.8,GO:0008168,0.8058,5,methyltransferase activity
B9J08_000203,0.8,GO:0006412,0.9686,14,translation
B9J08_000209,0.8,GO:0030295,0.9958,2,protein kinase activator activity
B9J08_000213,0.8,GO:0005525,0.9879,18,GTP binding
B9J08_000222,0.8,GO:0003824,0.8213,6,catalytic activity
B9J08_000223,0.8,GO:0005525,0.8661,15,GTP binding
B9J08_000226,0.8,GO:0003676,0.966,11,nucleic acid binding
B9J08_000230,0.8,GO:0030170,0.9952,12,pyridoxal phosphate binding
B9J08_000231,0.8,GO:0005743,0.8306,19,mitochondrial inner membrane
B9J08_000234,0.8,GO:0003677,0.8727,9,DNA binding
B9J08_000237,0.8,GO:0005886,0.8139,15,plasma membrane
B9J08_000242,0.8,GO:0005524,0.9824,10,ATP binding
B9J08_000243,0.8,GO:0006810,0.9828,12,transport
B9J08_000248,0.8,GO:0005524,0.958,20,ATP binding
B9J08_000258,0.8,GO:0005375,0.8057,7,copper ion transmembrane transporter activity
B9J08_000262,0.8,GO:0008324,0.9889,9,cation transmembrane transporter activity
B9J08_000264,0.8,GO:0005524,0.9701,12,ATP binding
B9J08_000264,0.8,GO:0051082,0.9326,18,unfolded protein binding
B9J08_000269,0.8,GO:0005525,0.9908,14,GTP binding
B9J08_000271,0.8,GO:0031966,0.9049,8,mitochondrial membrane
B9J08_000272,0.8,GO:0015031,0.9115,12,protein transport
B9J08_000274,0.8,GO:0000015,0.9995,1,phosphopyruvate hydratase complex
B9J08_000274,0.8,GO:0004634,0.9957,2,phosphopyruvate hydratase activity
B9J08_000274,0.8,GO:0006096,0.9932,5,glycolytic process
B9J08_000274,0.8,GO:0000287,0.9775,17,magnesium ion binding
B9J08_000275,0.8,GO:0004298,0.9871,13,threonine-type endopeptidase activity
B9J08_000275,0.8,GO:0051603,0.985,15,proteolysis involved in cellular protein catabolic process
B9J08_000275,0.8,GO:0004175,0.981,19,endopeptidase activity
B9J08_000276,0.8,GO:0005524,0.9769,13,ATP binding
B9J08_000285,0.8,GO:0005524,0.9776,14,ATP binding
B9J08_000287,0.8,GO:0005525,0.9938,6,GTP binding
B9J08_000288,0.8,GO:0005524,0.9875,12,ATP binding
B9J08_000290,0.8,GO:0005524,0.9751,13,ATP binding
B9J08_000296,0.8,GO:0000145,0.9232,5,exocyst
B9J08_000296,0.8,GO:0006887,0.8654,16,exocytosis
B9J08_000299,0.8,GO:0005525,0.9974,8,GTP binding
B9J08_000307,0.8,GO:0004725,0.8957,8,protein tyrosine phosphatase activity
B9J08_000307,0.8,GO:0016311,0.8349,15,dephosphorylation
B9J08_000320,0.8,GO:0009070,0.8733,18,serine family amino acid biosynthetic process
B9J08_000321,0.8,GO:0022857,0.8657,12,transmembrane transporter activity
B9J08_000322,0.8,GO:0045454,0.9856,1,cell redox homeostasis
B9J08_000322,0.8,GO:0006662,0.8646,13,glycerol ether metabolic process
B9J08_000322,0.8,GO:0015035,0.8013,16,protein disulfide oxidoreductase activity
B9J08_000326,0.8,GO:0016491,0.8769,3,oxidoreductase activity
B9J08_000328,0.8,GO:0003747,0.9175,6,translation release factor activity
B9J08_000328,0.8,GO:0016149,0.8817,12,"translation release factor activity, codon specific"
B9J08_000328,0.8,GO:0006415,0.8613,16,translational termination
B9J08_000335,0.8,GO:0005525,0.9518,16,GTP binding
B9J08_000340,0.8,GO:0005524,0.9904,12,ATP binding
B9J08_000341,0.8,GO:0005634,0.9182,10,nucleus
B9J08_000342,0.8,GO:0022857,0.8835,8,transmembrane transporter activity
B9J08_000342,0.8,GO:0005743,0.8,17,mitochondrial inner membrane
B9J08_000347,0.8,GO:0022857,0.9252,8,transmembrane transporter activity
B9J08_000348,0.8,GO:0003677,0.9926,10,DNA binding
B9J08_000348,0.8,GO:0003700,0.9897,13,DNA-binding transcription factor activity
B9J08_000348,0.8,GO:0005634,0.9631,20,nucleus
B9J08_000350,0.8,GO:0016491,0.9807,2,oxidoreductase activity
B9J08_000352,0.8,GO:0008168,0.8277,5,methyltransferase activity
B9J08_000353,0.8,GO:0046872,0.9263,10,metal ion binding
B9J08_000355,0.8,GO:0000166,0.9901,5,nucleotide binding
B9J08_000355,0.8,GO:0005524,0.984,11,ATP binding
B9J08_000356,0.8,GO:0000166,0.9973,11,nucleotide binding
B9J08_000363,0.8,GO:0005737,0.8863,6,cytoplasm
B9J08_000364,0.8,GO:0005524,0.9887,13,ATP binding
B9J08_000367,0.8,GO:0016491,0.9911,14,oxidoreductase activity
B9J08_000368,0.8,GO:0022857,0.861,12,transmembrane transporter activity
B9J08_000370,0.8,GO:0016491,0.964,2,oxidoreductase activity
B9J08_000371,0.8,GO:0005525,0.9797,1,GTP binding
B9J08_000379,0.8,GO:0000162,0.9946,16,tryptophan biosynthetic process
B9J08_000381,0.8,GO:0005515,0.9024,8,protein binding
B9J08_000382,0.8,GO:0008652,0.9722,18,cellular amino acid biosynthetic process
B9J08_000389,0.8,GO:0003824,0.8858,3,catalytic activity
B9J08_000390,0.8,GO:0005743,0.8324,20,mitochondrial inner membrane
B9J08_000393,0.8,GO:0008168,0.9172,5,methyltransferase activity
B9J08_000398,0.8,GO:0004190,0.9125,3,aspartic-type endopeptidase activity
B9J08_000401,0.8,GO:0005634,0.9761,6,nucleus
B9J08_000405,0.8,GO:0005216,0.8955,13,ion channel activity
B9J08_000408,0.8,GO:0018279,0.8098,6,protein N-linked glycosylation via asparagine
B9J08_000413,0.8,GO:0050833,0.8784,17,pyruvate transmembrane transporter activity
B9J08_000414,0.8,GO:0005634,0.9302,6,nucleus
B9J08_000418,0.8,GO:0016491,0.9319,5,oxidoreductase activity
B9J08_000418,0.8,GO:0006811,0.8198,17,ion transport
B9J08_000418,0.8,GO:0000293,0.8021,20,ferric-chelate reductase activity
B9J08_000419,0.8,GO:0051536,0.9542,12,iron-sulfur cluster binding
B9J08_000419,0.8,GO:0046872,0.9122,16,metal ion binding
B9J08_000422,0.8,GO:0005634,0.9382,8,nucleus
B9J08_000428,0.8,GO:0001522,0.8498,6,pseudouridine synthesis
B9J08_000428,0.8,GO:0009982,0.8124,18,pseudouridine synthase activity
B9J08_000431,0.8,GO:0005525,0.9963,17,GTP binding
B9J08_000432,0.8,GO:0005524,0.9932,15,ATP binding
B9J08_000434,0.8,GO:0005471,0.9463,20,ATP:ADP antiporter activity
B9J08_000435,0.8,GO:0000166,0.9915,7,nucleotide binding
B9J08_000435,0.8,GO:0005524,0.99,11,ATP binding
B9J08_000435,0.8,GO:0016020,0.9829,17,membrane
B9J08_000442,0.8,GO:0005524,0.9831,17,ATP binding
B9J08_000442,0.8,GO:0000166,0.9829,18,nucleotide binding
B9J08_000444,0.8,GO:0008525,0.9498,13,phosphatidylcholine transporter activity
B9J08_000444,0.8,GO:0048194,0.9366,18,Golgi vesicle budding
B9J08_000447,0.8,GO:0003676,0.9164,10,nucleic acid binding
B9J08_000447,0.8,GO:0003677,0.8237,13,DNA binding
B9J08_000449,0.8,GO:0006865,0.8277,13,amino acid transport
B9J08_000451,0.8,GO:0008270,0.9645,3,zinc ion binding
B9J08_000458,0.8,GO:0005524,0.9915,16,ATP binding
B9J08_000460,0.8,GO:0003824,0.9648,12,catalytic activity
B9J08_000460,0.8,GO:0030170,0.9512,19,pyridoxal phosphate binding
B9J08_000462,0.8,GO:0016787,0.9946,1,hydrolase activity
B9J08_000462,0.8,GO:0004721,0.9318,17,phosphoprotein phosphatase activity
B9J08_000465,0.8,GO:0009073,0.9824,19,aromatic amino acid family biosynthetic process
B9J08_000467,0.8,GO:0003676,0.9629,4,nucleic acid binding
B9J08_000467,0.8,GO:0003677,0.9135,11,DNA binding
B9J08_000476,0.8,GO:0005524,0.9773,10,ATP binding
B9J08_000479,0.8,GO:0000166,0.9917,5,nucleotide binding
B9J08_000479,0.8,GO:0005524,0.991,9,ATP binding
B9J08_000480,0.8,GO:0000166,0.9965,6,nucleotide binding
B9J08_000480,0.8,GO:0005524,0.9958,10,ATP binding
B9J08_000482,0.8,GO:0008324,0.804,12,cation transmembrane transporter activity
B9J08_000483,0.8,GO:0005524,0.994,6,ATP binding
B9J08_000484,0.8,GO:0006546,0.991,7,glycine catabolic process
B9J08_000485,0.8,GO:0016192,0.8754,12,vesicle-mediated transport
B9J08_000485,0.8,GO:0016020,0.8245,16,membrane
B9J08_000485,0.8,GO:0031201,0.8223,17,SNARE complex
B9J08_000488,0.8,GO:0016817,0.9977,4,"hydrolase activity, acting on acid anhydrides"
B9J08_000488,0.8,GO:0005524,0.9973,10,ATP binding
B9J08_000494,0.8,GO:0022857,0.8127,8,transmembrane transporter activity
B9J08_000498,0.8,GO:0005737,0.823,14,cytoplasm
B9J08_000501,0.8,GO:0005886,0.8817,5,plasma membrane
B9J08_000503,0.8,GO:0022857,0.8591,8,transmembrane transporter activity
B9J08_000507,0.8,GO:0016491,0.9864,11,oxidoreductase activity
B9J08_000507,0.8,GO:0006099,0.9617,17,tricarboxylic acid cycle
B9J08_000508,0.8,GO:0005524,0.9002,14,ATP binding
B9J08_000511,0.8,GO:0102338,0.99,3,3-oxo-lignoceronyl-CoA synthase activity
B9J08_000511,0.8,GO:0102756,0.9885,4,very-long-chain 3-ketoacyl-CoA synthase activity
B9J08_000511,0.8,GO:0102337,0.9826,11,3-oxo-cerotoyl-CoA synthase activity
B9J08_000511,0.8,GO:0102336,0.9813,14,3-oxo-arachidoyl-CoA synthase activity
B9J08_000511,0.8,GO:0006633,0.9676,20,fatty acid biosynthetic process
B9J08_000517,0.8,GO:0006811,0.9976,6,ion transport
B9J08_000523,0.8,GO:0004222,0.9748,7,metalloendopeptidase activity
B9J08_000524,0.8,GO:0005524,0.9569,20,ATP binding
B9J08_000537,0.8,GO:0005730,0.897,14,nucleolus
B9J08_000537,0.8,GO:0003676,0.8839,15,nucleic acid binding
B9J08_000543,0.8,GO:0045454,0.9942,1,cell redox homeostasis
B9J08_000543,0.8,GO:0006662,0.966,7,glycerol ether metabolic process
B9J08_000543,0.8,GO:0015036,0.9247,15,disulfide oxidoreductase activity
B9J08_000543,0.8,GO:0015035,0.8856,19,protein disulfide oxidoreductase activity
B9J08_000545,0.8,GO:0016282,0.9993,1,eukaryotic 43S preinitiation complex
B9J08_000545,0.8,GO:0033290,0.9988,3,eukaryotic 48S preinitiation complex
B9J08_000545,0.8,GO:0001732,0.9988,4,formation of cytoplasmic translation initiation complex
B9J08_000545,0.8,GO:0003743,0.9979,8,translation initiation factor activity
B9J08_000548,0.8,GO:0015693,0.932,3,magnesium ion transport
B9J08_000548,0.8,GO:0015095,0.8863,6,magnesium ion transmembrane transporter activity
B9J08_000549,0.8,GO:0005524,0.9857,11,ATP binding
B9J08_000552,0.8,GO:0005524,0.9926,9,ATP binding
B9J08_000555,0.8,GO:0046872,0.83,19,metal ion binding
B9J08_000559,0.8,GO:0046294,0.8552,13,formaldehyde catabolic process
B9J08_000561,0.8,GO:0003779,0.9469,11,actin binding
B9J08_000561,0.8,GO:0030479,0.9293,13,actin cortical patch
B9J08_000561,0.8,GO:0006897,0.8904,19,endocytosis
B9J08_000573,0.8,GO:0000166,0.9861,4,nucleotide binding
B9J08_000573,0.8,GO:0005524,0.9738,14,ATP binding
B9J08_000576,0.8,GO:0006629,0.9968,8,lipid metabolic process
B9J08_000576,0.8,GO:0016042,0.9963,9,lipid catabolic process
B9J08_000582,0.8,GO:0022857,0.8991,6,transmembrane transporter activity
B9J08_000584,0.8,GO:0005515,0.803,13,protein binding
B9J08_000587,0.8,GO:0003779,0.8883,4,actin binding
B9J08_000587,0.8,GO:0042989,0.8562,6,sequestering of actin monomers
B9J08_000587,0.8,GO:0003785,0.8189,8,actin monomer binding
B9J08_000590,0.8,GO:0046872,0.97,2,metal ion binding
B9J08_000592,0.8,GO:0008270,0.9726,10,zinc ion binding
B9J08_000596,0.8,GO:0005524,0.9612,15,ATP binding
B9J08_000602,0.8,GO:0004301,0.9533,11,epoxide hydrolase activity
B9J08_000602,0.8,GO:0008270,0.9307,15,zinc ion binding
B9J08_000602,0.8,GO:0005737,0.8886,19,cytoplasm
B9J08_000611,0.8,GO:0016579,0.9346,16,protein deubiquitination
B9J08_000614,0.8,GO:0005886,0.9168,5,plasma membrane
B9J08_000616,0.8,GO:0016192,0.8017,15,vesicle-mediated transport
B9J08_000625,0.8,GO:0006099,0.9027,18,tricarboxylic acid cycle
B9J08_000627,0.8,GO:0019706,0.9999,4,protein-cysteine S-palmitoyltransferase activity
B9J08_000636,0.8,GO:0046872,0.9654,11,metal ion binding
B9J08_000643,0.8,GO:0005524,0.9948,5,ATP binding
B9J08_000643,0.8,GO:0000166,0.9937,9,nucleotide binding
B9J08_000645,0.8,GO:0004601,0.8693,3,peroxidase activity
B9J08_000645,0.8,GO:0016491,0.8192,6,oxidoreductase activity
B9J08_000646,0.8,GO:0003824,0.8054,4,catalytic activity
B9J08_000648,0.8,GO:0003755,0.977,3,peptidyl-prolyl cis-trans isomerase activity
B9J08_000648,0.8,GO:0006457,0.9746,5,protein folding
B9J08_000648,0.8,GO:0016018,0.9499,10,cyclosporin A binding
B9J08_000650,0.8,GO:0000166,0.9822,6,nucleotide binding
B9J08_000651,0.8,GO:0005634,0.842,10,nucleus
B9J08_000656,0.8,GO:0003824,0.8166,2,catalytic activity
B9J08_000657,0.8,GO:0000166,0.9868,2,nucleotide binding
B9J08_000657,0.8,GO:0005524,0.9749,12,ATP binding
B9J08_000659,0.8,GO:0000166,0.9915,6,nucleotide binding
B9J08_000659,0.8,GO:0005524,0.9871,10,ATP binding
B9J08_000677,0.8,GO:0016020,0.8061,9,membrane
B9J08_000677,0.8,GO:0005886,0.8049,10,plasma membrane
B9J08_000682,0.8,GO:0019243,0.9973,3,methylglyoxal catabolic process to D-lactate via S-lactoyl-glutathione
B9J08_000682,0.8,GO:0004416,0.9889,9,hydroxyacylglutathione hydrolase activity
B9J08_000688,0.8,GO:0046872,0.9845,4,metal ion binding
B9J08_000693,0.8,GO:0006886,0.9231,19,intracellular protein transport
B9J08_000694,0.8,GO:0003824,0.9869,2,catalytic activity
B9J08_000694,0.8,GO:0016491,0.9799,3,oxidoreductase activity
B9J08_000694,0.8,GO:0016615,0.928,6,malate dehydrogenase activity
B9J08_000694,0.8,GO:0006099,0.9182,7,tricarboxylic acid cycle
B9J08_000694,0.8,GO:0030060,0.8587,11,L-malate dehydrogenase activity
B9J08_000694,0.8,GO:0006108,0.8539,12,malate metabolic process
B9J08_000695,0.8,GO:0005975,0.9094,9,carbohydrate metabolic process
B9J08_000701,0.8,GO:0005886,0.8639,8,plasma membrane
B9J08_000704,0.8,GO:0005524,0.994,7,ATP binding
B9J08_000705,0.8,GO:0000166,0.9916,11,nucleotide binding
B9J08_000705,0.8,GO:0005524,0.9912,12,ATP binding
B9J08_000720,0.8,GO:0005524,0.9814,16,ATP binding
B9J08_000729,0.8,GO:0005524,0.9893,18,ATP binding
B9J08_000735,0.8,GO:0004672,0.9748,17,protein kinase activity
B9J08_000740,0.8,GO:0016491,0.9298,9,oxidoreductase activity
B9J08_000740,0.8,GO:0006520,0.81,17,cellular amino acid metabolic process
B9J08_000753,0.8,GO:0005524,0.9962,8,ATP binding
B9J08_000756,0.8,GO:0022857,0.9244,4,transmembrane transporter activity
B9J08_000764,0.8,GO:0003824,0.9639,5,catalytic activity
B9J08_000764,0.8,GO:0016491,0.958,6,oxidoreductase activity
B9J08_000764,0.8,GO:0019752,0.9413,11,carboxylic acid metabolic process
B9J08_000764,0.8,GO:0006108,0.9089,14,malate metabolic process
B9J08_000764,0.8,GO:0030060,0.8986,15,L-malate dehydrogenase activity
B9J08_000764,0.8,GO:0006099,0.8937,16,tricarboxylic acid cycle
B9J08_000766,0.8,GO:0003824,0.953,2,catalytic activity
B9J08_000766,0.8,GO:0030170,0.9196,11,pyridoxal phosphate binding
B9J08_000766,0.8,GO:0008483,0.9077,16,transaminase activity
B9J08_000774,0.8,GO:0003676,0.9973,7,nucleic acid binding
B9J08_000775,0.8,GO:0005991,0.9672,9,trehalose metabolic process
B9J08_000775,0.8,GO:0005992,0.9618,11,trehalose biosynthetic process
B9J08_000778,0.8,GO:0015031,0.9793,16,protein transport
B9J08_000790,0.8,GO:0016192,0.995,3,vesicle-mediated transport
B9J08_000790,0.8,GO:0006897,0.9753,9,endocytosis
B9J08_000790,0.8,GO:0030479,0.957,17,actin cortical patch
B9J08_000790,0.8,GO:0043332,0.9205,20,mating projection tip
B9J08_000791,0.8,GO:0005634,0.9804,13,nucleus
B9J08_000792,0.8,GO:0003824,0.842,3,catalytic activity
B9J08_000797,0.8,GO:0022857,0.8099,10,transmembrane transporter activity
B9J08_000808,0.8,GO:0006096,0.9998,5,glycolytic process
B9J08_000811,0.8,GO:0005875,0.822,14,microtubule associated complex
B9J08_000812,0.8,GO:0042843,0.8596,19,D-xylose catabolic process
B9J08_000813,0.8,GO:0045329,0.8783,10,carnitine biosynthetic process
B9J08_000818,0.8,GO:0000166,0.9707,6,nucleotide binding
B9J08_000818,0.8,GO:0005524,0.961,11,ATP binding
B9J08_000822,0.8,GO:0004672,0.9871,18,protein kinase activity
B9J08_000825,0.8,GO:0003677,0.9258,9,DNA binding
B9J08_000829,0.8,GO:0003676,0.934,6,nucleic acid binding
B9J08_000837,0.8,GO:0000166,0.9958,8,nucleotide binding
B9J08_000837,0.8,GO:0005524,0.9911,15,ATP binding
B9J08_000837,0.8,GO:0005215,0.9904,16,transporter activity
B9J08_000838,0.8,GO:0005524,0.9687,12,ATP binding
B9J08_000839,0.8,GO:0006886,0.9081,8,intracellular protein transport
B9J08_000847,0.8,GO:0005524,0.9221,7,ATP binding
B9J08_000850,0.8,GO:0016491,0.8787,2,oxidoreductase activity
B9J08_000853,0.8,GO:0022857,0.8675,7,transmembrane transporter activity
B9J08_000855,0.8,GO:0003677,0.9554,2,DNA binding
B9J08_000855,0.8,GO:0006334,0.887,9,nucleosome assembly
B9J08_000855,0.8,GO:0030261,0.8511,19,chromosome condensation
B9J08_000867,0.8,GO:0034220,0.8666,7,ion transmembrane transport
B9J08_000873,0.8,GO:0046872,0.9644,11,metal ion binding
B9J08_000874,0.8,GO:0016491,0.9794,2,oxidoreductase activity
B9J08_000877,0.8,GO:0030011,0.9733,1,maintenance of cell polarity
B9J08_000877,0.8,GO:0034727,0.8173,6,piecemeal microautophagy of the nucleus
B9J08_000880,0.8,GO:0005524,0.9973,2,ATP binding
B9J08_000880,0.8,GO:0000166,0.9937,11,nucleotide binding
B9J08_000881,0.8,GO:0005524,0.9714,18,ATP binding
B9J08_000881,0.8,GO:0004672,0.9675,19,protein kinase activity
B9J08_000887,0.8,GO:0005524,0.9867,11,ATP binding
B9J08_000895,0.8,GO:0046872,0.8533,7,metal ion binding
B9J08_000895,0.8,GO:0005975,0.8368,9,carbohydrate metabolic process
B9J08_000899,0.8,GO:0000266,0.9388,14,mitochondrial fission
B9J08_000899,0.8,GO:0016559,0.8912,20,peroxisome fission
B9J08_000901,0.8,GO:0030976,0.9625,5,thiamine pyrophosphate binding
B9J08_000902,0.8,GO:0006351,0.9771,20,"transcription, DNA-templated"
B9J08_000907,0.8,GO:0005524,0.9725,18,ATP binding
B9J08_000909,0.8,GO:0005515,0.8587,3,protein binding
B9J08_000910,0.8,GO:0005525,0.9938,3,GTP binding
B9J08_000914,0.8,GO:0003746,0.8711,13,translation elongation factor activity
B9J08_000914,0.8,GO:0005853,0.8457,15,eukaryotic translation elongation factor 1 complex
B9J08_000918,0.8,GO:0031225,0.9241,17,anchored component of membrane
B9J08_000920,0.8,GO:0016616,0.8565,18,"oxidoreductase activity, acting on the CH-OH group of donors, NAD or NADP as acceptor"
B9J08_000921,0.8,GO:0006913,0.9141,20,nucleocytoplasmic transport
B9J08_000928,0.8,GO:0015250,0.8709,8,water channel activity
B9J08_000928,0.8,GO:0015267,0.854,9,channel activity
B9J08_000930,0.8,GO:0006810,0.9352,13,transport
B9J08_000930,0.8,GO:0022857,0.919,16,transmembrane transporter activity
B9J08_000932,0.8,GO:0016020,0.8532,12,membrane
B9J08_000932,0.8,GO:0045332,0.8463,13,phospholipid translocation
B9J08_000938,0.8,GO:0022857,0.9133,7,transmembrane transporter activity
B9J08_000939,0.8,GO:0003677,0.9498,7,DNA binding
B9J08_000939,0.8,GO:0005634,0.8861,17,nucleus
B9J08_000939,0.8,GO:0008270,0.8005,20,zinc ion binding
B9J08_000942,0.8,GO:0008168,0.9201,5,methyltransferase activity
B9J08_000944,0.8,GO:0046872,0.9781,3,metal ion binding
B9J08_000944,0.8,GO:0000166,0.9373,6,nucleotide binding
B9J08_000944,0.8,GO:0052856,0.9071,10,NADHX epimerase activity
B9J08_000944,0.8,GO:0052857,0.8396,15,NADPHX epimerase activity
B9J08_000945,0.8,GO:0005525,0.982,12,GTP binding
B9J08_000947,0.8,GO:0016787,0.9453,2,hydrolase activity
B9J08_000954,0.8,GO:0005524,0.9614,11,ATP binding
B9J08_000960,0.8,GO:0005525,0.9978,7,GTP binding
B9J08_000963,0.8,GO:0016020,0.9431,9,membrane
B9J08_000963,0.8,GO:0000139,0.9026,20,Golgi membrane
B9J08_000967,0.8,GO:0005634,0.9093,12,nucleus
B9J08_000967,0.8,GO:0003700,0.8117,19,DNA-binding transcription factor activity
B9J08_000969,0.8,GO:0000166,0.9941,8,nucleotide binding
B9J08_000969,0.8,GO:0005524,0.9852,13,ATP binding
B9J08_000976,0.8,GO:0045454,0.9874,12,cell redox homeostasis
B9J08_000976,0.8,GO:0016491,0.9628,20,oxidoreductase activity
B9J08_000980,0.8,GO:0000287,0.9616,6,magnesium ion binding
B9J08_000980,0.8,GO:0006099,0.8973,17,tricarboxylic acid cycle
B9J08_000981,0.8,GO:0006139,0.8282,15,nucleobase-containing compound metabolic process
B9J08_000984,0.8,GO:0043332,0.9842,7,mating projection tip
B9J08_000988,0.8,GO:0005634,0.9952,5,nucleus
B9J08_000988,0.8,GO:0003700,0.9756,16,DNA-binding transcription factor activity
B9J08_000995,0.8,GO:0015116,0.857,10,sulfate transmembrane transporter activity
B9J08_000996,0.8,GO:0005524,0.9824,10,ATP binding
B9J08_001000,0.8,GO:0016020,0.8571,13,membrane
B9J08_001001,0.8,GO:0005525,0.9785,8,GTP binding
B9J08_001006,0.8,GO:0015693,0.9285,10,magnesium ion transport
B9J08_001006,0.8,GO:0005743,0.8756,17,mitochondrial inner membrane
B9J08_001006,0.8,GO:0015095,0.8542,19,magnesium ion transmembrane transporter activity
B9J08_001014,0.8,GO:0022857,0.8848,17,transmembrane transporter activity
B9J08_001015,0.8,GO:0022857,0.9198,7,transmembrane transporter activity
B9J08_001016,0.8,GO:0022857,0.9558,11,transmembrane transporter activity
B9J08_001016,0.8,GO:0008643,0.8388,15,carbohydrate transport
B9J08_001017,0.8,GO:0022857,0.964,7,transmembrane transporter activity
B9J08_001018,0.8,GO:2001295,0.996,4,malonyl-CoA biosynthetic process
B9J08_001026,0.8,GO:0003723,0.9578,19,RNA binding
B9J08_001031,0.8,GO:0006457,0.9565,3,protein folding
B9J08_001031,0.8,GO:0005737,0.9052,7,cytoplasm
B9J08_001031,0.8,GO:0003755,0.8756,10,peptidyl-prolyl cis-trans isomerase activity
B9J08_001036,0.8,GO:0016020,0.8727,5,membrane
B9J08_001062,0.8,GO:0005524,0.9943,7,ATP binding
B9J08_001067,0.8,GO:0016491,0.888,7,oxidoreductase activity
B9J08_001073,0.8,GO:0006544,0.9856,6,glycine metabolic process
B9J08_001073,0.8,GO:0008483,0.9572,18,transaminase activity
B9J08_001075,0.8,GO:0005524,0.9991,3,ATP binding
B9J08_001077,0.8,GO:0003676,0.8634,7,nucleic acid binding
B9J08_001085,0.8,GO:0005524,0.9692,10,ATP binding
B9J08_001085,0.8,GO:0000166,0.9643,15,nucleotide binding
B9J08_001086,0.8,GO:0045454,0.9978,1,cell redox homeostasis
B9J08_001086,0.8,GO:0006662,0.9158,12,glycerol ether metabolic process
B9J08_001086,0.8,GO:0015035,0.8139,17,protein disulfide oxidoreductase activity
B9J08_001090,0.8,GO:0016491,0.9896,2,oxidoreductase activity
B9J08_001090,0.8,GO:0019430,0.9478,8,removal of superoxide radicals
B9J08_001090,0.8,GO:0098869,0.9468,9,cellular oxidant detoxification
B9J08_001091,0.8,GO:0031201,0.9925,5,SNARE complex
B9J08_001091,0.8,GO:0012505,0.9911,7,endomembrane system
B9J08_001091,0.8,GO:0005484,0.9848,11,SNAP receptor activity
B9J08_001093,0.8,GO:0006325,0.9954,17,chromatin organization
B9J08_001095,0.8,GO:0000166,0.9941,4,nucleotide binding
B9J08_001095,0.8,GO:0005524,0.9913,9,ATP binding
B9J08_001098,0.8,GO:0006139,0.9472,13,nucleobase-containing compound metabolic process
B9J08_001098,0.8,GO:0009116,0.8733,20,nucleoside metabolic process
B9J08_001102,0.8,GO:0005525,0.9824,8,GTP binding
B9J08_001104,0.8,GO:0003676,0.9207,17,nucleic acid binding
B9J08_001105,0.8,GO:0000166,0.9895,14,nucleotide binding
B9J08_001106,0.8,GO:0045454,0.9918,1,cell redox homeostasis
B9J08_001106,0.8,GO:0016491,0.9045,14,oxidoreductase activity
B9J08_001106,0.8,GO:0004601,0.821,19,peroxidase activity
B9J08_001108,0.8,GO:0006259,0.9963,13,DNA metabolic process
B9J08_001116,0.8,GO:0006629,0.8651,12,lipid metabolic process
B9J08_001122,0.8,GO:0003676,0.9947,14,nucleic acid binding
B9J08_001124,0.8,GO:0016787,0.8067,4,hydrolase activity
B9J08_001125,0.8,GO:0000166,0.997,6,nucleotide binding
B9J08_001125,0.8,GO:0005524,0.9951,10,ATP binding
B9J08_001128,0.8,GO:0003735,0.8659,9,structural constituent of ribosome
B9J08_001131,0.8,GO:0005524,0.9936,10,ATP binding
B9J08_001136,0.8,GO:0005524,0.986,16,ATP binding
B9J08_001136,0.8,GO:0051082,0.9781,20,unfolded protein binding
B9J08_001137,0.8,GO:0034314,0.9946,1,Arp2/3 complex-mediated actin nucleation
B9J08_001138,0.8,GO:0005524,0.999,5,ATP binding
B9J08_001139,0.8,GO:0006396,0.8859,16,RNA processing
B9J08_001146,0.8,GO:0003676,0.9156,8,nucleic acid binding
B9J08_001146,0.8,GO:0003723,0.8608,17,RNA binding
B9J08_001149,0.8,GO:0005524,0.9893,6,ATP binding
B9J08_001156,0.8,GO:0000166,0.9785,9,nucleotide binding
B9J08_001156,0.8,GO:0005524,0.9725,13,ATP binding
B9J08_001160,0.8,GO:0005524,0.9845,15,ATP binding
B9J08_001160,0.8,GO:0016301,0.8081,20,kinase activity
B9J08_001161,0.8,GO:0006782,0.9351,16,protoporphyrinogen IX biosynthetic process
B9J08_001170,0.8,GO:0042128,0.9525,6,nitrate assimilation
B9J08_001170,0.8,GO:0006808,0.902,13,regulation of nitrogen utilization
B9J08_001171,0.8,GO:0008270,0.9106,8,zinc ion binding
B9J08_001171,0.8,GO:0016491,0.8911,9,oxidoreductase activity
B9J08_001173,0.8,GO:0033558,0.978,16,protein deacetylase activity
B9J08_001173,0.8,GO:0051287,0.9701,17,NAD binding
B9J08_001177,0.8,GO:0005525,0.9965,10,GTP binding
B9J08_001183,0.8,GO:0008324,0.8596,16,cation transmembrane transporter activity
B9J08_001185,0.8,GO:0030001,0.9513,10,metal ion transport
B9J08_001185,0.8,GO:0006829,0.9473,11,zinc ion transport
B9J08_001190,0.8,GO:0008168,0.8388,15,methyltransferase activity
B9J08_001192,0.8,GO:0005524,0.984,11,ATP binding
B9J08_001205,0.8,GO:0005524,0.9714,11,ATP binding
B9J08_001207,0.8,GO:0006099,0.9867,6,tricarboxylic acid cycle
B9J08_001207,0.8,GO:0003824,0.976,12,catalytic activity
B9J08_001207,0.8,GO:0016829,0.9364,20,lyase activity
B9J08_001213,0.8,GO:0022857,0.9191,9,transmembrane transporter activity
B9J08_001216,0.8,GO:0004169,0.8955,17,dolichyl-phosphate-mannose-protein mannosyltransferase activity
B9J08_001216,0.8,GO:0000030,0.8558,19,mannosyltransferase activity
B9J08_001224,0.8,GO:0000097,0.9799,2,sulfur amino acid biosynthetic process
B9J08_001224,0.8,GO:0000103,0.9739,9,sulfate assimilation
B9J08_001224,0.8,GO:0019344,0.9639,18,cysteine biosynthetic process
B9J08_001227,0.8,GO:0006096,0.9997,5,glycolytic process
B9J08_001229,0.8,GO:0051536,0.9638,8,iron-sulfur cluster binding
B9J08_001232,0.8,GO:0005634,0.9679,15,nucleus
B9J08_001237,0.8,GO:0015031,0.8566,11,protein transport
B9J08_001238,0.8,GO:0005524,0.9949,9,ATP binding
B9J08_001241,0.8,GO:0016020,0.8949,5,membrane
B9J08_001243,0.8,GO:0016281,0.9306,20,eukaryotic translation initiation factor 4F complex
B9J08_001245,0.8,GO:0032008,0.8201,13,positive regulation of TOR signaling
B9J08_001252,0.8,GO:0003723,0.8737,6,RNA binding
B9J08_001255,0.8,GO:0005975,0.8555,8,carbohydrate metabolic process
B9J08_001260,0.8,GO:0005524,0.9457,9,ATP binding
B9J08_001260,0.8,GO:0016787,0.8907,18,hydrolase activity
B9J08_001264,0.8,GO:0031966,0.9354,9,mitochondrial membrane
B9J08_001264,0.8,GO:0005743,0.8676,15,mitochondrial inner membrane
B9J08_001270,0.8,GO:0005634,0.8514,11,nucleus
B9J08_001271,0.8,GO:0005524,0.9454,6,ATP binding
B9J08_001271,0.8,GO:0051082,0.8475,20,unfolded protein binding
B9J08_001277,0.8,GO:0019752,0.9878,13,carboxylic acid metabolic process
B9J08_001277,0.8,GO:0003824,0.9818,17,catalytic activity
B9J08_001286,0.8,GO:0005524,0.9809,8,ATP binding
B9J08_001296,0.8,GO:0006633,0.9587,5,fatty acid biosynthetic process
B9J08_001296,0.8,GO:0008659,0.9048,20,(3R)-hydroxymyristoyl-[acyl-carrier-protein] dehydratase activity
B9J08_001297,0.8,GO:0005524,0.8748,11,ATP binding
B9J08_001300,0.8,GO:0006355,0.9922,18,"regulation of transcription, DNA-templated"
B9J08_001301,0.8,GO:0003824,0.9313,3,catalytic activity
B9J08_001305,0.8,GO:0005524,0.9773,11,ATP binding
B9J08_001311,0.8,GO:0030042,0.99,10,actin filament depolymerization
B9J08_001311,0.8,GO:0003779,0.9864,13,actin binding
B9J08_001315,0.8,GO:0000256,0.8533,18,allantoin catabolic process
B9J08_001318,0.8,GO:0016192,0.8549,7,vesicle-mediated transport
B9J08_001319,0.8,GO:0016020,0.8469,9,membrane
B9J08_001322,0.8,GO:0051536,0.8905,7,iron-sulfur cluster binding
B9J08_001323,0.8,GO:0016020,0.9907,12,membrane
B9J08_001323,0.8,GO:0005484,0.988,16,SNAP receptor activity
B9J08_001325,0.8,GO:0008152,0.9148,4,metabolic process
B9J08_001330,0.8,GO:0009396,0.9196,15,folic acid-containing compound biosynthetic process
B9J08_001330,0.8,GO:0006760,0.8922,18,folic acid-containing compound metabolic process
B9J08_001330,0.8,GO:0046654,0.8913,19,tetrahydrofolate biosynthetic process
B9J08_001332,0.8,GO:0005634,0.9478,17,nucleus
B9J08_001338,0.8,GO:0000166,0.96,4,nucleotide binding
B9J08_001338,0.8,GO:0045899,0.9362,19,positive regulation of RNA polymerase II transcriptional preinitiation complex assembly
B9J08_001338,0.8,GO:0005524,0.9355,20,ATP binding
B9J08_001340,0.8,GO:0097320,0.8074,8,plasma membrane tubulation
B9J08_001344,0.8,GO:0005524,0.8968,19,ATP binding
B9J08_001345,0.8,GO:0005524,0.9897,14,ATP binding
B9J08_001348,0.8,GO:0005524,0.9924,17,ATP binding
B9J08_001355,0.8,GO:0003824,0.856,3,catalytic activity
B9J08_001362,0.8,GO:0016020,0.8652,9,membrane
B9J08_001363,0.8,GO:0005524,0.998,15,ATP binding
B9J08_001363,0.8,GO:0003676,0.9967,20,nucleic acid binding
B9J08_001367,0.8,GO:0008270,0.9503,11,zinc ion binding
B9J08_001368,0.8,GO:0005524,0.9904,11,ATP binding
B9J08_001371,0.8,GO:0008270,0.9788,9,zinc ion binding
B9J08_001371,0.8,GO:0005634,0.8575,19,nucleus
B9J08_001381,0.8,GO:0046872,0.9797,5,metal ion binding
B9J08_001381,0.8,GO:0004784,0.9731,7,superoxide dismutase activity
B9J08_001381,0.8,GO:0006801,0.8812,13,superoxide metabolic process
B9J08_001383,0.8,GO:0005975,0.953,5,carbohydrate metabolic process
B9J08_001383,0.8,GO:0003824,0.8795,9,catalytic activity
B9J08_001383,0.8,GO:0030246,0.8096,16,carbohydrate binding
B9J08_001387,0.8,GO:0005525,0.9816,10,GTP binding
B9J08_001394,0.8,GO:0016020,0.8748,14,membrane
B9J08_001399,0.8,GO:0022857,0.9056,16,transmembrane transporter activity
B9J08_001406,0.8,GO:0004298,0.9958,1,threonine-type endopeptidase activity
B9J08_001406,0.8,GO:0051603,0.9755,15,proteolysis involved in cellular protein catabolic process
B9J08_001413,0.8,GO:0000166,0.9983,19,nucleotide binding
B9J08_001414,0.8,GO:0004842,0.8367,20,ubiquitin-protein transferase activity
B9J08_001418,0.8,GO:0005618,0.9057,8,cell wall
B9J08_001418,0.8,GO:0004553,0.8627,12,"hydrolase activity, hydrolyzing O-glycosyl compounds"
B9J08_001418,0.8,GO:0005576,0.8335,17,extracellular region
B9J08_001418,0.8,GO:0071555,0.8212,19,cell wall organization
B9J08_001421,0.8,GO:0050992,0.8493,19,dimethylallyl diphosphate biosynthetic process
B9J08_001422,0.8,GO:0009249,0.9958,1,protein lipoylation
B9J08_001422,0.8,GO:0016992,0.9781,8,lipoate synthase activity
B9J08_001422,0.8,GO:0046872,0.9624,17,metal ion binding
B9J08_001432,0.8,GO:0005515,0.9288,3,protein binding
B9J08_001432,0.8,GO:0051015,0.861,6,actin filament binding
B9J08_001432,0.8,GO:0007015,0.8525,9,actin filament organization
B9J08_001432,0.8,GO:0051017,0.8123,16,actin filament bundle assembly
B9J08_001447,0.8,GO:0005524,0.9797,15,ATP binding
B9J08_001448,0.8,GO:0020037,0.9963,3,heme binding
B9J08_001448,0.8,GO:0005506,0.9918,11,iron ion binding
B9J08_001450,0.8,GO:0006811,0.8398,13,ion transport
B9J08_001450,0.8,GO:0015677,0.8356,14,copper ion import
B9J08_001453,0.8,GO:0005524,0.9821,13,ATP binding
B9J08_001454,0.8,GO:0030011,0.8341,1,maintenance of cell polarity
B9J08_001461,0.8,GO:0006457,0.99,8,protein folding
B9J08_001461,0.8,GO:0005524,0.9823,17,ATP binding
B9J08_001461,0.8,GO:0051082,0.9773,20,unfolded protein binding
B9J08_001463,0.8,GO:0005524,0.9903,15,ATP binding
B9J08_001464,0.8,GO:0022857,0.8444,7,transmembrane transporter activity
B9J08_001465,0.8,GO:0003824,0.9472,7,catalytic activity
B9J08_001465,0.8,GO:0016020,0.8399,11,membrane
B9J08_001467,0.8,GO:0005524,0.9856,7,ATP binding
B9J08_001471,0.8,GO:0006364,0.9123,19,rRNA processing
B9J08_001474,0.8,GO:0046872,0.8281,8,metal ion binding
B9J08_001476,0.8,GO:0005524,0.9879,11,ATP binding
B9J08_001476,0.8,GO:0000166,0.9856,15,nucleotide binding
B9J08_001477,0.8,GO:0004298,0.8473,4,threonine-type endopeptidase activity
B9J08_001484,0.8,GO:0016746,0.8847,5,"transferase activity, transferring acyl groups"
B9J08_001484,0.8,GO:0016747,0.8843,6,"transferase activity, transferring acyl groups other than amino-acyl groups"
B9J08_001484,0.8,GO:0003988,0.84,10,acetyl-CoA C-acyltransferase activity
B9J08_001493,0.8,GO:0005524,0.9808,14,ATP binding
B9J08_001501,0.8,GO:0016787,0.9812,6,hydrolase activity
B9J08_001501,0.8,GO:0005524,0.9774,12,ATP binding
B9J08_001506,0.8,GO:0008233,0.9472,9,peptidase activity
B9J08_001506,0.8,GO:0046872,0.8942,20,metal ion binding
B9J08_001510,0.8,GO:0046872,0.9702,4,metal ion binding
B9J08_001510,0.8,GO:0008233,0.9593,7,peptidase activity
B9J08_001512,0.8,GO:0005524,0.99,13,ATP binding
B9J08_001515,0.8,GO:0020037,0.9319,6,heme binding
B9J08_001524,0.8,GO:0008270,0.9701,10,zinc ion binding
B9J08_001525,0.8,GO:0020037,0.994,5,heme binding
B9J08_001525,0.8,GO:0005506,0.9708,13,iron ion binding
B9J08_001525,0.8,GO:0004497,0.9648,14,monooxygenase activity
B9J08_001526,0.8,GO:0022857,0.9294,7,transmembrane transporter activity
B9J08_001527,0.8,GO:0022857,0.9429,7,transmembrane transporter activity
B9J08_001528,0.8,GO:0022857,0.9722,6,transmembrane transporter activity
B9J08_001529,0.8,GO:0003824,0.9547,2,catalytic activity
B9J08_001530,0.8,GO:0015171,0.8799,7,amino acid transmembrane transporter activity
B9J08_001533,0.8,GO:0016620,0.9501,2,"oxidoreductase activity, acting on the aldehyde or oxo group of donors, NAD or NADP as acceptor"
B9J08_001533,0.8,GO:0016491,0.9259,3,oxidoreductase activity
B9J08_001534,0.8,GO:0004190,0.8078,1,aspartic-type endopeptidase activity
B9J08_001535,0.8,GO:0016491,0.9791,4,oxidoreductase activity
B9J08_001535,0.8,GO:0003824,0.975,6,catalytic activity
B9J08_001535,0.8,GO:0010181,0.9674,8,FMN binding
B9J08_001537,0.8,GO:0016020,0.8645,13,membrane
B9J08_001540,0.8,GO:0003824,0.9622,3,catalytic activity
B9J08_001540,0.8,GO:0008152,0.9415,4,metabolic process
B9J08_001540,0.8,GO:0016829,0.9095,8,lyase activity
B9J08_001540,0.8,GO:0005737,0.8658,14,cytoplasm
B9J08_001541,0.8,GO:0016020,0.8531,9,membrane
B9J08_001543,0.8,GO:0017183,0.9983,3,peptidyl-diphthamide biosynthetic process from peptidyl-histidine
B9J08_001550,0.8,GO:0016491,0.9011,4,oxidoreductase activity
B9J08_001553,0.8,GO:0008299,0.863,16,isoprenoid biosynthetic process
B9J08_001553,0.8,GO:0016740,0.8405,19,transferase activity
B9J08_001561,0.8,GO:0005525,0.9895,10,GTP binding
B9J08_001562,0.8,GO:0005634,0.9269,12,nucleus
B9J08_001566,0.8,GO:0003676,0.8722,4,nucleic acid binding
B9J08_001567,0.8,GO:0022857,0.8731,7,transmembrane transporter activity
B9J08_001569,0.8,GO:0005634,0.9662,8,nucleus
B9J08_001574,0.8,GO:0005525,0.9624,12,GTP binding
B9J08_001576,0.8,GO:0003824,0.8592,8,catalytic activity
B9J08_001580,0.8,GO:0004722,0.8302,16,protein serine/threonine phosphatase activity
B9J08_001580,0.8,GO:0046872,0.8215,18,metal ion binding
B9J08_001580,0.8,GO:0043169,0.8129,19,cation binding
B9J08_001580,0.8,GO:0005634,0.8113,20,nucleus
B9J08_001581,0.8,GO:0000166,0.9938,5,nucleotide binding
B9J08_001581,0.8,GO:0005524,0.9869,12,ATP binding
B9J08_001585,0.8,GO:0015031,0.9206,15,protein transport
B9J08_001587,0.8,GO:0005634,0.849,13,nucleus
B9J08_001588,0.8,GO:0020037,0.8522,12,heme binding
B9J08_001593,0.8,GO:0031267,0.8898,13,small GTPase binding
B9J08_001595,0.8,GO:0005634,0.8474,15,nucleus
B9J08_001611,0.8,GO:0005524,0.9952,8,ATP binding
B9J08_001613,0.8,GO:0016787,0.8715,2,hydrolase activity
B9J08_001614,0.8,GO:0016787,0.8805,3,hydrolase activity
B9J08_001619,0.8,GO:0005524,0.9397,19,ATP binding
B9J08_001620,0.8,GO:0003677,0.9849,14,DNA binding
B9J08_001620,0.8,GO:0005634,0.9747,18,nucleus
B9J08_001620,0.8,GO:0008270,0.9629,19,zinc ion binding
B9J08_001622,0.8,GO:0003824,0.9234,1,catalytic activity
B9J08_001625,0.8,GO:0008033,0.9967,13,tRNA processing
B9J08_001641,0.8,GO:0097428,0.8658,7,protein maturation by iron-sulfur cluster transfer
B9J08_001644,0.8,GO:0003676,0.9962,16,nucleic acid binding
B9J08_001645,0.8,GO:0030170,0.9885,11,pyridoxal phosphate binding
B9J08_001646,0.8,GO:0016491,0.969,11,oxidoreductase activity
B9J08_001646,0.8,GO:0046872,0.9662,12,metal ion binding
B9J08_001647,0.8,GO:1904668,0.9022,5,positive regulation of ubiquitin protein ligase activity
B9J08_001647,0.8,GO:0010997,0.8693,7,anaphase-promoting complex binding
B9J08_001648,0.8,GO:0030170,0.9643,9,pyridoxal phosphate binding
B9J08_001648,0.8,GO:0008483,0.8967,18,transaminase activity
B9J08_001654,0.8,GO:0031510,0.8376,6,SUMO activating enzyme complex
B9J08_001665,0.8,GO:0005975,0.9603,6,carbohydrate metabolic process
B9J08_001665,0.8,GO:0009251,0.8285,16,glucan catabolic process
B9J08_001665,0.8,GO:0004553,0.8168,19,"hydrolase activity, hydrolyzing O-glycosyl compounds"
B9J08_001667,0.8,GO:0003677,0.8131,8,DNA binding
B9J08_001667,0.8,GO:0003887,0.8021,10,DNA-directed DNA polymerase activity
B9J08_001668,0.8,GO:0046872,0.9168,4,metal ion binding
B9J08_001668,0.8,GO:0003824,0.8348,7,catalytic activity
B9J08_001670,0.8,GO:0046872,0.9975,9,metal ion binding
B9J08_001673,0.8,GO:0006865,0.8988,12,amino acid transport
B9J08_001675,0.8,GO:0005524,0.9669,6,ATP binding
B9J08_001695,0.8,GO:0005975,0.9914,8,carbohydrate metabolic process
B9J08_001695,0.8,GO:0005992,0.9876,11,trehalose biosynthetic process
B9J08_001695,0.8,GO:0003824,0.9782,16,catalytic activity
B9J08_001697,0.8,GO:0043169,0.9701,4,cation binding
B9J08_001697,0.8,GO:0046872,0.9623,5,metal ion binding
B9J08_001697,0.8,GO:0004722,0.8614,14,protein serine/threonine phosphatase activity
B9J08_001701,0.8,GO:0005524,0.9657,17,ATP binding
B9J08_001701,0.8,GO:0055085,0.9575,19,transmembrane transport
B9J08_001702,0.8,GO:0046872,0.9473,14,metal ion binding
B9J08_001704,0.8,GO:0000166,0.9502,18,nucleotide binding
B9J08_001713,0.8,GO:0030170,0.9885,12,pyridoxal phosphate binding
B9J08_001715,0.8,GO:0005524,0.9695,12,ATP binding
B9J08_001716,0.8,GO:0000166,0.9867,10,nucleotide binding
B9J08_001716,0.8,GO:0005524,0.9841,14,ATP binding
B9J08_001724,0.8,GO:0005524,0.9657,8,ATP binding
B9J08_001724,0.8,GO:0000166,0.9581,14,nucleotide binding
B9J08_001726,0.8,GO:0005524,0.9702,14,ATP binding
B9J08_001732,0.8,GO:0005509,0.802,8,calcium ion binding
B9J08_001733,0.8,GO:0016491,0.9684,1,oxidoreductase activity
B9J08_001737,0.8,GO:0006810,0.9248,3,transport
B9J08_001737,0.8,GO:0022857,0.875,8,transmembrane transporter activity
B9J08_001740,0.8,GO:0050660,0.9967,16,flavin adenine dinucleotide binding
B9J08_001741,0.8,GO:0008152,0.9987,5,metabolic process
B9J08_001741,0.8,GO:0050660,0.9948,13,flavin adenine dinucleotide binding
B9J08_001745,0.8,GO:0005524,0.9657,13,ATP binding
B9J08_001752,0.8,GO:0016787,0.8618,8,hydrolase activity
B9J08_001752,0.8,GO:0008233,0.8617,9,peptidase activity
B9J08_001759,0.8,GO:0006629,0.9777,14,lipid metabolic process
B9J08_001762,0.8,GO:0048500,0.834,11,signal recognition particle
B9J08_001765,0.8,GO:0000166,0.9665,10,nucleotide binding
B9J08_001769,0.8,GO:0006396,0.9445,18,RNA processing
B9J08_001772,0.8,GO:0006015,0.9972,6,5-phosphoribose 1-diphosphate biosynthetic process
B9J08_001774,0.8,GO:0000166,0.985,6,nucleotide binding
B9J08_001774,0.8,GO:0005524,0.9743,11,ATP binding
B9J08_001775,0.8,GO:0005886,0.8388,6,plasma membrane
B9J08_001775,0.8,GO:0016020,0.8101,7,membrane
B9J08_001776,0.8,GO:0006797,0.9575,3,polyphosphate metabolic process
B9J08_001776,0.8,GO:0006799,0.9182,6,polyphosphate biosynthetic process
B9J08_001784,0.8,GO:0015078,0.9746,6,proton transmembrane transporter activity
B9J08_001786,0.8,GO:0008270,0.9537,9,zinc ion binding
B9J08_001787,0.8,GO:0008270,0.9764,7,zinc ion binding
B9J08_001788,0.8,GO:0016020,0.8491,12,membrane
B9J08_001793,0.8,GO:0006486,0.8765,20,protein glycosylation
B9J08_001795,0.8,GO:0046872,0.973,4,metal ion binding
B9J08_001795,0.8,GO:0005829,0.8446,7,cytosol
B9J08_001796,0.8,GO:0005524,0.9669,11,ATP binding
B9J08_001797,0.8,GO:0005524,0.9736,19,ATP binding
B9J08_001798,0.8,GO:0046854,0.9975,3,phosphatidylinositol phosphorylation
B9J08_001799,0.8,GO:0006072,0.9707,13,glycerol-3-phosphate metabolic process
B9J08_001809,0.8,GO:0016491,0.863,3,oxidoreductase activity
B9J08_001813,0.8,GO:0005524,0.9831,10,ATP binding
B9J08_001814,0.8,GO:0004601,0.8218,5,peroxidase activity
B9J08_001815,0.8,GO:0032865,0.9736,20,ERMES complex
B9J08_001817,0.8,GO:0005737,0.8187,8,cytoplasm
B9J08_001825,0.8,GO:0003676,0.9076,14,nucleic acid binding
B9J08_001825,0.8,GO:0046872,0.8688,20,metal ion binding
B9J08_001828,0.8,GO:0016491,0.9683,1,oxidoreductase activity
B9J08_001832,0.8,GO:0016020,0.8506,7,membrane
B9J08_001832,0.8,GO:0005886,0.8026,8,plasma membrane
B9J08_001836,0.8,GO:0006364,0.9263,14,rRNA processing
B9J08_001839,0.8,GO:0031201,0.9408,12,SNARE complex
B9J08_001842,0.8,GO:0045899,0.9939,2,positive regulation of RNA polymerase II transcriptional preinitiation complex assembly
B9J08_001850,0.8,GO:0004643,0.9647,6,phosphoribosylaminoimidazolecarboxamide formyltransferase activity
B9J08_001851,0.8,GO:0003735,0.9297,12,structural constituent of ribosome
B9J08_001860,0.8,GO:0006096,0.9987,3,glycolytic process
B9J08_001860,0.8,GO:0004618,0.9961,20,phosphoglycerate kinase activity
B9J08_001863,0.8,GO:0016020,0.9638,15,membrane
B9J08_001868,0.8,GO:0005737,0.9602,13,cytoplasm
B9J08_001871,0.8,GO:0003723,0.92,6,RNA binding
B9J08_001871,0.8,GO:0003743,0.8514,8,translation initiation factor activity
B9J08_001873,0.8,GO:0003824,0.8606,1,catalytic activity
B9J08_001873,0.8,GO:0005992,0.8272,3,trehalose biosynthetic process
B9J08_001875,0.8,GO:0006094,0.9971,13,gluconeogenesis
B9J08_001875,0.8,GO:0006096,0.9949,20,glycolytic process
B9J08_001878,0.8,GO:0000166,0.9837,12,nucleotide binding
B9J08_001878,0.8,GO:0005524,0.9714,18,ATP binding
B9J08_001883,0.8,GO:0003824,0.8835,2,catalytic activity
B9J08_001884,0.8,GO:0046872,0.9985,2,metal ion binding
B9J08_001884,0.8,GO:0051536,0.9923,17,iron-sulfur cluster binding
B9J08_001887,0.8,GO:0009058,0.9789,10,biosynthetic process
B9J08_001889,0.8,GO:0022857,0.9852,8,transmembrane transporter activity
B9J08_001889,0.8,GO:0006810,0.9556,19,transport
B9J08_001890,0.8,GO:0016787,0.9789,2,hydrolase activity
B9J08_001893,0.8,GO:0005524,0.9905,12,ATP binding
B9J08_001893,0.8,GO:0000166,0.9898,13,nucleotide binding
B9J08_001898,0.8,GO:0005524,0.9925,8,ATP binding
B9J08_001899,0.8,GO:0000166,0.9925,6,nucleotide binding
B9J08_001899,0.8,GO:0005524,0.992,8,ATP binding
B9J08_001901,0.8,GO:0005618,0.8068,4,cell wall
B9J08_001902,0.8,GO:0030117,0.89,17,membrane coat
B9J08_001905,0.8,GO:0000166,0.9912,17,nucleotide binding
B9J08_001907,0.8,GO:0000032,0.9739,19,cell wall mannoprotein biosynthetic process
B9J08_001908,0.8,GO:0006486,0.942,17,protein glycosylation
B9J08_001910,0.8,GO:0005524,0.9254,12,ATP binding
B9J08_001911,0.8,GO:0005524,0.9768,19,ATP binding
B9J08_001912,0.8,GO:0046872,0.9585,12,metal ion binding
B9J08_001915,0.8,GO:0005730,0.9874,16,nucleolus
B9J08_001916,0.8,GO:0000032,0.9258,6,cell wall mannoprotein biosynthetic process
B9J08_001920,0.8,GO:0003677,0.8696,12,DNA binding
B9J08_001920,0.8,GO:0008270,0.8126,15,zinc ion binding
B9J08_001923,0.8,GO:0008168,0.8075,9,methyltransferase activity
B9J08_001924,0.8,GO:0016192,0.9748,12,vesicle-mediated transport
B9J08_001925,0.8,GO:0016757,0.9127,2,"transferase activity, transferring glycosyl groups"
B9J08_001927,0.8,GO:0004177,0.9556,16,aminopeptidase activity
B9J08_001931,0.8,GO:0005034,0.8178,11,osmosensor activity
B9J08_001931,0.8,GO:0005886,0.8137,12,plasma membrane
B9J08_001939,0.8,GO:0000166,0.9916,8,nucleotide binding
B9J08_001939,0.8,GO:0005524,0.9861,11,ATP binding
B9J08_001941,0.8,GO:0005730,0.9976,13,nucleolus
B9J08_001944,0.8,GO:0016787,0.9836,3,hydrolase activity
B9J08_001958,0.8,GO:0004190,0.9306,5,aspartic-type endopeptidase activity
B9J08_001959,0.8,GO:0000155,0.9865,7,phosphorelay sensor kinase activity
B9J08_001960,0.8,GO:0000166,0.9839,17,nucleotide binding
B9J08_001968,0.8,GO:0016491,0.9712,1,oxidoreductase activity
B9J08_001968,0.8,GO:0016620,0.9578,4,"oxidoreductase activity, acting on the aldehyde or oxo group of donors, NAD or NADP as acceptor"
B9J08_001968,0.8,GO:0008152,0.9327,5,metabolic process
B9J08_001985,0.8,GO:0102483,0.8068,9,scopolin beta-glucosidase activity
B9J08_001985,0.8,GO:0005975,0.8043,10,carbohydrate metabolic process
B9J08_001987,0.8,GO:0003824,0.8728,4,catalytic activity
B9J08_001989,0.8,GO:0006011,0.8554,11,UDP-glucose metabolic process
B9J08_001997,0.8,GO:0006486,0.8049,18,protein glycosylation
B9J08_001999,0.8,GO:0000166,0.9831,18,nucleotide binding
B9J08_002005,0.8,GO:0030170,0.9674,3,pyridoxal phosphate binding
B9J08_002009,0.8,GO:0005525,0.9704,14,GTP binding
B9J08_002011,0.8,GO:0016491,0.9531,3,oxidoreductase activity
B9J08_002018,0.8,GO:0045454,0.8686,2,cell redox homeostasis
B9J08_002022,0.8,GO:0005634,0.9064,10,nucleus
B9J08_002023,0.8,GO:0017108,0.922,1,5'-flap endonuclease activity
B9J08_002023,0.8,GO:0033557,0.8224,15,Slx1-Slx4 complex
B9J08_002025,0.8,GO:0005524,0.9623,13,ATP binding
B9J08_002026,0.8,GO:0045454,0.9801,6,cell redox homeostasis
B9J08_002026,0.8,GO:0046872,0.9745,8,metal ion binding
B9J08_002026,0.8,GO:2000678,0.9708,10,negative regulation of transcription regulatory region DNA binding
B9J08_002026,0.8,GO:0051536,0.9597,14,iron-sulfur cluster binding
B9J08_002027,0.8,GO:0005634,0.8542,9,nucleus
B9J08_002030,0.8,GO:0006298,0.9924,15,mismatch repair
B9J08_002032,0.8,GO:0016779,0.9101,8,nucleotidyltransferase activity
B9J08_002034,0.8,GO:0016409,0.845,3,palmitoyltransferase activity
B9J08_002041,0.8,GO:0000166,0.9804,4,nucleotide binding
B9J08_002041,0.8,GO:0005524,0.9688,10,ATP binding
B9J08_002042,0.8,GO:0003824,0.9262,3,catalytic activity
B9J08_002043,0.8,GO:0003824,0.9977,9,catalytic activity
B9J08_002043,0.8,GO:0016765,0.9962,11,"transferase activity, transferring alkyl or aryl (other than methyl) groups"
B9J08_002044,0.8,GO:0005524,0.9729,10,ATP binding
B9J08_002051,0.8,GO:0003824,0.9961,17,catalytic activity
B9J08_002053,0.8,GO:0005524,0.9663,16,ATP binding
B9J08_002057,0.8,GO:0008270,0.9874,8,zinc ion binding
B9J08_002060,0.8,GO:0005524,0.9939,6,ATP binding
B9J08_002070,0.8,GO:0016791,0.9096,7,phosphatase activity
B9J08_002070,0.8,GO:0005737,0.8895,10,cytoplasm
B9J08_002072,0.8,GO:0003677,0.9376,6,DNA binding
B9J08_002072,0.8,GO:0046982,0.8778,12,protein heterodimerization activity
B9J08_002072,0.8,GO:0005634,0.8064,20,nucleus
B9J08_002073,0.8,GO:0046982,0.9389,6,protein heterodimerization activity
B9J08_002073,0.8,GO:0006334,0.9137,11,nucleosome assembly
B9J08_002073,0.8,GO:0003677,0.9066,13,DNA binding
B9J08_002074,0.8,GO:0006486,0.9192,20,protein glycosylation
B9J08_002078,0.8,GO:0006807,0.9976,12,nitrogen compound metabolic process
B9J08_002085,0.8,GO:0006325,0.9928,5,chromatin organization
B9J08_002085,0.8,GO:0010468,0.9601,18,regulation of gene expression
B9J08_002088,0.8,GO:0005525,0.9921,6,GTP binding
B9J08_002091,0.8,GO:0045721,0.8601,4,negative regulation of gluconeogenesis
B9J08_002094,0.8,GO:0003676,0.9587,6,nucleic acid binding
B9J08_002094,0.8,GO:0003723,0.9323,8,RNA binding
B9J08_002099,0.8,GO:0016018,0.9205,2,cyclosporin A binding
B9J08_002099,0.8,GO:0003755,0.9042,4,peptidyl-prolyl cis-trans isomerase activity
B9J08_002100,0.8,GO:0016538,0.9743,8,cyclin-dependent protein serine/threonine kinase regulator activity
B9J08_002107,0.8,GO:0003824,0.8162,9,catalytic activity
B9J08_002113,0.8,GO:0000166,0.9804,19,nucleotide binding
B9J08_002114,0.8,GO:0003824,0.8417,2,catalytic activity
B9J08_002117,0.8,GO:0006525,0.978,14,arginine metabolic process
B9J08_002117,0.8,GO:0003824,0.9741,16,catalytic activity
B9J08_002124,0.8,GO:0005524,0.9898,7,ATP binding
B9J08_002136,0.8,GO:0008270,0.9001,10,zinc ion binding
B9J08_002142,0.8,GO:0003755,0.9606,4,peptidyl-prolyl cis-trans isomerase activity
B9J08_002142,0.8,GO:0006457,0.9231,9,protein folding
B9J08_002142,0.8,GO:0016018,0.9063,12,cyclosporin A binding
B9J08_002143,0.8,GO:0045454,0.9447,2,cell redox homeostasis
B9J08_002143,0.8,GO:0004601,0.84,9,peroxidase activity
B9J08_002146,0.8,GO:0005524,0.9927,4,ATP binding
B9J08_002146,0.8,GO:0000166,0.9867,14,nucleotide binding
B9J08_002150,0.8,GO:0000155,0.9863,2,phosphorelay sensor kinase activity
B9J08_002150,0.8,GO:0004673,0.982,5,protein histidine kinase activity
B9J08_002150,0.8,GO:0005524,0.9579,19,ATP binding
B9J08_002162,0.8,GO:0003677,0.8918,19,DNA binding
B9J08_002168,0.8,GO:0022857,0.9286,10,transmembrane transporter activity
B9J08_002168,0.8,GO:0008643,0.8916,13,carbohydrate transport
B9J08_002169,0.8,GO:0005634,0.8991,19,nucleus
B9J08_002169,0.8,GO:0003677,0.8813,20,DNA binding
B9J08_002170,0.8,GO:0005634,0.9566,14,nucleus
B9J08_002170,0.8,GO:0003700,0.9551,16,DNA-binding transcription factor activity
B9J08_002173,0.8,GO:0000166,0.9132,8,nucleotide binding
B9J08_002173,0.8,GO:0016020,0.9039,12,membrane
B9J08_002173,0.8,GO:0015662,0.9037,13,"ion transmembrane transporter activity, phosphorylative mechanism"
B9J08_002173,0.8,GO:0005886,0.8741,19,plasma membrane
B9J08_002173,0.8,GO:0005524,0.8721,20,ATP binding
B9J08_002181,0.8,GO:0046872,0.8621,7,metal ion binding
B9J08_002183,0.8,GO:0005975,0.9265,11,carbohydrate metabolic process
B9J08_002183,0.8,GO:0006032,0.8782,16,chitin catabolic process
B9J08_002183,0.8,GO:0000272,0.8489,18,polysaccharide catabolic process
B9J08_002183,0.8,GO:0004553,0.8139,20,"hydrolase activity, hydrolyzing O-glycosyl compounds"
B9J08_002186,0.8,GO:0022857,0.891,16,transmembrane transporter activity
B9J08_002188,0.8,GO:0003824,0.9033,2,catalytic activity
B9J08_002190,0.8,GO:0005634,0.8117,13,nucleus
B9J08_002193,0.8,GO:0005524,0.9901,10,ATP binding
B9J08_002193,0.8,GO:0000166,0.9901,11,nucleotide binding
B9J08_002194,0.8,GO:0031201,0.9148,18,SNARE complex
B9J08_002197,0.8,GO:0016818,0.9959,4,"hydrolase activity, acting on acid anhydrides, in phosphorus-containing anhydrides"
B9J08_002197,0.8,GO:0005524,0.9832,16,ATP binding
B9J08_002202,0.8,GO:0005886,0.8304,12,plasma membrane
B9J08_002209,0.8,GO:0005524,0.992,12,ATP binding
B9J08_002212,0.8,GO:0005524,0.9888,13,ATP binding
B9J08_002217,0.8,GO:0003677,0.8943,13,DNA binding
B9J08_002217,0.8,GO:0005634,0.8269,19,nucleus
B9J08_002217,0.8,GO:0008270,0.822,20,zinc ion binding
B9J08_002219,0.8,GO:0005634,0.8254,13,nucleus
B9J08_002223,0.8,GO:0005525,0.9924,15,GTP binding
B9J08_002224,0.8,GO:0006260,0.9863,8,DNA replication
B9J08_002227,0.8,GO:0022857,0.8651,8,transmembrane transporter activity
B9J08_002231,0.8,GO:0030976,0.9927,7,thiamine pyrophosphate binding
B9J08_002231,0.8,GO:0047433,0.9884,9,branched-chain-2-oxoacid decarboxylase activity
B9J08_002231,0.8,GO:0000287,0.986,11,magnesium ion binding
B9J08_002231,0.8,GO:0004737,0.9838,13,pyruvate decarboxylase activity
B9J08_002232,0.8,GO:0000166,0.9948,10,nucleotide binding
B9J08_002232,0.8,GO:0005524,0.9937,12,ATP binding
B9J08_002235,0.8,GO:0005524,0.998,11,ATP binding
B9J08_002237,0.8,GO:0022857,0.8979,7,transmembrane transporter activity
B9J08_002238,0.8,GO:0008270,0.9782,14,zinc ion binding
B9J08_002238,0.8,GO:0005634,0.9683,16,nucleus
B9J08_002239,0.8,GO:0022857,0.9373,8,transmembrane transporter activity
B9J08_002239,0.8,GO:0008643,0.8062,18,carbohydrate transport
B9J08_002241,0.8,GO:0022857,0.8753,7,transmembrane transporter activity
B9J08_002243,0.8,GO:0022857,0.8567,6,transmembrane transporter activity
B9J08_002249,0.8,GO:0005886,0.8097,6,plasma membrane
B9J08_002250,0.8,GO:0022857,0.9191,10,transmembrane transporter activity
B9J08_002251,0.8,GO:0022857,0.913,11,transmembrane transporter activity
B9J08_002251,0.8,GO:0008643,0.8,13,carbohydrate transport
B9J08_002253,0.8,GO:0003676,0.9511,4,nucleic acid binding
B9J08_002253,0.8,GO:0003723,0.9254,6,RNA binding
B9J08_002257,0.8,GO:0003824,0.8437,3,catalytic activity
B9J08_002258,0.8,GO:0030026,0.9171,12,cellular manganese ion homeostasis
B9J08_002259,0.8,GO:0022857,0.8211,7,transmembrane transporter activity
B9J08_002264,0.8,GO:0003824,0.9239,2,catalytic activity
B9J08_002264,0.8,GO:0008152,0.8794,6,metabolic process
B9J08_002264,0.8,GO:0006633,0.8009,19,fatty acid biosynthetic process
B9J08_002266,0.8,GO:0003676,0.9152,7,nucleic acid binding
B9J08_002268,0.8,GO:0004298,0.9984,1,threonine-type endopeptidase activity
B9J08_002268,0.8,GO:0004175,0.9891,11,endopeptidase activity
B9J08_002268,0.8,GO:0051603,0.9824,19,proteolysis involved in cellular protein catabolic process
B9J08_002272,0.8,GO:0008233,0.9559,8,peptidase activity
B9J08_002272,0.8,GO:0004177,0.948,9,aminopeptidase activity
B9J08_002276,0.8,GO:0005525,0.9875,9,GTP binding
B9J08_002279,0.8,GO:0003700,0.9924,7,DNA-binding transcription factor activity
B9J08_002279,0.8,GO:0005634,0.9841,13,nucleus
B9J08_002280,0.8,GO:0006865,0.9799,13,amino acid transport
B9J08_002287,0.8,GO:0005525,0.9918,10,GTP binding
B9J08_002292,0.8,GO:0022857,0.8146,7,transmembrane transporter activity
B9J08_002293,0.8,GO:0005524,0.9895,10,ATP binding
B9J08_002298,0.8,GO:0042744,0.9879,4,hydrogen peroxide catabolic process
B9J08_002298,0.8,GO:0020037,0.9836,11,heme binding
B9J08_002298,0.8,GO:0046872,0.9726,18,metal ion binding
B9J08_002301,0.8,GO:0005524,0.9525,13,ATP binding
B9J08_002311,0.8,GO:0005759,0.8855,10,mitochondrial matrix
B9J08_002313,0.8,GO:0006904,0.9715,15,vesicle docking involved in exocytosis
B9J08_002318,0.8,GO:0004525,0.9132,17,ribonuclease III activity
B9J08_002322,0.8,GO:0019904,0.8749,15,protein domain specific binding
B9J08_002323,0.8,GO:0005525,0.9929,11,GTP binding
B9J08_002324,0.8,GO:0003677,0.9874,6,DNA binding
B9J08_002324,0.8,GO:0008270,0.9681,16,zinc ion binding
B9J08_002324,0.8,GO:0005634,0.9347,19,nucleus
B9J08_002325,0.8,GO:0016020,0.9485,7,membrane
B9J08_002327,0.8,GO:0001732,0.9863,3,formation of cytoplasmic translation initiation complex
B9J08_002327,0.8,GO:0016282,0.9798,6,eukaryotic 43S preinitiation complex
B9J08_002327,0.8,GO:0033290,0.9666,13,eukaryotic 48S preinitiation complex
B9J08_002327,0.8,GO:0003743,0.9482,20,translation initiation factor activity
B9J08_002329,0.8,GO:0005524,0.9291,14,ATP binding
B9J08_002339,0.8,GO:0005524,0.9705,13,ATP binding
B9J08_002341,0.8,GO:0046872,0.9851,3,metal ion binding
B9J08_002345,0.8,GO:0015031,0.9671,10,protein transport
B9J08_002346,0.8,GO:0000166,0.9919,10,nucleotide binding
B9J08_002346,0.8,GO:0005524,0.9893,13,ATP binding
B9J08_002349,0.8,GO:0020037,0.9747,11,heme binding
B9J08_002349,0.8,GO:0016491,0.9565,18,oxidoreductase activity
B9J08_002351,0.8,GO:0005524,0.9934,7,ATP binding
B9J08_002363,0.8,GO:0030976,0.9884,2,thiamine pyrophosphate binding
B9J08_002363,0.8,GO:0008152,0.9586,9,metabolic process
B9J08_002363,0.8,GO:0006099,0.9509,11,tricarboxylic acid cycle
B9J08_002363,0.8,GO:0004591,0.9403,13,oxoglutarate dehydrogenase (succinyl-transferring) activity
B9J08_002365,0.8,GO:0005524,0.992,5,ATP binding
B9J08_002366,0.8,GO:0020037,0.9819,2,heme binding
B9J08_002366,0.8,GO:0046872,0.9515,11,metal ion binding
B9J08_002366,0.8,GO:0006979,0.8601,20,response to oxidative stress
B9J08_002367,0.8,GO:0006412,0.9892,20,translation
B9J08_002371,0.8,GO:0015031,0.9354,13,protein transport
B9J08_002388,0.8,GO:0016020,0.8845,7,membrane
B9J08_002388,0.8,GO:0005524,0.8332,11,ATP binding
B9J08_002389,0.8,GO:0005524,0.9864,10,ATP binding
B9J08_002389,0.8,GO:0000166,0.9838,11,nucleotide binding
B9J08_002390,0.8,GO:0005524,0.9701,13,ATP binding
B9J08_002392,0.8,GO:0000032,0.99,13,cell wall mannoprotein biosynthetic process
B9J08_002393,0.8,GO:0003676,0.9805,2,nucleic acid binding
B9J08_002393,0.8,GO:0003723,0.944,6,RNA binding
B9J08_002395,0.8,GO:0051536,0.9718,13,iron-sulfur cluster binding
B9J08_002396,0.8,GO:0031201,0.9238,12,SNARE complex
B9J08_002396,0.8,GO:0005484,0.8795,18,SNAP receptor activity
B9J08_002401,0.8,GO:0005484,0.9555,4,SNAP receptor activity
B9J08_002401,0.8,GO:0031201,0.938,7,SNARE complex
B9J08_002401,0.8,GO:0000149,0.873,18,SNARE binding
B9J08_002401,0.8,GO:0016192,0.8691,19,vesicle-mediated transport
B9J08_002403,0.8,GO:0008017,0.8779,15,microtubule binding
B9J08_002403,0.8,GO:0015631,0.8666,18,tubulin binding
B9J08_002405,0.8,GO:0005524,0.9833,9,ATP binding
B9J08_002406,0.8,GO:0004298,0.9762,3,threonine-type endopeptidase activity
B9J08_002408,0.8,GO:0003824,0.8334,6,catalytic activity
B9J08_002414,0.8,GO:0005525,0.9542,7,GTP binding
B9J08_002420,0.8,GO:0006633,0.9627,18,fatty acid biosynthetic process
B9J08_002421,0.8,GO:0015031,0.8053,7,protein transport
B9J08_002423,0.8,GO:0005634,0.8155,5,nucleus
B9J08_002428,0.8,GO:0008270,0.9458,12,zinc ion binding
B9J08_002428,0.8,GO:0008237,0.9422,13,metallopeptidase activity
B9J08_002428,0.8,GO:0004177,0.8322,19,aminopeptidase activity
B9J08_002429,0.8,GO:0005524,0.9802,18,ATP binding
B9J08_002435,0.8,GO:0022857,0.8061,7,transmembrane transporter activity
B9J08_002440,0.8,GO:0051082,0.9783,2,unfolded protein binding
B9J08_002440,0.8,GO:0006457,0.9394,6,protein folding
B9J08_002443,0.8,GO:0006865,0.9071,13,amino acid transport
B9J08_002443,0.8,GO:0015171,0.8976,14,amino acid transmembrane transporter activity
B9J08_002445,0.8,GO:0005524,0.9973,9,ATP binding
B9J08_002449,0.8,GO:0005525,0.815,13,GTP binding
B9J08_002450,0.8,GO:0051536,0.9475,14,iron-sulfur cluster binding
B9J08_002450,0.8,GO:0016491,0.921,15,oxidoreductase activity
B9J08_002450,0.8,GO:0005747,0.8892,20,mitochondrial respiratory chain complex I
B9J08_002451,0.8,GO:0000166,0.9838,6,nucleotide binding
B9J08_002451,0.8,GO:0005524,0.9812,10,ATP binding
B9J08_002452,0.8,GO:0008152,0.9632,4,metabolic process
B9J08_002453,0.8,GO:0003824,0.9194,10,catalytic activity
B9J08_002453,0.8,GO:0052655,0.9168,11,L-valine transaminase activity
B9J08_002453,0.8,GO:0052656,0.898,15,L-isoleucine transaminase activity
B9J08_002453,0.8,GO:0052654,0.8796,20,L-leucine transaminase activity
B9J08_002456,0.8,GO:0022857,0.8047,12,transmembrane transporter activity
B9J08_002457,0.8,GO:0005524,0.8148,13,ATP binding
B9J08_002461,0.8,GO:0032366,0.841,3,intracellular sterol transport
B9J08_002463,0.8,GO:0046872,0.9238,4,metal ion binding
B9J08_002465,0.8,GO:0022857,0.8126,9,transmembrane transporter activity
B9J08_002469,0.8,GO:0006807,0.9969,11,nitrogen compound metabolic process
B9J08_002469,0.8,GO:0005524,0.996,16,ATP binding
B9J08_002470,0.8,GO:0016020,0.8289,6,membrane
B9J08_002476,0.8,GO:0005634,0.9131,13,nucleus
B9J08_002477,0.8,GO:0005975,0.9213,6,carbohydrate metabolic process
B9J08_002477,0.8,GO:0016868,0.8827,13,"intramolecular transferase activity, phosphotransferases"
B9J08_002478,0.8,GO:0003824,0.9628,15,catalytic activity
B9J08_002479,0.8,GO:0016491,0.8554,3,oxidoreductase activity
B9J08_002480,0.8,GO:0022857,0.9808,7,transmembrane transporter activity
B9J08_002481,0.8,GO:0022857,0.9512,6,transmembrane transporter activity
B9J08_002481,0.8,GO:0008643,0.8308,19,carbohydrate transport
B9J08_002483,0.8,GO:0005524,0.9939,12,ATP binding
B9J08_002484,0.8,GO:0003747,0.9489,9,translation release factor activity
B9J08_002484,0.8,GO:0016149,0.9362,11,"translation release factor activity, codon specific"
B9J08_002484,0.8,GO:0006415,0.8988,15,translational termination
B9J08_002485,0.8,GO:0005886,0.8467,7,plasma membrane
B9J08_002488,0.8,GO:0046872,0.9549,8,metal ion binding
B9J08_002491,0.8,GO:0005524,0.9869,7,ATP binding
B9J08_002491,0.8,GO:0000166,0.9849,10,nucleotide binding
B9J08_002494,0.8,GO:0006886,0.9433,16,intracellular protein transport
B9J08_002495,0.8,GO:0005524,0.9905,12,ATP binding
B9J08_002496,0.8,GO:0005524,0.971,13,ATP binding
B9J08_002497,0.8,GO:0005524,0.9953,11,ATP binding
B9J08_002499,0.8,GO:0016491,0.9433,3,oxidoreductase activity
B9J08_002499,0.8,GO:0050660,0.9128,4,flavin adenine dinucleotide binding
B9J08_002501,0.8,GO:0102341,0.9893,15,3-oxo-lignoceroyl-CoA reductase activity
B9J08_002503,0.8,GO:0007094,0.9457,17,mitotic spindle assembly checkpoint
B9J08_002512,0.8,GO:0016868,0.9728,4,"intramolecular transferase activity, phosphotransferases"
B9J08_002513,0.8,GO:0046872,0.891,11,metal ion binding
B9J08_002519,0.8,GO:0030170,0.8221,12,pyridoxal phosphate binding
B9J08_002521,0.8,GO:0005524,0.9944,17,ATP binding
B9J08_002521,0.8,GO:0006265,0.9938,18,DNA topological change
B9J08_002521,0.8,GO:0003918,0.9937,19,DNA topoisomerase type II (ATP-hydrolyzing) activity
B9J08_002524,0.8,GO:0005634,0.9194,9,nucleus
B9J08_002524,0.8,GO:0008270,0.8209,19,zinc ion binding
B9J08_002531,0.8,GO:0008168,0.8136,11,methyltransferase activity
B9J08_002532,0.8,GO:0005634,0.8509,19,nucleus
B9J08_002544,0.8,GO:0005524,0.9916,15,ATP binding
B9J08_002548,0.8,GO:0015031,0.8026,11,protein transport
B9J08_002550,0.8,GO:0004298,0.9365,13,threonine-type endopeptidase activity
B9J08_002550,0.8,GO:0051603,0.8905,19,proteolysis involved in cellular protein catabolic process
B9J08_002566,0.8,GO:0006096,0.9819,13,glycolytic process
B9J08_002568,0.8,GO:0004298,0.9903,4,threonine-type endopeptidase activity
B9J08_002568,0.8,GO:0051603,0.9666,20,proteolysis involved in cellular protein catabolic process
B9J08_002569,0.8,GO:0003677,0.9989,17,DNA binding
B9J08_002571,0.8,GO:0016787,0.96,18,hydrolase activity
B9J08_002576,0.8,GO:0005634,0.9227,17,nucleus
B9J08_002578,0.8,GO:0022857,0.8446,10,transmembrane transporter activity
B9J08_002582,0.8,GO:0005618,0.9249,3,cell wall
B9J08_002582,0.8,GO:0031225,0.8435,5,anchored component of membrane
B9J08_002583,0.8,GO:0022857,0.8451,7,transmembrane transporter activity
B9J08_002587,0.8,GO:0046872,0.9868,2,metal ion binding
B9J08_002594,0.8,GO:0070403,0.9526,16,NAD+ binding
B9J08_002594,0.8,GO:0034979,0.9245,19,NAD-dependent protein deacetylase activity
B9J08_002596,0.8,GO:0003824,0.8148,8,catalytic activity
B9J08_002597,0.8,GO:0015031,0.9977,20,protein transport
B9J08_002600,0.8,GO:0008152,0.9992,1,metabolic process
B9J08_002600,0.8,GO:0045047,0.9917,9,protein targeting to ER
B9J08_002607,0.8,GO:0005525,0.9928,10,GTP binding
B9J08_002611,0.8,GO:0005524,0.9892,11,ATP binding
B9J08_002618,0.8,GO:0005524,0.9912,12,ATP binding
B9J08_002618,0.8,GO:0006515,0.9898,17,protein quality control for misfolded or incompletely synthesized proteins
B9J08_002619,0.8,GO:0008168,0.906,6,methyltransferase activity
B9J08_002622,0.8,GO:0003735,0.9173,20,structural constituent of ribosome
B9J08_002627,0.8,GO:0016491,0.9641,12,oxidoreductase activity
B9J08_002628,0.8,GO:0008270,0.9542,10,zinc ion binding
B9J08_002628,0.8,GO:0005634,0.9373,14,nucleus
B9J08_002629,0.8,GO:0030976,0.9986,7,thiamine pyrophosphate binding
B9J08_002629,0.8,GO:0000287,0.9936,16,magnesium ion binding
B9J08_002630,0.8,GO:0008519,0.8636,15,ammonium transmembrane transporter activity
B9J08_002630,0.8,GO:0005886,0.8012,18,plasma membrane
B9J08_002632,0.8,GO:0004360,0.983,10,glutamine-fructose-6-phosphate transaminase (isomerizing) activity
B9J08_002632,0.8,GO:0097367,0.9754,12,carbohydrate derivative binding
B9J08_002632,0.8,GO:1901135,0.9688,15,carbohydrate derivative metabolic process
B9J08_002632,0.8,GO:0006002,0.9536,20,fructose 6-phosphate metabolic process
B9J08_002635,0.8,GO:0005525,0.9915,7,GTP binding
B9J08_002635,0.8,GO:0019001,0.9864,14,guanyl nucleotide binding
B9J08_002636,0.8,GO:0003676,0.9151,9,nucleic acid binding
B9J08_002638,0.8,GO:0008612,0.9135,14,peptidyl-lysine modification to peptidyl-hypusine
B9J08_002646,0.8,GO:0022857,0.9595,10,transmembrane transporter activity
B9J08_002646,0.8,GO:0055085,0.8096,19,transmembrane transport
B9J08_002647,0.8,GO:0005634,0.8964,6,nucleus
B9J08_002652,0.8,GO:0005759,0.9095,19,mitochondrial matrix
B9J08_002652,0.8,GO:0006099,0.9058,20,tricarboxylic acid cycle
B9J08_002657,0.8,GO:0016491,0.9351,7,oxidoreductase activity
B9J08_002657,0.8,GO:0008270,0.9085,8,zinc ion binding
B9J08_002659,0.8,GO:0022857,0.9139,7,transmembrane transporter activity
B9J08_002660,0.8,GO:0022857,0.9534,6,transmembrane transporter activity
B9J08_002661,0.8,GO:0006139,0.988,10,nucleobase-containing compound metabolic process
B9J08_002663,0.8,GO:0022857,0.9268,12,transmembrane transporter activity
B9J08_002666,0.8,GO:0015171,0.824,19,amino acid transmembrane transporter activity
B9J08_002668,0.8,GO:0020037,0.9898,7,heme binding
B9J08_002668,0.8,GO:0004497,0.9626,12,monooxygenase activity
B9J08_002668,0.8,GO:0005506,0.9085,15,iron ion binding
B9J08_002669,0.8,GO:0006094,0.9874,5,gluconeogenesis
B9J08_002671,0.8,GO:0006974,0.8454,19,cellular response to DNA damage stimulus
B9J08_002672,0.8,GO:0019888,0.9591,4,protein phosphatase regulator activity
B9J08_002672,0.8,GO:0003755,0.9232,8,peptidyl-prolyl cis-trans isomerase activity
B9J08_002672,0.8,GO:0008160,0.8626,19,protein tyrosine phosphatase activator activity
B9J08_002682,0.8,GO:0005524,0.9953,9,ATP binding
B9J08_002683,0.8,GO:0030170,0.9957,12,pyridoxal phosphate binding
B9J08_002683,0.8,GO:0003824,0.9835,14,catalytic activity
B9J08_002685,0.8,GO:0022857,0.8552,8,transmembrane transporter activity
B9J08_002689,0.8,GO:0006099,0.9914,1,tricarboxylic acid cycle
B9J08_002689,0.8,GO:0046872,0.9853,5,metal ion binding
B9J08_002689,0.8,GO:0051536,0.9767,7,iron-sulfur cluster binding
B9J08_002689,0.8,GO:0016491,0.9741,8,oxidoreductase activity
B9J08_002689,0.8,GO:0051537,0.9075,18,"2 iron, 2 sulfur cluster binding"
B9J08_002691,0.8,GO:0046872,0.9593,3,metal ion binding
B9J08_002691,0.8,GO:0019825,0.9335,7,oxygen binding
B9J08_002691,0.8,GO:0016491,0.8911,11,oxidoreductase activity
B9J08_002691,0.8,GO:0020037,0.8254,15,heme binding
B9J08_002691,0.8,GO:0071949,0.8203,16,FAD binding
B9J08_002701,0.8,GO:0005525,0.9697,17,GTP binding
B9J08_002706,0.8,GO:0005524,0.9834,5,ATP binding
B9J08_002706,0.8,GO:0000166,0.977,11,nucleotide binding
B9J08_002707,0.8,GO:0102205,0.8379,13,cholesterol allpha-glucosyltransferase activity
B9J08_002707,0.8,GO:0016758,0.8265,16,"transferase activity, transferring hexosyl groups"
B9J08_002708,0.8,GO:0009058,0.8552,5,biosynthetic process
B9J08_002710,0.8,GO:0003677,0.965,12,DNA binding
B9J08_002710,0.8,GO:0005634,0.963,13,nucleus
B9J08_002710,0.8,GO:0008270,0.9544,17,zinc ion binding
B9J08_002712,0.8,GO:0045454,0.9941,6,cell redox homeostasis
B9J08_002712,0.8,GO:0003756,0.96,16,protein disulfide isomerase activity
B9J08_002721,0.8,GO:0061711,0.9972,3,N(6)-L-threonylcarbamoyladenine synthase activity
B9J08_002721,0.8,GO:0002949,0.9848,13,tRNA threonylcarbamoyladenosine modification
B9J08_002721,0.8,GO:0070525,0.9774,14,tRNA threonylcarbamoyladenosine metabolic process
B9J08_002733,0.8,GO:0006105,0.9776,19,succinate metabolic process
B9J08_002737,0.8,GO:0016620,0.9169,1,"oxidoreductase activity, acting on the aldehyde or oxo group of donors, NAD or NADP as acceptor"
B9J08_002737,0.8,GO:0016491,0.9101,3,oxidoreductase activity
B9J08_002738,0.8,GO:0005886,0.9071,4,plasma membrane
B9J08_002739,0.8,GO:0005737,0.9132,4,cytoplasm
B9J08_002740,0.8,GO:0005634,0.9432,5,nucleus
B9J08_002746,0.8,GO:0006364,0.8703,17,rRNA processing
B9J08_002748,0.8,GO:0008270,0.893,8,zinc ion binding
B9J08_002749,0.8,GO:0005524,0.9769,7,ATP binding
B9J08_002759,0.8,GO:0051536,0.9793,7,iron-sulfur cluster binding
B9J08_002759,0.8,GO:0016491,0.9705,9,oxidoreductase activity
B9J08_002759,0.8,GO:0008137,0.9229,20,NADH dehydrogenase (ubiquinone) activity
B9J08_002761,0.8,GO:0005975,0.9917,6,carbohydrate metabolic process
B9J08_002764,0.8,GO:0006520,0.9469,14,cellular amino acid metabolic process
B9J08_002767,0.8,GO:0004298,0.9993,1,threonine-type endopeptidase activity
B9J08_002767,0.8,GO:0004175,0.9923,11,endopeptidase activity
B9J08_002767,0.8,GO:0051603,0.9894,16,proteolysis involved in cellular protein catabolic process
B9J08_002769,0.8,GO:0008270,0.9341,10,zinc ion binding
B9J08_002769,0.8,GO:0016491,0.919,13,oxidoreductase activity
B9J08_002772,0.8,GO:0005525,0.9868,10,GTP binding
B9J08_002772,0.8,GO:0003746,0.9769,14,translation elongation factor activity
B9J08_002780,0.8,GO:0003824,0.9325,1,catalytic activity
B9J08_002786,0.8,GO:0006412,0.9163,8,translation
B9J08_002788,0.8,GO:0005524,0.9928,15,ATP binding
B9J08_002792,0.8,GO:0005524,0.9941,12,ATP binding
B9J08_002795,0.8,GO:0022857,0.9116,20,transmembrane transporter activity
B9J08_002806,0.8,GO:0046872,0.8248,15,metal ion binding
B9J08_002809,0.8,GO:0003735,0.9958,10,structural constituent of ribosome
B9J08_002809,0.8,GO:0006412,0.9928,19,translation
B9J08_002813,0.8,GO:0000166,0.9636,9,nucleotide binding
B9J08_002813,0.8,GO:0005524,0.9332,16,ATP binding
B9J08_002816,0.8,GO:0022857,0.9832,16,transmembrane transporter activity
B9J08_002816,0.8,GO:0005342,0.9755,20,organic acid transmembrane transporter activity
B9J08_002818,0.8,GO:0008603,0.9365,6,cAMP-dependent protein kinase regulator activity
B9J08_002818,0.8,GO:0030552,0.9324,7,cAMP binding
B9J08_002819,0.8,GO:0005524,0.9734,13,ATP binding
B9J08_002823,0.8,GO:0000166,0.9903,10,nucleotide binding
B9J08_002823,0.8,GO:0005524,0.9888,11,ATP binding
B9J08_002826,0.8,GO:0000166,0.9911,17,nucleotide binding
B9J08_002829,0.8,GO:0006468,0.9965,2,protein phosphorylation
B9J08_002830,0.8,GO:0016491,0.983,2,oxidoreductase activity
B9J08_002830,0.8,GO:0008152,0.8054,6,metabolic process
B9J08_002831,0.8,GO:0016020,0.9331,6,membrane
B9J08_002831,0.8,GO:0005886,0.8396,13,plasma membrane
B9J08_002832,0.8,GO:0005524,0.989,10,ATP binding
B9J08_002834,0.8,GO:0005634,0.8489,4,nucleus
B9J08_002840,0.8,GO:0005634,0.9376,10,nucleus
B9J08_002847,0.8,GO:0006635,0.9151,19,fatty acid beta-oxidation
B9J08_002849,0.8,GO:0005524,0.9975,12,ATP binding
B9J08_002849,0.8,GO:0004672,0.9913,20,protein kinase activity
B9J08_002851,0.8,GO:0004298,0.9936,1,threonine-type endopeptidase activity
B9J08_002851,0.8,GO:0004175,0.9628,7,endopeptidase activity
B9J08_002851,0.8,GO:0051603,0.944,12,proteolysis involved in cellular protein catabolic process
B9J08_002853,0.8,GO:0003700,0.9561,16,DNA-binding transcription factor activity
B9J08_002853,0.8,GO:0005634,0.9507,18,nucleus
B9J08_002853,0.8,GO:0008270,0.9472,20,zinc ion binding
B9J08_002855,0.8,GO:0000166,0.9977,8,nucleotide binding
B9J08_002855,0.8,GO:0005524,0.9952,14,ATP binding
B9J08_002856,0.8,GO:0006031,0.951,8,chitin biosynthetic process
B9J08_002860,0.8,GO:0006355,0.8863,20,"regulation of transcription, DNA-templated"
B9J08_002863,0.8,GO:0003824,0.8308,5,catalytic activity
B9J08_002864,0.8,GO:0022857,0.8233,8,transmembrane transporter activity
B9J08_002868,0.8,GO:0046872,0.9782,4,metal ion binding
B9J08_002870,0.8,GO:0003824,0.8898,11,catalytic activity
B9J08_002870,0.8,GO:0009058,0.8514,15,biosynthetic process
B9J08_002874,0.8,GO:0016757,0.9499,1,"transferase activity, transferring glycosyl groups"
B9J08_002876,0.8,GO:0005509,0.9685,5,calcium ion binding
B9J08_002881,0.8,GO:0003677,0.8029,13,DNA binding
B9J08_002886,0.8,GO:0022857,0.8246,8,transmembrane transporter activity
B9J08_002891,0.8,GO:0003677,0.9289,7,DNA binding
B9J08_002891,0.8,GO:0003700,0.9238,9,DNA-binding transcription factor activity
B9J08_002891,0.8,GO:0008270,0.9129,11,zinc ion binding
B9J08_002896,0.8,GO:0005524,0.9922,9,ATP binding
B9J08_002903,0.8,GO:0005524,0.9633,11,ATP binding
B9J08_002906,0.8,GO:0015031,0.924,12,protein transport
B9J08_002906,0.8,GO:0008320,0.8907,19,protein transmembrane transporter activity
B9J08_002919,0.8,GO:0006099,0.9164,12,tricarboxylic acid cycle
B9J08_002919,0.8,GO:0003824,0.8997,15,catalytic activity
B9J08_002919,0.8,GO:0006097,0.8702,19,glyoxylate cycle
B9J08_002920,0.8,GO:0045454,0.9378,2,cell redox homeostasis
B9J08_002924,0.8,GO:0008270,0.9567,10,zinc ion binding
B9J08_002924,0.8,GO:0005634,0.867,19,nucleus
B9J08_002930,0.8,GO:0005634,0.9055,12,nucleus
B9J08_002931,0.8,GO:0008270,0.911,11,zinc ion binding
B9J08_002931,0.8,GO:0005634,0.9072,14,nucleus
B9J08_002931,0.8,GO:0003677,0.8868,16,DNA binding
B9J08_002940,0.8,GO:0005524,0.982,12,ATP binding
B9J08_002940,0.8,GO:0004672,0.9702,19,protein kinase activity
B9J08_002943,0.8,GO:0008168,0.8323,18,methyltransferase activity
B9J08_002948,0.8,GO:0032865,0.9963,16,ERMES complex
B9J08_002953,0.8,GO:0015031,0.9394,2,protein transport
B9J08_002959,0.8,GO:0003677,0.9123,5,DNA binding
B9J08_002960,0.8,GO:0046872,0.9599,6,metal ion binding
B9J08_002960,0.8,GO:0017183,0.9523,7,peptidyl-diphthamide biosynthetic process from peptidyl-histidine
B9J08_002965,0.8,GO:0015171,0.9097,13,amino acid transmembrane transporter activity
B9J08_002967,0.8,GO:0005524,0.9414,16,ATP binding
B9J08_002969,0.8,GO:0005525,0.9902,10,GTP binding
B9J08_002972,0.8,GO:0046872,0.9444,3,metal ion binding
B9J08_002974,0.8,GO:0022857,0.8474,12,transmembrane transporter activity
B9J08_002977,0.8,GO:0005524,0.929,13,ATP binding
B9J08_002983,0.8,GO:0005525,0.9919,6,GTP binding
B9J08_002983,0.8,GO:0000166,0.9716,17,nucleotide binding
B9J08_002985,0.8,GO:0005634,0.8373,6,nucleus
B9J08_002986,0.8,GO:0003824,0.9691,6,catalytic activity
B9J08_002986,0.8,GO:0005975,0.9572,8,carbohydrate metabolic process
B9J08_002987,0.8,GO:0005515,0.811,5,protein binding
B9J08_002992,0.8,GO:0005576,0.8348,7,extracellular region
B9J08_002994,0.8,GO:0005524,0.9803,17,ATP binding
B9J08_002995,0.8,GO:0000103,0.9765,12,sulfate assimilation
B9J08_002997,0.8,GO:0006811,0.9906,7,ion transport
B9J08_002997,0.8,GO:0016491,0.9715,20,oxidoreductase activity
B9J08_003001,0.8,GO:0000145,0.835,5,exocyst
B9J08_003007,0.8,GO:0031267,0.8306,10,small GTPase binding
B9J08_003009,0.8,GO:0005524,0.9635,17,ATP binding
B9J08_003010,0.8,GO:0003723,0.8081,6,RNA binding
B9J08_003017,0.8,GO:0006810,0.881,7,transport
B9J08_003017,0.8,GO:0022857,0.8483,9,transmembrane transporter activity
B9J08_003023,0.8,GO:0003735,0.8855,20,structural constituent of ribosome
B9J08_003028,0.8,GO:0070072,0.8914,20,vacuolar proton-transporting V-type ATPase complex assembly
B9J08_003030,0.8,GO:0050567,0.8847,17,glutaminyl-tRNA synthase (glutamine-hydrolyzing) activity
B9J08_003036,0.8,GO:0022857,0.8824,7,transmembrane transporter activity
B9J08_003049,0.8,GO:0022857,0.9087,8,transmembrane transporter activity
B9J08_003053,0.8,GO:0003676,0.9708,4,nucleic acid binding
B9J08_003053,0.8,GO:0003723,0.9376,6,RNA binding
B9J08_003055,0.8,GO:0016282,0.9975,1,eukaryotic 43S preinitiation complex
B9J08_003055,0.8,GO:0033290,0.9934,7,eukaryotic 48S preinitiation complex
B9J08_003055,0.8,GO:0001732,0.9881,15,formation of cytoplasmic translation initiation complex
B9J08_003060,0.8,GO:0003676,0.9879,5,nucleic acid binding
B9J08_003060,0.8,GO:0005634,0.8206,11,nucleus
B9J08_003069,0.8,GO:0006886,0.9012,17,intracellular protein transport
B9J08_003076,0.8,GO:0006886,0.9638,16,intracellular protein transport
B9J08_003078,0.8,GO:0009116,0.9959,8,nucleoside metabolic process
B9J08_003088,0.8,GO:0016491,0.9287,1,oxidoreductase activity
B9J08_003092,0.8,GO:0016757,0.9551,16,"transferase activity, transferring glycosyl groups"
B9J08_003094,0.8,GO:0005524,0.9982,8,ATP binding
B9J08_003094,0.8,GO:0016818,0.9975,13,"hydrolase activity, acting on acid anhydrides, in phosphorus-containing anhydrides"
B9J08_003095,0.8,GO:0003676,0.9625,8,nucleic acid binding
B9J08_003098,0.8,GO:0008168,0.8733,18,methyltransferase activity
B9J08_003104,0.8,GO:0005525,0.986,12,GTP binding
B9J08_003105,0.8,GO:0006520,0.9907,14,cellular amino acid metabolic process
B9J08_003114,0.8,GO:0005524,0.9964,10,ATP binding
B9J08_003120,0.8,GO:0005975,0.9943,5,carbohydrate metabolic process
B9J08_003120,0.8,GO:0003824,0.9749,6,catalytic activity
B9J08_003120,0.8,GO:0005576,0.8233,20,extracellular region
B9J08_003123,0.8,GO:0006486,0.9203,10,protein glycosylation
B9J08_003123,0.8,GO:0000032,0.8841,19,cell wall mannoprotein biosynthetic process
B9J08_003125,0.8,GO:0016765,0.9234,19,"transferase activity, transferring alkyl or aryl (other than methyl) groups"
B9J08_003127,0.8,GO:0003735,0.9611,7,structural constituent of ribosome
B9J08_003130,0.8,GO:0005525,0.9884,11,GTP binding
B9J08_003132,0.8,GO:0005524,0.9882,15,ATP binding
B9J08_003134,0.8,GO:0022857,0.8711,9,transmembrane transporter activity
B9J08_003141,0.8,GO:0008168,0.9226,5,methyltransferase activity
B9J08_003142,0.8,GO:0046907,0.87,15,intracellular transport
B9J08_003155,0.8,GO:0005634,0.845,9,nucleus
B9J08_003156,0.8,GO:0005524,0.9515,9,ATP binding
B9J08_003167,0.8,GO:0016491,0.8662,4,oxidoreductase activity
B9J08_003172,0.8,GO:0000166,0.9881,10,nucleotide binding
B9J08_003172,0.8,GO:0005524,0.9877,11,ATP binding
B9J08_003173,0.8,GO:0016020,0.8486,7,membrane
B9J08_003176,0.8,GO:0005737,0.8153,4,cytoplasm
B9J08_003177,0.8,GO:0017183,0.9991,2,peptidyl-diphthamide biosynthetic process from peptidyl-histidine
B9J08_003178,0.8,GO:0015031,0.8474,14,protein transport
B9J08_003180,0.8,GO:0006099,0.9391,16,tricarboxylic acid cycle
B9J08_003180,0.8,GO:0006102,0.9337,19,isocitrate metabolic process
B9J08_003196,0.8,GO:0005524,0.9435,8,ATP binding
B9J08_003201,0.8,GO:0003676,0.8686,7,nucleic acid binding
B9J08_003202,0.8,GO:0022857,0.906,7,transmembrane transporter activity
B9J08_003210,0.8,GO:0003723,0.8011,15,RNA binding
B9J08_003213,0.8,GO:0006865,0.9197,16,amino acid transport
B9J08_003215,0.8,GO:0016491,0.969,14,oxidoreductase activity
B9J08_003215,0.8,GO:0004128,0.904,20,"cytochrome-b5 reductase activity, acting on NAD(P)H"
B9J08_003219,0.8,GO:0030170,0.9209,6,pyridoxal phosphate binding
B9J08_003219,0.8,GO:0008483,0.8955,16,transaminase activity
B9J08_003220,0.8,GO:0005525,0.8721,19,GTP binding
B9J08_003227,0.8,GO:0008270,0.9517,12,zinc ion binding
B9J08_003228,0.8,GO:0008152,0.9315,7,metabolic process
B9J08_003229,0.8,GO:0005634,0.877,10,nucleus
B9J08_003232,0.8,GO:0006751,0.8982,13,glutathione catabolic process
B9J08_003238,0.8,GO:0005525,0.9888,14,GTP binding
B9J08_003240,0.8,GO:0004609,0.9918,7,phosphatidylserine decarboxylase activity
B9J08_003243,0.8,GO:0000815,0.9434,20,ESCRT III complex
B9J08_003244,0.8,GO:0031201,0.9832,3,SNARE complex
B9J08_003244,0.8,GO:0005484,0.9797,6,SNAP receptor activity
B9J08_003245,0.8,GO:0005525,0.9975,13,GTP binding
B9J08_003250,0.8,GO:0030295,0.9766,13,protein kinase activator activity
B9J08_003251,0.8,GO:0004553,0.993,9,"hydrolase activity, hydrolyzing O-glycosyl compounds"
B9J08_003251,0.8,GO:0005576,0.956,15,extracellular region
B9J08_003261,0.8,GO:0045041,0.8274,5,protein import into mitochondrial intermembrane space
B9J08_003262,0.8,GO:0005525,0.9893,10,GTP binding
B9J08_003263,0.8,GO:0005484,0.992,1,SNAP receptor activity
B9J08_003263,0.8,GO:0031201,0.9713,9,SNARE complex
B9J08_003263,0.8,GO:0006906,0.9627,12,vesicle fusion
B9J08_003267,0.8,GO:0008270,0.9769,7,zinc ion binding
B9J08_003267,0.8,GO:0016491,0.9281,12,oxidoreductase activity
B9J08_003268,0.8,GO:0016491,0.8511,3,oxidoreductase activity
B9J08_003269,0.8,GO:0003677,0.9209,9,DNA binding
B9J08_003269,0.8,GO:0008270,0.8245,16,zinc ion binding
B9J08_003272,0.8,GO:0046872,0.9823,6,metal ion binding
B9J08_003274,0.8,GO:0003735,0.85,16,structural constituent of ribosome
B9J08_003275,0.8,GO:0006915,0.9362,8,apoptotic process
B9J08_003276,0.8,GO:0004645,0.8854,1,phosphorylase activity
B9J08_003276,0.8,GO:0102250,0.8653,2,linear malto-oligosaccharide phosphorylase activity
B9J08_003276,0.8,GO:0102499,0.8241,4,SHG alpha-glucan phosphorylase activity
B9J08_003276,0.8,GO:0008184,0.8212,5,glycogen phosphorylase activity
B9J08_003280,0.8,GO:0005634,0.936,12,nucleus
B9J08_003280,0.8,GO:0003700,0.9239,13,DNA-binding transcription factor activity
B9J08_003282,0.8,GO:0003676,0.8632,10,nucleic acid binding
B9J08_003285,0.8,GO:0000062,0.8758,13,fatty-acyl-CoA binding
B9J08_003290,0.8,GO:0005524,0.992,9,ATP binding
B9J08_003290,0.8,GO:0000166,0.9908,11,nucleotide binding
B9J08_003292,0.8,GO:0016491,0.8295,3,oxidoreductase activity
B9J08_003293,0.8,GO:0008033,0.9951,10,tRNA processing
B9J08_003293,0.8,GO:0016779,0.9894,17,nucleotidyltransferase activity
B9J08_003294,0.8,GO:0016282,0.8735,4,eukaryotic 43S preinitiation complex
B9J08_003294,0.8,GO:0033290,0.8686,5,eukaryotic 48S preinitiation complex
B9J08_003296,0.8,GO:0006499,0.9611,13,N-terminal protein myristoylation
B9J08_003296,0.8,GO:0004379,0.9572,14,glycylpeptide N-tetradecanoyltransferase activity
B9J08_003299,0.8,GO:0005509,0.9782,13,calcium ion binding
B9J08_003299,0.8,GO:0005515,0.9778,14,protein binding
B9J08_003300,0.8,GO:0016020,0.9061,9,membrane
B9J08_003301,0.8,GO:0005634,0.8609,20,nucleus
B9J08_003306,0.8,GO:0006096,0.9985,5,glycolytic process
B9J08_003313,0.8,GO:0006412,0.9564,20,translation
B9J08_003319,0.8,GO:0046872,0.999,8,metal ion binding
B9J08_003322,0.8,GO:0046872,0.982,1,metal ion binding
B9J08_003323,0.8,GO:0000166,0.9852,5,nucleotide binding
B9J08_003323,0.8,GO:0005524,0.9839,8,ATP binding
B9J08_003326,0.8,GO:0005524,0.9762,16,ATP binding
B9J08_003327,0.8,GO:0005525,0.991,9,GTP binding
B9J08_003329,0.8,GO:0016491,0.9837,15,oxidoreductase activity
B9J08_003330,0.8,GO:0000166,0.9948,15,nucleotide binding
B9J08_003330,0.8,GO:0005524,0.9933,19,ATP binding
B9J08_003331,0.8,GO:0003735,0.9307,20,structural constituent of ribosome
B9J08_003338,0.8,GO:0006260,0.9411,18,DNA replication
B9J08_003341,0.8,GO:0046873,0.965,12,metal ion transmembrane transporter activity
B9J08_003341,0.8,GO:0030001,0.9584,18,metal ion transport
B9J08_003349,0.8,GO:0004834,0.8543,3,tryptophan synthase activity
B9J08_003354,0.8,GO:0006623,0.9918,2,protein targeting to vacuole
B9J08_003354,0.8,GO:0015031,0.9858,3,protein transport
B9J08_003354,0.8,GO:0045053,0.9857,4,protein retention in Golgi apparatus
B9J08_003355,0.8,GO:0005524,0.9792,16,ATP binding
B9J08_003356,0.8,GO:0005524,0.9841,16,ATP binding
B9J08_003359,0.8,GO:0005525,0.9807,9,GTP binding
B9J08_003361,0.8,GO:0005525,0.9794,19,GTP binding
B9J08_003364,0.8,GO:0005524,0.9935,10,ATP binding
B9J08_003365,0.8,GO:0006085,0.9948,17,acetyl-CoA biosynthetic process
B9J08_003365,0.8,GO:0016208,0.9945,19,AMP binding
B9J08_003368,0.8,GO:0003677,0.9376,6,DNA binding
B9J08_003368,0.8,GO:0046982,0.8778,12,protein heterodimerization activity
B9J08_003368,0.8,GO:0005634,0.8064,20,nucleus
B9J08_003369,0.8,GO:0046982,0.9389,6,protein heterodimerization activity
B9J08_003369,0.8,GO:0006334,0.9137,11,nucleosome assembly
B9J08_003369,0.8,GO:0003677,0.9066,13,DNA binding
B9J08_003371,0.8,GO:0006096,0.9891,5,glycolytic process
B9J08_003371,0.8,GO:0003824,0.9491,19,catalytic activity
B9J08_003372,0.8,GO:0005634,0.8552,5,nucleus
B9J08_003374,0.8,GO:0019752,0.9855,10,carboxylic acid metabolic process
B9J08_003374,0.8,GO:0003824,0.9833,11,catalytic activity
B9J08_003374,0.8,GO:0006097,0.9666,13,glyoxylate cycle
B9J08_003376,0.8,GO:0005524,0.9782,12,ATP binding
B9J08_003382,0.8,GO:0003676,0.9321,16,nucleic acid binding
B9J08_003383,0.8,GO:0016787,0.9922,1,hydrolase activity
B9J08_003387,0.8,GO:0005515,0.9682,8,protein binding
B9J08_003387,0.8,GO:0008017,0.9643,9,microtubule binding
B9J08_003387,0.8,GO:0005874,0.9524,14,microtubule
B9J08_003387,0.8,GO:0051301,0.9269,17,cell division
B9J08_003392,0.8,GO:0005886,0.8127,6,plasma membrane
B9J08_003401,0.8,GO:0005216,0.9797,6,ion channel activity
B9J08_003405,0.8,GO:0008168,0.9382,13,methyltransferase activity
B9J08_003407,0.8,GO:0008270,0.9014,20,zinc ion binding
B9J08_003414,0.8,GO:0005524,0.9894,8,ATP binding
B9J08_003416,0.8,GO:0048038,0.8854,13,quinone binding
B9J08_003416,0.8,GO:0051287,0.8129,18,NAD binding
B9J08_003424,0.8,GO:0005524,0.9984,9,ATP binding
B9J08_003425,0.8,GO:0003677,0.9053,3,DNA binding
B9J08_003425,0.8,GO:0046983,0.8843,6,protein dimerization activity
B9J08_003425,0.8,GO:0003899,0.8341,11,DNA-directed 5'-3' RNA polymerase activity
B9J08_003428,0.8,GO:0003677,0.9548,8,DNA binding
B9J08_003430,0.8,GO:0005525,0.9964,18,GTP binding
B9J08_003432,0.8,GO:0016282,0.9993,1,eukaryotic 43S preinitiation complex
B9J08_003432,0.8,GO:0001732,0.9989,3,formation of cytoplasmic translation initiation complex
B9J08_003432,0.8,GO:0033290,0.9982,5,eukaryotic 48S preinitiation complex
B9J08_003432,0.8,GO:0003743,0.9947,14,translation initiation factor activity
B9J08_003432,0.8,GO:0005852,0.9929,18,eukaryotic translation initiation factor 3 complex
B9J08_003435,0.8,GO:0004298,0.9592,5,threonine-type endopeptidase activity
B9J08_003435,0.8,GO:0008233,0.9246,13,peptidase activity
B9J08_003435,0.8,GO:0004175,0.8918,17,endopeptidase activity
B9J08_003436,0.8,GO:0019706,0.9924,2,protein-cysteine S-palmitoyltransferase activity
B9J08_003436,0.8,GO:0016409,0.9609,9,palmitoyltransferase activity
B9J08_003437,0.8,GO:0045454,0.9792,1,cell redox homeostasis
B9J08_003437,0.8,GO:0004601,0.924,13,peroxidase activity
B9J08_003437,0.8,GO:0016209,0.905,15,antioxidant activity
B9J08_003437,0.8,GO:0051920,0.8459,18,peroxiredoxin activity
B9J08_003437,0.8,GO:0016491,0.8427,19,oxidoreductase activity
B9J08_003441,0.8,GO:0005524,0.9598,16,ATP binding
B9J08_003442,0.8,GO:0004601,0.8123,8,peroxidase activity
B9J08_003444,0.8,GO:0004725,0.8622,14,protein tyrosine phosphatase activity
B9J08_003444,0.8,GO:0016791,0.843,17,phosphatase activity
B9J08_003446,0.8,GO:0005525,0.993,7,GTP binding
B9J08_003449,0.8,GO:0009331,0.998,2,glycerol-3-phosphate dehydrogenase complex
B9J08_003449,0.8,GO:0046168,0.9968,3,glycerol-3-phosphate catabolic process
B9J08_003449,0.8,GO:0006072,0.9888,6,glycerol-3-phosphate metabolic process
B9J08_003452,0.8,GO:0008483,0.9747,4,transaminase activity
B9J08_003452,0.8,GO:0009448,0.9231,15,gamma-aminobutyric acid metabolic process
B9J08_003453,0.8,GO:0005524,0.9891,8,ATP binding
B9J08_003458,0.8,GO:0046872,0.9969,3,metal ion binding
B9J08_003462,0.8,GO:0005778,0.8258,15,peroxisomal membrane
B9J08_003465,0.8,GO:0022857,0.8253,8,transmembrane transporter activity
B9J08_003466,0.8,GO:0003824,0.9881,1,catalytic activity
B9J08_003466,0.8,GO:0016491,0.9746,3,oxidoreductase activity
B9J08_003466,0.8,GO:0006099,0.9323,8,tricarboxylic acid cycle
B9J08_003466,0.8,GO:0006108,0.9112,9,malate metabolic process
B9J08_003466,0.8,GO:0016615,0.9026,10,malate dehydrogenase activity
B9J08_003466,0.8,GO:0019752,0.8748,11,carboxylic acid metabolic process
B9J08_003466,0.8,GO:0030060,0.853,14,L-malate dehydrogenase activity
B9J08_003473,0.8,GO:0016020,0.8059,12,membrane
B9J08_003479,0.8,GO:0008270,0.847,16,zinc ion binding
B9J08_003479,0.8,GO:0005634,0.83,18,nucleus
B9J08_003482,0.8,GO:0019706,0.9909,3,protein-cysteine S-palmitoyltransferase activity
B9J08_003482,0.8,GO:0016409,0.9495,8,palmitoyltransferase activity
B9J08_003482,0.8,GO:0018230,0.9382,11,peptidyl-L-cysteine S-palmitoylation
B9J08_003486,0.8,GO:0004620,0.9664,13,phospholipase activity
B9J08_003490,0.8,GO:0006465,0.9797,19,signal peptide processing
B9J08_003490,0.8,GO:0008233,0.9752,20,peptidase activity
B9J08_003496,0.8,GO:0015031,0.8811,11,protein transport
B9J08_003496,0.8,GO:0006914,0.8627,15,autophagy
B9J08_003498,0.8,GO:0003676,0.862,20,nucleic acid binding
B9J08_003503,0.8,GO:0003676,0.938,4,nucleic acid binding
B9J08_003504,0.8,GO:0043169,0.9687,10,cation binding
B9J08_003504,0.8,GO:0046872,0.9535,14,metal ion binding
B9J08_003509,0.8,GO:0046872,0.8582,17,metal ion binding
B9J08_003512,0.8,GO:0005524,0.9904,11,ATP binding
B9J08_003517,0.8,GO:0030170,0.9982,10,pyridoxal phosphate binding
B9J08_003524,0.8,GO:0016491,0.8358,5,oxidoreductase activity
B9J08_003531,0.8,GO:0030170,0.9995,10,pyridoxal phosphate binding
B9J08_003535,0.8,GO:0005524,0.9899,14,ATP binding
B9J08_003540,0.8,GO:0022857,0.912,6,transmembrane transporter activity
B9J08_003540,0.8,GO:0016020,0.896,8,membrane
B9J08_003544,0.8,GO:0005743,0.8428,19,mitochondrial inner membrane
B9J08_003546,0.8,GO:0005634,0.9708,8,nucleus
B9J08_003553,0.8,GO:0003824,0.8731,11,catalytic activity
B9J08_003560,0.8,GO:0006412,0.977,14,translation
B9J08_003562,0.8,GO:0003676,0.8779,20,nucleic acid binding
B9J08_003563,0.8,GO:0016491,0.9695,6,oxidoreductase activity
B9J08_003563,0.8,GO:0008270,0.8379,14,zinc ion binding
B9J08_003569,0.8,GO:0016407,0.8898,6,acetyltransferase activity
B9J08_003578,0.8,GO:0006511,0.9437,19,ubiquitin-dependent protein catabolic process
B9J08_003581,0.8,GO:0016787,0.8289,5,hydrolase activity
B9J08_003583,0.8,GO:0043087,0.899,16,regulation of GTPase activity
B9J08_003585,0.8,GO:0008270,0.8349,18,zinc ion binding
B9J08_003585,0.8,GO:0005634,0.8233,20,nucleus
B9J08_003588,0.8,GO:0046872,0.8875,10,metal ion binding
B9J08_003590,0.8,GO:0003676,0.9657,5,nucleic acid binding
B9J08_003593,0.8,GO:0046872,0.8513,6,metal ion binding
B9J08_003594,0.8,GO:0101005,0.9349,19,ubiquitinyl hydrolase activity
B9J08_003596,0.8,GO:0006412,0.8927,20,translation
B9J08_003599,0.8,GO:0005525,0.9928,10,GTP binding
B9J08_003604,0.8,GO:0005524,0.994,13,ATP binding
B9J08_003609,0.8,GO:0006546,0.9915,3,glycine catabolic process
B9J08_003609,0.8,GO:0006544,0.987,10,glycine metabolic process
B9J08_003610,0.8,GO:0003746,0.9936,15,translation elongation factor activity
B9J08_003610,0.8,GO:0005525,0.9922,20,GTP binding
B9J08_003614,0.8,GO:0008270,0.9811,3,zinc ion binding
B9J08_003614,0.8,GO:0016491,0.9429,11,oxidoreductase activity
B9J08_003614,0.8,GO:0005737,0.835,13,cytoplasm
B9J08_003618,0.8,GO:0004725,0.8784,7,protein tyrosine phosphatase activity
B9J08_003621,0.8,GO:0009395,0.909,20,phospholipid catabolic process
B9J08_003632,0.8,GO:0030955,0.9987,1,potassium ion binding
B9J08_003632,0.8,GO:0005524,0.9777,16,ATP binding
B9J08_003640,0.8,GO:0005515,0.8182,3,protein binding
B9J08_003641,0.8,GO:0050660,0.8622,7,flavin adenine dinucleotide binding
B9J08_003646,0.8,GO:0006520,0.9593,18,cellular amino acid metabolic process
B9J08_003650,0.8,GO:0006457,0.9887,2,protein folding
B9J08_003650,0.8,GO:0003755,0.9859,4,peptidyl-prolyl cis-trans isomerase activity
B9J08_003650,0.8,GO:0016018,0.9728,7,cyclosporin A binding
B9J08_003657,0.8,GO:0055085,0.8565,17,transmembrane transport
B9J08_003657,0.8,GO:0030001,0.856,18,metal ion transport
B9J08_003660,0.8,GO:0003676,0.942,5,nucleic acid binding
B9J08_003660,0.8,GO:0003723,0.9101,9,RNA binding
B9J08_003662,0.8,GO:0046872,0.8303,5,metal ion binding
B9J08_003663,0.8,GO:0000166,0.9807,8,nucleotide binding
B9J08_003663,0.8,GO:0005524,0.9782,10,ATP binding
B9J08_003664,0.8,GO:0005634,0.8113,9,nucleus
B9J08_003665,0.8,GO:0016301,0.9741,15,kinase activity
B9J08_003667,0.8,GO:0005525,0.9922,13,GTP binding
B9J08_003677,0.8,GO:0006412,0.9735,20,translation
B9J08_003680,0.8,GO:0016787,0.8193,2,hydrolase activity
B9J08_003681,0.8,GO:0004128,0.9743,8,"cytochrome-b5 reductase activity, acting on NAD(P)H"
B9J08_003681,0.8,GO:0005741,0.9607,12,mitochondrial outer membrane
B9J08_003682,0.8,GO:0005524,0.9251,9,ATP binding
B9J08_003684,0.8,GO:0009331,0.9979,7,glycerol-3-phosphate dehydrogenase complex
B9J08_003684,0.8,GO:0006072,0.9976,8,glycerol-3-phosphate metabolic process
B9J08_003684,0.8,GO:0046168,0.9969,9,glycerol-3-phosphate catabolic process
B9J08_003688,0.8,GO:0005524,0.9914,15,ATP binding
B9J08_003689,0.8,GO:0046872,0.9821,4,metal ion binding
B9J08_003690,0.8,GO:0016020,0.9101,18,membrane
B9J08_003699,0.8,GO:0005743,0.8593,14,mitochondrial inner membrane
B9J08_003708,0.8,GO:0000166,0.9876,19,nucleotide binding
B9J08_003711,0.8,GO:0003677,0.8904,10,DNA binding
B9J08_003712,0.8,GO:0005634,0.827,10,nucleus
B9J08_003713,0.8,GO:0046872,0.9327,19,metal ion binding
B9J08_003719,0.8,GO:0005743,0.8715,16,mitochondrial inner membrane
B9J08_003720,0.8,GO:0005524,0.9626,8,ATP binding
B9J08_003722,0.8,GO:0003824,0.9507,4,catalytic activity
B9J08_003722,0.8,GO:0046912,0.9137,8,"transferase activity, transferring acyl groups, acyl groups converted into alkyl on transfer"
B9J08_003724,0.8,GO:0005524,0.9412,10,ATP binding
B9J08_003726,0.8,GO:0005524,0.9923,14,ATP binding
B9J08_003727,0.8,GO:0005524,0.9789,7,ATP binding
B9J08_003728,0.8,GO:0005524,0.9551,14,ATP binding
B9J08_003730,0.8,GO:0016747,0.869,4,"transferase activity, transferring acyl groups other than amino-acyl groups"
B9J08_003730,0.8,GO:0016746,0.8544,5,"transferase activity, transferring acyl groups"
B9J08_003730,0.8,GO:0003988,0.8541,6,acetyl-CoA C-acyltransferase activity
B9J08_003732,0.8,GO:0005524,0.995,9,ATP binding
B9J08_003734,0.8,GO:0015171,0.8224,15,amino acid transmembrane transporter activity
B9J08_003735,0.8,GO:0005524,0.9709,15,ATP binding
B9J08_003736,0.8,GO:0005524,0.9771,14,ATP binding
B9J08_003737,0.8,GO:0016491,0.9832,16,oxidoreductase activity
B9J08_003738,0.8,GO:0004418,0.9872,15,hydroxymethylbilane synthase activity
B9J08_003743,0.8,GO:0016020,0.9829,2,membrane
B9J08_003748,0.8,GO:0005524,0.9845,19,ATP binding
B9J08_003754,0.8,GO:0006810,0.9922,13,transport
B9J08_003754,0.8,GO:0022857,0.9806,17,transmembrane transporter activity
B9J08_003755,0.8,GO:0003735,0.981,17,structural constituent of ribosome
B9J08_003756,0.8,GO:0006414,0.9326,19,translational elongation
B9J08_003756,0.8,GO:0003735,0.9314,20,structural constituent of ribosome
B9J08_003763,0.8,GO:0016491,0.9303,1,oxidoreductase activity
B9J08_003764,0.8,GO:0005524,0.9722,17,ATP binding
B9J08_003765,0.8,GO:0005524,0.888,16,ATP binding
B9J08_003768,0.8,GO:0009987,0.9279,12,cellular process
B9J08_003771,0.8,GO:0005524,0.9286,13,ATP binding
B9J08_003772,0.8,GO:0005634,0.8153,13,nucleus
B9J08_003773,0.8,GO:0006904,0.8047,8,vesicle docking involved in exocytosis
B9J08_003775,0.8,GO:0005525,0.9748,9,GTP binding
B9J08_003775,0.8,GO:0000166,0.9655,13,nucleotide binding
B9J08_003778,0.8,GO:0000166,0.9394,11,nucleotide binding
B9J08_003778,0.8,GO:0005524,0.9261,19,ATP binding
B9J08_003784,0.8,GO:0000166,0.9857,5,nucleotide binding
B9J08_003784,0.8,GO:0005524,0.9824,8,ATP binding
B9J08_003787,0.8,GO:0004298,0.9665,3,threonine-type endopeptidase activity
B9J08_003791,0.8,GO:0035999,0.9995,8,tetrahydrofolate interconversion
B9J08_003791,0.8,GO:0006730,0.9992,11,one-carbon metabolic process
B9J08_003791,0.8,GO:0004372,0.9991,13,glycine hydroxymethyltransferase activity
B9J08_003791,0.8,GO:0019264,0.9989,16,glycine biosynthetic process from serine
B9J08_003792,0.8,GO:0005524,0.9782,9,ATP binding
B9J08_003793,0.8,GO:0004180,0.877,17,carboxypeptidase activity
B9J08_003795,0.8,GO:0005524,0.9918,18,ATP binding
B9J08_003799,0.8,GO:0003824,0.9776,2,catalytic activity
B9J08_003799,0.8,GO:0071555,0.954,9,cell wall organization
B9J08_003799,0.8,GO:0005975,0.9412,11,carbohydrate metabolic process
B9J08_003800,0.8,GO:0101005,0.9056,16,ubiquitinyl hydrolase activity
B9J08_003801,0.8,GO:0009058,0.9913,11,biosynthetic process
B9J08_003804,0.8,GO:0005758,0.9914,4,mitochondrial intermembrane space
B9J08_003804,0.8,GO:0046872,0.9817,13,metal ion binding
B9J08_003808,0.8,GO:0005524,0.9904,6,ATP binding
B9J08_003808,0.8,GO:0000166,0.989,9,nucleotide binding
B9J08_003816,0.8,GO:0005737,0.9588,6,cytoplasm
B9J08_003816,0.8,GO:0005634,0.912,8,nucleus
B9J08_003816,0.8,GO:0019888,0.8329,20,protein phosphatase regulator activity
B9J08_003817,0.8,GO:0000166,0.9477,6,nucleotide binding
B9J08_003817,0.8,GO:0005524,0.9136,17,ATP binding
B9J08_003819,0.8,GO:0016491,0.9994,1,oxidoreductase activity
B9J08_003819,0.8,GO:0050660,0.9915,10,flavin adenine dinucleotide binding
B9J08_003819,0.8,GO:0016668,0.9505,20,"oxidoreductase activity, acting on a sulfur group of donors, NAD(P) as acceptor"
B9J08_003822,0.8,GO:0005524,0.9937,9,ATP binding
B9J08_003824,0.8,GO:0005875,0.8461,20,microtubule associated complex
B9J08_003829,0.8,GO:0004672,0.9816,10,protein kinase activity
B9J08_003829,0.8,GO:0005524,0.9797,13,ATP binding
B9J08_003832,0.8,GO:0000166,0.982,4,nucleotide binding
B9J08_003832,0.8,GO:0005524,0.9813,5,ATP binding
B9J08_003834,0.8,GO:0005525,0.9946,15,GTP binding
B9J08_003836,0.8,GO:0005524,0.9167,15,ATP binding
B9J08_003846,0.8,GO:0008168,0.8678,5,methyltransferase activity
B9J08_003852,0.8,GO:0003824,0.9594,3,catalytic activity
B9J08_003856,0.8,GO:0016538,0.9972,19,cyclin-dependent protein serine/threonine kinase regulator activity
B9J08_003859,0.8,GO:0005874,0.9941,7,microtubule
B9J08_003859,0.8,GO:0005875,0.9907,9,microtubule associated complex
B9J08_003859,0.8,GO:0007017,0.9888,12,microtubule-based process
B9J08_003860,0.8,GO:0044209,0.9996,1,AMP salvage
B9J08_003860,0.8,GO:0003999,0.9995,2,adenine phosphoribosyltransferase activity
B9J08_003860,0.8,GO:0016763,0.9983,6,"transferase activity, transferring pentosyl groups"
B9J08_003860,0.8,GO:0006168,0.9981,8,adenine salvage
B9J08_003862,0.8,GO:0003676,0.9341,15,nucleic acid binding
B9J08_003865,0.8,GO:0052689,0.8692,5,carboxylic ester hydrolase activity
B9J08_003866,0.8,GO:0005524,0.9837,5,ATP binding
B9J08_003869,0.8,GO:0046872,0.92,3,metal ion binding
B9J08_003871,0.8,GO:0006855,0.8912,6,drug transmembrane transport
B9J08_003871,0.8,GO:0042910,0.8648,8,xenobiotic transmembrane transporter activity
B9J08_003881,0.8,GO:0006526,0.8051,14,arginine biosynthetic process
B9J08_003882,0.8,GO:0009058,0.9423,13,biosynthetic process
B9J08_003892,0.8,GO:0000166,0.9777,6,nucleotide binding
B9J08_003895,0.8,GO:0003824,0.9144,2,catalytic activity
B9J08_003896,0.8,GO:0005524,0.8867,8,ATP binding
B9J08_003896,0.8,GO:0000166,0.8745,14,nucleotide binding
B9J08_003916,0.8,GO:0009231,0.9641,3,riboflavin biosynthetic process
B9J08_003916,0.8,GO:0008686,0.8603,18,"3,4-dihydroxy-2-butanone-4-phosphate synthase activity"
B9J08_003918,0.8,GO:0005524,0.9735,11,ATP binding
B9J08_003918,0.8,GO:0000166,0.9681,16,nucleotide binding
B9J08_003920,0.8,GO:0006468,0.9844,16,protein phosphorylation
B9J08_003928,0.8,GO:0016020,0.8152,7,membrane
B9J08_003942,0.8,GO:0102338,0.9955,1,3-oxo-lignoceronyl-CoA synthase activity
B9J08_003942,0.8,GO:0102756,0.9901,3,very-long-chain 3-ketoacyl-CoA synthase activity
B9J08_003942,0.8,GO:0102337,0.9881,4,3-oxo-cerotoyl-CoA synthase activity
B9J08_003942,0.8,GO:0019367,0.9793,7,"fatty acid elongation, saturated fatty acid"
B9J08_003942,0.8,GO:0034626,0.9708,18,"fatty acid elongation, polyunsaturated fatty acid"
B9J08_003942,0.8,GO:0102336,0.9688,19,3-oxo-arachidoyl-CoA synthase activity
B9J08_003942,0.8,GO:0034625,0.9668,20,"fatty acid elongation, monounsaturated fatty acid"
B9J08_003943,0.8,GO:0005524,0.9508,16,ATP binding
B9J08_003943,0.8,GO:0016301,0.9425,20,kinase activity
B9J08_003944,0.8,GO:0016282,0.9998,1,eukaryotic 43S preinitiation complex
B9J08_003944,0.8,GO:0033290,0.9997,2,eukaryotic 48S preinitiation complex
B9J08_003944,0.8,GO:0001732,0.9994,3,formation of cytoplasmic translation initiation complex
B9J08_003944,0.8,GO:0003743,0.9994,4,translation initiation factor activity
B9J08_003944,0.8,GO:0005852,0.9956,10,eukaryotic translation initiation factor 3 complex
B9J08_003949,0.8,GO:0046872,0.9272,3,metal ion binding
B9J08_003955,0.8,GO:0003676,0.9758,5,nucleic acid binding
B9J08_003965,0.8,GO:0003824,0.8852,3,catalytic activity
B9J08_003969,0.8,GO:0051301,0.8346,14,cell division
B9J08_003972,0.8,GO:0005525,0.9825,10,GTP binding
B9J08_003972,0.8,GO:0019001,0.9766,16,guanyl nucleotide binding
B9J08_003973,0.8,GO:0004222,0.9118,16,metalloendopeptidase activity
B9J08_003977,0.8,GO:0006099,0.8894,17,tricarboxylic acid cycle
B9J08_003977,0.8,GO:0016020,0.8822,20,membrane
B9J08_003979,0.8,GO:0030170,0.9986,10,pyridoxal phosphate binding
B9J08_003979,0.8,GO:0003824,0.9746,20,catalytic activity
B9J08_003983,0.8,GO:0046872,0.8205,7,metal ion binding
B9J08_003986,0.8,GO:0005525,0.9945,13,GTP binding
B9J08_003988,0.8,GO:0005874,0.9962,13,microtubule
B9J08_003989,0.8,GO:0004842,0.8157,11,ubiquitin-protein transferase activity
B9J08_003991,0.8,GO:0005524,0.9827,12,ATP binding
B9J08_003996,0.8,GO:0003677,0.9986,4,DNA binding
B9J08_003998,0.8,GO:0016208,0.9949,12,AMP binding
B9J08_004001,0.8,GO:0003676,0.9253,8,nucleic acid binding
B9J08_004001,0.8,GO:0003723,0.8297,14,RNA binding
B9J08_004011,0.8,GO:0006629,0.8119,9,lipid metabolic process
B9J08_004015,0.8,GO:0003824,0.9271,4,catalytic activity
B9J08_004015,0.8,GO:0004553,0.9208,6,"hydrolase activity, hydrolyzing O-glycosyl compounds"
B9J08_004015,0.8,GO:0005975,0.9081,8,carbohydrate metabolic process
B9J08_004016,0.8,GO:0008152,0.9124,6,metabolic process
B9J08_004025,0.8,GO:0003677,0.8179,11,DNA binding
B9J08_004028,0.8,GO:0004672,0.966,15,protein kinase activity
B9J08_004028,0.8,GO:0035376,0.9579,19,sterol import
B9J08_004029,0.8,GO:0004672,0.9698,18,protein kinase activity
B9J08_004030,0.8,GO:0005524,0.9934,16,ATP binding
B9J08_004041,0.8,GO:0003676,0.8493,3,nucleic acid binding
B9J08_004061,0.8,GO:0003677,0.9844,7,DNA binding
B9J08_004061,0.8,GO:0008270,0.9542,13,zinc ion binding
B9J08_004066,0.8,GO:0015031,0.8419,15,protein transport
B9J08_004068,0.8,GO:0016020,0.9841,15,membrane
B9J08_004068,0.8,GO:0005524,0.9808,17,ATP binding
B9J08_004073,0.8,GO:0003899,0.8887,17,DNA-directed 5'-3' RNA polymerase activity
B9J08_004080,0.8,GO:0005730,0.8436,15,nucleolus
B9J08_004086,0.8,GO:0051301,0.9961,5,cell division
B9J08_004088,0.8,GO:0046872,0.9971,11,metal ion binding
B9J08_004094,0.8,GO:0000166,0.9812,15,nucleotide binding
B9J08_004094,0.8,GO:0005524,0.9798,18,ATP binding
B9J08_004095,0.8,GO:0003824,0.9817,10,catalytic activity
B9J08_004097,0.8,GO:0022857,0.8745,11,transmembrane transporter activity
B9J08_004099,0.8,GO:0016020,0.899,9,membrane
B9J08_004099,0.8,GO:0022857,0.8765,10,transmembrane transporter activity
B9J08_004113,0.8,GO:0022857,0.851,9,transmembrane transporter activity
B9J08_004114,0.8,GO:0016491,0.9414,2,oxidoreductase activity
B9J08_004115,0.8,GO:0003755,0.943,3,peptidyl-prolyl cis-trans isomerase activity
B9J08_004115,0.8,GO:0006457,0.9327,5,protein folding
B9J08_004115,0.8,GO:0051082,0.8413,15,unfolded protein binding
B9J08_004116,0.8,GO:0005524,0.9547,15,ATP binding
B9J08_004121,0.8,GO:0046872,0.9527,2,metal ion binding
B9J08_004122,0.8,GO:0016020,0.939,9,membrane
B9J08_004122,0.8,GO:0016765,0.8662,16,"transferase activity, transferring alkyl or aryl (other than methyl) groups"
B9J08_004124,0.8,GO:0005524,0.9932,12,ATP binding
B9J08_004129,0.8,GO:0000166,0.9801,7,nucleotide binding
B9J08_004129,0.8,GO:0005524,0.9268,17,ATP binding
B9J08_004132,0.8,GO:0006886,0.8397,16,intracellular protein transport
B9J08_004132,0.8,GO:0031267,0.8372,17,small GTPase binding
B9J08_004141,0.8,GO:0016020,0.8399,10,membrane
B9J08_004142,0.8,GO:0005524,0.9683,14,ATP binding
B9J08_004142,0.8,GO:0004672,0.9556,19,protein kinase activity
B9J08_004144,0.8,GO:0006465,0.9202,10,signal peptide processing
B9J08_004147,0.8,GO:0005525,0.9948,14,GTP binding
B9J08_004149,0.8,GO:0006629,0.8465,20,lipid metabolic process
B9J08_004157,0.8,GO:0016020,0.8744,9,membrane
B9J08_004161,0.8,GO:0020037,0.9955,3,heme binding
B9J08_004161,0.8,GO:0005506,0.9204,14,iron ion binding
B9J08_004161,0.8,GO:0004497,0.9037,15,monooxygenase activity
B9J08_004166,0.8,GO:0005524,0.9969,9,ATP binding
B9J08_004167,0.8,GO:0005634,0.9352,10,nucleus
B9J08_004175,0.8,GO:0005576,0.8087,5,extracellular region
B9J08_004188,0.8,GO:0022857,0.9407,11,transmembrane transporter activity
B9J08_004189,0.8,GO:0051537,0.869,19,"2 iron, 2 sulfur cluster binding"
B9J08_004196,0.8,GO:0006886,0.8298,20,intracellular protein transport
B9J08_004210,0.8,GO:0046872,0.9317,6,metal ion binding
B9J08_004212,0.8,GO:0046872,0.9055,6,metal ion binding
B9J08_004220,0.8,GO:0015031,0.8373,17,protein transport
B9J08_004225,0.8,GO:0005525,0.9968,11,GTP binding
B9J08_004225,0.8,GO:0044208,0.9963,13,'de novo' AMP biosynthetic process
B9J08_004228,0.8,GO:0016791,0.9399,6,phosphatase activity
B9J08_004230,0.8,GO:0005525,0.9844,12,GTP binding
B9J08_004231,0.8,GO:0005525,0.9887,5,GTP binding
B9J08_004249,0.8,GO:0003676,0.8803,9,nucleic acid binding
B9J08_004264,0.8,GO:0022857,0.9601,8,transmembrane transporter activity
B9J08_004264,0.8,GO:0016020,0.8446,15,membrane
B9J08_004265,0.8,GO:0046872,0.808,9,metal ion binding
B9J08_004271,0.8,GO:0003700,0.8753,12,DNA-binding transcription factor activity
B9J08_004273,0.8,GO:0004129,0.8059,16,cytochrome-c oxidase activity
B9J08_004285,0.8,GO:0000166,0.9824,7,nucleotide binding
B9J08_004285,0.8,GO:0005524,0.976,10,ATP binding
B9J08_004286,0.8,GO:0016020,0.9896,6,membrane
B9J08_004286,0.8,GO:0030479,0.9742,15,actin cortical patch
B9J08_004286,0.8,GO:0006897,0.9573,20,endocytosis
B9J08_004292,0.8,GO:0016813,0.8899,16,"hydrolase activity, acting on carbon-nitrogen (but not peptide) bonds, in linear amidines"
B9J08_004294,0.8,GO:0045047,0.9968,6,protein targeting to ER
B9J08_004294,0.8,GO:0000166,0.9952,9,nucleotide binding
B9J08_004294,0.8,GO:0006605,0.9912,20,protein targeting
B9J08_004298,0.8,GO:0030956,0.9979,12,glutamyl-tRNA(Gln) amidotransferase complex
B9J08_004298,0.8,GO:0003824,0.997,13,catalytic activity
B9J08_004299,0.8,GO:0035998,0.9996,7,"7,8-dihydroneopterin 3'-triphosphate biosynthetic process"
B9J08_004303,0.8,GO:0003677,0.9418,11,DNA binding
B9J08_004309,0.8,GO:0005524,0.9661,12,ATP binding
B9J08_004319,0.8,GO:0005525,0.9863,10,GTP binding
B9J08_004320,0.8,GO:0000321,0.9228,14,re-entry into mitotic cell cycle after pheromone arrest
B9J08_004321,0.8,GO:0005524,0.9933,7,ATP binding
B9J08_004321,0.8,GO:0000166,0.9927,8,nucleotide binding
B9J08_004322,0.8,GO:0005524,0.997,5,ATP binding
B9J08_004331,0.8,GO:0008270,0.988,6,zinc ion binding
B9J08_004331,0.8,GO:0016491,0.9296,10,oxidoreductase activity
B9J08_004331,0.8,GO:0005737,0.8556,13,cytoplasm
B9J08_004334,0.8,GO:0005634,0.8296,11,nucleus
B9J08_004336,0.8,GO:0005524,0.9823,12,ATP binding
B9J08_004338,0.8,GO:0005524,0.9789,8,ATP binding
B9J08_004338,0.8,GO:0051082,0.9728,14,unfolded protein binding
B9J08_004338,0.8,GO:0006457,0.9678,18,protein folding
B9J08_004340,0.8,GO:0005524,0.9899,10,ATP binding
B9J08_004341,0.8,GO:0016491,0.8156,6,oxidoreductase activity
B9J08_004344,0.8,GO:0000166,0.9533,7,nucleotide binding
B9J08_004344,0.8,GO:0005524,0.9526,8,ATP binding
B9J08_004345,0.8,GO:0016491,0.9116,3,oxidoreductase activity
B9J08_004352,0.8,GO:0019510,0.9986,3,S-adenosylhomocysteine catabolic process
B9J08_004352,0.8,GO:0006730,0.9986,4,one-carbon metabolic process
B9J08_004353,0.8,GO:0003677,0.9823,6,DNA binding
B9J08_004353,0.8,GO:0005634,0.8641,20,nucleus
B9J08_004355,0.8,GO:0008270,0.9444,15,zinc ion binding
B9J08_004355,0.8,GO:0003700,0.9195,16,DNA-binding transcription factor activity
B9J08_004357,0.8,GO:0016787,0.9728,3,hydrolase activity
B9J08_004357,0.8,GO:0008233,0.9488,4,peptidase activity
B9J08_004361,0.8,GO:0045454,0.9895,1,cell redox homeostasis
B9J08_004361,0.8,GO:0003756,0.8568,14,protein disulfide isomerase activity
B9J08_004361,0.8,GO:0016853,0.8256,18,isomerase activity
B9J08_004365,0.8,GO:0005743,0.9483,19,mitochondrial inner membrane
B9J08_004369,0.8,GO:0005524,0.9928,16,ATP binding
B9J08_004374,0.8,GO:0015031,0.996,7,protein transport
B9J08_004375,0.8,GO:0006096,0.9941,12,glycolytic process
B9J08_004382,0.8,GO:0005886,0.9341,4,plasma membrane
B9J08_004385,0.8,GO:0005525,0.9035,7,GTP binding
B9J08_004393,0.8,GO:0006241,0.995,7,CTP biosynthetic process
B9J08_004393,0.8,GO:0003883,0.9913,17,CTP synthase activity
B9J08_004399,0.8,GO:0016192,0.8272,9,vesicle-mediated transport
B9J08_004401,0.8,GO:0000166,0.9829,3,nucleotide binding
B9J08_004401,0.8,GO:0005524,0.9765,13,ATP binding
B9J08_004402,0.8,GO:0000993,0.985,8,RNA polymerase II complex binding
B9J08_004402,0.8,GO:0006355,0.98,14,"regulation of transcription, DNA-templated"
B9J08_004406,0.8,GO:0003824,0.9805,8,catalytic activity
B9J08_004406,0.8,GO:0005524,0.9781,10,ATP binding
B9J08_004407,0.8,GO:0006869,0.9968,13,lipid transport
B9J08_004408,0.8,GO:0003824,0.9091,9,catalytic activity
B9J08_004408,0.8,GO:0008654,0.8606,15,phospholipid biosynthetic process
B9J08_004410,0.8,GO:0005975,0.9738,4,carbohydrate metabolic process
B9J08_004410,0.8,GO:0005618,0.8566,10,cell wall
B9J08_004411,0.8,GO:0006897,0.9288,20,endocytosis
B9J08_004412,0.8,GO:0001671,0.8882,18,ATPase activator activity
B9J08_004417,0.8,GO:0008152,0.82,5,metabolic process
B9J08_004420,0.8,GO:0005524,0.9176,9,ATP binding
B9J08_004421,0.8,GO:0005634,0.9234,17,nucleus
B9J08_004423,0.8,GO:0003743,0.8019,18,translation initiation factor activity
B9J08_004427,0.8,GO:0005743,0.9679,13,mitochondrial inner membrane
B9J08_004429,0.8,GO:0022857,0.8699,5,transmembrane transporter activity
B9J08_004430,0.8,GO:0000166,0.9904,5,nucleotide binding
B9J08_004430,0.8,GO:0005524,0.9875,7,ATP binding
B9J08_004436,0.8,GO:0022857,0.9405,6,transmembrane transporter activity
B9J08_004443,0.8,GO:0005634,0.8939,5,nucleus
B9J08_004443,0.8,GO:0003676,0.8933,6,nucleic acid binding
B9J08_004446,0.8,GO:0000166,0.9798,3,nucleotide binding
B9J08_004446,0.8,GO:0005524,0.9402,20,ATP binding
B9J08_004447,0.8,GO:0016757,0.9185,20,"transferase activity, transferring glycosyl groups"
B9J08_004452,0.8,GO:0000166,0.9968,6,nucleotide binding
B9J08_004452,0.8,GO:0005524,0.9951,10,ATP binding
B9J08_004458,0.8,GO:0008270,0.8848,20,zinc ion binding
B9J08_004463,0.8,GO:0005524,0.9864,12,ATP binding
B9J08_004472,0.8,GO:0016020,0.8241,6,membrane
B9J08_004474,0.8,GO:0022857,0.8998,10,transmembrane transporter activity
B9J08_004475,0.8,GO:0022857,0.8232,11,transmembrane transporter activity
B9J08_004477,0.8,GO:0003824,0.9902,2,catalytic activity
B9J08_004477,0.8,GO:0004553,0.9135,9,"hydrolase activity, hydrolyzing O-glycosyl compounds"
B9J08_004477,0.8,GO:0005975,0.8961,10,carbohydrate metabolic process
B9J08_004478,0.8,GO:0020037,0.9645,12,heme binding
B9J08_004478,0.8,GO:0005506,0.9128,13,iron ion binding
B9J08_004478,0.8,GO:0004497,0.9056,14,monooxygenase activity
B9J08_004483,0.8,GO:0005758,0.9549,11,mitochondrial intermembrane space
B9J08_004485,0.8,GO:0005524,0.9565,15,ATP binding
B9J08_004497,0.8,GO:0004128,0.8037,7,"cytochrome-b5 reductase activity, acting on NAD(P)H"
B9J08_004498,0.8,GO:0005618,0.8394,3,cell wall
B9J08_004499,0.8,GO:0005525,0.9969,8,GTP binding
B9J08_004501,0.8,GO:0016491,0.9232,7,oxidoreductase activity
B9J08_004501,0.8,GO:0003885,0.9158,8,"D-arabinono-1,4-lactone oxidase activity"
B9J08_004501,0.8,GO:0050660,0.8034,19,flavin adenine dinucleotide binding
B9J08_004503,0.8,GO:0004298,0.9946,4,threonine-type endopeptidase activity
B9J08_004503,0.8,GO:0008233,0.9882,10,peptidase activity
B9J08_004503,0.8,GO:0004175,0.9869,12,endopeptidase activity
B9J08_004504,0.8,GO:0005524,0.9898,12,ATP binding
B9J08_004512,0.8,GO:0008535,0.8586,12,respiratory chain complex IV assembly
B9J08_004512,0.8,GO:0033617,0.8069,14,mitochondrial respiratory chain complex IV assembly
B9J08_004513,0.8,GO:0006810,0.8899,6,transport
B9J08_004518,0.8,GO:0016491,0.8958,9,oxidoreductase activity
B9J08_004518,0.8,GO:0045454,0.8832,12,cell redox homeostasis
B9J08_004518,0.8,GO:0004601,0.8545,14,peroxidase activity
B9J08_004522,0.8,GO:0005524,0.9462,12,ATP binding
B9J08_004524,0.8,GO:0005525,0.9881,7,GTP binding
B9J08_004525,0.8,GO:0016491,0.8054,4,oxidoreductase activity
B9J08_004543,0.8,GO:0102345,0.8478,7,3-hydroxy-lignoceroyl-CoA dehydratase activity
B9J08_004543,0.8,GO:0102343,0.806,12,3-hydroxy-arachidoyl-CoA dehydratase activity
B9J08_004543,0.8,GO:0102158,0.8004,14,very-long-chain 3-hydroxyacyl-CoA dehydratase activity
B9J08_004546,0.8,GO:0045454,0.8843,1,cell redox homeostasis
B9J08_004550,0.8,GO:0006740,0.9857,15,NADPH regeneration
B9J08_004551,0.8,GO:0008236,0.8029,10,serine-type peptidase activity
B9J08_004552,0.8,GO:0004252,0.848,10,serine-type endopeptidase activity
B9J08_004552,0.8,GO:0008236,0.8298,11,serine-type peptidase activity
B9J08_004553,0.8,GO:0008233,0.8992,9,peptidase activity
B9J08_004558,0.8,GO:0004721,0.962,10,phosphoprotein phosphatase activity
B9J08_004558,0.8,GO:0005737,0.9032,15,cytoplasm
B9J08_004561,0.8,GO:0006807,0.996,13,nitrogen compound metabolic process
B9J08_004561,0.8,GO:0003824,0.9959,14,catalytic activity
B9J08_004569,0.8,GO:0051082,0.9261,5,unfolded protein binding
B9J08_004569,0.8,GO:0006457,0.9134,7,protein folding
B9J08_004569,0.8,GO:0016272,0.8007,10,prefoldin complex
B9J08_004573,0.8,GO:0022857,0.8643,7,transmembrane transporter activity
B9J08_004579,0.8,GO:0003746,0.9936,15,translation elongation factor activity
B9J08_004579,0.8,GO:0005525,0.9922,20,GTP binding
B9J08_004581,0.8,GO:0005525,0.9978,3,GTP binding
B9J08_004584,0.8,GO:0022857,0.8437,11,transmembrane transporter activity
B9J08_004588,0.8,GO:0005525,0.9938,5,GTP binding
B9J08_004590,0.8,GO:0006629,0.9766,16,lipid metabolic process
B9J08_004593,0.8,GO:0016020,0.8947,17,membrane
B9J08_004593,0.8,GO:0006885,0.8843,19,regulation of pH
B9J08_004600,0.8,GO:0016491,0.9421,4,oxidoreductase activity
B9J08_004600,0.8,GO:0008270,0.8365,10,zinc ion binding
B9J08_004601,0.8,GO:0000166,0.9541,14,nucleotide binding
B9J08_004601,0.8,GO:0005524,0.951,15,ATP binding
B9J08_004608,0.8,GO:0071255,0.9147,9,Cvt vesicle assembly
B9J08_004608,0.8,GO:0071562,0.9039,13,nucleus-vacuole junction assembly
B9J08_004608,0.8,GO:0071561,0.8879,18,nucleus-vacuole junction
B9J08_004610,0.8,GO:0046872,0.9951,7,metal ion binding
B9J08_004610,0.8,GO:0005524,0.9663,20,ATP binding
B9J08_004611,0.8,GO:0006913,0.96,16,nucleocytoplasmic transport
B9J08_004621,0.8,GO:0003676,0.8465,10,nucleic acid binding
B9J08_004624,0.8,GO:0003676,0.868,5,nucleic acid binding
B9J08_004624,0.8,GO:0003677,0.8305,11,DNA binding
B9J08_004626,0.8,GO:0005730,0.8259,19,nucleolus
B9J08_004633,0.8,GO:0022857,0.8855,4,transmembrane transporter activity
B9J08_004633,0.8,GO:0015183,0.8413,7,L-aspartate transmembrane transporter activity
B9J08_004635,0.8,GO:0005758,0.8439,13,mitochondrial intermembrane space
B9J08_004638,0.8,GO:0003676,0.8604,16,nucleic acid binding
B9J08_004638,0.8,GO:0005634,0.844,19,nucleus
B9J08_004639,0.8,GO:0005524,0.981,19,ATP binding
B9J08_004641,0.8,GO:0015031,0.9814,11,protein transport
B9J08_004647,0.8,GO:0071455,0.9946,15,cellular response to hyperoxia
B9J08_004648,0.8,GO:0008233,0.9855,5,peptidase activity
B9J08_004648,0.8,GO:0004175,0.8788,8,endopeptidase activity
B9J08_004652,0.8,GO:0005524,0.9953,17,ATP binding
B9J08_004658,0.8,GO:0005524,0.8087,20,ATP binding
B9J08_004659,0.8,GO:0016620,0.9489,2,"oxidoreductase activity, acting on the aldehyde or oxo group of donors, NAD or NADP as acceptor"
B9J08_004659,0.8,GO:0008152,0.9479,4,metabolic process
B9J08_004659,0.8,GO:0016491,0.9236,10,oxidoreductase activity
B9J08_004659,0.8,GO:0006807,0.8675,15,nitrogen compound metabolic process
B9J08_004662,0.8,GO:0022857,0.9306,12,transmembrane transporter activity
B9J08_004662,0.8,GO:0055085,0.9155,13,transmembrane transport
B9J08_004666,0.8,GO:0016491,0.907,5,oxidoreductase activity
B9J08_004675,0.8,GO:0005524,0.993,14,ATP binding
B9J08_004681,0.8,GO:0016491,0.8898,1,oxidoreductase activity
B9J08_004690,0.8,GO:0022857,0.9058,7,transmembrane transporter activity
B9J08_004692,0.8,GO:0022857,0.9249,5,transmembrane transporter activity
B9J08_004704,0.8,GO:0000166,0.9672,5,nucleotide binding
B9J08_004709,0.8,GO:0016491,0.9842,3,oxidoreductase activity
B9J08_004709,0.8,GO:0010181,0.9789,5,FMN binding
B9J08_004712,0.8,GO:0015248,0.8505,3,sterol transporter activity
B9J08_004714,0.8,GO:0030337,0.8525,7,DNA polymerase processivity factor activity
B9J08_004718,0.8,GO:0015248,0.8187,5,sterol transporter activity
B9J08_004721,0.8,GO:0000166,0.985,6,nucleotide binding
B9J08_004721,0.8,GO:0005524,0.9832,11,ATP binding
B9J08_004725,0.8,GO:0022857,0.9395,8,transmembrane transporter activity
B9J08_004728,0.8,GO:0032977,0.8494,12,membrane insertase activity
B9J08_004736,0.8,GO:0003676,0.883,16,nucleic acid binding
B9J08_004737,0.8,GO:0006090,0.9528,15,pyruvate metabolic process
B9J08_004742,0.8,GO:0016020,0.8529,15,membrane
B9J08_004742,0.8,GO:0046872,0.8341,17,metal ion binding
B9J08_004742,0.8,GO:0020037,0.8225,19,heme binding
B9J08_004746,0.8,GO:0019706,0.9997,8,protein-cysteine S-palmitoyltransferase activity
B9J08_004752,0.8,GO:0071819,0.9961,11,DUBm complex
B9J08_004753,0.8,GO:0046872,0.9176,6,metal ion binding
B9J08_004753,0.8,GO:0045271,0.9041,10,respiratory chain complex I
B9J08_004753,0.8,GO:0051536,0.859,18,iron-sulfur cluster binding
B9J08_004753,0.8,GO:0005747,0.8387,19,mitochondrial respiratory chain complex I
B9J08_004754,0.8,GO:0003677,0.9479,4,DNA binding
B9J08_004754,0.8,GO:0046982,0.8302,15,protein heterodimerization activity
B9J08_004754,0.8,GO:0005634,0.8146,19,nucleus
B9J08_004756,0.8,GO:0003676,0.9498,5,nucleic acid binding
B9J08_004756,0.8,GO:0003723,0.8843,12,RNA binding
B9J08_004759,0.8,GO:0016192,0.9812,2,vesicle-mediated transport
B9J08_004759,0.8,GO:0006888,0.9312,13,endoplasmic reticulum to Golgi vesicle-mediated transport
B9J08_004759,0.8,GO:0030134,0.8657,18,COPII-coated ER to Golgi transport vesicle
B9J08_004764,0.8,GO:0016491,0.983,14,oxidoreductase activity
B9J08_004766,0.8,GO:0000166,0.9981,9,nucleotide binding
B9J08_004766,0.8,GO:0005524,0.9967,12,ATP binding
B9J08_004774,0.8,GO:0003824,0.8523,9,catalytic activity
B9J08_004775,0.8,GO:0022857,0.8259,13,transmembrane transporter activity
B9J08_004785,0.8,GO:0005524,0.9958,11,ATP binding
B9J08_004787,0.8,GO:0005634,0.8089,14,nucleus
B9J08_004795,0.8,GO:0006355,0.9904,2,"regulation of transcription, DNA-templated"
B9J08_004797,0.8,GO:0022857,0.9691,5,transmembrane transporter activity
B9J08_004797,0.8,GO:0008643,0.8885,17,carbohydrate transport
B9J08_004798,0.8,GO:0006520,0.9624,14,cellular amino acid metabolic process
B9J08_004804,0.8,GO:0016491,0.8159,8,oxidoreductase activity
B9J08_004814,0.8,GO:0003824,0.8055,18,catalytic activity
B9J08_004816,0.8,GO:0043087,0.964,6,regulation of GTPase activity
B9J08_004819,0.8,GO:0003677,0.983,6,DNA binding
B9J08_004820,0.8,GO:0005634,0.9258,13,nucleus
B9J08_004820,0.8,GO:0008270,0.9176,15,zinc ion binding
B9J08_004820,0.8,GO:0003677,0.9099,18,DNA binding
B9J08_004827,0.8,GO:0005789,0.91,16,endoplasmic reticulum membrane
B9J08_004828,0.8,GO:0003824,0.8701,2,catalytic activity
B9J08_004830,0.8,GO:0022857,0.8463,12,transmembrane transporter activity
B9J08_004834,0.8,GO:0005525,0.9925,12,GTP binding
B9J08_004838,0.8,GO:0010181,0.9468,12,FMN binding
B9J08_004839,0.8,GO:0010181,0.8635,13,FMN binding
B9J08_004839,0.8,GO:0016491,0.8616,14,oxidoreductase activity
B9J08_004840,0.8,GO:0010181,0.8485,10,FMN binding
B9J08_004840,0.8,GO:0016491,0.8289,12,oxidoreductase activity
B9J08_004843,0.8,GO:0016282,0.9838,1,eukaryotic 43S preinitiation complex
B9J08_004843,0.8,GO:0005852,0.9453,7,eukaryotic translation initiation factor 3 complex
B9J08_004843,0.8,GO:0003743,0.8472,15,translation initiation factor activity
B9J08_004846,0.8,GO:0015031,0.9042,9,protein transport
B9J08_004850,0.8,GO:0000166,0.9827,7,nucleotide binding
B9J08_004850,0.8,GO:0005524,0.9077,19,ATP binding
B9J08_004851,0.8,GO:0016070,0.8095,14,RNA metabolic process
B9J08_004853,0.8,GO:0005524,0.9796,9,ATP binding
B9J08_004856,0.8,GO:0005515,0.9217,19,protein binding
B9J08_004858,0.8,GO:1990748,0.9318,9,cellular detoxification
B9J08_004858,0.8,GO:0005811,0.9115,13,lipid droplet
B9J08_004858,0.8,GO:0016042,0.8832,16,lipid catabolic process
B9J08_004858,0.8,GO:0006629,0.8794,18,lipid metabolic process
B9J08_004861,0.8,GO:0003677,0.988,11,DNA binding
B9J08_004861,0.8,GO:0008270,0.9759,13,zinc ion binding
B9J08_004861,0.8,GO:0005634,0.9546,16,nucleus
B9J08_004862,0.8,GO:0035064,0.927,12,methylated histone binding
B9J08_004862,0.8,GO:0046872,0.9078,14,metal ion binding
B9J08_004862,0.8,GO:0035267,0.8401,19,NuA4 histone acetyltransferase complex
B9J08_004866,0.8,GO:0005524,0.9392,12,ATP binding
B9J08_004868,0.8,GO:0005524,0.9836,10,ATP binding
B9J08_004869,0.8,GO:0000145,0.872,7,exocyst
B9J08_004870,0.8,GO:0005634,0.87,5,nucleus
B9J08_004875,0.8,GO:0046872,0.9712,6,metal ion binding
B9J08_004883,0.8,GO:0008270,0.9861,9,zinc ion binding
B9J08_004883,0.8,GO:0005634,0.9211,20,nucleus
B9J08_004886,0.8,GO:0016491,0.8818,9,oxidoreductase activity
B9J08_004889,0.8,GO:0006810,0.8325,9,transport
B9J08_004889,0.8,GO:0016020,0.805,14,membrane
B9J08_004907,0.8,GO:0097157,0.9965,1,pre-mRNA intronic binding
B9J08_004907,0.8,GO:0030623,0.9456,3,U5 snRNA binding
B9J08_004907,0.8,GO:0030620,0.9392,4,U2 snRNA binding
B9J08_004907,0.8,GO:0005682,0.9045,5,U5 snRNP
B9J08_004907,0.8,GO:0030619,0.8552,10,U1 snRNA binding
B9J08_004907,0.8,GO:0017070,0.8332,13,U6 snRNA binding
B9J08_004913,0.8,GO:0005524,0.9864,9,ATP binding
B9J08_004913,0.8,GO:0000166,0.9861,11,nucleotide binding
B9J08_004914,0.8,GO:0051539,0.811,15,"4 iron, 4 sulfur cluster binding"
B9J08_004916,0.8,GO:0006595,0.9943,9,polyamine metabolic process
B9J08_004916,0.8,GO:0006596,0.9915,12,polyamine biosynthetic process
B9J08_004918,0.8,GO:0005524,0.9819,16,ATP binding
B9J08_004923,0.8,GO:0005524,0.981,13,ATP binding
B9J08_004927,0.8,GO:0015288,0.9534,1,porin activity
B9J08_004927,0.8,GO:0046930,0.9114,5,pore complex
B9J08_004928,0.8,GO:0005524,0.9799,11,ATP binding
B9J08_004930,0.8,GO:0016831,0.8801,7,carboxy-lyase activity
B9J08_004930,0.8,GO:0003824,0.8539,10,catalytic activity
B9J08_004936,0.8,GO:0005515,0.9358,1,protein binding
B9J08_004938,0.8,GO:0003824,0.9164,3,catalytic activity
B9J08_004939,0.8,GO:0015031,0.992,10,protein transport
B9J08_004941,0.8,GO:0016491,0.9415,2,oxidoreductase activity
B9J08_004944,0.8,GO:0016020,0.9211,13,membrane
B9J08_004944,0.8,GO:0042910,0.8461,20,xenobiotic transmembrane transporter activity
B9J08_004947,0.8,GO:0006457,0.8713,11,protein folding
B9J08_004949,0.8,GO:0003824,0.8276,13,catalytic activity
B9J08_004949,0.8,GO:0006596,0.8145,17,polyamine biosynthetic process
B9J08_004950,0.8,GO:0016787,0.972,1,hydrolase activity
B9J08_004950,0.8,GO:0005737,0.8995,9,cytoplasm
B9J08_004950,0.8,GO:0005955,0.8095,14,calcineurin complex
B9J08_004955,0.8,GO:0005525,0.9971,4,GTP binding
B9J08_004960,0.8,GO:0022857,0.935,7,transmembrane transporter activity
B9J08_004967,0.8,GO:0003824,0.8038,2,catalytic activity
B9J08_004969,0.8,GO:0072380,0.9562,6,TRC complex
B9J08_004970,0.8,GO:0005874,1.0,5,microtubule
B9J08_004975,0.8,GO:0008168,0.8843,5,methyltransferase activity
B9J08_004977,0.8,GO:0006468,0.9829,10,protein phosphorylation
B9J08_004992,0.8,GO:0005524,0.9741,8,ATP binding
B9J08_004992,0.8,GO:0006457,0.8993,20,protein folding
B9J08_005003,0.8,GO:0005524,0.9828,9,ATP binding
B9J08_005007,0.8,GO:0006694,0.8802,9,steroid biosynthetic process
B9J08_005007,0.8,GO:0005811,0.8593,14,lipid droplet
B9J08_005011,0.8,GO:0006810,0.9937,4,transport
B9J08_005013,0.8,GO:0005524,0.9849,10,ATP binding
B9J08_005015,0.8,GO:0006364,0.9244,15,rRNA processing
B9J08_005025,0.8,GO:0022857,0.9018,7,transmembrane transporter activity
B9J08_005028,0.8,GO:0016787,0.8961,12,hydrolase activity
B9J08_005030,0.8,GO:0005525,0.9971,18,GTP binding
B9J08_005033,0.8,GO:0000166,0.9794,8,nucleotide binding
B9J08_005033,0.8,GO:0005524,0.9773,9,ATP binding
B9J08_005033,0.8,GO:0016787,0.9603,20,hydrolase activity
B9J08_005044,0.8,GO:0000166,0.989,6,nucleotide binding
B9J08_005044,0.8,GO:0005524,0.9828,11,ATP binding
B9J08_005045,0.8,GO:0003676,0.8443,16,nucleic acid binding
B9J08_005047,0.8,GO:0016020,0.8461,11,membrane
B9J08_005053,0.8,GO:0005524,0.9846,9,ATP binding
B9J08_005054,0.8,GO:0016491,0.8596,6,oxidoreductase activity
B9J08_005069,0.8,GO:0008168,0.8157,14,methyltransferase activity
B9J08_005073,0.8,GO:0005524,0.9758,12,ATP binding
B9J08_005074,0.8,GO:0006325,0.9942,15,chromatin organization
B9J08_005081,0.8,GO:0000421,0.9008,20,autophagosome membrane
B9J08_005082,0.8,GO:0003824,0.9988,14,catalytic activity
B9J08_005084,0.8,GO:0006886,0.9164,16,intracellular protein transport
B9J08_005084,0.8,GO:0031267,0.815,20,small GTPase binding
B9J08_005085,0.8,GO:0005524,0.9825,12,ATP binding
B9J08_005086,0.8,GO:0008152,0.8686,5,metabolic process
B9J08_005088,0.8,GO:0008233,0.9554,5,peptidase activity
B9J08_005088,0.8,GO:0046872,0.8879,8,metal ion binding
B9J08_005094,0.8,GO:0000750,0.8104,11,pheromone-dependent signal transduction involved in conjugation with cellular fusion
B9J08_005095,0.8,GO:0005484,0.9659,4,SNAP receptor activity
B9J08_005095,0.8,GO:0031201,0.9516,10,SNARE complex
B9J08_005095,0.8,GO:0006906,0.9119,19,vesicle fusion
B9J08_005097,0.8,GO:0051536,0.9692,11,iron-sulfur cluster binding
B9J08_005103,0.8,GO:0005743,0.9542,13,mitochondrial inner membrane
B9J08_005107,0.8,GO:0005634,0.985,12,nucleus
B9J08_005116,0.8,GO:0005524,0.9798,13,ATP binding
B9J08_005121,0.8,GO:0005634,0.8337,15,nucleus
B9J08_005123,0.8,GO:0006730,0.9999,2,one-carbon metabolic process
B9J08_005123,0.8,GO:0035999,0.9978,20,tetrahydrofolate interconversion
B9J08_005124,0.8,GO:0022857,0.8931,9,transmembrane transporter activity
B9J08_005128,0.8,GO:0005524,0.9391,13,ATP binding
B9J08_005129,0.8,GO:0004298,0.9923,8,threonine-type endopeptidase activity
B9J08_005129,0.8,GO:0051603,0.9909,11,proteolysis involved in cellular protein catabolic process
B9J08_005132,0.8,GO:0015031,0.901,15,protein transport
B9J08_005134,0.8,GO:0005975,0.9608,16,carbohydrate metabolic process
B9J08_005138,0.8,GO:0046930,0.9908,4,pore complex
B9J08_005138,0.8,GO:0015288,0.9748,12,porin activity
B9J08_005138,0.8,GO:0008308,0.963,15,voltage-gated anion channel activity
B9J08_005145,0.8,GO:0003677,0.9413,10,DNA binding
B9J08_005145,0.8,GO:0046982,0.8843,13,protein heterodimerization activity
B9J08_005145,0.8,GO:0000786,0.8415,18,nucleosome
B9J08_005146,0.8,GO:0015031,0.9856,13,protein transport
B9J08_005148,0.8,GO:0005886,0.9116,4,plasma membrane
B9J08_005155,0.8,GO:0003677,0.9693,12,DNA binding
B9J08_005155,0.8,GO:0005634,0.9341,20,nucleus
B9J08_005158,0.8,GO:0008152,0.9552,2,metabolic process
B9J08_005161,0.8,GO:0005525,0.9918,16,GTP binding
B9J08_005163,0.8,GO:0005975,0.895,11,carbohydrate metabolic process
B9J08_005163,0.8,GO:0016791,0.8432,15,phosphatase activity
B9J08_005163,0.8,GO:0005737,0.819,18,cytoplasm
B9J08_005163,0.8,GO:0046872,0.8114,20,metal ion binding
B9J08_005165,0.8,GO:0015031,0.879,16,protein transport
B9J08_005166,0.8,GO:0005524,0.9784,13,ATP binding
B9J08_005166,0.8,GO:0000166,0.9758,14,nucleotide binding
B9J08_005172,0.8,GO:0022857,0.811,13,transmembrane transporter activity
B9J08_005178,0.8,GO:0008152,0.894,3,metabolic process
B9J08_005179,0.8,GO:0006629,0.8952,6,lipid metabolic process
B9J08_005186,0.8,GO:0016787,0.9779,13,hydrolase activity
B9J08_005188,0.8,GO:0003723,0.956,9,RNA binding
B9J08_005190,0.8,GO:0005634,0.862,19,nucleus
B9J08_005191,0.8,GO:0005634,0.8627,7,nucleus
B9J08_005199,0.8,GO:0005634,0.8472,4,nucleus
B9J08_005201,0.8,GO:0006094,0.9947,8,gluconeogenesis
B9J08_005211,0.8,GO:0016020,0.8853,7,membrane
B9J08_005213,0.8,GO:0005515,0.9994,3,protein binding
B9J08_005213,0.8,GO:0003779,0.9984,12,actin binding
B9J08_005213,0.8,GO:0005524,0.9957,20,ATP binding
B9J08_005216,0.8,GO:0005524,0.9522,16,ATP binding
B9J08_005218,0.8,GO:0009058,0.9237,11,biosynthetic process
B9J08_005221,0.8,GO:0051117,0.9948,6,ATPase binding
B9J08_005225,0.8,GO:0006730,0.9998,12,one-carbon metabolic process
B9J08_005225,0.8,GO:0004372,0.9998,16,glycine hydroxymethyltransferase activity
B9J08_005226,0.8,GO:0006096,0.9979,7,glycolytic process
B9J08_005228,0.8,GO:0004801,0.9633,8,sedoheptulose-7-phosphate:D-glyceraldehyde-3-phosphate glyceronetransferase activity
B9J08_005228,0.8,GO:0006098,0.9464,12,pentose-phosphate shunt
B9J08_005236,0.8,GO:0017025,0.8711,12,TBP-class protein binding
B9J08_005237,0.8,GO:0005634,0.8943,4,nucleus
B9J08_005239,0.8,GO:0005975,0.9961,6,carbohydrate metabolic process
B9J08_005239,0.8,GO:0006096,0.9957,7,glycolytic process
B9J08_005241,0.8,GO:0030337,0.8576,7,DNA polymerase processivity factor activity
B9J08_005245,0.8,GO:0031225,0.8131,9,anchored component of membrane
B9J08_005258,0.8,GO:0000166,0.9617,3,nucleotide binding
B9J08_005258,0.8,GO:0005524,0.9205,18,ATP binding
B9J08_005259,0.8,GO:0016925,0.9107,12,protein sumoylation
B9J08_005264,0.8,GO:0016787,0.9732,4,hydrolase activity
B9J08_005280,0.8,GO:0005524,0.9795,16,ATP binding
B9J08_005287,0.8,GO:0004190,0.9153,2,aspartic-type endopeptidase activity
B9J08_005289,0.8,GO:0006865,0.957,12,amino acid transport
B9J08_005289,0.8,GO:0055085,0.9088,20,transmembrane transport
B9J08_005298,0.8,GO:0005634,0.8851,5,nucleus
B9J08_005300,0.8,GO:0005524,0.983,2,ATP binding
B9J08_005303,0.8,GO:0006457,0.8696,7,protein folding
B9J08_005303,0.8,GO:0051082,0.8263,8,unfolded protein binding
B9J08_005305,0.8,GO:0034227,0.9776,13,tRNA thio-modification
B9J08_005305,0.8,GO:0002098,0.975,15,tRNA wobble uridine modification
B9J08_005307,0.8,GO:0003824,0.83,6,catalytic activity
B9J08_005308,0.8,GO:0020037,0.9687,5,heme binding
B9J08_005308,0.8,GO:0005506,0.9146,15,iron ion binding
B9J08_005308,0.8,GO:0004497,0.9109,16,monooxygenase activity
B9J08_005312,0.8,GO:0006412,0.9837,20,translation
B9J08_005323,0.8,GO:0022857,0.8551,6,transmembrane transporter activity
B9J08_005329,0.8,GO:0016491,0.9169,1,oxidoreductase activity
B9J08_005330,0.8,GO:0005524,0.9856,11,ATP binding
B9J08_005331,0.8,GO:0005524,0.9669,18,ATP binding
B9J08_005340,0.8,GO:0006694,0.9993,7,steroid biosynthetic process
B9J08_005340,0.8,GO:0016126,0.9962,16,sterol biosynthetic process
B9J08_005344,0.8,GO:0005634,0.9925,6,nucleus
B9J08_005344,0.8,GO:0003700,0.9123,11,DNA-binding transcription factor activity
B9J08_005345,0.8,GO:0022857,0.9056,10,transmembrane transporter activity
B9J08_005353,0.8,GO:0004252,0.8702,14,serine-type endopeptidase activity
B9J08_005356,0.8,GO:0016279,0.956,9,protein-lysine N-methyltransferase activity
B9J08_005360,0.8,GO:0006865,0.8234,9,amino acid transport
B9J08_005363,0.8,GO:0008168,0.9463,10,methyltransferase activity
B9J08_005363,0.8,GO:0032259,0.8983,16,methylation
B9J08_005363,0.8,GO:0008757,0.8873,19,S-adenosylmethionine-dependent methyltransferase activity
B9J08_005367,0.8,GO:0003779,0.8913,16,actin binding
B9J08_005368,0.8,GO:0005524,0.9109,19,ATP binding
B9J08_005369,0.8,GO:0008168,0.9501,4,methyltransferase activity
B9J08_005373,0.8,GO:0005524,0.9789,19,ATP binding
B9J08_005376,0.8,GO:0046872,0.9915,2,metal ion binding
B9J08_005379,0.8,GO:0016020,1.0,2,membrane
B9J08_005380,0.8,GO:0006897,0.8656,11,endocytosis
B9J08_005381,0.8,GO:0005524,0.9897,12,ATP binding
B9J08_005385,0.8,GO:0003676,0.8375,8,nucleic acid binding
B9J08_005387,0.8,GO:0045905,0.9972,1,positive regulation of translational termination
B9J08_005387,0.8,GO:0006452,0.9865,12,translational frameshifting
B9J08_005396,0.8,GO:0005524,0.928,5,ATP binding
B9J08_005397,0.8,GO:0008270,0.9666,7,zinc ion binding
B9J08_005397,0.8,GO:0003824,0.8227,19,catalytic activity
B9J08_005402,0.8,GO:0008104,0.8075,13,protein localization
B9J08_005403,0.8,GO:0022857,0.8336,15,transmembrane transporter activity
B9J08_005408,0.8,GO:0046872,0.9836,2,metal ion binding
B9J08_005412,0.8,GO:0005524,0.99,14,ATP binding
B9J08_005415,0.8,GO:0015031,0.9493,15,protein transport
B9J08_005418,0.8,GO:0006260,0.9703,20,DNA replication
B9J08_005428,0.8,GO:0006520,0.9935,13,cellular amino acid metabolic process
B9J08_005430,0.8,GO:0005524,0.9923,6,ATP binding
B9J08_005430,0.8,GO:0000166,0.9897,11,nucleotide binding
B9J08_005432,0.8,GO:0046872,0.9538,5,metal ion binding
B9J08_005433,0.8,GO:0005524,0.9698,16,ATP binding
B9J08_005436,0.8,GO:0000166,0.9895,8,nucleotide binding
B9J08_005436,0.8,GO:0005524,0.9892,9,ATP binding
B9J08_005441,0.8,GO:0015116,0.8085,20,sulfate transmembrane transporter activity
B9J08_005445,0.8,GO:0008233,0.975,5,peptidase activity
B9J08_005446,0.8,GO:0008233,0.9731,9,peptidase activity
B9J08_005447,0.8,GO:0015031,0.8671,15,protein transport
B9J08_005447,0.8,GO:0005092,0.8145,18,GDP-dissociation inhibitor activity
B9J08_005452,0.8,GO:0000166,0.9569,6,nucleotide binding
B9J08_005452,0.8,GO:0005524,0.9542,8,ATP binding
B9J08_005453,0.8,GO:0030170,0.9873,10,pyridoxal phosphate binding
B9J08_005455,0.8,GO:0016579,0.9726,17,protein deubiquitination
B9J08_005460,0.8,GO:0005524,0.9539,12,ATP binding
B9J08_005460,0.8,GO:0016881,0.9382,16,acid-amino acid ligase activity
B9J08_005462,0.8,GO:1902983,0.8546,8,DNA strand elongation involved in mitotic DNA replication
B9J08_005463,0.8,GO:0008289,0.9985,4,lipid binding
B9J08_005463,0.8,GO:0006869,0.9931,14,lipid transport
B9J08_005464,0.8,GO:0000166,0.9672,7,nucleotide binding
B9J08_005464,0.8,GO:0005524,0.9287,16,ATP binding
B9J08_005468,0.8,GO:0005525,0.965,7,GTP binding
B9J08_005468,0.8,GO:0000166,0.9524,19,nucleotide binding
B9J08_005469,0.8,GO:0003824,0.917,4,catalytic activity
B9J08_005474,0.8,GO:0016787,0.9265,1,hydrolase activity
B9J08_005474,0.8,GO:0004721,0.8022,10,phosphoprotein phosphatase activity
B9J08_005476,0.8,GO:0003677,0.997,12,DNA binding
B9J08_005478,0.8,GO:0004176,0.9883,11,ATP-dependent peptidase activity
B9J08_005485,0.8,GO:0008270,0.8945,6,zinc ion binding
B9J08_005489,0.8,GO:0005524,0.9777,4,ATP binding
B9J08_005491,0.8,GO:0022857,0.8382,8,transmembrane transporter activity
B9J08_005493,0.8,GO:0015031,0.8979,7,protein transport
B9J08_005497,0.8,GO:0046872,0.9408,11,metal ion binding
B9J08_005499,0.8,GO:0006139,0.9921,18,nucleobase-containing compound metabolic process
B9J08_005505,0.8,GO:0046872,0.9976,2,metal ion binding
B9J08_005510,0.8,GO:1990904,0.9653,19,ribonucleoprotein complex
B9J08_005512,0.8,GO:0005247,0.8764,13,voltage-gated chloride channel activity
B9J08_005512,0.8,GO:0015108,0.8745,15,chloride transmembrane transporter activity
B9J08_005514,0.8,GO:0005484,0.9504,14,SNAP receptor activity
B9J08_005515,0.8,GO:0003676,0.9829,18,nucleic acid binding
B9J08_005518,0.8,GO:0003824,0.9372,9,catalytic activity
B9J08_005525,0.8,GO:0005524,0.9806,11,ATP binding
B9J08_005528,0.8,GO:0003922,0.9955,14,GMP synthase (glutamine-hydrolyzing) activity
B9J08_005541,0.8,GO:0046872,0.9552,4,metal ion binding
B9J08_005548,0.8,GO:0020037,0.9963,3,heme binding
B9J08_005548,0.8,GO:0004497,0.9267,14,monooxygenase activity
B9J08_005548,0.8,GO:0005506,0.8836,19,iron ion binding
B9J08_005564,0.8,GO:0006865,0.9326,13,amino acid transport
B9J08_005564,0.8,GO:0003333,0.8543,20,amino acid transmembrane transport
B9J08_005567,0.8,GO:0005524,0.9763,14,ATP binding
B9J08_005568,0.8,GO:0022857,0.9592,12,transmembrane transporter activity
B9J08_005568,0.8,GO:0055085,0.8733,16,transmembrane transport
B9J08_005568,0.8,GO:0008643,0.8437,17,carbohydrate transport
B9J08_005569,0.8,GO:0016787,0.9328,4,hydrolase activity
B9J08_005570,0.8,GO:0022857,0.8951,7,transmembrane transporter activity
B9J08_005580,0.8,GO:0008152,0.9258,6,metabolic process
B9J08_000009,0.9,GO:0016757,0.9658,9,"transferase activity, transferring glycosyl groups"
B9J08_000012,0.9,GO:0006015,0.9984,2,5-phosphoribose 1-diphosphate biosynthetic process
B9J08_000013,0.9,GO:0004160,0.9933,12,dihydroxy-acid dehydratase activity
B9J08_000015,0.9,GO:0003824,0.9396,14,catalytic activity
B9J08_000015,0.9,GO:0019752,0.9083,17,carboxylic acid metabolic process
B9J08_000018,0.9,GO:0000166,0.9923,10,nucleotide binding
B9J08_000018,0.9,GO:0005524,0.9898,15,ATP binding
B9J08_000023,0.9,GO:0004177,0.9603,13,aminopeptidase activity
B9J08_000028,0.9,GO:0005524,0.9922,14,ATP binding
B9J08_000032,0.9,GO:0000166,0.9813,2,nucleotide binding
B9J08_000032,0.9,GO:0005524,0.9724,11,ATP binding
B9J08_000033,0.9,GO:0022857,0.9296,8,transmembrane transporter activity
B9J08_000045,0.9,GO:0005524,0.9887,13,ATP binding
B9J08_000045,0.9,GO:0016818,0.9868,15,"hydrolase activity, acting on acid anhydrides, in phosphorus-containing anhydrides"
B9J08_000055,0.9,GO:0006520,0.9928,11,cellular amino acid metabolic process
B9J08_000058,0.9,GO:0036381,0.9975,15,pyridoxal 5'-phosphate synthase (glutamine hydrolysing) activity
B9J08_000063,0.9,GO:0004298,0.9567,16,threonine-type endopeptidase activity
B9J08_000066,0.9,GO:0046872,0.9759,5,metal ion binding
B9J08_000082,0.9,GO:0005525,0.9871,5,GTP binding
B9J08_000091,0.9,GO:0006412,0.9752,20,translation
B9J08_000092,0.9,GO:0005874,0.9975,5,microtubule
B9J08_000094,0.9,GO:0005524,0.9878,16,ATP binding
B9J08_000095,0.9,GO:0008270,0.9547,16,zinc ion binding
B9J08_000095,0.9,GO:0005634,0.9177,20,nucleus
B9J08_000098,0.9,GO:0005525,0.9895,15,GTP binding
B9J08_000100,0.9,GO:0004725,0.9118,7,protein tyrosine phosphatase activity
B9J08_000102,0.9,GO:0005524,0.9892,16,ATP binding
B9J08_000103,0.9,GO:0003824,0.9767,4,catalytic activity
B9J08_000103,0.9,GO:0005524,0.9696,10,ATP binding
B9J08_000109,0.9,GO:0005524,0.9687,14,ATP binding
B9J08_000111,0.9,GO:0005524,0.9954,6,ATP binding
B9J08_000111,0.9,GO:0000166,0.993,9,nucleotide binding
B9J08_000113,0.9,GO:0005524,0.9368,16,ATP binding
B9J08_000114,0.9,GO:0005524,0.9675,14,ATP binding
B9J08_000131,0.9,GO:0046872,0.9762,1,metal ion binding
B9J08_000133,0.9,GO:0005524,0.9911,11,ATP binding
B9J08_000140,0.9,GO:0004129,0.9037,18,cytochrome-c oxidase activity
B9J08_000145,0.9,GO:0030479,0.9476,3,actin cortical patch
B9J08_000150,0.9,GO:0006099,0.9616,9,tricarboxylic acid cycle
B9J08_000150,0.9,GO:0046872,0.9358,13,metal ion binding
B9J08_000164,0.9,GO:0000166,0.9886,4,nucleotide binding
B9J08_000164,0.9,GO:0005524,0.981,15,ATP binding
B9J08_000171,0.9,GO:0005524,0.9698,14,ATP binding
B9J08_000172,0.9,GO:0022857,0.9662,7,transmembrane transporter activity
B9J08_000173,0.9,GO:0046872,0.9292,11,metal ion binding
B9J08_000175,0.9,GO:0000166,0.9628,3,nucleotide binding
B9J08_000175,0.9,GO:0005524,0.939,10,ATP binding
B9J08_000175,0.9,GO:0005215,0.9163,17,transporter activity
B9J08_000186,0.9,GO:0009052,0.9649,9,"pentose-phosphate shunt, non-oxidative branch"
B9J08_000186,0.9,GO:0004751,0.9437,11,ribose-5-phosphate isomerase activity
B9J08_000187,0.9,GO:0005525,0.9925,7,GTP binding
B9J08_000188,0.9,GO:0017111,0.946,15,nucleoside-triphosphatase activity
B9J08_000188,0.9,GO:0000166,0.9422,18,nucleotide binding
B9J08_000188,0.9,GO:0005524,0.9397,19,ATP binding
B9J08_000203,0.9,GO:0006412,0.9686,14,translation
B9J08_000209,0.9,GO:0030295,0.9958,2,protein kinase activator activity
B9J08_000213,0.9,GO:0005525,0.9879,18,GTP binding
B9J08_000226,0.9,GO:0003676,0.966,11,nucleic acid binding
B9J08_000230,0.9,GO:0030170,0.9952,12,pyridoxal phosphate binding
B9J08_000242,0.9,GO:0005524,0.9824,10,ATP binding
B9J08_000243,0.9,GO:0006810,0.9828,12,transport
B9J08_000248,0.9,GO:0005524,0.958,20,ATP binding
B9J08_000262,0.9,GO:0008324,0.9889,9,cation transmembrane transporter activity
B9J08_000264,0.9,GO:0005524,0.9701,12,ATP binding
B9J08_000264,0.9,GO:0051082,0.9326,18,unfolded protein binding
B9J08_000269,0.9,GO:0005525,0.9908,14,GTP binding
B9J08_000271,0.9,GO:0031966,0.9049,8,mitochondrial membrane
B9J08_000272,0.9,GO:0015031,0.9115,12,protein transport
B9J08_000274,0.9,GO:0000015,0.9995,1,phosphopyruvate hydratase complex
B9J08_000274,0.9,GO:0004634,0.9957,2,phosphopyruvate hydratase activity
B9J08_000274,0.9,GO:0006096,0.9932,5,glycolytic process
B9J08_000274,0.9,GO:0000287,0.9775,17,magnesium ion binding
B9J08_000275,0.9,GO:0004298,0.9871,13,threonine-type endopeptidase activity
B9J08_000275,0.9,GO:0051603,0.985,15,proteolysis involved in cellular protein catabolic process
B9J08_000275,0.9,GO:0004175,0.981,19,endopeptidase activity
B9J08_000276,0.9,GO:0005524,0.9769,13,ATP binding
B9J08_000285,0.9,GO:0005524,0.9776,14,ATP binding
B9J08_000287,0.9,GO:0005525,0.9938,6,GTP binding
B9J08_000288,0.9,GO:0005524,0.9875,12,ATP binding
B9J08_000290,0.9,GO:0005524,0.9751,13,ATP binding
B9J08_000296,0.9,GO:0000145,0.9232,5,exocyst
B9J08_000299,0.9,GO:0005525,0.9974,8,GTP binding
B9J08_000322,0.9,GO:0045454,0.9856,1,cell redox homeostasis
B9J08_000328,0.9,GO:0003747,0.9175,6,translation release factor activity
B9J08_000335,0.9,GO:0005525,0.9518,16,GTP binding
B9J08_000340,0.9,GO:0005524,0.9904,12,ATP binding
B9J08_000341,0.9,GO:0005634,0.9182,10,nucleus
B9J08_000347,0.9,GO:0022857,0.9252,8,transmembrane transporter activity
B9J08_000348,0.9,GO:0003677,0.9926,10,DNA binding
B9J08_000348,0.9,GO:0003700,0.9897,13,DNA-binding transcription factor activity
B9J08_000348,0.9,GO:0005634,0.9631,20,nucleus
B9J08_000350,0.9,GO:0016491,0.9807,2,oxidoreductase activity
B9J08_000353,0.9,GO:0046872,0.9263,10,metal ion binding
B9J08_000355,0.9,GO:0000166,0.9901,5,nucleotide binding
B9J08_000355,0.9,GO:0005524,0.984,11,ATP binding
B9J08_000356,0.9,GO:0000166,0.9973,11,nucleotide binding
B9J08_000364,0.9,GO:0005524,0.9887,13,ATP binding
B9J08_000367,0.9,GO:0016491,0.9911,14,oxidoreductase activity
B9J08_000370,0.9,GO:0016491,0.964,2,oxidoreductase activity
B9J08_000371,0.9,GO:0005525,0.9797,1,GTP binding
B9J08_000379,0.9,GO:0000162,0.9946,16,tryptophan biosynthetic process
B9J08_000381,0.9,GO:0005515,0.9024,8,protein binding
B9J08_000382,0.9,GO:0008652,0.9722,18,cellular amino acid biosynthetic process
B9J08_000393,0.9,GO:0008168,0.9172,5,methyltransferase activity
B9J08_000398,0.9,GO:0004190,0.9125,3,aspartic-type endopeptidase activity
B9J08_000401,0.9,GO:0005634,0.9761,6,nucleus
B9J08_000414,0.9,GO:0005634,0.9302,6,nucleus
B9J08_000418,0.9,GO:0016491,0.9319,5,oxidoreductase activity
B9J08_000419,0.9,GO:0051536,0.9542,12,iron-sulfur cluster binding
B9J08_000419,0.9,GO:0046872,0.9122,16,metal ion binding
B9J08_000422,0.9,GO:0005634,0.9382,8,nucleus
B9J08_000431,0.9,GO:0005525,0.9963,17,GTP binding
B9J08_000432,0.9,GO:0005524,0.9932,15,ATP binding
B9J08_000434,0.9,GO:0005471,0.9463,20,ATP:ADP antiporter activity
B9J08_000435,0.9,GO:0000166,0.9915,7,nucleotide binding
B9J08_000435,0.9,GO:0005524,0.99,11,ATP binding
B9J08_000435,0.9,GO:0016020,0.9829,17,membrane
B9J08_000442,0.9,GO:0005524,0.9831,17,ATP binding
B9J08_000442,0.9,GO:0000166,0.9829,18,nucleotide binding
B9J08_000444,0.9,GO:0008525,0.9498,13,phosphatidylcholine transporter activity
B9J08_000444,0.9,GO:0048194,0.9366,18,Golgi vesicle budding
B9J08_000447,0.9,GO:0003676,0.9164,10,nucleic acid binding
B9J08_000451,0.9,GO:0008270,0.9645,3,zinc ion binding
B9J08_000458,0.9,GO:0005524,0.9915,16,ATP binding
B9J08_000460,0.9,GO:0003824,0.9648,12,catalytic activity
B9J08_000460,0.9,GO:0030170,0.9512,19,pyridoxal phosphate binding
B9J08_000462,0.9,GO:0016787,0.9946,1,hydrolase activity
B9J08_000462,0.9,GO:0004721,0.9318,17,phosphoprotein phosphatase activity
B9J08_000465,0.9,GO:0009073,0.9824,19,aromatic amino acid family biosynthetic process
B9J08_000467,0.9,GO:0003676,0.9629,4,nucleic acid binding
B9J08_000467,0.9,GO:0003677,0.9135,11,DNA binding
B9J08_000476,0.9,GO:0005524,0.9773,10,ATP binding
B9J08_000479,0.9,GO:0000166,0.9917,5,nucleotide binding
B9J08_000479,0.9,GO:0005524,0.991,9,ATP binding
B9J08_000480,0.9,GO:0000166,0.9965,6,nucleotide binding
B9J08_000480,0.9,GO:0005524,0.9958,10,ATP binding
B9J08_000483,0.9,GO:0005524,0.994,6,ATP binding
B9J08_000484,0.9,GO:0006546,0.991,7,glycine catabolic process
B9J08_000488,0.9,GO:0016817,0.9977,4,"hydrolase activity, acting on acid anhydrides"
B9J08_000488,0.9,GO:0005524,0.9973,10,ATP binding
B9J08_000507,0.9,GO:0016491,0.9864,11,oxidoreductase activity
B9J08_000507,0.9,GO:0006099,0.9617,17,tricarboxylic acid cycle
B9J08_000508,0.9,GO:0005524,0.9002,14,ATP binding
B9J08_000511,0.9,GO:0102338,0.99,3,3-oxo-lignoceronyl-CoA synthase activity
B9J08_000511,0.9,GO:0102756,0.9885,4,very-long-chain 3-ketoacyl-CoA synthase activity
B9J08_000511,0.9,GO:0102337,0.9826,11,3-oxo-cerotoyl-CoA synthase activity
B9J08_000511,0.9,GO:0102336,0.9813,14,3-oxo-arachidoyl-CoA synthase activity
B9J08_000511,0.9,GO:0006633,0.9676,20,fatty acid biosynthetic process
B9J08_000517,0.9,GO:0006811,0.9976,6,ion transport
B9J08_000523,0.9,GO:0004222,0.9748,7,metalloendopeptidase activity
B9J08_000524,0.9,GO:0005524,0.9569,20,ATP binding
B9J08_000543,0.9,GO:0045454,0.9942,1,cell redox homeostasis
B9J08_000543,0.9,GO:0006662,0.966,7,glycerol ether metabolic process
B9J08_000543,0.9,GO:0015036,0.9247,15,disulfide oxidoreductase activity
B9J08_000545,0.9,GO:0016282,0.9993,1,eukaryotic 43S preinitiation complex
B9J08_000545,0.9,GO:0033290,0.9988,3,eukaryotic 48S preinitiation complex
B9J08_000545,0.9,GO:0001732,0.9988,4,formation of cytoplasmic translation initiation complex
B9J08_000545,0.9,GO:0003743,0.9979,8,translation initiation factor activity
B9J08_000548,0.9,GO:0015693,0.932,3,magnesium ion transport
B9J08_000549,0.9,GO:0005524,0.9857,11,ATP binding
B9J08_000552,0.9,GO:0005524,0.9926,9,ATP binding
B9J08_000561,0.9,GO:0003779,0.9469,11,actin binding
B9J08_000561,0.9,GO:0030479,0.9293,13,actin cortical patch
B9J08_000573,0.9,GO:0000166,0.9861,4,nucleotide binding
B9J08_000573,0.9,GO:0005524,0.9738,14,ATP binding
B9J08_000576,0.9,GO:0006629,0.9968,8,lipid metabolic process
B9J08_000576,0.9,GO:0016042,0.9963,9,lipid catabolic process
B9J08_000590,0.9,GO:0046872,0.97,2,metal ion binding
B9J08_000592,0.9,GO:0008270,0.9726,10,zinc ion binding
B9J08_000596,0.9,GO:0005524,0.9612,15,ATP binding
B9J08_000602,0.9,GO:0004301,0.9533,11,epoxide hydrolase activity
B9J08_000602,0.9,GO:0008270,0.9307,15,zinc ion binding
B9J08_000611,0.9,GO:0016579,0.9346,16,protein deubiquitination
B9J08_000614,0.9,GO:0005886,0.9168,5,plasma membrane
B9J08_000625,0.9,GO:0006099,0.9027,18,tricarboxylic acid cycle
B9J08_000627,0.9,GO:0019706,0.9999,4,protein-cysteine S-palmitoyltransferase activity
B9J08_000636,0.9,GO:0046872,0.9654,11,metal ion binding
B9J08_000643,0.9,GO:0005524,0.9948,5,ATP binding
B9J08_000643,0.9,GO:0000166,0.9937,9,nucleotide binding
B9J08_000648,0.9,GO:0003755,0.977,3,peptidyl-prolyl cis-trans isomerase activity
B9J08_000648,0.9,GO:0006457,0.9746,5,protein folding
B9J08_000648,0.9,GO:0016018,0.9499,10,cyclosporin A binding
B9J08_000650,0.9,GO:0000166,0.9822,6,nucleotide binding
B9J08_000657,0.9,GO:0000166,0.9868,2,nucleotide binding
B9J08_000657,0.9,GO:0005524,0.9749,12,ATP binding
B9J08_000659,0.9,GO:0000166,0.9915,6,nucleotide binding
B9J08_000659,0.9,GO:0005524,0.9871,10,ATP binding
B9J08_000682,0.9,GO:0019243,0.9973,3,methylglyoxal catabolic process to D-lactate via S-lactoyl-glutathione
B9J08_000682,0.9,GO:0004416,0.9889,9,hydroxyacylglutathione hydrolase activity
B9J08_000688,0.9,GO:0046872,0.9845,4,metal ion binding
B9J08_000693,0.9,GO:0006886,0.9231,19,intracellular protein transport
B9J08_000694,0.9,GO:0003824,0.9869,2,catalytic activity
B9J08_000694,0.9,GO:0016491,0.9799,3,oxidoreductase activity
B9J08_000694,0.9,GO:0016615,0.928,6,malate dehydrogenase activity
B9J08_000694,0.9,GO:0006099,0.9182,7,tricarboxylic acid cycle
B9J08_000695,0.9,GO:0005975,0.9094,9,carbohydrate metabolic process
B9J08_000704,0.9,GO:0005524,0.994,7,ATP binding
B9J08_000705,0.9,GO:0000166,0.9916,11,nucleotide binding
B9J08_000705,0.9,GO:0005524,0.9912,12,ATP binding
B9J08_000720,0.9,GO:0005524,0.9814,16,ATP binding
B9J08_000729,0.9,GO:0005524,0.9893,18,ATP binding
B9J08_000735,0.9,GO:0004672,0.9748,17,protein kinase activity
B9J08_000740,0.9,GO:0016491,0.9298,9,oxidoreductase activity
B9J08_000753,0.9,GO:0005524,0.9962,8,ATP binding
B9J08_000756,0.9,GO:0022857,0.9244,4,transmembrane transporter activity
B9J08_000764,0.9,GO:0003824,0.9639,5,catalytic activity
B9J08_000764,0.9,GO:0016491,0.958,6,oxidoreductase activity
B9J08_000764,0.9,GO:0019752,0.9413,11,carboxylic acid metabolic process
B9J08_000764,0.9,GO:0006108,0.9089,14,malate metabolic process
B9J08_000766,0.9,GO:0003824,0.953,2,catalytic activity
B9J08_000766,0.9,GO:0030170,0.9196,11,pyridoxal phosphate binding
B9J08_000766,0.9,GO:0008483,0.9077,16,transaminase activity
B9J08_000774,0.9,GO:0003676,0.9973,7,nucleic acid binding
B9J08_000775,0.9,GO:0005991,0.9672,9,trehalose metabolic process
B9J08_000775,0.9,GO:0005992,0.9618,11,trehalose biosynthetic process
B9J08_000778,0.9,GO:0015031,0.9793,16,protein transport
B9J08_000790,0.9,GO:0016192,0.995,3,vesicle-mediated transport
B9J08_000790,0.9,GO:0006897,0.9753,9,endocytosis
B9J08_000790,0.9,GO:0030479,0.957,17,actin cortical patch
B9J08_000790,0.9,GO:0043332,0.9205,20,mating projection tip
B9J08_000791,0.9,GO:0005634,0.9804,13,nucleus
B9J08_000808,0.9,GO:0006096,0.9998,5,glycolytic process
B9J08_000818,0.9,GO:0000166,0.9707,6,nucleotide binding
B9J08_000818,0.9,GO:0005524,0.961,11,ATP binding
B9J08_000822,0.9,GO:0004672,0.9871,18,protein kinase activity
B9J08_000825,0.9,GO:0003677,0.9258,9,DNA binding
B9J08_000829,0.9,GO:0003676,0.934,6,nucleic acid binding
B9J08_000837,0.9,GO:0000166,0.9958,8,nucleotide binding
B9J08_000837,0.9,GO:0005524,0.9911,15,ATP binding
B9J08_000837,0.9,GO:0005215,0.9904,16,transporter activity
B9J08_000838,0.9,GO:0005524,0.9687,12,ATP binding
B9J08_000839,0.9,GO:0006886,0.9081,8,intracellular protein transport
B9J08_000847,0.9,GO:0005524,0.9221,7,ATP binding
B9J08_000855,0.9,GO:0003677,0.9554,2,DNA binding
B9J08_000873,0.9,GO:0046872,0.9644,11,metal ion binding
B9J08_000874,0.9,GO:0016491,0.9794,2,oxidoreductase activity
B9J08_000877,0.9,GO:0030011,0.9733,1,maintenance of cell polarity
B9J08_000880,0.9,GO:0005524,0.9973,2,ATP binding
B9J08_000880,0.9,GO:0000166,0.9937,11,nucleotide binding
B9J08_000881,0.9,GO:0005524,0.9714,18,ATP binding
B9J08_000881,0.9,GO:0004672,0.9675,19,protein kinase activity
B9J08_000887,0.9,GO:0005524,0.9867,11,ATP binding
B9J08_000899,0.9,GO:0000266,0.9388,14,mitochondrial fission
B9J08_000901,0.9,GO:0030976,0.9625,5,thiamine pyrophosphate binding
B9J08_000902,0.9,GO:0006351,0.9771,20,"transcription, DNA-templated"
B9J08_000907,0.9,GO:0005524,0.9725,18,ATP binding
B9J08_000910,0.9,GO:0005525,0.9938,3,GTP binding
B9J08_000918,0.9,GO:0031225,0.9241,17,anchored component of membrane
B9J08_000921,0.9,GO:0006913,0.9141,20,nucleocytoplasmic transport
B9J08_000930,0.9,GO:0006810,0.9352,13,transport
B9J08_000930,0.9,GO:0022857,0.919,16,transmembrane transporter activity
B9J08_000938,0.9,GO:0022857,0.9133,7,transmembrane transporter activity
B9J08_000939,0.9,GO:0003677,0.9498,7,DNA binding
B9J08_000942,0.9,GO:0008168,0.9201,5,methyltransferase activity
B9J08_000944,0.9,GO:0046872,0.9781,3,metal ion binding
B9J08_000944,0.9,GO:0000166,0.9373,6,nucleotide binding
B9J08_000944,0.9,GO:0052856,0.9071,10,NADHX epimerase activity
B9J08_000945,0.9,GO:0005525,0.982,12,GTP binding
B9J08_000947,0.9,GO:0016787,0.9453,2,hydrolase activity
B9J08_000954,0.9,GO:0005524,0.9614,11,ATP binding
B9J08_000960,0.9,GO:0005525,0.9978,7,GTP binding
B9J08_000963,0.9,GO:0016020,0.9431,9,membrane
B9J08_000963,0.9,GO:0000139,0.9026,20,Golgi membrane
B9J08_000967,0.9,GO:0005634,0.9093,12,nucleus
B9J08_000969,0.9,GO:0000166,0.9941,8,nucleotide binding
B9J08_000969,0.9,GO:0005524,0.9852,13,ATP binding
B9J08_000976,0.9,GO:0045454,0.9874,12,cell redox homeostasis
B9J08_000976,0.9,GO:0016491,0.9628,20,oxidoreductase activity
B9J08_000980,0.9,GO:0000287,0.9616,6,magnesium ion binding
B9J08_000984,0.9,GO:0043332,0.9842,7,mating projection tip
B9J08_000988,0.9,GO:0005634,0.9952,5,nucleus
B9J08_000988,0.9,GO:0003700,0.9756,16,DNA-binding transcription factor activity
B9J08_000996,0.9,GO:0005524,0.9824,10,ATP binding
B9J08_001001,0.9,GO:0005525,0.9785,8,GTP binding
B9J08_001006,0.9,GO:0015693,0.9285,10,magnesium ion transport
B9J08_001015,0.9,GO:0022857,0.9198,7,transmembrane transporter activity
B9J08_001016,0.9,GO:0022857,0.9558,11,transmembrane transporter activity
B9J08_001017,0.9,GO:0022857,0.964,7,transmembrane transporter activity
B9J08_001018,0.9,GO:2001295,0.996,4,malonyl-CoA biosynthetic process
B9J08_001026,0.9,GO:0003723,0.9578,19,RNA binding
B9J08_001031,0.9,GO:0006457,0.9565,3,protein folding
B9J08_001031,0.9,GO:0005737,0.9052,7,cytoplasm
B9J08_001062,0.9,GO:0005524,0.9943,7,ATP binding
B9J08_001073,0.9,GO:0006544,0.9856,6,glycine metabolic process
B9J08_001073,0.9,GO:0008483,0.9572,18,transaminase activity
B9J08_001075,0.9,GO:0005524,0.9991,3,ATP binding
B9J08_001085,0.9,GO:0005524,0.9692,10,ATP binding
B9J08_001085,0.9,GO:0000166,0.9643,15,nucleotide binding
B9J08_001086,0.9,GO:0045454,0.9978,1,cell redox homeostasis
B9J08_001086,0.9,GO:0006662,0.9158,12,glycerol ether metabolic process
B9J08_001090,0.9,GO:0016491,0.9896,2,oxidoreductase activity
B9J08_001090,0.9,GO:0019430,0.9478,8,removal of superoxide radicals
B9J08_001090,0.9,GO:0098869,0.9468,9,cellular oxidant detoxification
B9J08_001091,0.9,GO:0031201,0.9925,5,SNARE complex
B9J08_001091,0.9,GO:0012505,0.9911,7,endomembrane system
B9J08_001091,0.9,GO:0005484,0.9848,11,SNAP receptor activity
B9J08_001093,0.9,GO:0006325,0.9954,17,chromatin organization
B9J08_001095,0.9,GO:0000166,0.9941,4,nucleotide binding
B9J08_001095,0.9,GO:0005524,0.9913,9,ATP binding
B9J08_001098,0.9,GO:0006139,0.9472,13,nucleobase-containing compound metabolic process
B9J08_001102,0.9,GO:0005525,0.9824,8,GTP binding
B9J08_001104,0.9,GO:0003676,0.9207,17,nucleic acid binding
B9J08_001105,0.9,GO:0000166,0.9895,14,nucleotide binding
B9J08_001106,0.9,GO:0045454,0.9918,1,cell redox homeostasis
B9J08_001106,0.9,GO:0016491,0.9045,14,oxidoreductase activity
B9J08_001108,0.9,GO:0006259,0.9963,13,DNA metabolic process
B9J08_001122,0.9,GO:0003676,0.9947,14,nucleic acid binding
B9J08_001125,0.9,GO:0000166,0.997,6,nucleotide binding
B9J08_001125,0.9,GO:0005524,0.9951,10,ATP binding
B9J08_001131,0.9,GO:0005524,0.9936,10,ATP binding
B9J08_001136,0.9,GO:0005524,0.986,16,ATP binding
B9J08_001136,0.9,GO:0051082,0.9781,20,unfolded protein binding
B9J08_001137,0.9,GO:0034314,0.9946,1,Arp2/3 complex-mediated actin nucleation
B9J08_001138,0.9,GO:0005524,0.999,5,ATP binding
B9J08_001146,0.9,GO:0003676,0.9156,8,nucleic acid binding
B9J08_001149,0.9,GO:0005524,0.9893,6,ATP binding
B9J08_001156,0.9,GO:0000166,0.9785,9,nucleotide binding
B9J08_001156,0.9,GO:0005524,0.9725,13,ATP binding
B9J08_001160,0.9,GO:0005524,0.9845,15,ATP binding
B9J08_001161,0.9,GO:0006782,0.9351,16,protoporphyrinogen IX biosynthetic process
B9J08_001170,0.9,GO:0042128,0.9525,6,nitrate assimilation
B9J08_001170,0.9,GO:0006808,0.902,13,regulation of nitrogen utilization
B9J08_001171,0.9,GO:0008270,0.9106,8,zinc ion binding
B9J08_001173,0.9,GO:0033558,0.978,16,protein deacetylase activity
B9J08_001173,0.9,GO:0051287,0.9701,17,NAD binding
B9J08_001177,0.9,GO:0005525,0.9965,10,GTP binding
B9J08_001185,0.9,GO:0030001,0.9513,10,metal ion transport
B9J08_001185,0.9,GO:0006829,0.9473,11,zinc ion transport
B9J08_001192,0.9,GO:0005524,0.984,11,ATP binding
B9J08_001205,0.9,GO:0005524,0.9714,11,ATP binding
B9J08_001207,0.9,GO:0006099,0.9867,6,tricarboxylic acid cycle
B9J08_001207,0.9,GO:0003824,0.976,12,catalytic activity
B9J08_001207,0.9,GO:0016829,0.9364,20,lyase activity
B9J08_001213,0.9,GO:0022857,0.9191,9,transmembrane transporter activity
B9J08_001224,0.9,GO:0000097,0.9799,2,sulfur amino acid biosynthetic process
B9J08_001224,0.9,GO:0000103,0.9739,9,sulfate assimilation
B9J08_001224,0.9,GO:0019344,0.9639,18,cysteine biosynthetic process
B9J08_001227,0.9,GO:0006096,0.9997,5,glycolytic process
B9J08_001229,0.9,GO:0051536,0.9638,8,iron-sulfur cluster binding
B9J08_001232,0.9,GO:0005634,0.9679,15,nucleus
B9J08_001238,0.9,GO:0005524,0.9949,9,ATP binding
B9J08_001243,0.9,GO:0016281,0.9306,20,eukaryotic translation initiation factor 4F complex
B9J08_001260,0.9,GO:0005524,0.9457,9,ATP binding
B9J08_001264,0.9,GO:0031966,0.9354,9,mitochondrial membrane
B9J08_001271,0.9,GO:0005524,0.9454,6,ATP binding
B9J08_001277,0.9,GO:0019752,0.9878,13,carboxylic acid metabolic process
B9J08_001277,0.9,GO:0003824,0.9818,17,catalytic activity
B9J08_001286,0.9,GO:0005524,0.9809,8,ATP binding
B9J08_001296,0.9,GO:0006633,0.9587,5,fatty acid biosynthetic process
B9J08_001296,0.9,GO:0008659,0.9048,20,(3R)-hydroxymyristoyl-[acyl-carrier-protein] dehydratase activity
B9J08_001300,0.9,GO:0006355,0.9922,18,"regulation of transcription, DNA-templated"
B9J08_001301,0.9,GO:0003824,0.9313,3,catalytic activity
B9J08_001305,0.9,GO:0005524,0.9773,11,ATP binding
B9J08_001311,0.9,GO:0030042,0.99,10,actin filament depolymerization
B9J08_001311,0.9,GO:0003779,0.9864,13,actin binding
B9J08_001323,0.9,GO:0016020,0.9907,12,membrane
B9J08_001323,0.9,GO:0005484,0.988,16,SNAP receptor activity
B9J08_001325,0.9,GO:0008152,0.9148,4,metabolic process
B9J08_001330,0.9,GO:0009396,0.9196,15,folic acid-containing compound biosynthetic process
B9J08_001332,0.9,GO:0005634,0.9478,17,nucleus
B9J08_001338,0.9,GO:0000166,0.96,4,nucleotide binding
B9J08_001338,0.9,GO:0045899,0.9362,19,positive regulation of RNA polymerase II transcriptional preinitiation complex assembly
B9J08_001338,0.9,GO:0005524,0.9355,20,ATP binding
B9J08_001345,0.9,GO:0005524,0.9897,14,ATP binding
B9J08_001348,0.9,GO:0005524,0.9924,17,ATP binding
B9J08_001363,0.9,GO:0005524,0.998,15,ATP binding
B9J08_001363,0.9,GO:0003676,0.9967,20,nucleic acid binding
B9J08_001367,0.9,GO:0008270,0.9503,11,zinc ion binding
B9J08_001368,0.9,GO:0005524,0.9904,11,ATP binding
B9J08_001371,0.9,GO:0008270,0.9788,9,zinc ion binding
B9J08_001381,0.9,GO:0046872,0.9797,5,metal ion binding
B9J08_001381,0.9,GO:0004784,0.9731,7,superoxide dismutase activity
B9J08_001383,0.9,GO:0005975,0.953,5,carbohydrate metabolic process
B9J08_001387,0.9,GO:0005525,0.9816,10,GTP binding
B9J08_001399,0.9,GO:0022857,0.9056,16,transmembrane transporter activity
B9J08_001406,0.9,GO:0004298,0.9958,1,threonine-type endopeptidase activity
B9J08_001406,0.9,GO:0051603,0.9755,15,proteolysis involved in cellular protein catabolic process
B9J08_001413,0.9,GO:0000166,0.9983,19,nucleotide binding
B9J08_001418,0.9,GO:0005618,0.9057,8,cell wall
B9J08_001422,0.9,GO:0009249,0.9958,1,protein lipoylation
B9J08_001422,0.9,GO:0016992,0.9781,8,lipoate synthase activity
B9J08_001422,0.9,GO:0046872,0.9624,17,metal ion binding
B9J08_001432,0.9,GO:0005515,0.9288,3,protein binding
B9J08_001447,0.9,GO:0005524,0.9797,15,ATP binding
B9J08_001448,0.9,GO:0020037,0.9963,3,heme binding
B9J08_001448,0.9,GO:0005506,0.9918,11,iron ion binding
B9J08_001453,0.9,GO:0005524,0.9821,13,ATP binding
B9J08_001461,0.9,GO:0006457,0.99,8,protein folding
B9J08_001461,0.9,GO:0005524,0.9823,17,ATP binding
B9J08_001461,0.9,GO:0051082,0.9773,20,unfolded protein binding
B9J08_001463,0.9,GO:0005524,0.9903,15,ATP binding
B9J08_001465,0.9,GO:0003824,0.9472,7,catalytic activity
B9J08_001467,0.9,GO:0005524,0.9856,7,ATP binding
B9J08_001471,0.9,GO:0006364,0.9123,19,rRNA processing
B9J08_001476,0.9,GO:0005524,0.9879,11,ATP binding
B9J08_001476,0.9,GO:0000166,0.9856,15,nucleotide binding
B9J08_001493,0.9,GO:0005524,0.9808,14,ATP binding
B9J08_001501,0.9,GO:0016787,0.9812,6,hydrolase activity
B9J08_001501,0.9,GO:0005524,0.9774,12,ATP binding
B9J08_001506,0.9,GO:0008233,0.9472,9,peptidase activity
B9J08_001510,0.9,GO:0046872,0.9702,4,metal ion binding
B9J08_001510,0.9,GO:0008233,0.9593,7,peptidase activity
B9J08_001512,0.9,GO:0005524,0.99,13,ATP binding
B9J08_001515,0.9,GO:0020037,0.9319,6,heme binding
B9J08_001524,0.9,GO:0008270,0.9701,10,zinc ion binding
B9J08_001525,0.9,GO:0020037,0.994,5,heme binding
B9J08_001525,0.9,GO:0005506,0.9708,13,iron ion binding
B9J08_001525,0.9,GO:0004497,0.9648,14,monooxygenase activity
B9J08_001526,0.9,GO:0022857,0.9294,7,transmembrane transporter activity
B9J08_001527,0.9,GO:0022857,0.9429,7,transmembrane transporter activity
B9J08_001528,0.9,GO:0022857,0.9722,6,transmembrane transporter activity
B9J08_001529,0.9,GO:0003824,0.9547,2,catalytic activity
B9J08_001533,0.9,GO:0016620,0.9501,2,"oxidoreductase activity, acting on the aldehyde or oxo group of donors, NAD or NADP as acceptor"
B9J08_001533,0.9,GO:0016491,0.9259,3,oxidoreductase activity
B9J08_001535,0.9,GO:0016491,0.9791,4,oxidoreductase activity
B9J08_001535,0.9,GO:0003824,0.975,6,catalytic activity
B9J08_001535,0.9,GO:0010181,0.9674,8,FMN binding
B9J08_001540,0.9,GO:0003824,0.9622,3,catalytic activity
B9J08_001540,0.9,GO:0008152,0.9415,4,metabolic process
B9J08_001540,0.9,GO:0016829,0.9095,8,lyase activity
B9J08_001543,0.9,GO:0017183,0.9983,3,peptidyl-diphthamide biosynthetic process from peptidyl-histidine
B9J08_001550,0.9,GO:0016491,0.9011,4,oxidoreductase activity
B9J08_001561,0.9,GO:0005525,0.9895,10,GTP binding
B9J08_001562,0.9,GO:0005634,0.9269,12,nucleus
B9J08_001569,0.9,GO:0005634,0.9662,8,nucleus
B9J08_001574,0.9,GO:0005525,0.9624,12,GTP binding
B9J08_001581,0.9,GO:0000166,0.9938,5,nucleotide binding
B9J08_001581,0.9,GO:0005524,0.9869,12,ATP binding
B9J08_001585,0.9,GO:0015031,0.9206,15,protein transport
B9J08_001611,0.9,GO:0005524,0.9952,8,ATP binding
B9J08_001619,0.9,GO:0005524,0.9397,19,ATP binding
B9J08_001620,0.9,GO:0003677,0.9849,14,DNA binding
B9J08_001620,0.9,GO:0005634,0.9747,18,nucleus
B9J08_001620,0.9,GO:0008270,0.9629,19,zinc ion binding
B9J08_001622,0.9,GO:0003824,0.9234,1,catalytic activity
B9J08_001625,0.9,GO:0008033,0.9967,13,tRNA processing
B9J08_001644,0.9,GO:0003676,0.9962,16,nucleic acid binding
B9J08_001645,0.9,GO:0030170,0.9885,11,pyridoxal phosphate binding
B9J08_001646,0.9,GO:0016491,0.969,11,oxidoreductase activity
B9J08_001646,0.9,GO:0046872,0.9662,12,metal ion binding
B9J08_001647,0.9,GO:1904668,0.9022,5,positive regulation of ubiquitin protein ligase activity
B9J08_001648,0.9,GO:0030170,0.9643,9,pyridoxal phosphate binding
B9J08_001665,0.9,GO:0005975,0.9603,6,carbohydrate metabolic process
B9J08_001668,0.9,GO:0046872,0.9168,4,metal ion binding
B9J08_001670,0.9,GO:0046872,0.9975,9,metal ion binding
B9J08_001675,0.9,GO:0005524,0.9669,6,ATP binding
B9J08_001695,0.9,GO:0005975,0.9914,8,carbohydrate metabolic process
B9J08_001695,0.9,GO:0005992,0.9876,11,trehalose biosynthetic process
B9J08_001695,0.9,GO:0003824,0.9782,16,catalytic activity
B9J08_001697,0.9,GO:0043169,0.9701,4,cation binding
B9J08_001697,0.9,GO:0046872,0.9623,5,metal ion binding
B9J08_001701,0.9,GO:0005524,0.9657,17,ATP binding
B9J08_001701,0.9,GO:0055085,0.9575,19,transmembrane transport
B9J08_001702,0.9,GO:0046872,0.9473,14,metal ion binding
B9J08_001704,0.9,GO:0000166,0.9502,18,nucleotide binding
B9J08_001713,0.9,GO:0030170,0.9885,12,pyridoxal phosphate binding
B9J08_001715,0.9,GO:0005524,0.9695,12,ATP binding
B9J08_001716,0.9,GO:0000166,0.9867,10,nucleotide binding
B9J08_001716,0.9,GO:0005524,0.9841,14,ATP binding
B9J08_001724,0.9,GO:0005524,0.9657,8,ATP binding
B9J08_001724,0.9,GO:0000166,0.9581,14,nucleotide binding
B9J08_001726,0.9,GO:0005524,0.9702,14,ATP binding
B9J08_001733,0.9,GO:0016491,0.9684,1,oxidoreductase activity
B9J08_001737,0.9,GO:0006810,0.9248,3,transport
B9J08_001740,0.9,GO:0050660,0.9967,16,flavin adenine dinucleotide binding
B9J08_001741,0.9,GO:0008152,0.9987,5,metabolic process
B9J08_001741,0.9,GO:0050660,0.9948,13,flavin adenine dinucleotide binding
B9J08_001745,0.9,GO:0005524,0.9657,13,ATP binding
B9J08_001759,0.9,GO:0006629,0.9777,14,lipid metabolic process
B9J08_001765,0.9,GO:0000166,0.9665,10,nucleotide binding
B9J08_001769,0.9,GO:0006396,0.9445,18,RNA processing
B9J08_001772,0.9,GO:0006015,0.9972,6,5-phosphoribose 1-diphosphate biosynthetic process
B9J08_001774,0.9,GO:0000166,0.985,6,nucleotide binding
B9J08_001774,0.9,GO:0005524,0.9743,11,ATP binding
B9J08_001776,0.9,GO:0006797,0.9575,3,polyphosphate metabolic process
B9J08_001776,0.9,GO:0006799,0.9182,6,polyphosphate biosynthetic process
B9J08_001784,0.9,GO:0015078,0.9746,6,proton transmembrane transporter activity
B9J08_001786,0.9,GO:0008270,0.9537,9,zinc ion binding
B9J08_001787,0.9,GO:0008270,0.9764,7,zinc ion binding
B9J08_001795,0.9,GO:0046872,0.973,4,metal ion binding
B9J08_001796,0.9,GO:0005524,0.9669,11,ATP binding
B9J08_001797,0.9,GO:0005524,0.9736,19,ATP binding
B9J08_001798,0.9,GO:0046854,0.9975,3,phosphatidylinositol phosphorylation
B9J08_001799,0.9,GO:0006072,0.9707,13,glycerol-3-phosphate metabolic process
B9J08_001813,0.9,GO:0005524,0.9831,10,ATP binding
B9J08_001815,0.9,GO:0032865,0.9736,20,ERMES complex
B9J08_001825,0.9,GO:0003676,0.9076,14,nucleic acid binding
B9J08_001828,0.9,GO:0016491,0.9683,1,oxidoreductase activity
B9J08_001836,0.9,GO:0006364,0.9263,14,rRNA processing
B9J08_001839,0.9,GO:0031201,0.9408,12,SNARE complex
B9J08_001842,0.9,GO:0045899,0.9939,2,positive regulation of RNA polymerase II transcriptional preinitiation complex assembly
B9J08_001850,0.9,GO:0004643,0.9647,6,phosphoribosylaminoimidazolecarboxamide formyltransferase activity
B9J08_001851,0.9,GO:0003735,0.9297,12,structural constituent of ribosome
B9J08_001860,0.9,GO:0006096,0.9987,3,glycolytic process
B9J08_001860,0.9,GO:0004618,0.9961,20,phosphoglycerate kinase activity
B9J08_001863,0.9,GO:0016020,0.9638,15,membrane
B9J08_001868,0.9,GO:0005737,0.9602,13,cytoplasm
B9J08_001871,0.9,GO:0003723,0.92,6,RNA binding
B9J08_001875,0.9,GO:0006094,0.9971,13,gluconeogenesis
B9J08_001875,0.9,GO:0006096,0.9949,20,glycolytic process
B9J08_001878,0.9,GO:0000166,0.9837,12,nucleotide binding
B9J08_001878,0.9,GO:0005524,0.9714,18,ATP binding
B9J08_001884,0.9,GO:0046872,0.9985,2,metal ion binding
B9J08_001884,0.9,GO:0051536,0.9923,17,iron-sulfur cluster binding
B9J08_001887,0.9,GO:0009058,0.9789,10,biosynthetic process
B9J08_001889,0.9,GO:0022857,0.9852,8,transmembrane transporter activity
B9J08_001889,0.9,GO:0006810,0.9556,19,transport
B9J08_001890,0.9,GO:0016787,0.9789,2,hydrolase activity
B9J08_001893,0.9,GO:0005524,0.9905,12,ATP binding
B9J08_001893,0.9,GO:0000166,0.9898,13,nucleotide binding
B9J08_001898,0.9,GO:0005524,0.9925,8,ATP binding
B9J08_001899,0.9,GO:0000166,0.9925,6,nucleotide binding
B9J08_001899,0.9,GO:0005524,0.992,8,ATP binding
B9J08_001905,0.9,GO:0000166,0.9912,17,nucleotide binding
B9J08_001907,0.9,GO:0000032,0.9739,19,cell wall mannoprotein biosynthetic process
B9J08_001908,0.9,GO:0006486,0.942,17,protein glycosylation
B9J08_001910,0.9,GO:0005524,0.9254,12,ATP binding
B9J08_001911,0.9,GO:0005524,0.9768,19,ATP binding
B9J08_001912,0.9,GO:0046872,0.9585,12,metal ion binding
B9J08_001915,0.9,GO:0005730,0.9874,16,nucleolus
B9J08_001916,0.9,GO:0000032,0.9258,6,cell wall mannoprotein biosynthetic process
B9J08_001924,0.9,GO:0016192,0.9748,12,vesicle-mediated transport
B9J08_001925,0.9,GO:0016757,0.9127,2,"transferase activity, transferring glycosyl groups"
B9J08_001927,0.9,GO:0004177,0.9556,16,aminopeptidase activity
B9J08_001939,0.9,GO:0000166,0.9916,8,nucleotide binding
B9J08_001939,0.9,GO:0005524,0.9861,11,ATP binding
B9J08_001941,0.9,GO:0005730,0.9976,13,nucleolus
B9J08_001944,0.9,GO:0016787,0.9836,3,hydrolase activity
B9J08_001958,0.9,GO:0004190,0.9306,5,aspartic-type endopeptidase activity
B9J08_001959,0.9,GO:0000155,0.9865,7,phosphorelay sensor kinase activity
B9J08_001960,0.9,GO:0000166,0.9839,17,nucleotide binding
B9J08_001968,0.9,GO:0016491,0.9712,1,oxidoreductase activity
B9J08_001968,0.9,GO:0016620,0.9578,4,"oxidoreductase activity, acting on the aldehyde or oxo group of donors, NAD or NADP as acceptor"
B9J08_001968,0.9,GO:0008152,0.9327,5,metabolic process
B9J08_001999,0.9,GO:0000166,0.9831,18,nucleotide binding
B9J08_002005,0.9,GO:0030170,0.9674,3,pyridoxal phosphate binding
B9J08_002009,0.9,GO:0005525,0.9704,14,GTP binding
B9J08_002011,0.9,GO:0016491,0.9531,3,oxidoreductase activity
B9J08_002022,0.9,GO:0005634,0.9064,10,nucleus
B9J08_002023,0.9,GO:0017108,0.922,1,5'-flap endonuclease activity
B9J08_002025,0.9,GO:0005524,0.9623,13,ATP binding
B9J08_002026,0.9,GO:0045454,0.9801,6,cell redox homeostasis
B9J08_002026,0.9,GO:0046872,0.9745,8,metal ion binding
B9J08_002026,0.9,GO:2000678,0.9708,10,negative regulation of transcription regulatory region DNA binding
B9J08_002026,0.9,GO:0051536,0.9597,14,iron-sulfur cluster binding
B9J08_002030,0.9,GO:0006298,0.9924,15,mismatch repair
B9J08_002032,0.9,GO:0016779,0.9101,8,nucleotidyltransferase activity
B9J08_002041,0.9,GO:0000166,0.9804,4,nucleotide binding
B9J08_002041,0.9,GO:0005524,0.9688,10,ATP binding
B9J08_002042,0.9,GO:0003824,0.9262,3,catalytic activity
B9J08_002043,0.9,GO:0003824,0.9977,9,catalytic activity
B9J08_002043,0.9,GO:0016765,0.9962,11,"transferase activity, transferring alkyl or aryl (other than methyl) groups"
B9J08_002044,0.9,GO:0005524,0.9729,10,ATP binding
B9J08_002051,0.9,GO:0003824,0.9961,17,catalytic activity
B9J08_002053,0.9,GO:0005524,0.9663,16,ATP binding
B9J08_002057,0.9,GO:0008270,0.9874,8,zinc ion binding
B9J08_002060,0.9,GO:0005524,0.9939,6,ATP binding
B9J08_002070,0.9,GO:0016791,0.9096,7,phosphatase activity
B9J08_002072,0.9,GO:0003677,0.9376,6,DNA binding
B9J08_002073,0.9,GO:0046982,0.9389,6,protein heterodimerization activity
B9J08_002073,0.9,GO:0006334,0.9137,11,nucleosome assembly
B9J08_002073,0.9,GO:0003677,0.9066,13,DNA binding
B9J08_002074,0.9,GO:0006486,0.9192,20,protein glycosylation
B9J08_002078,0.9,GO:0006807,0.9976,12,nitrogen compound metabolic process
B9J08_002085,0.9,GO:0006325,0.9928,5,chromatin organization
B9J08_002085,0.9,GO:0010468,0.9601,18,regulation of gene expression
B9J08_002088,0.9,GO:0005525,0.9921,6,GTP binding
B9J08_002094,0.9,GO:0003676,0.9587,6,nucleic acid binding
B9J08_002094,0.9,GO:0003723,0.9323,8,RNA binding
B9J08_002099,0.9,GO:0016018,0.9205,2,cyclosporin A binding
B9J08_002099,0.9,GO:0003755,0.9042,4,peptidyl-prolyl cis-trans isomerase activity
B9J08_002100,0.9,GO:0016538,0.9743,8,cyclin-dependent protein serine/threonine kinase regulator activity
B9J08_002113,0.9,GO:0000166,0.9804,19,nucleotide binding
B9J08_002117,0.9,GO:0006525,0.978,14,arginine metabolic process
B9J08_002117,0.9,GO:0003824,0.9741,16,catalytic activity
B9J08_002124,0.9,GO:0005524,0.9898,7,ATP binding
B9J08_002136,0.9,GO:0008270,0.9001,10,zinc ion binding
B9J08_002142,0.9,GO:0003755,0.9606,4,peptidyl-prolyl cis-trans isomerase activity
B9J08_002142,0.9,GO:0006457,0.9231,9,protein folding
B9J08_002142,0.9,GO:0016018,0.9063,12,cyclosporin A binding
B9J08_002143,0.9,GO:0045454,0.9447,2,cell redox homeostasis
B9J08_002146,0.9,GO:0005524,0.9927,4,ATP binding
B9J08_002146,0.9,GO:0000166,0.9867,14,nucleotide binding
B9J08_002150,0.9,GO:0000155,0.9863,2,phosphorelay sensor kinase activity
B9J08_002150,0.9,GO:0004673,0.982,5,protein histidine kinase activity
B9J08_002150,0.9,GO:0005524,0.9579,19,ATP binding
B9J08_002168,0.9,GO:0022857,0.9286,10,transmembrane transporter activity
B9J08_002170,0.9,GO:0005634,0.9566,14,nucleus
B9J08_002170,0.9,GO:0003700,0.9551,16,DNA-binding transcription factor activity
B9J08_002173,0.9,GO:0000166,0.9132,8,nucleotide binding
B9J08_002173,0.9,GO:0016020,0.9039,12,membrane
B9J08_002173,0.9,GO:0015662,0.9037,13,"ion transmembrane transporter activity, phosphorylative mechanism"
B9J08_002183,0.9,GO:0005975,0.9265,11,carbohydrate metabolic process
B9J08_002188,0.9,GO:0003824,0.9033,2,catalytic activity
B9J08_002193,0.9,GO:0005524,0.9901,10,ATP binding
B9J08_002193,0.9,GO:0000166,0.9901,11,nucleotide binding
B9J08_002194,0.9,GO:0031201,0.9148,18,SNARE complex
B9J08_002197,0.9,GO:0016818,0.9959,4,"hydrolase activity, acting on acid anhydrides, in phosphorus-containing anhydrides"
B9J08_002197,0.9,GO:0005524,0.9832,16,ATP binding
B9J08_002209,0.9,GO:0005524,0.992,12,ATP binding
B9J08_002212,0.9,GO:0005524,0.9888,13,ATP binding
B9J08_002223,0.9,GO:0005525,0.9924,15,GTP binding
B9J08_002224,0.9,GO:0006260,0.9863,8,DNA replication
B9J08_002231,0.9,GO:0030976,0.9927,7,thiamine pyrophosphate binding
B9J08_002231,0.9,GO:0047433,0.9884,9,branched-chain-2-oxoacid decarboxylase activity
B9J08_002231,0.9,GO:0000287,0.986,11,magnesium ion binding
B9J08_002231,0.9,GO:0004737,0.9838,13,pyruvate decarboxylase activity
B9J08_002232,0.9,GO:0000166,0.9948,10,nucleotide binding
B9J08_002232,0.9,GO:0005524,0.9937,12,ATP binding
B9J08_002235,0.9,GO:0005524,0.998,11,ATP binding
B9J08_002238,0.9,GO:0008270,0.9782,14,zinc ion binding
B9J08_002238,0.9,GO:0005634,0.9683,16,nucleus
B9J08_002239,0.9,GO:0022857,0.9373,8,transmembrane transporter activity
B9J08_002250,0.9,GO:0022857,0.9191,10,transmembrane transporter activity
B9J08_002251,0.9,GO:0022857,0.913,11,transmembrane transporter activity
B9J08_002253,0.9,GO:0003676,0.9511,4,nucleic acid binding
B9J08_002253,0.9,GO:0003723,0.9254,6,RNA binding
B9J08_002258,0.9,GO:0030026,0.9171,12,cellular manganese ion homeostasis
B9J08_002264,0.9,GO:0003824,0.9239,2,catalytic activity
B9J08_002266,0.9,GO:0003676,0.9152,7,nucleic acid binding
B9J08_002268,0.9,GO:0004298,0.9984,1,threonine-type endopeptidase activity
B9J08_002268,0.9,GO:0004175,0.9891,11,endopeptidase activity
B9J08_002268,0.9,GO:0051603,0.9824,19,proteolysis involved in cellular protein catabolic process
B9J08_002272,0.9,GO:0008233,0.9559,8,peptidase activity
B9J08_002272,0.9,GO:0004177,0.948,9,aminopeptidase activity
B9J08_002276,0.9,GO:0005525,0.9875,9,GTP binding
B9J08_002279,0.9,GO:0003700,0.9924,7,DNA-binding transcription factor activity
B9J08_002279,0.9,GO:0005634,0.9841,13,nucleus
B9J08_002280,0.9,GO:0006865,0.9799,13,amino acid transport
B9J08_002287,0.9,GO:0005525,0.9918,10,GTP binding
B9J08_002293,0.9,GO:0005524,0.9895,10,ATP binding
B9J08_002298,0.9,GO:0042744,0.9879,4,hydrogen peroxide catabolic process
B9J08_002298,0.9,GO:0020037,0.9836,11,heme binding
B9J08_002298,0.9,GO:0046872,0.9726,18,metal ion binding
B9J08_002301,0.9,GO:0005524,0.9525,13,ATP binding
B9J08_002313,0.9,GO:0006904,0.9715,15,vesicle docking involved in exocytosis
B9J08_002318,0.9,GO:0004525,0.9132,17,ribonuclease III activity
B9J08_002323,0.9,GO:0005525,0.9929,11,GTP binding
B9J08_002324,0.9,GO:0003677,0.9874,6,DNA binding
B9J08_002324,0.9,GO:0008270,0.9681,16,zinc ion binding
B9J08_002324,0.9,GO:0005634,0.9347,19,nucleus
B9J08_002325,0.9,GO:0016020,0.9485,7,membrane
B9J08_002327,0.9,GO:0001732,0.9863,3,formation of cytoplasmic translation initiation complex
B9J08_002327,0.9,GO:0016282,0.9798,6,eukaryotic 43S preinitiation complex
B9J08_002327,0.9,GO:0033290,0.9666,13,eukaryotic 48S preinitiation complex
B9J08_002327,0.9,GO:0003743,0.9482,20,translation initiation factor activity
B9J08_002329,0.9,GO:0005524,0.9291,14,ATP binding
B9J08_002339,0.9,GO:0005524,0.9705,13,ATP binding
B9J08_002341,0.9,GO:0046872,0.9851,3,metal ion binding
B9J08_002345,0.9,GO:0015031,0.9671,10,protein transport
B9J08_002346,0.9,GO:0000166,0.9919,10,nucleotide binding
B9J08_002346,0.9,GO:0005524,0.9893,13,ATP binding
B9J08_002349,0.9,GO:0020037,0.9747,11,heme binding
B9J08_002349,0.9,GO:0016491,0.9565,18,oxidoreductase activity
B9J08_002351,0.9,GO:0005524,0.9934,7,ATP binding
B9J08_002363,0.9,GO:0030976,0.9884,2,thiamine pyrophosphate binding
B9J08_002363,0.9,GO:0008152,0.9586,9,metabolic process
B9J08_002363,0.9,GO:0006099,0.9509,11,tricarboxylic acid cycle
B9J08_002363,0.9,GO:0004591,0.9403,13,oxoglutarate dehydrogenase (succinyl-transferring) activity
B9J08_002365,0.9,GO:0005524,0.992,5,ATP binding
B9J08_002366,0.9,GO:0020037,0.9819,2,heme binding
B9J08_002366,0.9,GO:0046872,0.9515,11,metal ion binding
B9J08_002367,0.9,GO:0006412,0.9892,20,translation
B9J08_002371,0.9,GO:0015031,0.9354,13,protein transport
B9J08_002389,0.9,GO:0005524,0.9864,10,ATP binding
B9J08_002389,0.9,GO:0000166,0.9838,11,nucleotide binding
B9J08_002390,0.9,GO:0005524,0.9701,13,ATP binding
B9J08_002392,0.9,GO:0000032,0.99,13,cell wall mannoprotein biosynthetic process
B9J08_002393,0.9,GO:0003676,0.9805,2,nucleic acid binding
B9J08_002393,0.9,GO:0003723,0.944,6,RNA binding
B9J08_002395,0.9,GO:0051536,0.9718,13,iron-sulfur cluster binding
B9J08_002396,0.9,GO:0031201,0.9238,12,SNARE complex
B9J08_002401,0.9,GO:0005484,0.9555,4,SNAP receptor activity
B9J08_002401,0.9,GO:0031201,0.938,7,SNARE complex
B9J08_002405,0.9,GO:0005524,0.9833,9,ATP binding
B9J08_002406,0.9,GO:0004298,0.9762,3,threonine-type endopeptidase activity
B9J08_002414,0.9,GO:0005525,0.9542,7,GTP binding
B9J08_002420,0.9,GO:0006633,0.9627,18,fatty acid biosynthetic process
B9J08_002428,0.9,GO:0008270,0.9458,12,zinc ion binding
B9J08_002428,0.9,GO:0008237,0.9422,13,metallopeptidase activity
B9J08_002429,0.9,GO:0005524,0.9802,18,ATP binding
B9J08_002440,0.9,GO:0051082,0.9783,2,unfolded protein binding
B9J08_002440,0.9,GO:0006457,0.9394,6,protein folding
B9J08_002443,0.9,GO:0006865,0.9071,13,amino acid transport
B9J08_002445,0.9,GO:0005524,0.9973,9,ATP binding
B9J08_002450,0.9,GO:0051536,0.9475,14,iron-sulfur cluster binding
B9J08_002450,0.9,GO:0016491,0.921,15,oxidoreductase activity
B9J08_002451,0.9,GO:0000166,0.9838,6,nucleotide binding
B9J08_002451,0.9,GO:0005524,0.9812,10,ATP binding
B9J08_002452,0.9,GO:0008152,0.9632,4,metabolic process
B9J08_002453,0.9,GO:0003824,0.9194,10,catalytic activity
B9J08_002453,0.9,GO:0052655,0.9168,11,L-valine transaminase activity
B9J08_002463,0.9,GO:0046872,0.9238,4,metal ion binding
B9J08_002469,0.9,GO:0006807,0.9969,11,nitrogen compound metabolic process
B9J08_002469,0.9,GO:0005524,0.996,16,ATP binding
B9J08_002476,0.9,GO:0005634,0.9131,13,nucleus
B9J08_002477,0.9,GO:0005975,0.9213,6,carbohydrate metabolic process
B9J08_002478,0.9,GO:0003824,0.9628,15,catalytic activity
B9J08_002480,0.9,GO:0022857,0.9808,7,transmembrane transporter activity
B9J08_002481,0.9,GO:0022857,0.9512,6,transmembrane transporter activity
B9J08_002483,0.9,GO:0005524,0.9939,12,ATP binding
B9J08_002484,0.9,GO:0003747,0.9489,9,translation release factor activity
B9J08_002484,0.9,GO:0016149,0.9362,11,"translation release factor activity, codon specific"
B9J08_002488,0.9,GO:0046872,0.9549,8,metal ion binding
B9J08_002491,0.9,GO:0005524,0.9869,7,ATP binding
B9J08_002491,0.9,GO:0000166,0.9849,10,nucleotide binding
B9J08_002494,0.9,GO:0006886,0.9433,16,intracellular protein transport
B9J08_002495,0.9,GO:0005524,0.9905,12,ATP binding
B9J08_002496,0.9,GO:0005524,0.971,13,ATP binding
B9J08_002497,0.9,GO:0005524,0.9953,11,ATP binding
B9J08_002499,0.9,GO:0016491,0.9433,3,oxidoreductase activity
B9J08_002499,0.9,GO:0050660,0.9128,4,flavin adenine dinucleotide binding
B9J08_002501,0.9,GO:0102341,0.9893,15,3-oxo-lignoceroyl-CoA reductase activity
B9J08_002503,0.9,GO:0007094,0.9457,17,mitotic spindle assembly checkpoint
B9J08_002512,0.9,GO:0016868,0.9728,4,"intramolecular transferase activity, phosphotransferases"
B9J08_002521,0.9,GO:0005524,0.9944,17,ATP binding
B9J08_002521,0.9,GO:0006265,0.9938,18,DNA topological change
B9J08_002521,0.9,GO:0003918,0.9937,19,DNA topoisomerase type II (ATP-hydrolyzing) activity
B9J08_002524,0.9,GO:0005634,0.9194,9,nucleus
B9J08_002544,0.9,GO:0005524,0.9916,15,ATP binding
B9J08_002550,0.9,GO:0004298,0.9365,13,threonine-type endopeptidase activity
B9J08_002566,0.9,GO:0006096,0.9819,13,glycolytic process
B9J08_002568,0.9,GO:0004298,0.9903,4,threonine-type endopeptidase activity
B9J08_002568,0.9,GO:0051603,0.9666,20,proteolysis involved in cellular protein catabolic process
B9J08_002569,0.9,GO:0003677,0.9989,17,DNA binding
B9J08_002571,0.9,GO:0016787,0.96,18,hydrolase activity
B9J08_002576,0.9,GO:0005634,0.9227,17,nucleus
B9J08_002582,0.9,GO:0005618,0.9249,3,cell wall
B9J08_002587,0.9,GO:0046872,0.9868,2,metal ion binding
B9J08_002594,0.9,GO:0070403,0.9526,16,NAD+ binding
B9J08_002594,0.9,GO:0034979,0.9245,19,NAD-dependent protein deacetylase activity
B9J08_002597,0.9,GO:0015031,0.9977,20,protein transport
B9J08_002600,0.9,GO:0008152,0.9992,1,metabolic process
B9J08_002600,0.9,GO:0045047,0.9917,9,protein targeting to ER
B9J08_002607,0.9,GO:0005525,0.9928,10,GTP binding
B9J08_002611,0.9,GO:0005524,0.9892,11,ATP binding
B9J08_002618,0.9,GO:0005524,0.9912,12,ATP binding
B9J08_002618,0.9,GO:0006515,0.9898,17,protein quality control for misfolded or incompletely synthesized proteins
B9J08_002619,0.9,GO:0008168,0.906,6,methyltransferase activity
B9J08_002622,0.9,GO:0003735,0.9173,20,structural constituent of ribosome
B9J08_002627,0.9,GO:0016491,0.9641,12,oxidoreductase activity
B9J08_002628,0.9,GO:0008270,0.9542,10,zinc ion binding
B9J08_002628,0.9,GO:0005634,0.9373,14,nucleus
B9J08_002629,0.9,GO:0030976,0.9986,7,thiamine pyrophosphate binding
B9J08_002629,0.9,GO:0000287,0.9936,16,magnesium ion binding
B9J08_002632,0.9,GO:0004360,0.983,10,glutamine-fructose-6-phosphate transaminase (isomerizing) activity
B9J08_002632,0.9,GO:0097367,0.9754,12,carbohydrate derivative binding
B9J08_002632,0.9,GO:1901135,0.9688,15,carbohydrate derivative metabolic process
B9J08_002632,0.9,GO:0006002,0.9536,20,fructose 6-phosphate metabolic process
B9J08_002635,0.9,GO:0005525,0.9915,7,GTP binding
B9J08_002635,0.9,GO:0019001,0.9864,14,guanyl nucleotide binding
B9J08_002636,0.9,GO:0003676,0.9151,9,nucleic acid binding
B9J08_002638,0.9,GO:0008612,0.9135,14,peptidyl-lysine modification to peptidyl-hypusine
B9J08_002646,0.9,GO:0022857,0.9595,10,transmembrane transporter activity
B9J08_002652,0.9,GO:0005759,0.9095,19,mitochondrial matrix
B9J08_002652,0.9,GO:0006099,0.9058,20,tricarboxylic acid cycle
B9J08_002657,0.9,GO:0016491,0.9351,7,oxidoreductase activity
B9J08_002657,0.9,GO:0008270,0.9085,8,zinc ion binding
B9J08_002659,0.9,GO:0022857,0.9139,7,transmembrane transporter activity
B9J08_002660,0.9,GO:0022857,0.9534,6,transmembrane transporter activity
B9J08_002661,0.9,GO:0006139,0.988,10,nucleobase-containing compound metabolic process
B9J08_002663,0.9,GO:0022857,0.9268,12,transmembrane transporter activity
B9J08_002668,0.9,GO:0020037,0.9898,7,heme binding
B9J08_002668,0.9,GO:0004497,0.9626,12,monooxygenase activity
B9J08_002668,0.9,GO:0005506,0.9085,15,iron ion binding
B9J08_002669,0.9,GO:0006094,0.9874,5,gluconeogenesis
B9J08_002672,0.9,GO:0019888,0.9591,4,protein phosphatase regulator activity
B9J08_002672,0.9,GO:0003755,0.9232,8,peptidyl-prolyl cis-trans isomerase activity
B9J08_002682,0.9,GO:0005524,0.9953,9,ATP binding
B9J08_002683,0.9,GO:0030170,0.9957,12,pyridoxal phosphate binding
B9J08_002683,0.9,GO:0003824,0.9835,14,catalytic activity
B9J08_002689,0.9,GO:0006099,0.9914,1,tricarboxylic acid cycle
B9J08_002689,0.9,GO:0046872,0.9853,5,metal ion binding
B9J08_002689,0.9,GO:0051536,0.9767,7,iron-sulfur cluster binding
B9J08_002689,0.9,GO:0016491,0.9741,8,oxidoreductase activity
B9J08_002689,0.9,GO:0051537,0.9075,18,"2 iron, 2 sulfur cluster binding"
B9J08_002691,0.9,GO:0046872,0.9593,3,metal ion binding
B9J08_002691,0.9,GO:0019825,0.9335,7,oxygen binding
B9J08_002701,0.9,GO:0005525,0.9697,17,GTP binding
B9J08_002706,0.9,GO:0005524,0.9834,5,ATP binding
B9J08_002706,0.9,GO:0000166,0.977,11,nucleotide binding
B9J08_002710,0.9,GO:0003677,0.965,12,DNA binding
B9J08_002710,0.9,GO:0005634,0.963,13,nucleus
B9J08_002710,0.9,GO:0008270,0.9544,17,zinc ion binding
B9J08_002712,0.9,GO:0045454,0.9941,6,cell redox homeostasis
B9J08_002712,0.9,GO:0003756,0.96,16,protein disulfide isomerase activity
B9J08_002721,0.9,GO:0061711,0.9972,3,N(6)-L-threonylcarbamoyladenine synthase activity
B9J08_002721,0.9,GO:0002949,0.9848,13,tRNA threonylcarbamoyladenosine modification
B9J08_002721,0.9,GO:0070525,0.9774,14,tRNA threonylcarbamoyladenosine metabolic process
B9J08_002733,0.9,GO:0006105,0.9776,19,succinate metabolic process
B9J08_002737,0.9,GO:0016620,0.9169,1,"oxidoreductase activity, acting on the aldehyde or oxo group of donors, NAD or NADP as acceptor"
B9J08_002737,0.9,GO:0016491,0.9101,3,oxidoreductase activity
B9J08_002738,0.9,GO:0005886,0.9071,4,plasma membrane
B9J08_002739,0.9,GO:0005737,0.9132,4,cytoplasm
B9J08_002740,0.9,GO:0005634,0.9432,5,nucleus
B9J08_002749,0.9,GO:0005524,0.9769,7,ATP binding
B9J08_002759,0.9,GO:0051536,0.9793,7,iron-sulfur cluster binding
B9J08_002759,0.9,GO:0016491,0.9705,9,oxidoreductase activity
B9J08_002759,0.9,GO:0008137,0.9229,20,NADH dehydrogenase (ubiquinone) activity
B9J08_002761,0.9,GO:0005975,0.9917,6,carbohydrate metabolic process
B9J08_002764,0.9,GO:0006520,0.9469,14,cellular amino acid metabolic process
B9J08_002767,0.9,GO:0004298,0.9993,1,threonine-type endopeptidase activity
B9J08_002767,0.9,GO:0004175,0.9923,11,endopeptidase activity
B9J08_002767,0.9,GO:0051603,0.9894,16,proteolysis involved in cellular protein catabolic process
B9J08_002769,0.9,GO:0008270,0.9341,10,zinc ion binding
B9J08_002769,0.9,GO:0016491,0.919,13,oxidoreductase activity
B9J08_002772,0.9,GO:0005525,0.9868,10,GTP binding
B9J08_002772,0.9,GO:0003746,0.9769,14,translation elongation factor activity
B9J08_002780,0.9,GO:0003824,0.9325,1,catalytic activity
B9J08_002786,0.9,GO:0006412,0.9163,8,translation
B9J08_002788,0.9,GO:0005524,0.9928,15,ATP binding
B9J08_002792,0.9,GO:0005524,0.9941,12,ATP binding
B9J08_002795,0.9,GO:0022857,0.9116,20,transmembrane transporter activity
B9J08_002809,0.9,GO:0003735,0.9958,10,structural constituent of ribosome
B9J08_002809,0.9,GO:0006412,0.9928,19,translation
B9J08_002813,0.9,GO:0000166,0.9636,9,nucleotide binding
B9J08_002813,0.9,GO:0005524,0.9332,16,ATP binding
B9J08_002816,0.9,GO:0022857,0.9832,16,transmembrane transporter activity
B9J08_002816,0.9,GO:0005342,0.9755,20,organic acid transmembrane transporter activity
B9J08_002818,0.9,GO:0008603,0.9365,6,cAMP-dependent protein kinase regulator activity
B9J08_002818,0.9,GO:0030552,0.9324,7,cAMP binding
B9J08_002819,0.9,GO:0005524,0.9734,13,ATP binding
B9J08_002823,0.9,GO:0000166,0.9903,10,nucleotide binding
B9J08_002823,0.9,GO:0005524,0.9888,11,ATP binding
B9J08_002826,0.9,GO:0000166,0.9911,17,nucleotide binding
B9J08_002829,0.9,GO:0006468,0.9965,2,protein phosphorylation
B9J08_002830,0.9,GO:0016491,0.983,2,oxidoreductase activity
B9J08_002831,0.9,GO:0016020,0.9331,6,membrane
B9J08_002832,0.9,GO:0005524,0.989,10,ATP binding
B9J08_002840,0.9,GO:0005634,0.9376,10,nucleus
B9J08_002847,0.9,GO:0006635,0.9151,19,fatty acid beta-oxidation
B9J08_002849,0.9,GO:0005524,0.9975,12,ATP binding
B9J08_002849,0.9,GO:0004672,0.9913,20,protein kinase activity
B9J08_002851,0.9,GO:0004298,0.9936,1,threonine-type endopeptidase activity
B9J08_002851,0.9,GO:0004175,0.9628,7,endopeptidase activity
B9J08_002851,0.9,GO:0051603,0.944,12,proteolysis involved in cellular protein catabolic process
B9J08_002853,0.9,GO:0003700,0.9561,16,DNA-binding transcription factor activity
B9J08_002853,0.9,GO:0005634,0.9507,18,nucleus
B9J08_002853,0.9,GO:0008270,0.9472,20,zinc ion binding
B9J08_002855,0.9,GO:0000166,0.9977,8,nucleotide binding
B9J08_002855,0.9,GO:0005524,0.9952,14,ATP binding
B9J08_002856,0.9,GO:0006031,0.951,8,chitin biosynthetic process
B9J08_002868,0.9,GO:0046872,0.9782,4,metal ion binding
B9J08_002874,0.9,GO:0016757,0.9499,1,"transferase activity, transferring glycosyl groups"
B9J08_002876,0.9,GO:0005509,0.9685,5,calcium ion binding
B9J08_002891,0.9,GO:0003677,0.9289,7,DNA binding
B9J08_002891,0.9,GO:0003700,0.9238,9,DNA-binding transcription factor activity
B9J08_002891,0.9,GO:0008270,0.9129,11,zinc ion binding
B9J08_002896,0.9,GO:0005524,0.9922,9,ATP binding
B9J08_002903,0.9,GO:0005524,0.9633,11,ATP binding
B9J08_002906,0.9,GO:0015031,0.924,12,protein transport
B9J08_002919,0.9,GO:0006099,0.9164,12,tricarboxylic acid cycle
B9J08_002920,0.9,GO:0045454,0.9378,2,cell redox homeostasis
B9J08_002924,0.9,GO:0008270,0.9567,10,zinc ion binding
B9J08_002930,0.9,GO:0005634,0.9055,12,nucleus
B9J08_002931,0.9,GO:0008270,0.911,11,zinc ion binding
B9J08_002931,0.9,GO:0005634,0.9072,14,nucleus
B9J08_002940,0.9,GO:0005524,0.982,12,ATP binding
B9J08_002940,0.9,GO:0004672,0.9702,19,protein kinase activity
B9J08_002948,0.9,GO:0032865,0.9963,16,ERMES complex
B9J08_002953,0.9,GO:0015031,0.9394,2,protein transport
B9J08_002959,0.9,GO:0003677,0.9123,5,DNA binding
B9J08_002960,0.9,GO:0046872,0.9599,6,metal ion binding
B9J08_002960,0.9,GO:0017183,0.9523,7,peptidyl-diphthamide biosynthetic process from peptidyl-histidine
B9J08_002965,0.9,GO:0015171,0.9097,13,amino acid transmembrane transporter activity
B9J08_002967,0.9,GO:0005524,0.9414,16,ATP binding
B9J08_002969,0.9,GO:0005525,0.9902,10,GTP binding
B9J08_002972,0.9,GO:0046872,0.9444,3,metal ion binding
B9J08_002977,0.9,GO:0005524,0.929,13,ATP binding
B9J08_002983,0.9,GO:0005525,0.9919,6,GTP binding
B9J08_002983,0.9,GO:0000166,0.9716,17,nucleotide binding
B9J08_002986,0.9,GO:0003824,0.9691,6,catalytic activity
B9J08_002986,0.9,GO:0005975,0.9572,8,carbohydrate metabolic process
B9J08_002994,0.9,GO:0005524,0.9803,17,ATP binding
B9J08_002995,0.9,GO:0000103,0.9765,12,sulfate assimilation
B9J08_002997,0.9,GO:0006811,0.9906,7,ion transport
B9J08_002997,0.9,GO:0016491,0.9715,20,oxidoreductase activity
B9J08_003009,0.9,GO:0005524,0.9635,17,ATP binding
B9J08_003049,0.9,GO:0022857,0.9087,8,transmembrane transporter activity
B9J08_003053,0.9,GO:0003676,0.9708,4,nucleic acid binding
B9J08_003053,0.9,GO:0003723,0.9376,6,RNA binding
B9J08_003055,0.9,GO:0016282,0.9975,1,eukaryotic 43S preinitiation complex
B9J08_003055,0.9,GO:0033290,0.9934,7,eukaryotic 48S preinitiation complex
B9J08_003055,0.9,GO:0001732,0.9881,15,formation of cytoplasmic translation initiation complex
B9J08_003060,0.9,GO:0003676,0.9879,5,nucleic acid binding
B9J08_003069,0.9,GO:0006886,0.9012,17,intracellular protein transport
B9J08_003076,0.9,GO:0006886,0.9638,16,intracellular protein transport
B9J08_003078,0.9,GO:0009116,0.9959,8,nucleoside metabolic process
B9J08_003088,0.9,GO:0016491,0.9287,1,oxidoreductase activity
B9J08_003092,0.9,GO:0016757,0.9551,16,"transferase activity, transferring glycosyl groups"
B9J08_003094,0.9,GO:0005524,0.9982,8,ATP binding
B9J08_003094,0.9,GO:0016818,0.9975,13,"hydrolase activity, acting on acid anhydrides, in phosphorus-containing anhydrides"
B9J08_003095,0.9,GO:0003676,0.9625,8,nucleic acid binding
B9J08_003104,0.9,GO:0005525,0.986,12,GTP binding
B9J08_003105,0.9,GO:0006520,0.9907,14,cellular amino acid metabolic process
B9J08_003114,0.9,GO:0005524,0.9964,10,ATP binding
B9J08_003120,0.9,GO:0005975,0.9943,5,carbohydrate metabolic process
B9J08_003120,0.9,GO:0003824,0.9749,6,catalytic activity
B9J08_003123,0.9,GO:0006486,0.9203,10,protein glycosylation
B9J08_003125,0.9,GO:0016765,0.9234,19,"transferase activity, transferring alkyl or aryl (other than methyl) groups"
B9J08_003127,0.9,GO:0003735,0.9611,7,structural constituent of ribosome
B9J08_003130,0.9,GO:0005525,0.9884,11,GTP binding
B9J08_003132,0.9,GO:0005524,0.9882,15,ATP binding
B9J08_003141,0.9,GO:0008168,0.9226,5,methyltransferase activity
B9J08_003156,0.9,GO:0005524,0.9515,9,ATP binding
B9J08_003172,0.9,GO:0000166,0.9881,10,nucleotide binding
B9J08_003172,0.9,GO:0005524,0.9877,11,ATP binding
B9J08_003177,0.9,GO:0017183,0.9991,2,peptidyl-diphthamide biosynthetic process from peptidyl-histidine
B9J08_003180,0.9,GO:0006099,0.9391,16,tricarboxylic acid cycle
B9J08_003180,0.9,GO:0006102,0.9337,19,isocitrate metabolic process
B9J08_003196,0.9,GO:0005524,0.9435,8,ATP binding
B9J08_003202,0.9,GO:0022857,0.906,7,transmembrane transporter activity
B9J08_003213,0.9,GO:0006865,0.9197,16,amino acid transport
B9J08_003215,0.9,GO:0016491,0.969,14,oxidoreductase activity
B9J08_003215,0.9,GO:0004128,0.904,20,"cytochrome-b5 reductase activity, acting on NAD(P)H"
B9J08_003219,0.9,GO:0030170,0.9209,6,pyridoxal phosphate binding
B9J08_003227,0.9,GO:0008270,0.9517,12,zinc ion binding
B9J08_003228,0.9,GO:0008152,0.9315,7,metabolic process
B9J08_003238,0.9,GO:0005525,0.9888,14,GTP binding
B9J08_003240,0.9,GO:0004609,0.9918,7,phosphatidylserine decarboxylase activity
B9J08_003243,0.9,GO:0000815,0.9434,20,ESCRT III complex
B9J08_003244,0.9,GO:0031201,0.9832,3,SNARE complex
B9J08_003244,0.9,GO:0005484,0.9797,6,SNAP receptor activity
B9J08_003245,0.9,GO:0005525,0.9975,13,GTP binding
B9J08_003250,0.9,GO:0030295,0.9766,13,protein kinase activator activity
B9J08_003251,0.9,GO:0004553,0.993,9,"hydrolase activity, hydrolyzing O-glycosyl compounds"
B9J08_003251,0.9,GO:0005576,0.956,15,extracellular region
B9J08_003262,0.9,GO:0005525,0.9893,10,GTP binding
B9J08_003263,0.9,GO:0005484,0.992,1,SNAP receptor activity
B9J08_003263,0.9,GO:0031201,0.9713,9,SNARE complex
B9J08_003263,0.9,GO:0006906,0.9627,12,vesicle fusion
B9J08_003267,0.9,GO:0008270,0.9769,7,zinc ion binding
B9J08_003267,0.9,GO:0016491,0.9281,12,oxidoreductase activity
B9J08_003269,0.9,GO:0003677,0.9209,9,DNA binding
B9J08_003272,0.9,GO:0046872,0.9823,6,metal ion binding
B9J08_003275,0.9,GO:0006915,0.9362,8,apoptotic process
B9J08_003280,0.9,GO:0005634,0.936,12,nucleus
B9J08_003280,0.9,GO:0003700,0.9239,13,DNA-binding transcription factor activity
B9J08_003290,0.9,GO:0005524,0.992,9,ATP binding
B9J08_003290,0.9,GO:0000166,0.9908,11,nucleotide binding
B9J08_003293,0.9,GO:0008033,0.9951,10,tRNA processing
B9J08_003293,0.9,GO:0016779,0.9894,17,nucleotidyltransferase activity
B9J08_003296,0.9,GO:0006499,0.9611,13,N-terminal protein myristoylation
B9J08_003296,0.9,GO:0004379,0.9572,14,glycylpeptide N-tetradecanoyltransferase activity
B9J08_003299,0.9,GO:0005509,0.9782,13,calcium ion binding
B9J08_003299,0.9,GO:0005515,0.9778,14,protein binding
B9J08_003300,0.9,GO:0016020,0.9061,9,membrane
B9J08_003306,0.9,GO:0006096,0.9985,5,glycolytic process
B9J08_003313,0.9,GO:0006412,0.9564,20,translation
B9J08_003319,0.9,GO:0046872,0.999,8,metal ion binding
B9J08_003322,0.9,GO:0046872,0.982,1,metal ion binding
B9J08_003323,0.9,GO:0000166,0.9852,5,nucleotide binding
B9J08_003323,0.9,GO:0005524,0.9839,8,ATP binding
B9J08_003326,0.9,GO:0005524,0.9762,16,ATP binding
B9J08_003327,0.9,GO:0005525,0.991,9,GTP binding
B9J08_003329,0.9,GO:0016491,0.9837,15,oxidoreductase activity
B9J08_003330,0.9,GO:0000166,0.9948,15,nucleotide binding
B9J08_003330,0.9,GO:0005524,0.9933,19,ATP binding
B9J08_003331,0.9,GO:0003735,0.9307,20,structural constituent of ribosome
B9J08_003338,0.9,GO:0006260,0.9411,18,DNA replication
B9J08_003341,0.9,GO:0046873,0.965,12,metal ion transmembrane transporter activity
B9J08_003341,0.9,GO:0030001,0.9584,18,metal ion transport
B9J08_003354,0.9,GO:0006623,0.9918,2,protein targeting to vacuole
B9J08_003354,0.9,GO:0015031,0.9858,3,protein transport
B9J08_003354,0.9,GO:0045053,0.9857,4,protein retention in Golgi apparatus
B9J08_003355,0.9,GO:0005524,0.9792,16,ATP binding
B9J08_003356,0.9,GO:0005524,0.9841,16,ATP binding
B9J08_003359,0.9,GO:0005525,0.9807,9,GTP binding
B9J08_003361,0.9,GO:0005525,0.9794,19,GTP binding
B9J08_003364,0.9,GO:0005524,0.9935,10,ATP binding
B9J08_003365,0.9,GO:0006085,0.9948,17,acetyl-CoA biosynthetic process
B9J08_003365,0.9,GO:0016208,0.9945,19,AMP binding
B9J08_003368,0.9,GO:0003677,0.9376,6,DNA binding
B9J08_003369,0.9,GO:0046982,0.9389,6,protein heterodimerization activity
B9J08_003369,0.9,GO:0006334,0.9137,11,nucleosome assembly
B9J08_003369,0.9,GO:0003677,0.9066,13,DNA binding
B9J08_003371,0.9,GO:0006096,0.9891,5,glycolytic process
B9J08_003371,0.9,GO:0003824,0.9491,19,catalytic activity
B9J08_003374,0.9,GO:0019752,0.9855,10,carboxylic acid metabolic process
B9J08_003374,0.9,GO:0003824,0.9833,11,catalytic activity
B9J08_003374,0.9,GO:0006097,0.9666,13,glyoxylate cycle
B9J08_003376,0.9,GO:0005524,0.9782,12,ATP binding
B9J08_003382,0.9,GO:0003676,0.9321,16,nucleic acid binding
B9J08_003383,0.9,GO:0016787,0.9922,1,hydrolase activity
B9J08_003387,0.9,GO:0005515,0.9682,8,protein binding
B9J08_003387,0.9,GO:0008017,0.9643,9,microtubule binding
B9J08_003387,0.9,GO:0005874,0.9524,14,microtubule
B9J08_003387,0.9,GO:0051301,0.9269,17,cell division
B9J08_003401,0.9,GO:0005216,0.9797,6,ion channel activity
B9J08_003405,0.9,GO:0008168,0.9382,13,methyltransferase activity
B9J08_003407,0.9,GO:0008270,0.9014,20,zinc ion binding
B9J08_003414,0.9,GO:0005524,0.9894,8,ATP binding
B9J08_003424,0.9,GO:0005524,0.9984,9,ATP binding
B9J08_003425,0.9,GO:0003677,0.9053,3,DNA binding
B9J08_003428,0.9,GO:0003677,0.9548,8,DNA binding
B9J08_003430,0.9,GO:0005525,0.9964,18,GTP binding
B9J08_003432,0.9,GO:0016282,0.9993,1,eukaryotic 43S preinitiation complex
B9J08_003432,0.9,GO:0001732,0.9989,3,formation of cytoplasmic translation initiation complex
B9J08_003432,0.9,GO:0033290,0.9982,5,eukaryotic 48S preinitiation complex
B9J08_003432,0.9,GO:0003743,0.9947,14,translation initiation factor activity
B9J08_003432,0.9,GO:0005852,0.9929,18,eukaryotic translation initiation factor 3 complex
B9J08_003435,0.9,GO:0004298,0.9592,5,threonine-type endopeptidase activity
B9J08_003435,0.9,GO:0008233,0.9246,13,peptidase activity
B9J08_003436,0.9,GO:0019706,0.9924,2,protein-cysteine S-palmitoyltransferase activity
B9J08_003436,0.9,GO:0016409,0.9609,9,palmitoyltransferase activity
B9J08_003437,0.9,GO:0045454,0.9792,1,cell redox homeostasis
B9J08_003437,0.9,GO:0004601,0.924,13,peroxidase activity
B9J08_003437,0.9,GO:0016209,0.905,15,antioxidant activity
B9J08_003441,0.9,GO:0005524,0.9598,16,ATP binding
B9J08_003446,0.9,GO:0005525,0.993,7,GTP binding
B9J08_003449,0.9,GO:0009331,0.998,2,glycerol-3-phosphate dehydrogenase complex
B9J08_003449,0.9,GO:0046168,0.9968,3,glycerol-3-phosphate catabolic process
B9J08_003449,0.9,GO:0006072,0.9888,6,glycerol-3-phosphate metabolic process
B9J08_003452,0.9,GO:0008483,0.9747,4,transaminase activity
B9J08_003452,0.9,GO:0009448,0.9231,15,gamma-aminobutyric acid metabolic process
B9J08_003453,0.9,GO:0005524,0.9891,8,ATP binding
B9J08_003458,0.9,GO:0046872,0.9969,3,metal ion binding
B9J08_003466,0.9,GO:0003824,0.9881,1,catalytic activity
B9J08_003466,0.9,GO:0016491,0.9746,3,oxidoreductase activity
B9J08_003466,0.9,GO:0006099,0.9323,8,tricarboxylic acid cycle
B9J08_003466,0.9,GO:0006108,0.9112,9,malate metabolic process
B9J08_003466,0.9,GO:0016615,0.9026,10,malate dehydrogenase activity
B9J08_003482,0.9,GO:0019706,0.9909,3,protein-cysteine S-palmitoyltransferase activity
B9J08_003482,0.9,GO:0016409,0.9495,8,palmitoyltransferase activity
B9J08_003482,0.9,GO:0018230,0.9382,11,peptidyl-L-cysteine S-palmitoylation
B9J08_003486,0.9,GO:0004620,0.9664,13,phospholipase activity
B9J08_003490,0.9,GO:0006465,0.9797,19,signal peptide processing
B9J08_003490,0.9,GO:0008233,0.9752,20,peptidase activity
B9J08_003503,0.9,GO:0003676,0.938,4,nucleic acid binding
B9J08_003504,0.9,GO:0043169,0.9687,10,cation binding
B9J08_003504,0.9,GO:0046872,0.9535,14,metal ion binding
B9J08_003512,0.9,GO:0005524,0.9904,11,ATP binding
B9J08_003517,0.9,GO:0030170,0.9982,10,pyridoxal phosphate binding
B9J08_003531,0.9,GO:0030170,0.9995,10,pyridoxal phosphate binding
B9J08_003535,0.9,GO:0005524,0.9899,14,ATP binding
B9J08_003540,0.9,GO:0022857,0.912,6,transmembrane transporter activity
B9J08_003546,0.9,GO:0005634,0.9708,8,nucleus
B9J08_003560,0.9,GO:0006412,0.977,14,translation
B9J08_003563,0.9,GO:0016491,0.9695,6,oxidoreductase activity
B9J08_003578,0.9,GO:0006511,0.9437,19,ubiquitin-dependent protein catabolic process
B9J08_003590,0.9,GO:0003676,0.9657,5,nucleic acid binding
B9J08_003594,0.9,GO:0101005,0.9349,19,ubiquitinyl hydrolase activity
B9J08_003599,0.9,GO:0005525,0.9928,10,GTP binding
B9J08_003604,0.9,GO:0005524,0.994,13,ATP binding
B9J08_003609,0.9,GO:0006546,0.9915,3,glycine catabolic process
B9J08_003609,0.9,GO:0006544,0.987,10,glycine metabolic process
B9J08_003610,0.9,GO:0003746,0.9936,15,translation elongation factor activity
B9J08_003610,0.9,GO:0005525,0.9922,20,GTP binding
B9J08_003614,0.9,GO:0008270,0.9811,3,zinc ion binding
B9J08_003614,0.9,GO:0016491,0.9429,11,oxidoreductase activity
B9J08_003621,0.9,GO:0009395,0.909,20,phospholipid catabolic process
B9J08_003632,0.9,GO:0030955,0.9987,1,potassium ion binding
B9J08_003632,0.9,GO:0005524,0.9777,16,ATP binding
B9J08_003646,0.9,GO:0006520,0.9593,18,cellular amino acid metabolic process
B9J08_003650,0.9,GO:0006457,0.9887,2,protein folding
B9J08_003650,0.9,GO:0003755,0.9859,4,peptidyl-prolyl cis-trans isomerase activity
B9J08_003650,0.9,GO:0016018,0.9728,7,cyclosporin A binding
B9J08_003660,0.9,GO:0003676,0.942,5,nucleic acid binding
B9J08_003660,0.9,GO:0003723,0.9101,9,RNA binding
B9J08_003663,0.9,GO:0000166,0.9807,8,nucleotide binding
B9J08_003663,0.9,GO:0005524,0.9782,10,ATP binding
B9J08_003665,0.9,GO:0016301,0.9741,15,kinase activity
B9J08_003667,0.9,GO:0005525,0.9922,13,GTP binding
B9J08_003677,0.9,GO:0006412,0.9735,20,translation
B9J08_003681,0.9,GO:0004128,0.9743,8,"cytochrome-b5 reductase activity, acting on NAD(P)H"
B9J08_003681,0.9,GO:0005741,0.9607,12,mitochondrial outer membrane
B9J08_003682,0.9,GO:0005524,0.9251,9,ATP binding
B9J08_003684,0.9,GO:0009331,0.9979,7,glycerol-3-phosphate dehydrogenase complex
B9J08_003684,0.9,GO:0006072,0.9976,8,glycerol-3-phosphate metabolic process
B9J08_003684,0.9,GO:0046168,0.9969,9,glycerol-3-phosphate catabolic process
B9J08_003688,0.9,GO:0005524,0.9914,15,ATP binding
B9J08_003689,0.9,GO:0046872,0.9821,4,metal ion binding
B9J08_003690,0.9,GO:0016020,0.9101,18,membrane
B9J08_003708,0.9,GO:0000166,0.9876,19,nucleotide binding
B9J08_003713,0.9,GO:0046872,0.9327,19,metal ion binding
B9J08_003720,0.9,GO:0005524,0.9626,8,ATP binding
B9J08_003722,0.9,GO:0003824,0.9507,4,catalytic activity
B9J08_003722,0.9,GO:0046912,0.9137,8,"transferase activity, transferring acyl groups, acyl groups converted into alkyl on transfer"
B9J08_003724,0.9,GO:0005524,0.9412,10,ATP binding
B9J08_003726,0.9,GO:0005524,0.9923,14,ATP binding
B9J08_003727,0.9,GO:0005524,0.9789,7,ATP binding
B9J08_003728,0.9,GO:0005524,0.9551,14,ATP binding
B9J08_003732,0.9,GO:0005524,0.995,9,ATP binding
B9J08_003735,0.9,GO:0005524,0.9709,15,ATP binding
B9J08_003736,0.9,GO:0005524,0.9771,14,ATP binding
B9J08_003737,0.9,GO:0016491,0.9832,16,oxidoreductase activity
B9J08_003738,0.9,GO:0004418,0.9872,15,hydroxymethylbilane synthase activity
B9J08_003743,0.9,GO:0016020,0.9829,2,membrane
B9J08_003748,0.9,GO:0005524,0.9845,19,ATP binding
B9J08_003754,0.9,GO:0006810,0.9922,13,transport
B9J08_003754,0.9,GO:0022857,0.9806,17,transmembrane transporter activity
B9J08_003755,0.9,GO:0003735,0.981,17,structural constituent of ribosome
B9J08_003756,0.9,GO:0006414,0.9326,19,translational elongation
B9J08_003756,0.9,GO:0003735,0.9314,20,structural constituent of ribosome
B9J08_003763,0.9,GO:0016491,0.9303,1,oxidoreductase activity
B9J08_003764,0.9,GO:0005524,0.9722,17,ATP binding
B9J08_003768,0.9,GO:0009987,0.9279,12,cellular process
B9J08_003771,0.9,GO:0005524,0.9286,13,ATP binding
B9J08_003775,0.9,GO:0005525,0.9748,9,GTP binding
B9J08_003775,0.9,GO:0000166,0.9655,13,nucleotide binding
B9J08_003778,0.9,GO:0000166,0.9394,11,nucleotide binding
B9J08_003778,0.9,GO:0005524,0.9261,19,ATP binding
B9J08_003784,0.9,GO:0000166,0.9857,5,nucleotide binding
B9J08_003784,0.9,GO:0005524,0.9824,8,ATP binding
B9J08_003787,0.9,GO:0004298,0.9665,3,threonine-type endopeptidase activity
B9J08_003791,0.9,GO:0035999,0.9995,8,tetrahydrofolate interconversion
B9J08_003791,0.9,GO:0006730,0.9992,11,one-carbon metabolic process
B9J08_003791,0.9,GO:0004372,0.9991,13,glycine hydroxymethyltransferase activity
B9J08_003791,0.9,GO:0019264,0.9989,16,glycine biosynthetic process from serine
B9J08_003792,0.9,GO:0005524,0.9782,9,ATP binding
B9J08_003795,0.9,GO:0005524,0.9918,18,ATP binding
B9J08_003799,0.9,GO:0003824,0.9776,2,catalytic activity
B9J08_003799,0.9,GO:0071555,0.954,9,cell wall organization
B9J08_003799,0.9,GO:0005975,0.9412,11,carbohydrate metabolic process
B9J08_003800,0.9,GO:0101005,0.9056,16,ubiquitinyl hydrolase activity
B9J08_003801,0.9,GO:0009058,0.9913,11,biosynthetic process
B9J08_003804,0.9,GO:0005758,0.9914,4,mitochondrial intermembrane space
B9J08_003804,0.9,GO:0046872,0.9817,13,metal ion binding
B9J08_003808,0.9,GO:0005524,0.9904,6,ATP binding
B9J08_003808,0.9,GO:0000166,0.989,9,nucleotide binding
B9J08_003816,0.9,GO:0005737,0.9588,6,cytoplasm
B9J08_003816,0.9,GO:0005634,0.912,8,nucleus
B9J08_003817,0.9,GO:0000166,0.9477,6,nucleotide binding
B9J08_003817,0.9,GO:0005524,0.9136,17,ATP binding
B9J08_003819,0.9,GO:0016491,0.9994,1,oxidoreductase activity
B9J08_003819,0.9,GO:0050660,0.9915,10,flavin adenine dinucleotide binding
B9J08_003819,0.9,GO:0016668,0.9505,20,"oxidoreductase activity, acting on a sulfur group of donors, NAD(P) as acceptor"
B9J08_003822,0.9,GO:0005524,0.9937,9,ATP binding
B9J08_003829,0.9,GO:0004672,0.9816,10,protein kinase activity
B9J08_003829,0.9,GO:0005524,0.9797,13,ATP binding
B9J08_003832,0.9,GO:0000166,0.982,4,nucleotide binding
B9J08_003832,0.9,GO:0005524,0.9813,5,ATP binding
B9J08_003834,0.9,GO:0005525,0.9946,15,GTP binding
B9J08_003836,0.9,GO:0005524,0.9167,15,ATP binding
B9J08_003852,0.9,GO:0003824,0.9594,3,catalytic activity
B9J08_003856,0.9,GO:0016538,0.9972,19,cyclin-dependent protein serine/threonine kinase regulator activity
B9J08_003859,0.9,GO:0005874,0.9941,7,microtubule
B9J08_003859,0.9,GO:0005875,0.9907,9,microtubule associated complex
B9J08_003859,0.9,GO:0007017,0.9888,12,microtubule-based process
B9J08_003860,0.9,GO:0044209,0.9996,1,AMP salvage
B9J08_003860,0.9,GO:0003999,0.9995,2,adenine phosphoribosyltransferase activity
B9J08_003860,0.9,GO:0016763,0.9983,6,"transferase activity, transferring pentosyl groups"
B9J08_003860,0.9,GO:0006168,0.9981,8,adenine salvage
B9J08_003862,0.9,GO:0003676,0.9341,15,nucleic acid binding
B9J08_003866,0.9,GO:0005524,0.9837,5,ATP binding
B9J08_003869,0.9,GO:0046872,0.92,3,metal ion binding
B9J08_003882,0.9,GO:0009058,0.9423,13,biosynthetic process
B9J08_003892,0.9,GO:0000166,0.9777,6,nucleotide binding
B9J08_003895,0.9,GO:0003824,0.9144,2,catalytic activity
B9J08_003916,0.9,GO:0009231,0.9641,3,riboflavin biosynthetic process
B9J08_003918,0.9,GO:0005524,0.9735,11,ATP binding
B9J08_003918,0.9,GO:0000166,0.9681,16,nucleotide binding
B9J08_003920,0.9,GO:0006468,0.9844,16,protein phosphorylation
B9J08_003942,0.9,GO:0102338,0.9955,1,3-oxo-lignoceronyl-CoA synthase activity
B9J08_003942,0.9,GO:0102756,0.9901,3,very-long-chain 3-ketoacyl-CoA synthase activity
B9J08_003942,0.9,GO:0102337,0.9881,4,3-oxo-cerotoyl-CoA synthase activity
B9J08_003942,0.9,GO:0019367,0.9793,7,"fatty acid elongation, saturated fatty acid"
B9J08_003942,0.9,GO:0034626,0.9708,18,"fatty acid elongation, polyunsaturated fatty acid"
B9J08_003942,0.9,GO:0102336,0.9688,19,3-oxo-arachidoyl-CoA synthase activity
B9J08_003942,0.9,GO:0034625,0.9668,20,"fatty acid elongation, monounsaturated fatty acid"
B9J08_003943,0.9,GO:0005524,0.9508,16,ATP binding
B9J08_003943,0.9,GO:0016301,0.9425,20,kinase activity
B9J08_003944,0.9,GO:0016282,0.9998,1,eukaryotic 43S preinitiation complex
B9J08_003944,0.9,GO:0033290,0.9997,2,eukaryotic 48S preinitiation complex
B9J08_003944,0.9,GO:0001732,0.9994,3,formation of cytoplasmic translation initiation complex
B9J08_003944,0.9,GO:0003743,0.9994,4,translation initiation factor activity
B9J08_003944,0.9,GO:0005852,0.9956,10,eukaryotic translation initiation factor 3 complex
B9J08_003949,0.9,GO:0046872,0.9272,3,metal ion binding
B9J08_003955,0.9,GO:0003676,0.9758,5,nucleic acid binding
B9J08_003972,0.9,GO:0005525,0.9825,10,GTP binding
B9J08_003972,0.9,GO:0019001,0.9766,16,guanyl nucleotide binding
B9J08_003973,0.9,GO:0004222,0.9118,16,metalloendopeptidase activity
B9J08_003979,0.9,GO:0030170,0.9986,10,pyridoxal phosphate binding
B9J08_003979,0.9,GO:0003824,0.9746,20,catalytic activity
B9J08_003986,0.9,GO:0005525,0.9945,13,GTP binding
B9J08_003988,0.9,GO:0005874,0.9962,13,microtubule
B9J08_003991,0.9,GO:0005524,0.9827,12,ATP binding
B9J08_003996,0.9,GO:0003677,0.9986,4,DNA binding
B9J08_003998,0.9,GO:0016208,0.9949,12,AMP binding
B9J08_004001,0.9,GO:0003676,0.9253,8,nucleic acid binding
B9J08_004015,0.9,GO:0003824,0.9271,4,catalytic activity
B9J08_004015,0.9,GO:0004553,0.9208,6,"hydrolase activity, hydrolyzing O-glycosyl compounds"
B9J08_004015,0.9,GO:0005975,0.9081,8,carbohydrate metabolic process
B9J08_004016,0.9,GO:0008152,0.9124,6,metabolic process
B9J08_004028,0.9,GO:0004672,0.966,15,protein kinase activity
B9J08_004028,0.9,GO:0035376,0.9579,19,sterol import
B9J08_004029,0.9,GO:0004672,0.9698,18,protein kinase activity
B9J08_004030,0.9,GO:0005524,0.9934,16,ATP binding
B9J08_004061,0.9,GO:0003677,0.9844,7,DNA binding
B9J08_004061,0.9,GO:0008270,0.9542,13,zinc ion binding
B9J08_004068,0.9,GO:0016020,0.9841,15,membrane
B9J08_004068,0.9,GO:0005524,0.9808,17,ATP binding
B9J08_004086,0.9,GO:0051301,0.9961,5,cell division
B9J08_004088,0.9,GO:0046872,0.9971,11,metal ion binding
B9J08_004094,0.9,GO:0000166,0.9812,15,nucleotide binding
B9J08_004094,0.9,GO:0005524,0.9798,18,ATP binding
B9J08_004095,0.9,GO:0003824,0.9817,10,catalytic activity
B9J08_004114,0.9,GO:0016491,0.9414,2,oxidoreductase activity
B9J08_004115,0.9,GO:0003755,0.943,3,peptidyl-prolyl cis-trans isomerase activity
B9J08_004115,0.9,GO:0006457,0.9327,5,protein folding
B9J08_004116,0.9,GO:0005524,0.9547,15,ATP binding
B9J08_004121,0.9,GO:0046872,0.9527,2,metal ion binding
B9J08_004122,0.9,GO:0016020,0.939,9,membrane
B9J08_004124,0.9,GO:0005524,0.9932,12,ATP binding
B9J08_004129,0.9,GO:0000166,0.9801,7,nucleotide binding
B9J08_004129,0.9,GO:0005524,0.9268,17,ATP binding
B9J08_004142,0.9,GO:0005524,0.9683,14,ATP binding
B9J08_004142,0.9,GO:0004672,0.9556,19,protein kinase activity
B9J08_004144,0.9,GO:0006465,0.9202,10,signal peptide processing
B9J08_004147,0.9,GO:0005525,0.9948,14,GTP binding
B9J08_004161,0.9,GO:0020037,0.9955,3,heme binding
B9J08_004161,0.9,GO:0005506,0.9204,14,iron ion binding
B9J08_004161,0.9,GO:0004497,0.9037,15,monooxygenase activity
B9J08_004166,0.9,GO:0005524,0.9969,9,ATP binding
B9J08_004167,0.9,GO:0005634,0.9352,10,nucleus
B9J08_004188,0.9,GO:0022857,0.9407,11,transmembrane transporter activity
B9J08_004210,0.9,GO:0046872,0.9317,6,metal ion binding
B9J08_004212,0.9,GO:0046872,0.9055,6,metal ion binding
B9J08_004225,0.9,GO:0005525,0.9968,11,GTP binding
B9J08_004225,0.9,GO:0044208,0.9963,13,'de novo' AMP biosynthetic process
B9J08_004228,0.9,GO:0016791,0.9399,6,phosphatase activity
B9J08_004230,0.9,GO:0005525,0.9844,12,GTP binding
B9J08_004231,0.9,GO:0005525,0.9887,5,GTP binding
B9J08_004264,0.9,GO:0022857,0.9601,8,transmembrane transporter activity
B9J08_004285,0.9,GO:0000166,0.9824,7,nucleotide binding
B9J08_004285,0.9,GO:0005524,0.976,10,ATP binding
B9J08_004286,0.9,GO:0016020,0.9896,6,membrane
B9J08_004286,0.9,GO:0030479,0.9742,15,actin cortical patch
B9J08_004286,0.9,GO:0006897,0.9573,20,endocytosis
B9J08_004294,0.9,GO:0045047,0.9968,6,protein targeting to ER
B9J08_004294,0.9,GO:0000166,0.9952,9,nucleotide binding
B9J08_004294,0.9,GO:0006605,0.9912,20,protein targeting
B9J08_004298,0.9,GO:0030956,0.9979,12,glutamyl-tRNA(Gln) amidotransferase complex
B9J08_004298,0.9,GO:0003824,0.997,13,catalytic activity
B9J08_004299,0.9,GO:0035998,0.9996,7,"7,8-dihydroneopterin 3'-triphosphate biosynthetic process"
B9J08_004303,0.9,GO:0003677,0.9418,11,DNA binding
B9J08_004309,0.9,GO:0005524,0.9661,12,ATP binding
B9J08_004319,0.9,GO:0005525,0.9863,10,GTP binding
B9J08_004320,0.9,GO:0000321,0.9228,14,re-entry into mitotic cell cycle after pheromone arrest
B9J08_004321,0.9,GO:0005524,0.9933,7,ATP binding
B9J08_004321,0.9,GO:0000166,0.9927,8,nucleotide binding
B9J08_004322,0.9,GO:0005524,0.997,5,ATP binding
B9J08_004331,0.9,GO:0008270,0.988,6,zinc ion binding
B9J08_004331,0.9,GO:0016491,0.9296,10,oxidoreductase activity
B9J08_004336,0.9,GO:0005524,0.9823,12,ATP binding
B9J08_004338,0.9,GO:0005524,0.9789,8,ATP binding
B9J08_004338,0.9,GO:0051082,0.9728,14,unfolded protein binding
B9J08_004338,0.9,GO:0006457,0.9678,18,protein folding
B9J08_004340,0.9,GO:0005524,0.9899,10,ATP binding
B9J08_004344,0.9,GO:0000166,0.9533,7,nucleotide binding
B9J08_004344,0.9,GO:0005524,0.9526,8,ATP binding
B9J08_004345,0.9,GO:0016491,0.9116,3,oxidoreductase activity
B9J08_004352,0.9,GO:0019510,0.9986,3,S-adenosylhomocysteine catabolic process
B9J08_004352,0.9,GO:0006730,0.9986,4,one-carbon metabolic process
B9J08_004353,0.9,GO:0003677,0.9823,6,DNA binding
B9J08_004355,0.9,GO:0008270,0.9444,15,zinc ion binding
B9J08_004355,0.9,GO:0003700,0.9195,16,DNA-binding transcription factor activity
B9J08_004357,0.9,GO:0016787,0.9728,3,hydrolase activity
B9J08_004357,0.9,GO:0008233,0.9488,4,peptidase activity
B9J08_004361,0.9,GO:0045454,0.9895,1,cell redox homeostasis
B9J08_004365,0.9,GO:0005743,0.9483,19,mitochondrial inner membrane
B9J08_004369,0.9,GO:0005524,0.9928,16,ATP binding
B9J08_004374,0.9,GO:0015031,0.996,7,protein transport
B9J08_004375,0.9,GO:0006096,0.9941,12,glycolytic process
B9J08_004382,0.9,GO:0005886,0.9341,4,plasma membrane
B9J08_004385,0.9,GO:0005525,0.9035,7,GTP binding
B9J08_004393,0.9,GO:0006241,0.995,7,CTP biosynthetic process
B9J08_004393,0.9,GO:0003883,0.9913,17,CTP synthase activity
B9J08_004401,0.9,GO:0000166,0.9829,3,nucleotide binding
B9J08_004401,0.9,GO:0005524,0.9765,13,ATP binding
B9J08_004402,0.9,GO:0000993,0.985,8,RNA polymerase II complex binding
B9J08_004402,0.9,GO:0006355,0.98,14,"regulation of transcription, DNA-templated"
B9J08_004406,0.9,GO:0003824,0.9805,8,catalytic activity
B9J08_004406,0.9,GO:0005524,0.9781,10,ATP binding
B9J08_004407,0.9,GO:0006869,0.9968,13,lipid transport
B9J08_004408,0.9,GO:0003824,0.9091,9,catalytic activity
B9J08_004410,0.9,GO:0005975,0.9738,4,carbohydrate metabolic process
B9J08_004411,0.9,GO:0006897,0.9288,20,endocytosis
B9J08_004420,0.9,GO:0005524,0.9176,9,ATP binding
B9J08_004421,0.9,GO:0005634,0.9234,17,nucleus
B9J08_004427,0.9,GO:0005743,0.9679,13,mitochondrial inner membrane
B9J08_004430,0.9,GO:0000166,0.9904,5,nucleotide binding
B9J08_004430,0.9,GO:0005524,0.9875,7,ATP binding
B9J08_004436,0.9,GO:0022857,0.9405,6,transmembrane transporter activity
B9J08_004446,0.9,GO:0000166,0.9798,3,nucleotide binding
B9J08_004446,0.9,GO:0005524,0.9402,20,ATP binding
B9J08_004447,0.9,GO:0016757,0.9185,20,"transferase activity, transferring glycosyl groups"
B9J08_004452,0.9,GO:0000166,0.9968,6,nucleotide binding
B9J08_004452,0.9,GO:0005524,0.9951,10,ATP binding
B9J08_004463,0.9,GO:0005524,0.9864,12,ATP binding
B9J08_004477,0.9,GO:0003824,0.9902,2,catalytic activity
B9J08_004477,0.9,GO:0004553,0.9135,9,"hydrolase activity, hydrolyzing O-glycosyl compounds"
B9J08_004478,0.9,GO:0020037,0.9645,12,heme binding
B9J08_004478,0.9,GO:0005506,0.9128,13,iron ion binding
B9J08_004478,0.9,GO:0004497,0.9056,14,monooxygenase activity
B9J08_004483,0.9,GO:0005758,0.9549,11,mitochondrial intermembrane space
B9J08_004485,0.9,GO:0005524,0.9565,15,ATP binding
B9J08_004499,0.9,GO:0005525,0.9969,8,GTP binding
B9J08_004501,0.9,GO:0016491,0.9232,7,oxidoreductase activity
B9J08_004501,0.9,GO:0003885,0.9158,8,"D-arabinono-1,4-lactone oxidase activity"
B9J08_004503,0.9,GO:0004298,0.9946,4,threonine-type endopeptidase activity
B9J08_004503,0.9,GO:0008233,0.9882,10,peptidase activity
B9J08_004503,0.9,GO:0004175,0.9869,12,endopeptidase activity
B9J08_004504,0.9,GO:0005524,0.9898,12,ATP binding
B9J08_004522,0.9,GO:0005524,0.9462,12,ATP binding
B9J08_004524,0.9,GO:0005525,0.9881,7,GTP binding
B9J08_004550,0.9,GO:0006740,0.9857,15,NADPH regeneration
B9J08_004558,0.9,GO:0004721,0.962,10,phosphoprotein phosphatase activity
B9J08_004558,0.9,GO:0005737,0.9032,15,cytoplasm
B9J08_004561,0.9,GO:0006807,0.996,13,nitrogen compound metabolic process
B9J08_004561,0.9,GO:0003824,0.9959,14,catalytic activity
B9J08_004569,0.9,GO:0051082,0.9261,5,unfolded protein binding
B9J08_004569,0.9,GO:0006457,0.9134,7,protein folding
B9J08_004579,0.9,GO:0003746,0.9936,15,translation elongation factor activity
B9J08_004579,0.9,GO:0005525,0.9922,20,GTP binding
B9J08_004581,0.9,GO:0005525,0.9978,3,GTP binding
B9J08_004588,0.9,GO:0005525,0.9938,5,GTP binding
B9J08_004590,0.9,GO:0006629,0.9766,16,lipid metabolic process
B9J08_004600,0.9,GO:0016491,0.9421,4,oxidoreductase activity
B9J08_004601,0.9,GO:0000166,0.9541,14,nucleotide binding
B9J08_004601,0.9,GO:0005524,0.951,15,ATP binding
B9J08_004608,0.9,GO:0071255,0.9147,9,Cvt vesicle assembly
B9J08_004608,0.9,GO:0071562,0.9039,13,nucleus-vacuole junction assembly
B9J08_004610,0.9,GO:0046872,0.9951,7,metal ion binding
B9J08_004610,0.9,GO:0005524,0.9663,20,ATP binding
B9J08_004611,0.9,GO:0006913,0.96,16,nucleocytoplasmic transport
B9J08_004639,0.9,GO:0005524,0.981,19,ATP binding
B9J08_004641,0.9,GO:0015031,0.9814,11,protein transport
B9J08_004647,0.9,GO:0071455,0.9946,15,cellular response to hyperoxia
B9J08_004648,0.9,GO:0008233,0.9855,5,peptidase activity
B9J08_004652,0.9,GO:0005524,0.9953,17,ATP binding
B9J08_004659,0.9,GO:0016620,0.9489,2,"oxidoreductase activity, acting on the aldehyde or oxo group of donors, NAD or NADP as acceptor"
B9J08_004659,0.9,GO:0008152,0.9479,4,metabolic process
B9J08_004659,0.9,GO:0016491,0.9236,10,oxidoreductase activity
B9J08_004662,0.9,GO:0022857,0.9306,12,transmembrane transporter activity
B9J08_004662,0.9,GO:0055085,0.9155,13,transmembrane transport
B9J08_004666,0.9,GO:0016491,0.907,5,oxidoreductase activity
B9J08_004675,0.9,GO:0005524,0.993,14,ATP binding
B9J08_004690,0.9,GO:0022857,0.9058,7,transmembrane transporter activity
B9J08_004692,0.9,GO:0022857,0.9249,5,transmembrane transporter activity
B9J08_004704,0.9,GO:0000166,0.9672,5,nucleotide binding
B9J08_004709,0.9,GO:0016491,0.9842,3,oxidoreductase activity
B9J08_004709,0.9,GO:0010181,0.9789,5,FMN binding
B9J08_004721,0.9,GO:0000166,0.985,6,nucleotide binding
B9J08_004721,0.9,GO:0005524,0.9832,11,ATP binding
B9J08_004725,0.9,GO:0022857,0.9395,8,transmembrane transporter activity
B9J08_004737,0.9,GO:0006090,0.9528,15,pyruvate metabolic process
B9J08_004746,0.9,GO:0019706,0.9997,8,protein-cysteine S-palmitoyltransferase activity
B9J08_004752,0.9,GO:0071819,0.9961,11,DUBm complex
B9J08_004753,0.9,GO:0046872,0.9176,6,metal ion binding
B9J08_004753,0.9,GO:0045271,0.9041,10,respiratory chain complex I
B9J08_004754,0.9,GO:0003677,0.9479,4,DNA binding
B9J08_004756,0.9,GO:0003676,0.9498,5,nucleic acid binding
B9J08_004759,0.9,GO:0016192,0.9812,2,vesicle-mediated transport
B9J08_004759,0.9,GO:0006888,0.9312,13,endoplasmic reticulum to Golgi vesicle-mediated transport
B9J08_004764,0.9,GO:0016491,0.983,14,oxidoreductase activity
B9J08_004766,0.9,GO:0000166,0.9981,9,nucleotide binding
B9J08_004766,0.9,GO:0005524,0.9967,12,ATP binding
B9J08_004785,0.9,GO:0005524,0.9958,11,ATP binding
B9J08_004795,0.9,GO:0006355,0.9904,2,"regulation of transcription, DNA-templated"
B9J08_004797,0.9,GO:0022857,0.9691,5,transmembrane transporter activity
B9J08_004798,0.9,GO:0006520,0.9624,14,cellular amino acid metabolic process
B9J08_004816,0.9,GO:0043087,0.964,6,regulation of GTPase activity
B9J08_004819,0.9,GO:0003677,0.983,6,DNA binding
B9J08_004820,0.9,GO:0005634,0.9258,13,nucleus
B9J08_004820,0.9,GO:0008270,0.9176,15,zinc ion binding
B9J08_004820,0.9,GO:0003677,0.9099,18,DNA binding
B9J08_004827,0.9,GO:0005789,0.91,16,endoplasmic reticulum membrane
B9J08_004834,0.9,GO:0005525,0.9925,12,GTP binding
B9J08_004838,0.9,GO:0010181,0.9468,12,FMN binding
B9J08_004843,0.9,GO:0016282,0.9838,1,eukaryotic 43S preinitiation complex
B9J08_004843,0.9,GO:0005852,0.9453,7,eukaryotic translation initiation factor 3 complex
B9J08_004846,0.9,GO:0015031,0.9042,9,protein transport
B9J08_004850,0.9,GO:0000166,0.9827,7,nucleotide binding
B9J08_004850,0.9,GO:0005524,0.9077,19,ATP binding
B9J08_004853,0.9,GO:0005524,0.9796,9,ATP binding
B9J08_004856,0.9,GO:0005515,0.9217,19,protein binding
B9J08_004858,0.9,GO:1990748,0.9318,9,cellular detoxification
B9J08_004858,0.9,GO:0005811,0.9115,13,lipid droplet
B9J08_004861,0.9,GO:0003677,0.988,11,DNA binding
B9J08_004861,0.9,GO:0008270,0.9759,13,zinc ion binding
B9J08_004861,0.9,GO:0005634,0.9546,16,nucleus
B9J08_004862,0.9,GO:0035064,0.927,12,methylated histone binding
B9J08_004862,0.9,GO:0046872,0.9078,14,metal ion binding
B9J08_004866,0.9,GO:0005524,0.9392,12,ATP binding
B9J08_004868,0.9,GO:0005524,0.9836,10,ATP binding
B9J08_004875,0.9,GO:0046872,0.9712,6,metal ion binding
B9J08_004883,0.9,GO:0008270,0.9861,9,zinc ion binding
B9J08_004883,0.9,GO:0005634,0.9211,20,nucleus
B9J08_004907,0.9,GO:0097157,0.9965,1,pre-mRNA intronic binding
B9J08_004907,0.9,GO:0030623,0.9456,3,U5 snRNA binding
B9J08_004907,0.9,GO:0030620,0.9392,4,U2 snRNA binding
B9J08_004907,0.9,GO:0005682,0.9045,5,U5 snRNP
B9J08_004913,0.9,GO:0005524,0.9864,9,ATP binding
B9J08_004913,0.9,GO:0000166,0.9861,11,nucleotide binding
B9J08_004916,0.9,GO:0006595,0.9943,9,polyamine metabolic process
B9J08_004916,0.9,GO:0006596,0.9915,12,polyamine biosynthetic process
B9J08_004918,0.9,GO:0005524,0.9819,16,ATP binding
B9J08_004923,0.9,GO:0005524,0.981,13,ATP binding
B9J08_004927,0.9,GO:0015288,0.9534,1,porin activity
B9J08_004927,0.9,GO:0046930,0.9114,5,pore complex
B9J08_004928,0.9,GO:0005524,0.9799,11,ATP binding
B9J08_004936,0.9,GO:0005515,0.9358,1,protein binding
B9J08_004938,0.9,GO:0003824,0.9164,3,catalytic activity
B9J08_004939,0.9,GO:0015031,0.992,10,protein transport
B9J08_004941,0.9,GO:0016491,0.9415,2,oxidoreductase activity
B9J08_004944,0.9,GO:0016020,0.9211,13,membrane
B9J08_004950,0.9,GO:0016787,0.972,1,hydrolase activity
B9J08_004955,0.9,GO:0005525,0.9971,4,GTP binding
B9J08_004960,0.9,GO:0022857,0.935,7,transmembrane transporter activity
B9J08_004969,0.9,GO:0072380,0.9562,6,TRC complex
B9J08_004970,0.9,GO:0005874,1.0,5,microtubule
B9J08_004977,0.9,GO:0006468,0.9829,10,protein phosphorylation
B9J08_004992,0.9,GO:0005524,0.9741,8,ATP binding
B9J08_005003,0.9,GO:0005524,0.9828,9,ATP binding
B9J08_005011,0.9,GO:0006810,0.9937,4,transport
B9J08_005013,0.9,GO:0005524,0.9849,10,ATP binding
B9J08_005015,0.9,GO:0006364,0.9244,15,rRNA processing
B9J08_005025,0.9,GO:0022857,0.9018,7,transmembrane transporter activity
B9J08_005030,0.9,GO:0005525,0.9971,18,GTP binding
B9J08_005033,0.9,GO:0000166,0.9794,8,nucleotide binding
B9J08_005033,0.9,GO:0005524,0.9773,9,ATP binding
B9J08_005033,0.9,GO:0016787,0.9603,20,hydrolase activity
B9J08_005044,0.9,GO:0000166,0.989,6,nucleotide binding
B9J08_005044,0.9,GO:0005524,0.9828,11,ATP binding
B9J08_005053,0.9,GO:0005524,0.9846,9,ATP binding
B9J08_005073,0.9,GO:0005524,0.9758,12,ATP binding
B9J08_005074,0.9,GO:0006325,0.9942,15,chromatin organization
B9J08_005081,0.9,GO:0000421,0.9008,20,autophagosome membrane
B9J08_005082,0.9,GO:0003824,0.9988,14,catalytic activity
B9J08_005084,0.9,GO:0006886,0.9164,16,intracellular protein transport
B9J08_005085,0.9,GO:0005524,0.9825,12,ATP binding
B9J08_005088,0.9,GO:0008233,0.9554,5,peptidase activity
B9J08_005095,0.9,GO:0005484,0.9659,4,SNAP receptor activity
B9J08_005095,0.9,GO:0031201,0.9516,10,SNARE complex
B9J08_005095,0.9,GO:0006906,0.9119,19,vesicle fusion
B9J08_005097,0.9,GO:0051536,0.9692,11,iron-sulfur cluster binding
B9J08_005103,0.9,GO:0005743,0.9542,13,mitochondrial inner membrane
B9J08_005107,0.9,GO:0005634,0.985,12,nucleus
B9J08_005116,0.9,GO:0005524,0.9798,13,ATP binding
B9J08_005123,0.9,GO:0006730,0.9999,2,one-carbon metabolic process
B9J08_005123,0.9,GO:0035999,0.9978,20,tetrahydrofolate interconversion
B9J08_005128,0.9,GO:0005524,0.9391,13,ATP binding
B9J08_005129,0.9,GO:0004298,0.9923,8,threonine-type endopeptidase activity
B9J08_005129,0.9,GO:0051603,0.9909,11,proteolysis involved in cellular protein catabolic process
B9J08_005132,0.9,GO:0015031,0.901,15,protein transport
B9J08_005134,0.9,GO:0005975,0.9608,16,carbohydrate metabolic process
B9J08_005138,0.9,GO:0046930,0.9908,4,pore complex
B9J08_005138,0.9,GO:0015288,0.9748,12,porin activity
B9J08_005138,0.9,GO:0008308,0.963,15,voltage-gated anion channel activity
B9J08_005145,0.9,GO:0003677,0.9413,10,DNA binding
B9J08_005146,0.9,GO:0015031,0.9856,13,protein transport
B9J08_005148,0.9,GO:0005886,0.9116,4,plasma membrane
B9J08_005155,0.9,GO:0003677,0.9693,12,DNA binding
B9J08_005155,0.9,GO:0005634,0.9341,20,nucleus
B9J08_005158,0.9,GO:0008152,0.9552,2,metabolic process
B9J08_005161,0.9,GO:0005525,0.9918,16,GTP binding
B9J08_005166,0.9,GO:0005524,0.9784,13,ATP binding
B9J08_005166,0.9,GO:0000166,0.9758,14,nucleotide binding
B9J08_005186,0.9,GO:0016787,0.9779,13,hydrolase activity
B9J08_005188,0.9,GO:0003723,0.956,9,RNA binding
B9J08_005201,0.9,GO:0006094,0.9947,8,gluconeogenesis
B9J08_005213,0.9,GO:0005515,0.9994,3,protein binding
B9J08_005213,0.9,GO:0003779,0.9984,12,actin binding
B9J08_005213,0.9,GO:0005524,0.9957,20,ATP binding
B9J08_005216,0.9,GO:0005524,0.9522,16,ATP binding
B9J08_005218,0.9,GO:0009058,0.9237,11,biosynthetic process
B9J08_005221,0.9,GO:0051117,0.9948,6,ATPase binding
B9J08_005225,0.9,GO:0006730,0.9998,12,one-carbon metabolic process
B9J08_005225,0.9,GO:0004372,0.9998,16,glycine hydroxymethyltransferase activity
B9J08_005226,0.9,GO:0006096,0.9979,7,glycolytic process
B9J08_005228,0.9,GO:0004801,0.9633,8,sedoheptulose-7-phosphate:D-glyceraldehyde-3-phosphate glyceronetransferase activity
B9J08_005228,0.9,GO:0006098,0.9464,12,pentose-phosphate shunt
B9J08_005239,0.9,GO:0005975,0.9961,6,carbohydrate metabolic process
B9J08_005239,0.9,GO:0006096,0.9957,7,glycolytic process
B9J08_005258,0.9,GO:0000166,0.9617,3,nucleotide binding
B9J08_005258,0.9,GO:0005524,0.9205,18,ATP binding
B9J08_005259,0.9,GO:0016925,0.9107,12,protein sumoylation
B9J08_005264,0.9,GO:0016787,0.9732,4,hydrolase activity
B9J08_005280,0.9,GO:0005524,0.9795,16,ATP binding
B9J08_005287,0.9,GO:0004190,0.9153,2,aspartic-type endopeptidase activity
B9J08_005289,0.9,GO:0006865,0.957,12,amino acid transport
B9J08_005289,0.9,GO:0055085,0.9088,20,transmembrane transport
B9J08_005300,0.9,GO:0005524,0.983,2,ATP binding
B9J08_005305,0.9,GO:0034227,0.9776,13,tRNA thio-modification
B9J08_005305,0.9,GO:0002098,0.975,15,tRNA wobble uridine modification
B9J08_005308,0.9,GO:0020037,0.9687,5,heme binding
B9J08_005308,0.9,GO:0005506,0.9146,15,iron ion binding
B9J08_005308,0.9,GO:0004497,0.9109,16,monooxygenase activity
B9J08_005312,0.9,GO:0006412,0.9837,20,translation
B9J08_005329,0.9,GO:0016491,0.9169,1,oxidoreductase activity
B9J08_005330,0.9,GO:0005524,0.9856,11,ATP binding
B9J08_005331,0.9,GO:0005524,0.9669,18,ATP binding
B9J08_005340,0.9,GO:0006694,0.9993,7,steroid biosynthetic process
B9J08_005340,0.9,GO:0016126,0.9962,16,sterol biosynthetic process
B9J08_005344,0.9,GO:0005634,0.9925,6,nucleus
B9J08_005344,0.9,GO:0003700,0.9123,11,DNA-binding transcription factor activity
B9J08_005345,0.9,GO:0022857,0.9056,10,transmembrane transporter activity
B9J08_005356,0.9,GO:0016279,0.956,9,protein-lysine N-methyltransferase activity
B9J08_005363,0.9,GO:0008168,0.9463,10,methyltransferase activity
B9J08_005368,0.9,GO:0005524,0.9109,19,ATP binding
B9J08_005369,0.9,GO:0008168,0.9501,4,methyltransferase activity
B9J08_005373,0.9,GO:0005524,0.9789,19,ATP binding
B9J08_005376,0.9,GO:0046872,0.9915,2,metal ion binding
B9J08_005379,0.9,GO:0016020,1.0,2,membrane
B9J08_005381,0.9,GO:0005524,0.9897,12,ATP binding
B9J08_005387,0.9,GO:0045905,0.9972,1,positive regulation of translational termination
B9J08_005387,0.9,GO:0006452,0.9865,12,translational frameshifting
B9J08_005396,0.9,GO:0005524,0.928,5,ATP binding
B9J08_005397,0.9,GO:0008270,0.9666,7,zinc ion binding
B9J08_005408,0.9,GO:0046872,0.9836,2,metal ion binding
B9J08_005412,0.9,GO:0005524,0.99,14,ATP binding
B9J08_005415,0.9,GO:0015031,0.9493,15,protein transport
B9J08_005418,0.9,GO:0006260,0.9703,20,DNA replication
B9J08_005428,0.9,GO:0006520,0.9935,13,cellular amino acid metabolic process
B9J08_005430,0.9,GO:0005524,0.9923,6,ATP binding
B9J08_005430,0.9,GO:0000166,0.9897,11,nucleotide binding
B9J08_005432,0.9,GO:0046872,0.9538,5,metal ion binding
B9J08_005433,0.9,GO:0005524,0.9698,16,ATP binding
B9J08_005436,0.9,GO:0000166,0.9895,8,nucleotide binding
B9J08_005436,0.9,GO:0005524,0.9892,9,ATP binding
B9J08_005445,0.9,GO:0008233,0.975,5,peptidase activity
B9J08_005446,0.9,GO:0008233,0.9731,9,peptidase activity
B9J08_005452,0.9,GO:0000166,0.9569,6,nucleotide binding
B9J08_005452,0.9,GO:0005524,0.9542,8,ATP binding
B9J08_005453,0.9,GO:0030170,0.9873,10,pyridoxal phosphate binding
B9J08_005455,0.9,GO:0016579,0.9726,17,protein deubiquitination
B9J08_005460,0.9,GO:0005524,0.9539,12,ATP binding
B9J08_005460,0.9,GO:0016881,0.9382,16,acid-amino acid ligase activity
B9J08_005463,0.9,GO:0008289,0.9985,4,lipid binding
B9J08_005463,0.9,GO:0006869,0.9931,14,lipid transport
B9J08_005464,0.9,GO:0000166,0.9672,7,nucleotide binding
B9J08_005464,0.9,GO:0005524,0.9287,16,ATP binding
B9J08_005468,0.9,GO:0005525,0.965,7,GTP binding
B9J08_005468,0.9,GO:0000166,0.9524,19,nucleotide binding
B9J08_005469,0.9,GO:0003824,0.917,4,catalytic activity
B9J08_005474,0.9,GO:0016787,0.9265,1,hydrolase activity
B9J08_005476,0.9,GO:0003677,0.997,12,DNA binding
B9J08_005478,0.9,GO:0004176,0.9883,11,ATP-dependent peptidase activity
B9J08_005489,0.9,GO:0005524,0.9777,4,ATP binding
B9J08_005497,0.9,GO:0046872,0.9408,11,metal ion binding
B9J08_005499,0.9,GO:0006139,0.9921,18,nucleobase-containing compound metabolic process
B9J08_005505,0.9,GO:0046872,0.9976,2,metal ion binding
B9J08_005510,0.9,GO:1990904,0.9653,19,ribonucleoprotein complex
B9J08_005514,0.9,GO:0005484,0.9504,14,SNAP receptor activity
B9J08_005515,0.9,GO:0003676,0.9829,18,nucleic acid binding
B9J08_005518,0.9,GO:0003824,0.9372,9,catalytic activity
B9J08_005525,0.9,GO:0005524,0.9806,11,ATP binding
B9J08_005528,0.9,GO:0003922,0.9955,14,GMP synthase (glutamine-hydrolyzing) activity
B9J08_005541,0.9,GO:0046872,0.9552,4,metal ion binding
B9J08_005548,0.9,GO:0020037,0.9963,3,heme binding
B9J08_005548,0.9,GO:0004497,0.9267,14,monooxygenase activity
B9J08_005564,0.9,GO:0006865,0.9326,13,amino acid transport
B9J08_005567,0.9,GO:0005524,0.9763,14,ATP binding
B9J08_005568,0.9,GO:0022857,0.9592,12,transmembrane transporter activity
B9J08_005569,0.9,GO:0016787,0.9328,4,hydrolase activity
B9J08_005580,0.9,GO:0008152,0.9258,6,metabolic process
