Gene ID,source_id,Organism,Genomic Location (Gene),Product Description,Molecular Weight,Chromosome,PFam ID,Protein Length,Ortholog count,Paralog count,PFam Description,CDD ID,Gene3D ID,Hamap ID,NCBIfam ID,PANTHER ID,PRINTS ID,SFLD ID,CDD Description,Gene3D Description,Hamap Description,NCBIfam Description,PANTHER Description,PRINTS Description,SFLD Description,PirSF ID,PirSF Description,Prositefamilies ID,Prositefamilies Description,Smart ID,Smart Description,Superfamily ID,Superfamily Description,InterPro ID,InterPro Description,Computed GO Component IDs,Computed GO Components,Computed GO Function IDs,Computed GO Functions,Computed GO Process IDs,Computed GO Processes,Curated GO Component IDs,Curated GO Components,Curated GO Function IDs,Curated GO Functions,Curated GO Process IDs,Curated GO Processes,EC numbers,EC numbers from OrthoMCL,Has_PFam,Has_CDD,Has_Gene3D,Has_Hamap,Has_NCBIfam,Has_PANTHER,Has_PRINTS,Has_SFLD,Has_PirSF,Has_Prosite,Has_SMART,Has_Superfamily,Has_InterPro,Has_GO_Component,Has_GO_Function,Has_GO_Process,Has_Any_GO,Has_Any_Conventional_Evidence,Annotation_Poor
B9J08_000005,B9J08_000005-t37_1,Candida auris strain B8441,"PEKT02000001:13,716..14,324(+)",hypothetical protein,20324,Not Assigned,,202,8,0,,,,,,,,,,,,,,,,,,,,,,,,,,,,,,,,,,,,,,,,False,False,False,False,False,False,False,False,False,False,False,False,False,False,False,False,False,False,True
B9J08_000006,B9J08_000006-t37_1,Candida auris strain B8441,"PEKT02000001:14,507..15,319(+)",hypothetical protein,31638,Not Assigned,,270,10,0,,,,,,,,,,,,,,,,,,,,,,,,,,,,,,,,,,,,,,,,False,False,False,False,False,False,False,False,False,False,False,False,False,False,False,False,False,False,True
B9J08_000014,B9J08_000014-t37_1,Candida auris strain B8441,"PEKT02000001:35,455..37,227(+)",hypothetical protein,70191,Not Assigned,,590,21,0,,,,,,,,,,,,,,,,,,,,,,,,,,,,,,,,,,,,,,,,False,False,False,False,False,False,False,False,False,False,False,False,False,False,False,False,False,False,True
B9J08_000019,B9J08_000019-t37_1,Candida auris strain B8441,"PEKT02000001:51,614..52,690(-)",hypothetical protein,40065,Not Assigned,,358,22,0,,,,,,,,,,,,,,,,,,,,,,,,,,,,,,,,,,,,,,,,False,False,False,False,False,False,False,False,False,False,False,False,False,False,False,False,False,False,True
B9J08_000021,B9J08_000021-t37_1,Candida auris strain B8441,"PEKT02000001:56,212..57,663(+)",hypothetical protein,55338,Not Assigned,,483,23,0,,,,,,,,,,,,,,,,,,,,,,,,,,,,,,,,,,,,,,,,False,False,False,False,False,False,False,False,False,False,False,False,False,False,False,False,False,False,True
B9J08_000022,B9J08_000022-t37_1,Candida auris strain B8441,"PEKT02000001:57,805..58,566(+)",hypothetical protein,29232,Not Assigned,,253,24,0,,,,,,,,,,,,,,,,,,,,,,,,,,,,,,,,,,,,,,,,False,False,False,False,False,False,False,False,False,False,False,False,False,False,False,False,False,False,True
B9J08_000040,B9J08_000040-t37_1,Candida auris strain B8441,"PEKT02000001:93,149..95,092(-)",hypothetical protein,74721,Not Assigned,,647,23,0,,,,,,,,,,,,,,,,,,,,,,,,,,,,,,,,,,,,,,,,False,False,False,False,False,False,False,False,False,False,False,False,False,False,False,False,False,False,True
B9J08_000043,B9J08_000043-t37_1,Candida auris strain B8441,"PEKT02000001:97,444..99,981(+)",hypothetical protein,92858,Not Assigned,,845,306,1,,,,,,,,,,,,,,,,,,,,,,,,,,,,,,,,,,,,,,,,False,False,False,False,False,False,False,False,False,False,False,False,False,False,False,False,False,False,True
B9J08_000052,B9J08_000052-t37_1,Candida auris strain B8441,"PEKT02000001:116,280..116,870(-)",hypothetical protein,21799,Not Assigned,,196,22,0,,,,,,,,,,,,,,,,,,,,,,,,,,,,,,,,,,,,,,,,False,False,False,False,False,False,False,False,False,False,False,False,False,False,False,False,False,False,True
B9J08_000070,B9J08_000070-t37_1,Candida auris strain B8441,"PEKT02000001:150,251..152,248(-)",hypothetical protein,73135,Not Assigned,,665,22,0,,,,,,,,,,,,,,,,,,,,,,,,,,,,,,,,,,,,,,,,False,False,False,False,False,False,False,False,False,False,False,False,False,False,False,False,False,False,True
B9J08_000086,B9J08_000086-t37_1,Candida auris strain B8441,"PEKT02000001:183,669..184,761(-)",hypothetical protein,38485,Not Assigned,,341,20,0,,,,,,,,,,,,,,,,,,,,,,,,,,,,,,,,,,,,,,,,False,False,False,False,False,False,False,False,False,False,False,False,False,False,False,False,False,False,True
B9J08_000110,B9J08_000110-t37_1,Candida auris strain B8441,"PEKT02000001:242,911..243,732(-)",hypothetical protein,31183,Not Assigned,,273,19,0,,,,,,,,,,,,,,,,,,,,,,,,,,,,,,,,,,,,,,,,False,False,False,False,False,False,False,False,False,False,False,False,False,False,False,False,False,False,True
B9J08_000116,B9J08_000116-t37_1,Candida auris strain B8441,"PEKT02000001:253,978..254,832(-)",hypothetical protein,30122,Not Assigned,,284,8,0,,,,,,,,,,,,,,,,,,,,,,,,,,,,,,,,,,,,,,,,False,False,False,False,False,False,False,False,False,False,False,False,False,False,False,False,False,False,True
B9J08_000117,B9J08_000117-t37_1,Candida auris strain B8441,"PEKT02000001:255,532..256,308(-)",hypothetical protein,27358,Not Assigned,,258,147,4,,,,,,,,,,,,,,,,,,,,,,,,,,,,,,,,,,,,,,,,False,False,False,False,False,False,False,False,False,False,False,False,False,False,False,False,False,False,True
B9J08_000119,B9J08_000119-t37_1,Candida auris strain B8441,"PEKT02000001:259,499..259,847(-)",hypothetical protein,11226,Not Assigned,,100,14,0,,,,,,,,,,,,,,,,,,,,,,,,,,,,,,,,,,,,,,,,False,False,False,False,False,False,False,False,False,False,False,False,False,False,False,False,False,False,True
B9J08_000124,B9J08_000124-t37_1,Candida auris strain B8441,"PEKT02000001:270,915..272,894(-)",hypothetical protein,75042,Not Assigned,,659,22,0,,,,,,,,,,,,,,,,,,,,,,,,,,,,,,,,,,,,,,,,False,False,False,False,False,False,False,False,False,False,False,False,False,False,False,False,False,False,True
B9J08_000158,B9J08_000158-t37_1,Candida auris strain B8441,"PEKT02000001:334,196..334,756(-)",hypothetical protein,21294,Not Assigned,,186,18,0,,,,,,,,,,,,,,,,,,,,,,,,,,,,,,,,,,,,,,,,False,False,False,False,False,False,False,False,False,False,False,False,False,False,False,False,False,False,True
B9J08_000197,B9J08_000197-t37_1,Candida auris strain B8441,"PEKT02000001:427,144..429,447(-)",hypothetical protein,86828,Not Assigned,,767,20,0,,,,,,,,,,,,,,,,,,,,,,,,,,,,,,,,,,,,,,,,False,False,False,False,False,False,False,False,False,False,False,False,False,False,False,False,False,False,True
B9J08_000211,B9J08_000211-t37_1,Candida auris strain B8441,"PEKT02000001:456,495..457,079(-)",hypothetical protein,21996,Not Assigned,,194,8,0,,,,,,,,,,,,,,,,,,,,,,,,,,,,,,,,,,,,,,,,False,False,False,False,False,False,False,False,False,False,False,False,False,False,False,False,False,False,True
B9J08_000221,B9J08_000221-t37_1,Candida auris strain B8441,"PEKT02000001:474,402..474,884(+)",hypothetical protein,18486,Not Assigned,,160,9,0,,,,,,,,,,,,,,,,,,,,,,,,,,,,,,,,,,,,,,,,False,False,False,False,False,False,False,False,False,False,False,False,False,False,False,False,False,False,True
B9J08_000224,B9J08_000224-t37_1,Candida auris strain B8441,"PEKT02000001:479,317..480,063(-)",hypothetical protein,28701,Not Assigned,,248,2,0,,,,,,,,,,,,,,,,,,,,,,,,,,,,,,,,,,,,,,,,False,False,False,False,False,False,False,False,False,False,False,False,False,False,False,False,False,False,True
B9J08_000249,B9J08_000249-t37_1,Candida auris strain B8441,"PEKT02000001:523,880..525,190(+)",hypothetical protein,48473,Not Assigned,,436,8,0,,,,,,,,,,,,,,,,,,,,,,,,,,,,,,,,,,,,,,,,False,False,False,False,False,False,False,False,False,False,False,False,False,False,False,False,False,False,True
B9J08_000259,B9J08_000259-t37_1,Candida auris strain B8441,"PEKT02000001:540,183..540,749(+)",hypothetical protein,20809,Not Assigned,,188,347,1,,,,,,,,,,,,,,,,,,,,,,,,,,,,,,,,,,,,,,,,False,False,False,False,False,False,False,False,False,False,False,False,False,False,False,False,False,False,True
B9J08_000266,B9J08_000266-t37_1,Candida auris strain B8441,"PEKT02000001:552,960..553,934(+)",hypothetical protein,35586,Not Assigned,,324,9,0,,,,,,,,,,,,,,,,,,,,,,,,,,,,,,,,,,,,,,,,False,False,False,False,False,False,False,False,False,False,False,False,False,False,False,False,False,False,True
B9J08_000292,B9J08_000292-t37_1,Candida auris strain B8441,"PEKT02000001:604,092..604,733(-)",hypothetical protein,23254,Not Assigned,,213,21,0,,,,,,,,,,,,,,,,,,,,,,,,,,,,,,,,,,,,,,,,False,False,False,False,False,False,False,False,False,False,False,False,False,False,False,False,False,False,True
B9J08_000295,B9J08_000295-t37_1,Candida auris strain B8441,"PEKT02000001:606,925..607,272(+)",hypothetical protein,14023,Not Assigned,,115,21,0,,,,,,,,,,,,,,,,,,,,,,,,,,,,,,,,,,,,,,,,False,False,False,False,False,False,False,False,False,False,False,False,False,False,False,False,False,False,True
B9J08_000308,B9J08_000308-t37_1,Candida auris strain B8441,"PEKT02000001:624,479..625,699(-)",hypothetical protein,45447,Not Assigned,,406,7,0,,,,,,,,,,,,,,,,,,,,,,,,,,,,,,,,,,,,,,,,False,False,False,False,False,False,False,False,False,False,False,False,False,False,False,False,False,False,True
B9J08_000336,B9J08_000336-t37_1,Candida auris strain B8441,"PEKT02000001:680,096..685,097(+)",hypothetical protein,165113,Not Assigned,,1649,25,0,,,,,,,,,,,,,,,,,,,,,,,,,,,,,,,,,,,,,,,,False,False,False,False,False,False,False,False,False,False,False,False,False,False,False,False,False,False,True
B9J08_000357,B9J08_000357-t37_1,Candida auris strain B8441,"PEKT02000001:724,571..724,948(+)",hypothetical protein,14206,Not Assigned,,125,10,0,,,,,,,,,,,,,,,,,,,,,,,,,,,,,,,,,,,,,,,,False,False,False,False,False,False,False,False,False,False,False,False,False,False,False,False,False,False,True
B9J08_000361,B9J08_000361-t37_1,Candida auris strain B8441,"PEKT02000001:729,342..729,800(-)",hypothetical protein,16211,Not Assigned,,152,7,0,,,,,,,,,,,,,,,,,,,,,,,,,,,,,,,,,,,,,,,,False,False,False,False,False,False,False,False,False,False,False,False,False,False,False,False,False,False,True
B9J08_000369,B9J08_000369-t37_1,Candida auris strain B8441,"PEKT02000001:749,470..749,787(+)",hypothetical protein,11807,Not Assigned,,105,3,0,,,,,,,,,,,,,,,,,,,,,,,,,,,,,,,,,,,,,,,,False,False,False,False,False,False,False,False,False,False,False,False,False,False,False,False,False,False,True
B9J08_000375,B9J08_000375-t37_1,Candida auris strain B8441,"PEKT02000001:763,240..763,749(+)",hypothetical protein,19369,Not Assigned,,169,23,0,,,,,,,,,,,,,,,,,,,,,,,,,,,,,,,,,,,,,,,,False,False,False,False,False,False,False,False,False,False,False,False,False,False,False,False,False,False,True
B9J08_000380,B9J08_000380-t37_1,Candida auris strain B8441,"PEKT02000001:771,884..774,943(-)",hypothetical protein,116346,Not Assigned,,1019,22,0,,,,,,,,,,,,,,,,,,,,,,,,,,,,,,,,,,,,,,,,False,False,False,False,False,False,False,False,False,False,False,False,False,False,False,False,False,False,True
B9J08_000403,B9J08_000403-t37_1,Candida auris strain B8441,"PEKT02000001:823,623..824,369(-)",hypothetical protein,26140,Not Assigned,,248,9,0,,,,,,,,,,,,,,,,,,,,,,,,,,,,,,,,,,,,,,,,False,False,False,False,False,False,False,False,False,False,False,False,False,False,False,False,False,False,True
B9J08_000429,B9J08_000429-t37_1,Candida auris strain B8441,"PEKT02000001:886,430..887,545(+)",hypothetical protein,40632,Not Assigned,,371,28,0,,,,,,,,,,,,,,,,,,,,,,,,,,,,,,,,,,,,,,,,False,False,False,False,False,False,False,False,False,False,False,False,False,False,False,False,False,False,True
B9J08_000438,B9J08_000438-t37_1,Candida auris strain B8441,"PEKT02000001:911,860..912,699(+)",hypothetical protein,28882,Not Assigned,,279,147,4,,,,,,,,,,,,,,,,,,,,,,,,,,,,,,,,,,,,,,,,False,False,False,False,False,False,False,False,False,False,False,False,False,False,False,False,False,False,True
B9J08_000439,B9J08_000439-t37_1,Candida auris strain B8441,"PEKT02000001:916,858..917,148(+)",hypothetical protein,11056,Not Assigned,,96,22,0,,,,,,,,,,,,,,,,,,,,,,,,,,,,,,,,,,,,,,,,False,False,False,False,False,False,False,False,False,False,False,False,False,False,False,False,False,False,True
B9J08_000440,B9J08_000440-t37_1,Candida auris strain B8441,"PEKT02000001:920,400..921,455(+)",hypothetical protein,37689,Not Assigned,,351,22,0,,,,,,,,,,,,,,,,,,,,,,,,,,,,,,,,,,,,,,,,False,False,False,False,False,False,False,False,False,False,False,False,False,False,False,False,False,False,True
B9J08_000441,B9J08_000441-t37_1,Candida auris strain B8441,"PEKT02000001:925,468..926,498(-)",hypothetical protein,32320,Not Assigned,,281,18,0,,,,,,,,,,,,,,,,,,,,,,,,,,,,,,,,,,,,,,,,False,False,False,False,False,False,False,False,False,False,False,False,False,False,False,False,False,False,True
B9J08_000448,B9J08_000448-t37_1,Candida auris strain B8441,"PEKT02000001:951,328..952,965(-)",hypothetical protein,60172,Not Assigned,,545,22,0,,,,,,,,,,,,,,,,,,,,,,,,,,,,,,,,,,,,,,,,False,False,False,False,False,False,False,False,False,False,False,False,False,False,False,False,False,False,True
B9J08_000456,B9J08_000456-t37_1,Candida auris strain B8441,"PEKT02000001:967,817..968,440(+)",hypothetical protein,23978,Not Assigned,,207,18,0,,,,,,,,,,,,,,,,,,,,,,,,,,,,,,,,,,,,,,,,False,False,False,False,False,False,False,False,False,False,False,False,False,False,False,False,False,False,True
B9J08_000472,B9J08_000472-t37_1,Candida auris strain B8441,"PEKT02000001:999,503..1,000,318(+)",hypothetical protein,30395,Not Assigned,,271,11,0,,,,,,,,,,,,,,,,,,,,,,,,,,,,,,,,,,,,,,,,False,False,False,False,False,False,False,False,False,False,False,False,False,False,False,False,False,False,True
B9J08_000481,B9J08_000481-t37_1,Candida auris strain B8441,"PEKT02000001:1,025,680..1,026,393(+)",hypothetical protein,28189,Not Assigned,,237,25,0,,,,,,,,,,,,,,,,,,,,,,,,,,,,,,,,,,,,,,,,False,False,False,False,False,False,False,False,False,False,False,False,False,False,False,False,False,False,True
B9J08_000502,B9J08_000502-t37_1,Candida auris strain B8441,"PEKT02000001:1,076,034..1,076,438(+)",hypothetical protein,14616,Not Assigned,,134,21,0,,,,,,,,,,,,,,,,,,,,,,,,,,,,,,,,,,,,,,,,False,False,False,False,False,False,False,False,False,False,False,False,False,False,False,False,False,False,True
B9J08_000505,B9J08_000505-t37_1,Candida auris strain B8441,"PEKT02000002:528..1,385(+)",hypothetical protein,32623,Not Assigned,,285,8,0,,,,,,,,,,,,,,,,,,,,,,,,,,,,,,,,,,,,,,,,False,False,False,False,False,False,False,False,False,False,False,False,False,False,False,False,False,False,True
B9J08_000521,B9J08_000521-t37_1,Candida auris strain B8441,"PEKT02000002:53,199..54,209(+)",hypothetical protein,38553,Not Assigned,,336,13,0,,,,,,,,,,,,,,,,,,,,,,,,,,,,,,,,,,,,,,,,False,False,False,False,False,False,False,False,False,False,False,False,False,False,False,False,False,False,True
B9J08_000540,B9J08_000540-t37_1,Candida auris strain B8441,"PEKT02000002:84,195..84,896(+)",hypothetical protein,25512,Not Assigned,,233,7,0,,,,,,,,,,,,,,,,,,,,,,,,,,,,,,,,,,,,,,,,False,False,False,False,False,False,False,False,False,False,False,False,False,False,False,False,False,False,True
B9J08_000562,B9J08_000562-t37_1,Candida auris strain B8441,"PEKT02000002:121,394..124,002(-)",hypothetical protein,62268,Not Assigned,,551,5,0,,,,,,,,,,,,,,,,,,,,,,,,,,,,,,,,,,,,,,,,False,False,False,False,False,False,False,False,False,False,False,False,False,False,False,False,False,False,True
B9J08_000571,B9J08_000571-t37_1,Candida auris strain B8441,"PEKT02000002:135,983..136,942(-)",hypothetical protein,36694,Not Assigned,,319,25,0,,,,,,,,,,,,,,,,,,,,,,,,,,,,,,,,,,,,,,,,False,False,False,False,False,False,False,False,False,False,False,False,False,False,False,False,False,False,True
B9J08_000586,B9J08_000586-t37_1,Candida auris strain B8441,"PEKT02000002:169,305..169,757(-)",hypothetical protein,16920,Not Assigned,,150,22,0,,,,,,,,,,,,,,,,,,,,,,,,,,,,,,,,,,,,,,,,False,False,False,False,False,False,False,False,False,False,False,False,False,False,False,False,False,False,True
B9J08_000595,B9J08_000595-t37_1,Candida auris strain B8441,"PEKT02000002:192,852..193,760(+)",hypothetical protein,33855,Not Assigned,,302,17,0,,,,,,,,,,,,,,,,,,,,,,,,,,,,,,,,,,,,,,,,False,False,False,False,False,False,False,False,False,False,False,False,False,False,False,False,False,False,True
B9J08_000597,B9J08_000597-t37_1,Candida auris strain B8441,"PEKT02000002:196,134..197,555(-)",hypothetical protein,53253,Not Assigned,,473,7,0,,,,,,,,,,,,,,,,,,,,,,,,,,,,,,,,,,,,,,,,False,False,False,False,False,False,False,False,False,False,False,False,False,False,False,False,False,False,True
B9J08_000600,B9J08_000600-t37_1,Candida auris strain B8441,"PEKT02000002:201,871..203,205(+)",hypothetical protein,49273,Not Assigned,,444,21,0,,,,,,,,,,,,,,,,,,,,,,,,,,,,,,,,,,,,,,,,False,False,False,False,False,False,False,False,False,False,False,False,False,False,False,False,False,False,True
B9J08_000608,B9J08_000608-t37_1,Candida auris strain B8441,"PEKT02000002:216,145..216,879(-)",hypothetical protein,27984,Not Assigned,,244,22,0,,,,,,,,,,,,,,,,,,,,,,,,,,,,,,,,,,,,,,,,False,False,False,False,False,False,False,False,False,False,False,False,False,False,False,False,False,False,True
B9J08_000626,B9J08_000626-t37_1,Candida auris strain B8441,"PEKT02000002:259,232..260,611(-)",hypothetical protein,52294,Not Assigned,,459,28,0,,,,,,,,,,,,,,,,,,,,,,,,,,,,,,,,,,,,,,,,False,False,False,False,False,False,False,False,False,False,False,False,False,False,False,False,False,False,True
B9J08_000642,B9J08_000642-t37_1,Candida auris strain B8441,"PEKT02000002:286,509..287,936(-)",hypothetical protein,54097,Not Assigned,,475,8,0,,,,,,,,,,,,,,,,,,,,,,,,,,,,,,,,,,,,,,,,False,False,False,False,False,False,False,False,False,False,False,False,False,False,False,False,False,False,True
B9J08_000652,B9J08_000652-t37_1,Candida auris strain B8441,"PEKT02000002:303,957..304,724(-)",hypothetical protein,28310,Not Assigned,,255,8,0,,,,,,,,,,,,,,,,,,,,,,,,,,,,,,,,,,,,,,,,False,False,False,False,False,False,False,False,False,False,False,False,False,False,False,False,False,False,True
B9J08_000653,B9J08_000653-t37_1,Candida auris strain B8441,"PEKT02000002:305,222..307,021(-)",hypothetical protein,64345,Not Assigned,,578,22,0,,,,,,,,,,,,,,,,,,,,,,,,,,,,,,,,,,,,,,,,False,False,False,False,False,False,False,False,False,False,False,False,False,False,False,False,False,False,True
B9J08_000663,B9J08_000663-t37_1,Candida auris strain B8441,"PEKT02000002:331,665..332,165(-)",hypothetical protein,19222,Not Assigned,,166,9,0,,,,,,,,,,,,,,,,,,,,,,,,,,,,,,,,,,,,,,,,False,False,False,False,False,False,False,False,False,False,False,False,False,False,False,False,False,False,True
B9J08_000664,B9J08_000664-t37_1,Candida auris strain B8441,"PEKT02000002:332,513..333,688(-)",hypothetical protein,42359,Not Assigned,,391,12,0,,,,,,,,,,,,,,,,,,,,,,,,,,,,,,,,,,,,,,,,False,False,False,False,False,False,False,False,False,False,False,False,False,False,False,False,False,False,True
B9J08_000672,B9J08_000672-t37_1,Candida auris strain B8441,"PEKT02000002:343,501..344,484(-)",hypothetical protein,36430,Not Assigned,,327,7,0,,,,,,,,,,,,,,,,,,,,,,,,,,,,,,,,,,,,,,,,False,False,False,False,False,False,False,False,False,False,False,False,False,False,False,False,False,False,True
B9J08_000676,B9J08_000676-t37_1,Candida auris strain B8441,"PEKT02000002:361,725..362,219(+)",hypothetical protein,18650,Not Assigned,,164,5,0,,,,,,,,,,,,,,,,,,,,,,,,,,,,,,,,,,,,,,,,False,False,False,False,False,False,False,False,False,False,False,False,False,False,False,False,False,False,True
B9J08_000702,B9J08_000702-t37_1,Candida auris strain B8441,"PEKT02000002:420,556..420,978(-)",hypothetical protein,16429,Not Assigned,,140,9,0,,,,,,,,,,,,,,,,,,,,,,,,,,,,,,,,,,,,,,,,False,False,False,False,False,False,False,False,False,False,False,False,False,False,False,False,False,False,True
B9J08_000712,B9J08_000712-t37_1,Candida auris strain B8441,"PEKT02000002:444,370..445,929(+)",hypothetical protein,59484,Not Assigned,,519,9,0,,,,,,,,,,,,,,,,,,,,,,,,,,,,,,,,,,,,,,,,False,False,False,False,False,False,False,False,False,False,False,False,False,False,False,False,False,False,True
B9J08_000724,B9J08_000724-t37_1,Candida auris strain B8441,"PEKT02000002:468,675..469,118(-)",hypothetical protein,16620,Not Assigned,,147,22,0,,,,,,,,,,,,,,,,,,,,,,,,,,,,,,,,,,,,,,,,False,False,False,False,False,False,False,False,False,False,False,False,False,False,False,False,False,False,True
B9J08_000730,B9J08_000730-t37_1,Candida auris strain B8441,"PEKT02000002:483,030..484,175(+)",hypothetical protein,42917,Not Assigned,,381,23,0,,,,,,,,,,,,,,,,,,,,,,,,,,,,,,,,,,,,,,,,False,False,False,False,False,False,False,False,False,False,False,False,False,False,False,False,False,False,True
B9J08_000783,B9J08_000783-t37_1,Candida auris strain B8441,"PEKT02000002:604,094..605,818(-)",hypothetical protein,65429,Not Assigned,,574,5,0,,,,,,,,,,,,,,,,,,,,,,,,,,,,,,,,,,,,,,,,False,False,False,False,False,False,False,False,False,False,False,False,False,False,False,False,False,False,True
B9J08_000799,B9J08_000799-t37_1,Candida auris strain B8441,"PEKT02000002:645,334..647,145(+)",hypothetical protein,65137,Not Assigned,,603,34,0,,,,,,,,,,,,,,,,,,,,,,,,,,,,,,,,,,,,,,,,False,False,False,False,False,False,False,False,False,False,False,False,False,False,False,False,False,False,True
B9J08_000806,B9J08_000806-t37_1,Candida auris strain B8441,"PEKT02000002:662,235..663,146(-)",hypothetical protein,34382,Not Assigned,,303,24,0,,,,,,,,,,,,,,,,,,,,,,,,,,,,,,,,,,,,,,,,False,False,False,False,False,False,False,False,False,False,False,False,False,False,False,False,False,False,True
B9J08_000807,B9J08_000807-t37_1,Candida auris strain B8441,"PEKT02000002:663,732..664,565(-)",hypothetical protein,31894,Not Assigned,,277,12,0,,,,,,,,,,,,,,,,,,,,,,,,,,,,,,,,,,,,,,,,False,False,False,False,False,False,False,False,False,False,False,False,False,False,False,False,False,False,True
B9J08_000817,B9J08_000817-t37_1,Candida auris strain B8441,"PEKT02000002:682,459..682,743(+)",hypothetical protein,11137,Not Assigned,,94,10,0,,,,,,,,,,,,,,,,,,,,,,,,,,,,,,,,,,,,,,,,False,False,False,False,False,False,False,False,False,False,False,False,False,False,False,False,False,False,True
B9J08_000824,B9J08_000824-t37_1,Candida auris strain B8441,"PEKT02000002:697,410..698,036(-)",hypothetical protein,22260,Not Assigned,,208,23,0,,,,,,,,,,,,,,,,,,,,,,,,,,,,,,,,,,,,,,,,False,False,False,False,False,False,False,False,False,False,False,False,False,False,False,False,False,False,True
B9J08_000830,B9J08_000830-t37_1,Candida auris strain B8441,"PEKT02000002:713,322..714,278(+)",hypothetical protein,34828,Not Assigned,,318,23,0,,,,,,,,,,,,,,,,,,,,,,,,,,,,,,,,,,,,,,,,False,False,False,False,False,False,False,False,False,False,False,False,False,False,False,False,False,False,True
B9J08_000834,B9J08_000834-t37_1,Candida auris strain B8441,"PEKT02000002:718,514..719,779(+)",hypothetical protein,48636,Not Assigned,,421,23,0,,,,,,,,,,,,,,,,,,,,,,,,,,,,,,,,,,,,,,,,False,False,False,False,False,False,False,False,False,False,False,False,False,False,False,False,False,False,True
B9J08_000846,B9J08_000846-t37_1,Candida auris strain B8441,"PEKT02000002:748,062..748,343(-)",hypothetical protein,10605,Not Assigned,,93,18,0,,,,,,,,,,,,,,,,,,,,,,,,,,,,,,,,,,,,,,,,False,False,False,False,False,False,False,False,False,False,False,False,False,False,False,False,False,False,True
B9J08_000859,B9J08_000859-t37_1,Candida auris strain B8441,"PEKT02000002:773,454..774,953(+)",hypothetical protein,52152,Not Assigned,,499,4,0,,,,,,,,,,,,,,,,,,,,,,,,,,,,,,,,,,,,,,,,False,False,False,False,False,False,False,False,False,False,False,False,False,False,False,False,False,False,True
B9J08_000890,B9J08_000890-t37_1,Candida auris strain B8441,"PEKT02000002:832,111..832,734(-)",hypothetical protein,19949,Not Assigned,,207,8,0,,,,,,,,,,,,,,,,,,,,,,,,,,,,,,,,,,,,,,,,False,False,False,False,False,False,False,False,False,False,False,False,False,False,False,False,False,False,True
B9J08_000891,B9J08_000891-t37_1,Candida auris strain B8441,"PEKT02000002:834,443..834,910(-)",hypothetical protein,18328,Not Assigned,,155,3,0,,,,,,,,,,,,,,,,,,,,,,,,,,,,,,,,,,,,,,,,False,False,False,False,False,False,False,False,False,False,False,False,False,False,False,False,False,False,True
B9J08_000892,B9J08_000892-t37_1,Candida auris strain B8441,"PEKT02000002:835,516..836,259(-)",hypothetical protein,22732,Not Assigned,,247,7,0,,,,,,,,,,,,,,,,,,,,,,,,,,,,,,,,,,,,,,,,False,False,False,False,False,False,False,False,False,False,False,False,False,False,False,False,False,False,True
B9J08_000906,B9J08_000906-t37_1,Candida auris strain B8441,"PEKT02000002:870,463..870,687(-)",hypothetical protein,8464,Not Assigned,,74,8,0,,,,,,,,,,,,,,,,,,,,,,,,,,,,,,,,,,,,,,,,False,False,False,False,False,False,False,False,False,False,False,False,False,False,False,False,False,False,True
B9J08_000911,B9J08_000911-t37_1,Candida auris strain B8441,"PEKT02000002:878,248..878,808(-)",hypothetical protein,20893,Not Assigned,,186,6,0,,,,,,,,,,,,,,,,,,,,,,,,,,,,,,,,,,,,,,,,False,False,False,False,False,False,False,False,False,False,False,False,False,False,False,False,False,False,True
B9J08_000919,B9J08_000919-t37_1,Candida auris strain B8441,"PEKT02000002:895,513..896,270(+)",hypothetical protein,25058,Not Assigned,,234,19,0,,,,,,,,,,,,,,,,,,,,,,,,,,,,,,,,,,,,,,,,False,False,False,False,False,False,False,False,False,False,False,False,False,False,False,False,False,False,True
B9J08_000931,B9J08_000931-t37_1,Candida auris strain B8441,"PEKT02000002:932,172..934,181(+)",hypothetical protein,75201,Not Assigned,,669,5,0,,,,,,,,,,,,,,,,,,,,,,,,,,,,,,,,,,,,,,,,False,False,False,False,False,False,False,False,False,False,False,False,False,False,False,False,False,False,True
B9J08_000940,B9J08_000940-t37_1,Candida auris strain B8441,"PEKT02000002:961,431..962,351(+)",hypothetical protein,34424,Not Assigned,,306,8,0,,,,,,,,,,,,,,,,,,,,,,,,,,,,,,,,,,,,,,,,False,False,False,False,False,False,False,False,False,False,False,False,False,False,False,False,False,False,True
B9J08_000943,B9J08_000943-t37_1,Candida auris strain B8441,"PEKT02000002:967,162..968,538(+)",hypothetical protein,51401,Not Assigned,,458,8,0,,,,,,,,,,,,,,,,,,,,,,,,,,,,,,,,,,,,,,,,False,False,False,False,False,False,False,False,False,False,False,False,False,False,False,False,False,False,True
B9J08_000986,B9J08_000986-t37_1,Candida auris strain B8441,"PEKT02000002:1,067,778..1,068,272(+)",hypothetical protein,19021,Not Assigned,,164,12,0,,,,,,,,,,,,,,,,,,,,,,,,,,,,,,,,,,,,,,,,False,False,False,False,False,False,False,False,False,False,False,False,False,False,False,False,False,False,True
B9J08_001011,B9J08_001011-t37_1,Candida auris strain B8441,"PEKT02000002:1,115,911..1,117,296(-)",hypothetical protein,50932,Not Assigned,,461,12,0,,,,,,,,,,,,,,,,,,,,,,,,,,,,,,,,,,,,,,,,False,False,False,False,False,False,False,False,False,False,False,False,False,False,False,False,False,False,True
B9J08_001028,B9J08_001028-t37_1,Candida auris strain B8441,"PEKT02000002:1,164,423..1,165,610(+)",hypothetical protein,44525,Not Assigned,,395,378,0,,,,,,,,,,,,,,,,,,,,,,,,,,,,,,,,,,,,,,,,False,False,False,False,False,False,False,False,False,False,False,False,False,False,False,False,False,False,True
B9J08_001050,B9J08_001050-t37_1,Candida auris strain B8441,"PEKT02000002:1,208,288..1,208,845(-)",hypothetical protein,21110,Not Assigned,,185,4,0,,,,,,,,,,,,,,,,,,,,,,,,,,,,,,,,,,,,,,,,False,False,False,False,False,False,False,False,False,False,False,False,False,False,False,False,False,False,True
B9J08_001052,B9J08_001052-t37_1,Candida auris strain B8441,"PEKT02000002:1,213,327..1,215,327(+)",hypothetical protein,76165,Not Assigned,,666,15,2,,,,,,,,,,,,,,,,,,,,,,,,,,,,,,,,,,,,,,,,False,False,False,False,False,False,False,False,False,False,False,False,False,False,False,False,False,False,True
B9J08_001053,B9J08_001053-t37_1,Candida auris strain B8441,"PEKT02000002:1,216,057..1,217,379(-)",hypothetical protein,49138,Not Assigned,,440,3,0,,,,,,,,,,,,,,,,,,,,,,,,,,,,,,,,,,,,,,,,False,False,False,False,False,False,False,False,False,False,False,False,False,False,False,False,False,False,True
B9J08_001054,B9J08_001054-t37_1,Candida auris strain B8441,"PEKT02000002:1,220,791..1,221,162(-)",hypothetical protein,12931,Not Assigned,,123,18,4,,,,,,,,,,,,,,,,,,,,,,,,,,,,,,,,,,,,,,,,False,False,False,False,False,False,False,False,False,False,False,False,False,False,False,False,False,False,True
B9J08_001074,B9J08_001074-t37_1,Candida auris strain B8441,"PEKT02000003:24,846..25,160(-)",hypothetical protein,11613,Not Assigned,,104,2,0,,,,,,,,,,,,,,,,,,,,,,,,,,,,,,,,,,,,,,,,False,False,False,False,False,False,False,False,False,False,False,False,False,False,False,False,False,False,True
B9J08_001100,B9J08_001100-t37_1,Candida auris strain B8441,"PEKT02000003:75,670..76,266(+)",hypothetical protein,22110,Not Assigned,,198,23,0,,,,,,,,,,,,,,,,,,,,,,,,,,,,,,,,,,,,,,,,False,False,False,False,False,False,False,False,False,False,False,False,False,False,False,False,False,False,True
B9J08_001119,B9J08_001119-t37_1,Candida auris strain B8441,"PEKT02000003:111,690..113,706(+)",hypothetical protein,74541,Not Assigned,,655,18,0,,,,,,,,,,,,,,,,,,,,,,,,,,,,,,,,,,,,,,,,False,False,False,False,False,False,False,False,False,False,False,False,False,False,False,False,False,False,True
B9J08_001147,B9J08_001147-t37_1,Candida auris strain B8441,"PEKT02000003:179,712..180,041(+)",hypothetical protein,12196,Not Assigned,,109,22,0,,,,,,,,,,,,,,,,,,,,,,,,,,,,,,,,,,,,,,,,False,False,False,False,False,False,False,False,False,False,False,False,False,False,False,False,False,False,True
B9J08_001180,B9J08_001180-t37_1,Candida auris strain B8441,"PEKT02000003:246,073..247,281(+)",hypothetical protein,44210,Not Assigned,,402,13,0,,,,,,,,,,,,,,,,,,,,,,,,,,,,,,,,,,,,,,,,False,False,False,False,False,False,False,False,False,False,False,False,False,False,False,False,False,False,True
B9J08_001189,B9J08_001189-t37_1,Candida auris strain B8441,"PEKT02000003:263,492..265,018(+)",hypothetical protein,55951,Not Assigned,,508,8,0,,,,,,,,,,,,,,,,,,,,,,,,,,,,,,,,,,,,,,,,False,False,False,False,False,False,False,False,False,False,False,False,False,False,False,False,False,False,True
B9J08_001195,B9J08_001195-t37_1,Candida auris strain B8441,"PEKT02000003:277,898..281,374(+)",hypothetical protein,128217,Not Assigned,,1158,21,0,,,,,,,,,,,,,,,,,,,,,,,,,,,,,,,,,,,,,,,,False,False,False,False,False,False,False,False,False,False,False,False,False,False,False,False,False,False,True
B9J08_001197,B9J08_001197-t37_1,Candida auris strain B8441,"PEKT02000003:282,430..284,946(-)",hypothetical protein,92177,Not Assigned,,838,23,0,,,,,,,,,,,,,,,,,,,,,,,,,,,,,,,,,,,,,,,,False,False,False,False,False,False,False,False,False,False,False,False,False,False,False,False,False,False,True
B9J08_001208,B9J08_001208-t37_1,Candida auris strain B8441,"PEKT02000003:299,774..301,879(-)",hypothetical protein,80640,Not Assigned,,701,27,0,,,,,,,,,,,,,,,,,,,,,,,,,,,,,,,,,,,,,,,,False,False,False,False,False,False,False,False,False,False,False,False,False,False,False,False,False,False,True
B9J08_001214,B9J08_001214-t37_1,Candida auris strain B8441,"PEKT02000003:315,508..317,274(-)",hypothetical protein,66651,Not Assigned,,588,22,0,,,,,,,,,,,,,,,,,,,,,,,,,,,,,,,,,,,,,,,,False,False,False,False,False,False,False,False,False,False,False,False,False,False,False,False,False,False,True
B9J08_001219,B9J08_001219-t37_1,Candida auris strain B8441,"PEKT02000003:325,663..326,697(-)",hypothetical protein,38249,Not Assigned,,344,12,0,,,,,,,,,,,,,,,,,,,,,,,,,,,,,,,,,,,,,,,,False,False,False,False,False,False,False,False,False,False,False,False,False,False,False,False,False,False,True
B9J08_001223,B9J08_001223-t37_1,Candida auris strain B8441,"PEKT02000003:332,631..332,879(+)",hypothetical protein,9678,Not Assigned,,82,15,0,,,,,,,,,,,,,,,,,,,,,,,,,,,,,,,,,,,,,,,,False,False,False,False,False,False,False,False,False,False,False,False,False,False,False,False,False,False,True
B9J08_001226,B9J08_001226-t37_1,Candida auris strain B8441,"PEKT02000003:342,804..343,565(-)",hypothetical protein,28059,Not Assigned,,253,24,0,,,,,,,,,,,,,,,,,,,,,,,,,,,,,,,,,,,,,,,,False,False,False,False,False,False,False,False,False,False,False,False,False,False,False,False,False,False,True
B9J08_001234,B9J08_001234-t37_1,Candida auris strain B8441,"PEKT02000003:360,568..361,065(+)",hypothetical protein,18249,Not Assigned,,165,23,0,,,,,,,,,,,,,,,,,,,,,,,,,,,,,,,,,,,,,,,,False,False,False,False,False,False,False,False,False,False,False,False,False,False,False,False,False,False,True
B9J08_001268,B9J08_001268-t37_1,Candida auris strain B8441,"PEKT02000003:424,276..425,156(-)",hypothetical protein,31469,Not Assigned,,276,5,0,,,,,,,,,,,,,,,,,,,,,,,,,,,,,,,,,,,,,,,,False,False,False,False,False,False,False,False,False,False,False,False,False,False,False,False,False,False,True
B9J08_001287,B9J08_001287-t37_1,Candida auris strain B8441,"PEKT02000003:471,148..471,774(-)",hypothetical protein,24360,Not Assigned,,208,5,0,,,,,,,,,,,,,,,,,,,,,,,,,,,,,,,,,,,,,,,,False,False,False,False,False,False,False,False,False,False,False,False,False,False,False,False,False,False,True
B9J08_001290,B9J08_001290-t37_1,Candida auris strain B8441,"PEKT02000003:476,380..478,448(-)",hypothetical protein,75669,Not Assigned,,671,12,0,,,,,,,,,,,,,,,,,,,,,,,,,,,,,,,,,,,,,,,,False,False,False,False,False,False,False,False,False,False,False,False,False,False,False,False,False,False,True
B9J08_001308,B9J08_001308-t37_1,Candida auris strain B8441,"PEKT02000003:535,980..536,810(+)",hypothetical protein,30468,Not Assigned,,276,23,0,,,,,,,,,,,,,,,,,,,,,,,,,,,,,,,,,,,,,,,,False,False,False,False,False,False,False,False,False,False,False,False,False,False,False,False,False,False,True
B9J08_001313,B9J08_001313-t37_1,Candida auris strain B8441,"PEKT02000003:542,973..543,350(-)",hypothetical protein,13903,Not Assigned,,125,6,0,,,,,,,,,,,,,,,,,,,,,,,,,,,,,,,,,,,,,,,,False,False,False,False,False,False,False,False,False,False,False,False,False,False,False,False,False,False,True
B9J08_001314,B9J08_001314-t37_1,Candida auris strain B8441,"PEKT02000003:546,447..548,678(-)",hypothetical protein,84518,Not Assigned,,743,20,0,,,,,,,,,,,,,,,,,,,,,,,,,,,,,,,,,,,,,,,,False,False,False,False,False,False,False,False,False,False,False,False,False,False,False,False,False,False,True
B9J08_001317,B9J08_001317-t37_1,Candida auris strain B8441,"PEKT02000003:555,317..555,676(-)",hypothetical protein,13528,Not Assigned,,119,9,0,,,,,,,,,,,,,,,,,,,,,,,,,,,,,,,,,,,,,,,,False,False,False,False,False,False,False,False,False,False,False,False,False,False,False,False,False,False,True
B9J08_001321,B9J08_001321-t37_1,Candida auris strain B8441,"PEKT02000003:563,427..565,346(-)",hypothetical protein,73730,Not Assigned,,639,9,0,,,,,,,,,,,,,,,,,,,,,,,,,,,,,,,,,,,,,,,,False,False,False,False,False,False,False,False,False,False,False,False,False,False,False,False,False,False,True
B9J08_001339,B9J08_001339-t37_1,Candida auris strain B8441,"PEKT02000003:597,211..597,657(+)",hypothetical protein,16013,Not Assigned,,148,147,4,,,,,,,,,,,,,,,,,,,,,,,,,,,,,,,,,,,,,,,,False,False,False,False,False,False,False,False,False,False,False,False,False,False,False,False,False,False,True
B9J08_001341,B9J08_001341-t37_1,Candida auris strain B8441,"PEKT02000003:599,084..599,776(+)",hypothetical protein,25610,Not Assigned,,230,7,0,,,,,,,,,,,,,,,,,,,,,,,,,,,,,,,,,,,,,,,,False,False,False,False,False,False,False,False,False,False,False,False,False,False,False,False,False,False,True
B9J08_001342,B9J08_001342-t37_1,Candida auris strain B8441,"PEKT02000003:599,847..600,792(-)",hypothetical protein,33657,Not Assigned,,296,9,0,,,,,,,,,,,,,,,,,,,,,,,,,,,,,,,,,,,,,,,,False,False,False,False,False,False,False,False,False,False,False,False,False,False,False,False,False,False,True
B9J08_001361,B9J08_001361-t37_1,Candida auris strain B8441,"PEKT02000003:640,931..641,851(-)",hypothetical protein,35043,Not Assigned,,306,10,1,,,,,,,,,,,,,,,,,,,,,,,,,,,,,,,,,,,,,,,,False,False,False,False,False,False,False,False,False,False,False,False,False,False,False,False,False,False,True
B9J08_001370,B9J08_001370-t37_1,Candida auris strain B8441,"PEKT02000003:665,492..666,802(+)",hypothetical protein,49100,Not Assigned,,436,5,0,,,,,,,,,,,,,,,,,,,,,,,,,,,,,,,,,,,,,,,,False,False,False,False,False,False,False,False,False,False,False,False,False,False,False,False,False,False,True
B9J08_001426,B9J08_001426-t37_1,Candida auris strain B8441,"PEKT02000003:787,313..788,002(-)",hypothetical protein,24149,Not Assigned,,229,20,0,,,,,,,,,,,,,,,,,,,,,,,,,,,,,,,,,,,,,,,,False,False,False,False,False,False,False,False,False,False,False,False,False,False,False,False,False,False,True
B9J08_001437,B9J08_001437-t37_1,Candida auris strain B8441,"PEKT02000003:812,837..813,610(+)",hypothetical protein,28923,Not Assigned,,257,18,0,,,,,,,,,,,,,,,,,,,,,,,,,,,,,,,,,,,,,,,,False,False,False,False,False,False,False,False,False,False,False,False,False,False,False,False,False,False,True
B9J08_001440,B9J08_001440-t37_1,Candida auris strain B8441,"PEKT02000003:816,288..817,019(-)",hypothetical protein,26837,Not Assigned,,243,21,0,,,,,,,,,,,,,,,,,,,,,,,,,,,,,,,,,,,,,,,,False,False,False,False,False,False,False,False,False,False,False,False,False,False,False,False,False,False,True
B9J08_001441,B9J08_001441-t37_1,Candida auris strain B8441,"PEKT02000003:819,467..820,009(+)",hypothetical protein,20445,Not Assigned,,180,16,0,,,,,,,,,,,,,,,,,,,,,,,,,,,,,,,,,,,,,,,,False,False,False,False,False,False,False,False,False,False,False,False,False,False,False,False,False,False,True
B9J08_001456,B9J08_001456-t37_1,Candida auris strain B8441,"PEKT02000003:853,714..856,101(-)",hypothetical protein,92212,Not Assigned,,795,24,0,,,,,,,,,,,,,,,,,,,,,,,,,,,,,,,,,,,,,,,,False,False,False,False,False,False,False,False,False,False,False,False,False,False,False,False,False,False,True
B9J08_001459,B9J08_001459-t37_1,Candida auris strain B8441,"PEKT02000003:867,969..869,510(+)",hypothetical protein,58370,Not Assigned,,513,19,0,,,,,,,,,,,,,,,,,,,,,,,,,,,,,,,,,,,,,,,,False,False,False,False,False,False,False,False,False,False,False,False,False,False,False,False,False,False,True
B9J08_001466,B9J08_001466-t37_1,Candida auris strain B8441,"PEKT02000003:887,739..888,365(-)",hypothetical protein,23991,Not Assigned,,208,4,0,,,,,,,,,,,,,,,,,,,,,,,,,,,,,,,,,,,,,,,,False,False,False,False,False,False,False,False,False,False,False,False,False,False,False,False,False,False,True
B9J08_001468,B9J08_001468-t37_1,Candida auris strain B8441,"PEKT02000003:891,680..893,332(-)",hypothetical protein,64030,Not Assigned,,550,11,1,,,,,,,,,,,,,,,,,,,,,,,,,,,,,,,,,,,,,,,,False,False,False,False,False,False,False,False,False,False,False,False,False,False,False,False,False,False,True
B9J08_001470,B9J08_001470-t37_1,Candida auris strain B8441,"PEKT02000003:899,376..900,950(-)",hypothetical protein,58847,Not Assigned,,524,23,0,,,,,,,,,,,,,,,,,,,,,,,,,,,,,,,,,,,,,,,,False,False,False,False,False,False,False,False,False,False,False,False,False,False,False,False,False,False,True
B9J08_001472,B9J08_001472-t37_1,Candida auris strain B8441,"PEKT02000003:903,312..903,611(+)",hypothetical protein,10978,Not Assigned,,99,18,0,,,,,,,,,,,,,,,,,,,,,,,,,,,,,,,,,,,,,,,,False,False,False,False,False,False,False,False,False,False,False,False,False,False,False,False,False,False,True
B9J08_001479,B9J08_001479-t37_1,Candida auris strain B8441,"PEKT02000003:916,869..918,298(-)",hypothetical protein,53090,Not Assigned,,459,11,1,,,,,,,,,,,,,,,,,,,,,,,,,,,,,,,,,,,,,,,,False,False,False,False,False,False,False,False,False,False,False,False,False,False,False,False,False,False,True
B9J08_001480,B9J08_001480-t37_1,Candida auris strain B8441,"PEKT02000003:919,110..921,119(-)",hypothetical protein,75940,Not Assigned,,669,3,0,,,,,,,,,,,,,,,,,,,,,,,,,,,,,,,,,,,,,,,,False,False,False,False,False,False,False,False,False,False,False,False,False,False,False,False,False,False,True
B9J08_001481,B9J08_001481-t37_1,Candida auris strain B8441,"PEKT02000003:923,903..924,739(-)",hypothetical protein,30551,Not Assigned,,278,1,0,,,,,,,,,,,,,,,,,,,,,,,,,,,,,,,,,,,,,,,,False,False,False,False,False,False,False,False,False,False,False,False,False,False,False,False,False,False,True
B9J08_001482,B9J08_001482-t37_1,Candida auris strain B8441,"PEKT02000003:927,170..928,238(-)",hypothetical protein,7436,Not Assigned,,79,13,0,,,,,,,,,,,,,,,,,,,,,,,,,,,,,,,,,,,,,,,,False,False,False,False,False,False,False,False,False,False,False,False,False,False,False,False,False,False,True
B9J08_001485,B9J08_001485-t37_1,Candida auris strain B8441,"PEKT02000003:936,327..936,752(-)",hypothetical protein,15667,Not Assigned,,141,25,0,,,,,,,,,,,,,,,,,,,,,,,,,,,,,,,,,,,,,,,,False,False,False,False,False,False,False,False,False,False,False,False,False,False,False,False,False,False,True
B9J08_001486,B9J08_001486-t37_1,Candida auris strain B8441,"PEKT02000003:937,127..938,410(-)",hypothetical protein,48577,Not Assigned,,427,471,0,,,,,,,,,,,,,,,,,,,,,,,,,,,,,,,,,,,,,,,,False,False,False,False,False,False,False,False,False,False,False,False,False,False,False,False,False,False,True
B9J08_001490,B9J08_001490-t37_1,Candida auris strain B8441,"PEKT02000003:947,837..949,579(+)",hypothetical protein,66242,Not Assigned,,580,9,0,,,,,,,,,,,,,,,,,,,,,,,,,,,,,,,,,,,,,,,,False,False,False,False,False,False,False,False,False,False,False,False,False,False,False,False,False,False,True
B9J08_001491,B9J08_001491-t37_1,Candida auris strain B8441,"PEKT02000003:949,785..950,690(+)",hypothetical protein,33397,Not Assigned,,301,8,0,,,,,,,,,,,,,,,,,,,,,,,,,,,,,,,,,,,,,,,,False,False,False,False,False,False,False,False,False,False,False,False,False,False,False,False,False,False,True
B9J08_001500,B9J08_001500-t37_1,Candida auris strain B8441,"PEKT02000003:973,310..973,552(+)",hypothetical protein,9349,Not Assigned,,80,9,0,,,,,,,,,,,,,,,,,,,,,,,,,,,,,,,,,,,,,,,,False,False,False,False,False,False,False,False,False,False,False,False,False,False,False,False,False,False,True
B9J08_001517,B9J08_001517-t37_1,Candida auris strain B8441,"PEKT02000003:1,009,684..1,012,119(+)",hypothetical protein,94218,Not Assigned,,811,4,0,,,,,,,,,,,,,,,,,,,,,,,,,,,,,,,,,,,,,,,,False,False,False,False,False,False,False,False,False,False,False,False,False,False,False,False,False,False,True
B9J08_001520,B9J08_001520-t37_1,Candida auris strain B8441,"PEKT02000003:1,017,821..1,018,702(-)",hypothetical protein,30203,Not Assigned,,293,5,0,,,,,,,,,,,,,,,,,,,,,,,,,,,,,,,,,,,,,,,,False,False,False,False,False,False,False,False,False,False,False,False,False,False,False,False,False,False,True
B9J08_001522,B9J08_001522-t37_1,Candida auris strain B8441,"PEKT02000003:1,024,830..1,026,134(+)",hypothetical protein,49771,Not Assigned,,434,24,0,,,,,,,,,,,,,,,,,,,,,,,,,,,,,,,,,,,,,,,,False,False,False,False,False,False,False,False,False,False,False,False,False,False,False,False,False,False,True
B9J08_001548,B9J08_001548-t37_1,Candida auris strain B8441,"PEKT02000004:43,908..44,318(-)",hypothetical protein,15383,Not Assigned,,136,1864,17,,,,,,,,,,,,,,,,,,,,,,,,,,,,,,,,,,,,,,,,False,False,False,False,False,False,False,False,False,False,False,False,False,False,False,False,False,False,True
B9J08_001549,B9J08_001549-t37_1,Candida auris strain B8441,"PEKT02000004:46,628..47,086(-)",hypothetical protein,15149,Not Assigned,,152,7,0,,,,,,,,,,,,,,,,,,,,,,,,,,,,,,,,,,,,,,,,False,False,False,False,False,False,False,False,False,False,False,False,False,False,False,False,False,False,True
B9J08_001551,B9J08_001551-t37_1,Candida auris strain B8441,"PEKT02000004:50,557..51,006(-)",hypothetical protein,14784,Not Assigned,,149,43,5,,,,,,,,,,,,,,,,,,,,,,,,,,,,,,,,,,,,,,,,False,False,False,False,False,False,False,False,False,False,False,False,False,False,False,False,False,False,True
B9J08_001556,B9J08_001556-t37_1,Candida auris strain B8441,"PEKT02000004:59,227..59,946(+)",hypothetical protein,27946,Not Assigned,,239,21,0,,,,,,,,,,,,,,,,,,,,,,,,,,,,,,,,,,,,,,,,False,False,False,False,False,False,False,False,False,False,False,False,False,False,False,False,False,False,True
B9J08_001617,B9J08_001617-t37_1,Candida auris strain B8441,"PEKT02000004:196,174..197,310(+)",hypothetical protein,44152,Not Assigned,,378,21,0,,,,,,,,,,,,,,,,,,,,,,,,,,,,,,,,,,,,,,,,False,False,False,False,False,False,False,False,False,False,False,False,False,False,False,False,False,False,True
B9J08_001638,B9J08_001638-t37_1,Candida auris strain B8441,"PEKT02000004:234,807..235,448(+)",hypothetical protein,25287,Not Assigned,,213,21,0,,,,,,,,,,,,,,,,,,,,,,,,,,,,,,,,,,,,,,,,False,False,False,False,False,False,False,False,False,False,False,False,False,False,False,False,False,False,True
B9J08_001639,B9J08_001639-t37_1,Candida auris strain B8441,"PEKT02000004:235,548..235,991(+)",hypothetical protein,16685,Not Assigned,,147,70,0,,,,,,,,,,,,,,,,,,,,,,,,,,,,,,,,,,,,,,,,False,False,False,False,False,False,False,False,False,False,False,False,False,False,False,False,False,False,True
B9J08_001659,B9J08_001659-t37_1,Candida auris strain B8441,"PEKT02000004:275,505..275,978(+)",hypothetical protein,17248,Not Assigned,,157,17,0,,,,,,,,,,,,,,,,,,,,,,,,,,,,,,,,,,,,,,,,False,False,False,False,False,False,False,False,False,False,False,False,False,False,False,False,False,False,True
B9J08_001663,B9J08_001663-t37_1,Candida auris strain B8441,"PEKT02000004:279,683..280,500(+)",hypothetical protein,26971,Not Assigned,,249,17,0,,,,,,,,,,,,,,,,,,,,,,,,,,,,,,,,,,,,,,,,False,False,False,False,False,False,False,False,False,False,False,False,False,False,False,False,False,False,True
B9J08_001666,B9J08_001666-t37_1,Candida auris strain B8441,"PEKT02000004:286,344..287,909(+)",hypothetical protein,62153,Not Assigned,,521,162,0,,,,,,,,,,,,,,,,,,,,,,,,,,,,,,,,,,,,,,,,False,False,False,False,False,False,False,False,False,False,False,False,False,False,False,False,False,False,True
B9J08_001680,B9J08_001680-t37_1,Candida auris strain B8441,"PEKT02000004:327,170..327,526(+)",hypothetical protein,12576,Not Assigned,,118,17,0,,,,,,,,,,,,,,,,,,,,,,,,,,,,,,,,,,,,,,,,False,False,False,False,False,False,False,False,False,False,False,False,False,False,False,False,False,False,True
B9J08_001683,B9J08_001683-t37_1,Candida auris strain B8441,"PEKT02000004:332,268..333,278(-)",hypothetical protein,38657,Not Assigned,,336,21,0,,,,,,,,,,,,,,,,,,,,,,,,,,,,,,,,,,,,,,,,False,False,False,False,False,False,False,False,False,False,False,False,False,False,False,False,False,False,True
B9J08_001700,B9J08_001700-t37_1,Candida auris strain B8441,"PEKT02000004:364,124..366,154(+)",hypothetical protein,76465,Not Assigned,,676,18,0,,,,,,,,,,,,,,,,,,,,,,,,,,,,,,,,,,,,,,,,False,False,False,False,False,False,False,False,False,False,False,False,False,False,False,False,False,False,True
B9J08_001714,B9J08_001714-t37_1,Candida auris strain B8441,"PEKT02000004:400,081..400,431(+)",hypothetical protein,13112,Not Assigned,,116,6,0,,,,,,,,,,,,,,,,,,,,,,,,,,,,,,,,,,,,,,,,False,False,False,False,False,False,False,False,False,False,False,False,False,False,False,False,False,False,True
B9J08_001719,B9J08_001719-t37_1,Candida auris strain B8441,"PEKT02000004:408,372..408,947(-)",hypothetical protein,22438,Not Assigned,,191,7,0,,,,,,,,,,,,,,,,,,,,,,,,,,,,,,,,,,,,,,,,False,False,False,False,False,False,False,False,False,False,False,False,False,False,False,False,False,False,True
B9J08_001725,B9J08_001725-t37_1,Candida auris strain B8441,"PEKT02000004:417,503..417,892(-)",hypothetical protein,14934,Not Assigned,,129,21,0,,,,,,,,,,,,,,,,,,,,,,,,,,,,,,,,,,,,,,,,False,False,False,False,False,False,False,False,False,False,False,False,False,False,False,False,False,False,True
B9J08_001731,B9J08_001731-t37_1,Candida auris strain B8441,"PEKT02000004:432,680..434,503(-)",hypothetical protein,68435,Not Assigned,,607,22,0,,,,,,,,,,,,,,,,,,,,,,,,,,,,,,,,,,,,,,,,False,False,False,False,False,False,False,False,False,False,False,False,False,False,False,False,False,False,True
B9J08_001746,B9J08_001746-t37_1,Candida auris strain B8441,"PEKT02000004:465,586..466,380(-)",hypothetical protein,29839,Not Assigned,,264,19,0,,,,,,,,,,,,,,,,,,,,,,,,,,,,,,,,,,,,,,,,False,False,False,False,False,False,False,False,False,False,False,False,False,False,False,False,False,False,True
B9J08_001750,B9J08_001750-t37_1,Candida auris strain B8441,"PEKT02000004:477,876..478,277(+)",hypothetical protein,13590,Not Assigned,,133,7,0,,,,,,,,,,,,,,,,,,,,,,,,,,,,,,,,,,,,,,,,False,False,False,False,False,False,False,False,False,False,False,False,False,False,False,False,False,False,True
B9J08_001751,B9J08_001751-t37_1,Candida auris strain B8441,"PEKT02000004:478,459..478,818(+)",hypothetical protein,12753,Not Assigned,,119,20,0,,,,,,,,,,,,,,,,,,,,,,,,,,,,,,,,,,,,,,,,False,False,False,False,False,False,False,False,False,False,False,False,False,False,False,False,False,False,True
B9J08_001755,B9J08_001755-t37_1,Candida auris strain B8441,"PEKT02000004:486,266..486,523(+)",hypothetical protein,9867,Not Assigned,,85,9,0,,,,,,,,,,,,,,,,,,,,,,,,,,,,,,,,,,,,,,,,False,False,False,False,False,False,False,False,False,False,False,False,False,False,False,False,False,False,True
B9J08_001760,B9J08_001760-t37_1,Candida auris strain B8441,"PEKT02000004:499,048..500,073(-)",hypothetical protein,39889,Not Assigned,,341,34,0,,,,,,,,,,,,,,,,,,,,,,,,,,,,,,,,,,,,,,,,False,False,False,False,False,False,False,False,False,False,False,False,False,False,False,False,False,False,True
B9J08_001781,B9J08_001781-t37_1,Candida auris strain B8441,"PEKT02000004:544,978..545,619(-)",hypothetical protein,19900,Not Assigned,,180,1,0,,,,,,,,,,,,,,,,,,,,,,,,,,,,,,,,,,,,,,,,False,False,False,False,False,False,False,False,False,False,False,False,False,False,False,False,False,False,True
B9J08_001792,B9J08_001792-t37_1,Candida auris strain B8441,"PEKT02000004:567,692..568,009(+)",hypothetical protein,11449,Not Assigned,,105,15,0,,,,,,,,,,,,,,,,,,,,,,,,,,,,,,,,,,,,,,,,False,False,False,False,False,False,False,False,False,False,False,False,False,False,False,False,False,False,True
B9J08_001812,B9J08_001812-t37_1,Candida auris strain B8441,"PEKT02000004:606,485..607,591(-)",hypothetical protein,42781,Not Assigned,,368,26,0,,,,,,,,,,,,,,,,,,,,,,,,,,,,,,,,,,,,,,,,False,False,False,False,False,False,False,False,False,False,False,False,False,False,False,False,False,False,True
B9J08_001830,B9J08_001830-t37_1,Candida auris strain B8441,"PEKT02000004:641,139..642,863(-)",hypothetical protein,60290,Not Assigned,,574,21,0,,,,,,,,,,,,,,,,,,,,,,,,,,,,,,,,,,,,,,,,False,False,False,False,False,False,False,False,False,False,False,False,False,False,False,False,False,False,True
B9J08_001831,B9J08_001831-t37_1,Candida auris strain B8441,"PEKT02000004:643,719..644,777(+)",hypothetical protein,39006,Not Assigned,,352,21,0,,,,,,,,,,,,,,,,,,,,,,,,,,,,,,,,,,,,,,,,False,False,False,False,False,False,False,False,False,False,False,False,False,False,False,False,False,False,True
B9J08_001862,B9J08_001862-t37_1,Candida auris strain B8441,"PEKT02000004:703,819..705,267(-)",hypothetical protein,54028,Not Assigned,,482,18,0,,,,,,,,,,,,,,,,,,,,,,,,,,,,,,,,,,,,,,,,False,False,False,False,False,False,False,False,False,False,False,False,False,False,False,False,False,False,True
B9J08_001866,B9J08_001866-t37_1,Candida auris strain B8441,"PEKT02000004:711,259..712,794(-)",hypothetical protein,60206,Not Assigned,,511,21,0,,,,,,,,,,,,,,,,,,,,,,,,,,,,,,,,,,,,,,,,False,False,False,False,False,False,False,False,False,False,False,False,False,False,False,False,False,False,True
B9J08_001867,B9J08_001867-t37_1,Candida auris strain B8441,"PEKT02000004:713,137..713,607(+)",hypothetical protein,15611,Not Assigned,,138,18,0,,,,,,,,,,,,,,,,,,,,,,,,,,,,,,,,,,,,,,,,False,False,False,False,False,False,False,False,False,False,False,False,False,False,False,False,False,False,True
B9J08_001882,B9J08_001882-t37_1,Candida auris strain B8441,"PEKT02000004:733,993..735,000(-)",hypothetical protein,36344,Not Assigned,,335,24,0,,,,,,,,,,,,,,,,,,,,,,,,,,,,,,,,,,,,,,,,False,False,False,False,False,False,False,False,False,False,False,False,False,False,False,False,False,False,True
B9J08_001894,B9J08_001894-t37_1,Candida auris strain B8441,"PEKT02000004:754,936..755,784(-)",hypothetical protein,31142,Not Assigned,,282,20,0,,,,,,,,,,,,,,,,,,,,,,,,,,,,,,,,,,,,,,,,False,False,False,False,False,False,False,False,False,False,False,False,False,False,False,False,False,False,True
B9J08_001918,B9J08_001918-t37_1,Candida auris strain B8441,"PEKT02000004:817,603..819,348(-)",hypothetical protein,66514,Not Assigned,,581,7,0,,,,,,,,,,,,,,,,,,,,,,,,,,,,,,,,,,,,,,,,False,False,False,False,False,False,False,False,False,False,False,False,False,False,False,False,False,False,True
B9J08_001932,B9J08_001932-t37_1,Candida auris strain B8441,"PEKT02000004:855,010..856,332(+)",hypothetical protein,40435,Not Assigned,,440,11,0,,,,,,,,,,,,,,,,,,,,,,,,,,,,,,,,,,,,,,,,False,False,False,False,False,False,False,False,False,False,False,False,False,False,False,False,False,False,True
B9J08_001942,B9J08_001942-t37_1,Candida auris strain B8441,"PEKT02000004:873,624..874,865(-)",hypothetical protein,47266,Not Assigned,,413,20,0,,,,,,,,,,,,,,,,,,,,,,,,,,,,,,,,,,,,,,,,False,False,False,False,False,False,False,False,False,False,False,False,False,False,False,False,False,False,True
B9J08_001949,B9J08_001949-t37_1,Candida auris strain B8441,"PEKT02000005:17,954..18,355(-)",hypothetical protein,14401,Not Assigned,,133,4,0,,,,,,,,,,,,,,,,,,,,,,,,,,,,,,,,,,,,,,,,False,False,False,False,False,False,False,False,False,False,False,False,False,False,False,False,False,False,True
B9J08_001954,B9J08_001954-t37_1,Candida auris strain B8441,"PEKT02000005:28,026..30,425(-)",hypothetical protein,89338,Not Assigned,,799,19,0,,,,,,,,,,,,,,,,,,,,,,,,,,,,,,,,,,,,,,,,False,False,False,False,False,False,False,False,False,False,False,False,False,False,False,False,False,False,True
B9J08_001962,B9J08_001962-t37_1,Candida auris strain B8441,"PEKT02000005:50,030..50,809(-)",hypothetical protein,28414,Not Assigned,,259,8,0,,,,,,,,,,,,,,,,,,,,,,,,,,,,,,,,,,,,,,,,False,False,False,False,False,False,False,False,False,False,False,False,False,False,False,False,False,False,True
B9J08_001970,B9J08_001970-t37_1,Candida auris strain B8441,"PEKT02000005:62,225..63,412(+)",hypothetical protein,42744,Not Assigned,,395,7,0,,,,,,,,,,,,,,,,,,,,,,,,,,,,,,,,,,,,,,,,False,False,False,False,False,False,False,False,False,False,False,False,False,False,False,False,False,False,True
B9J08_001978,B9J08_001978-t37_1,Candida auris strain B8441,"PEKT02000005:82,752..83,129(-)",hypothetical protein,14400,Not Assigned,,125,21,0,,,,,,,,,,,,,,,,,,,,,,,,,,,,,,,,,,,,,,,,False,False,False,False,False,False,False,False,False,False,False,False,False,False,False,False,False,False,True
B9J08_001980,B9J08_001980-t37_1,Candida auris strain B8441,"PEKT02000005:84,010..84,510(+)",hypothetical protein,16658,Not Assigned,,147,19,0,,,,,,,,,,,,,,,,,,,,,,,,,,,,,,,,,,,,,,,,False,False,False,False,False,False,False,False,False,False,False,False,False,False,False,False,False,False,True
B9J08_001988,B9J08_001988-t37_1,Candida auris strain B8441,"PEKT02000005:100,201..100,641(+)",hypothetical protein,16973,Not Assigned,,146,14,2,,,,,,,,,,,,,,,,,,,,,,,,,,,,,,,,,,,,,,,,False,False,False,False,False,False,False,False,False,False,False,False,False,False,False,False,False,False,True
B9J08_002007,B9J08_002007-t37_1,Candida auris strain B8441,"PEKT02000005:136,899..139,145(+)",hypothetical protein,86556,Not Assigned,,748,18,0,,,,,,,,,,,,,,,,,,,,,,,,,,,,,,,,,,,,,,,,False,False,False,False,False,False,False,False,False,False,False,False,False,False,False,False,False,False,True
B9J08_002012,B9J08_002012-t37_1,Candida auris strain B8441,"PEKT02000005:148,671..149,618(+)",hypothetical protein,34478,Not Assigned,,315,21,0,,,,,,,,,,,,,,,,,,,,,,,,,,,,,,,,,,,,,,,,False,False,False,False,False,False,False,False,False,False,False,False,False,False,False,False,False,False,True
B9J08_002015,B9J08_002015-t37_1,Candida auris strain B8441,"PEKT02000005:153,082..154,515(+)",hypothetical protein,53864,Not Assigned,,477,21,0,,,,,,,,,,,,,,,,,,,,,,,,,,,,,,,,,,,,,,,,False,False,False,False,False,False,False,False,False,False,False,False,False,False,False,False,False,False,True
B9J08_002021,B9J08_002021-t37_1,Candida auris strain B8441,"PEKT02000005:161,614..162,483(-)",hypothetical protein,32487,Not Assigned,,289,21,0,,,,,,,,,,,,,,,,,,,,,,,,,,,,,,,,,,,,,,,,False,False,False,False,False,False,False,False,False,False,False,False,False,False,False,False,False,False,True
B9J08_002028,B9J08_002028-t37_1,Candida auris strain B8441,"PEKT02000005:178,737..179,051(+)",hypothetical protein,12450,Not Assigned,,104,14,0,,,,,,,,,,,,,,,,,,,,,,,,,,,,,,,,,,,,,,,,False,False,False,False,False,False,False,False,False,False,False,False,False,False,False,False,False,False,True
B9J08_002031,B9J08_002031-t37_1,Candida auris strain B8441,"PEKT02000005:183,556..184,275(+)",hypothetical protein,27304,Not Assigned,,239,14,0,,,,,,,,,,,,,,,,,,,,,,,,,,,,,,,,,,,,,,,,False,False,False,False,False,False,False,False,False,False,False,False,False,False,False,False,False,False,True
B9J08_002036,B9J08_002036-t37_1,Candida auris strain B8441,"PEKT02000005:192,144..193,544(+)",hypothetical protein,52740,Not Assigned,,466,24,0,,,,,,,,,,,,,,,,,,,,,,,,,,,,,,,,,,,,,,,,False,False,False,False,False,False,False,False,False,False,False,False,False,False,False,False,False,False,True
B9J08_002037,B9J08_002037-t37_1,Candida auris strain B8441,"PEKT02000005:194,825..195,958(+)",hypothetical protein,41319,Not Assigned,,377,37,0,,,,,,,,,,,,,,,,,,,,,,,,,,,,,,,,,,,,,,,,False,False,False,False,False,False,False,False,False,False,False,False,False,False,False,False,False,False,True
B9J08_002049,B9J08_002049-t37_1,Candida auris strain B8441,"PEKT02000005:228,319..229,482(-)",hypothetical protein,42920,Not Assigned,,387,22,0,,,,,,,,,,,,,,,,,,,,,,,,,,,,,,,,,,,,,,,,False,False,False,False,False,False,False,False,False,False,False,False,False,False,False,False,False,False,True
B9J08_002055,B9J08_002055-t37_1,Candida auris strain B8441,"PEKT02000005:238,853..239,410(-)",hypothetical protein,20310,Not Assigned,,185,8,0,,,,,,,,,,,,,,,,,,,,,,,,,,,,,,,,,,,,,,,,False,False,False,False,False,False,False,False,False,False,False,False,False,False,False,False,False,False,True
B9J08_002082,B9J08_002082-t37_1,Candida auris strain B8441,"PEKT02000005:297,092..298,432(-)",hypothetical protein,47053,Not Assigned,,446,25,0,,,,,,,,,,,,,,,,,,,,,,,,,,,,,,,,,,,,,,,,False,False,False,False,False,False,False,False,False,False,False,False,False,False,False,False,False,False,True
B9J08_002084,B9J08_002084-t37_1,Candida auris strain B8441,"PEKT02000005:304,822..305,460(-)",hypothetical protein,24853,Not Assigned,,212,24,0,,,,,,,,,,,,,,,,,,,,,,,,,,,,,,,,,,,,,,,,False,False,False,False,False,False,False,False,False,False,False,False,False,False,False,False,False,False,True
B9J08_002086,B9J08_002086-t37_1,Candida auris strain B8441,"PEKT02000005:306,770..308,188(-)",hypothetical protein,52391,Not Assigned,,472,22,0,,,,,,,,,,,,,,,,,,,,,,,,,,,,,,,,,,,,,,,,False,False,False,False,False,False,False,False,False,False,False,False,False,False,False,False,False,False,True
B9J08_002118,B9J08_002118-t37_1,Candida auris strain B8441,"PEKT02000005:372,647..373,027(-)",hypothetical protein,14357,Not Assigned,,126,6,0,,,,,,,,,,,,,,,,,,,,,,,,,,,,,,,,,,,,,,,,False,False,False,False,False,False,False,False,False,False,False,False,False,False,False,False,False,False,True
B9J08_002119,B9J08_002119-t37_1,Candida auris strain B8441,"PEKT02000005:374,608..376,614(+)",hypothetical protein,73490,Not Assigned,,668,8,0,,,,,,,,,,,,,,,,,,,,,,,,,,,,,,,,,,,,,,,,False,False,False,False,False,False,False,False,False,False,False,False,False,False,False,False,False,False,True
B9J08_002141,B9J08_002141-t37_1,Candida auris strain B8441,"PEKT02000005:426,292..427,212(-)",hypothetical protein,35582,Not Assigned,,306,19,0,,,,,,,,,,,,,,,,,,,,,,,,,,,,,,,,,,,,,,,,False,False,False,False,False,False,False,False,False,False,False,False,False,False,False,False,False,False,True
B9J08_002156,B9J08_002156-t37_1,Candida auris strain B8441,"PEKT02000005:462,439..464,052(+)",hypothetical protein,62242,Not Assigned,,537,18,0,,,,,,,,,,,,,,,,,,,,,,,,,,,,,,,,,,,,,,,,False,False,False,False,False,False,False,False,False,False,False,False,False,False,False,False,False,False,True
B9J08_002161,B9J08_002161-t37_1,Candida auris strain B8441,"PEKT02000005:470,318..471,220(-)",hypothetical protein,34657,Not Assigned,,300,19,0,,,,,,,,,,,,,,,,,,,,,,,,,,,,,,,,,,,,,,,,False,False,False,False,False,False,False,False,False,False,False,False,False,False,False,False,False,False,True
B9J08_002163,B9J08_002163-t37_1,Candida auris strain B8441,"PEKT02000005:472,836..473,177(-)",hypothetical protein,12941,Not Assigned,,113,24,0,,,,,,,,,,,,,,,,,,,,,,,,,,,,,,,,,,,,,,,,False,False,False,False,False,False,False,False,False,False,False,False,False,False,False,False,False,False,True
B9J08_002176,B9J08_002176-t37_1,Candida auris strain B8441,"PEKT02000005:500,856..502,034(-)",hypothetical protein,43868,Not Assigned,,392,22,0,,,,,,,,,,,,,,,,,,,,,,,,,,,,,,,,,,,,,,,,False,False,False,False,False,False,False,False,False,False,False,False,False,False,False,False,False,False,True
B9J08_002204,B9J08_002204-t37_1,Candida auris strain B8441,"PEKT02000005:569,650..570,705(-)",hypothetical protein,39873,Not Assigned,,351,16,0,,,,,,,,,,,,,,,,,,,,,,,,,,,,,,,,,,,,,,,,False,False,False,False,False,False,False,False,False,False,False,False,False,False,False,False,False,False,True
B9J08_002205,B9J08_002205-t37_1,Candida auris strain B8441,"PEKT02000005:571,376..572,671(+)",hypothetical protein,50469,Not Assigned,,431,24,0,,,,,,,,,,,,,,,,,,,,,,,,,,,,,,,,,,,,,,,,False,False,False,False,False,False,False,False,False,False,False,False,False,False,False,False,False,False,True
B9J08_002218,B9J08_002218-t37_1,Candida auris strain B8441,"PEKT02000005:597,416..597,859(+)",hypothetical protein,17303,Not Assigned,,147,0,0,,,,,,,,,,,,,,,,,,,,,,,,,,,,,,,,,,,,,,,,False,False,False,False,False,False,False,False,False,False,False,False,False,False,False,False,False,False,True
B9J08_002228,B9J08_002228-t37_1,Candida auris strain B8441,"PEKT02000005:617,234..617,617(+)",hypothetical protein,14322,Not Assigned,,127,6,0,,,,,,,,,,,,,,,,,,,,,,,,,,,,,,,,,,,,,,,,False,False,False,False,False,False,False,False,False,False,False,False,False,False,False,False,False,False,True
B9J08_002234,B9J08_002234-t37_1,Candida auris strain B8441,"PEKT02000005:633,863..634,609(+)",hypothetical protein,25516,Not Assigned,,248,8,0,,,,,,,,,,,,,,,,,,,,,,,,,,,,,,,,,,,,,,,,False,False,False,False,False,False,False,False,False,False,False,False,False,False,False,False,False,False,True
B9J08_002244,B9J08_002244-t37_1,Candida auris strain B8441,"PEKT02000006:20,794..21,267(+)",hypothetical protein,17110,Not Assigned,,157,7,0,,,,,,,,,,,,,,,,,,,,,,,,,,,,,,,,,,,,,,,,False,False,False,False,False,False,False,False,False,False,False,False,False,False,False,False,False,False,True
B9J08_002247,B9J08_002247-t37_1,Candida auris strain B8441,"PEKT02000006:27,103..27,795(-)",hypothetical protein,26349,Not Assigned,,230,5,0,,,,,,,,,,,,,,,,,,,,,,,,,,,,,,,,,,,,,,,,False,False,False,False,False,False,False,False,False,False,False,False,False,False,False,False,False,False,True
B9J08_002248,B9J08_002248-t37_1,Candida auris strain B8441,"PEKT02000006:29,181..30,561(+)",hypothetical protein,36370,Not Assigned,,309,14,2,,,,,,,,,,,,,,,,,,,,,,,,,,,,,,,,,,,,,,,,False,False,False,False,False,False,False,False,False,False,False,False,False,False,False,False,False,False,True
B9J08_002255,B9J08_002255-t37_1,Candida auris strain B8441,"PEKT02000006:49,006..49,410(-)",hypothetical protein,14162,Not Assigned,,134,5,0,,,,,,,,,,,,,,,,,,,,,,,,,,,,,,,,,,,,,,,,False,False,False,False,False,False,False,False,False,False,False,False,False,False,False,False,False,False,True
B9J08_002256,B9J08_002256-t37_1,Candida auris strain B8441,"PEKT02000006:50,661..51,500(-)",hypothetical protein,31677,Not Assigned,,279,6,0,,,,,,,,,,,,,,,,,,,,,,,,,,,,,,,,,,,,,,,,False,False,False,False,False,False,False,False,False,False,False,False,False,False,False,False,False,False,True
B9J08_002270,B9J08_002270-t37_1,Candida auris strain B8441,"PEKT02000006:85,999..87,402(+)",hypothetical protein,53278,Not Assigned,,467,22,0,,,,,,,,,,,,,,,,,,,,,,,,,,,,,,,,,,,,,,,,False,False,False,False,False,False,False,False,False,False,False,False,False,False,False,False,False,False,True
B9J08_002282,B9J08_002282-t37_1,Candida auris strain B8441,"PEKT02000006:113,409..114,341(+)",hypothetical protein,35328,Not Assigned,,310,22,0,,,,,,,,,,,,,,,,,,,,,,,,,,,,,,,,,,,,,,,,False,False,False,False,False,False,False,False,False,False,False,False,False,False,False,False,False,False,True
B9J08_002286,B9J08_002286-t37_1,Candida auris strain B8441,"PEKT02000006:119,650..120,750(-)",hypothetical protein,41574,Not Assigned,,366,22,0,,,,,,,,,,,,,,,,,,,,,,,,,,,,,,,,,,,,,,,,False,False,False,False,False,False,False,False,False,False,False,False,False,False,False,False,False,False,True
B9J08_002288,B9J08_002288-t37_1,Candida auris strain B8441,"PEKT02000006:124,397..124,648(+)",hypothetical protein,9370,Not Assigned,,83,12,0,,,,,,,,,,,,,,,,,,,,,,,,,,,,,,,,,,,,,,,,False,False,False,False,False,False,False,False,False,False,False,False,False,False,False,False,False,False,True
B9J08_002295,B9J08_002295-t37_1,Candida auris strain B8441,"PEKT02000006:137,555..138,430(-)",hypothetical protein,23892,Not Assigned,,291,25,1,,,,,,,,,,,,,,,,,,,,,,,,,,,,,,,,,,,,,,,,False,False,False,False,False,False,False,False,False,False,False,False,False,False,False,False,False,False,True
B9J08_002296,B9J08_002296-t37_1,Candida auris strain B8441,"PEKT02000006:143,270..143,860(-)",hypothetical protein,17910,Not Assigned,,196,25,1,,,,,,,,,,,,,,,,,,,,,,,,,,,,,,,,,,,,,,,,False,False,False,False,False,False,False,False,False,False,False,False,False,False,False,False,False,False,True
B9J08_002309,B9J08_002309-t37_1,Candida auris strain B8441,"PEKT02000006:178,918..179,262(+)",hypothetical protein,12988,Not Assigned,,114,6,0,,,,,,,,,,,,,,,,,,,,,,,,,,,,,,,,,,,,,,,,False,False,False,False,False,False,False,False,False,False,False,False,False,False,False,False,False,False,True
B9J08_002314,B9J08_002314-t37_1,Candida auris strain B8441,"PEKT02000006:189,341..190,456(+)",hypothetical protein,41276,Not Assigned,,371,14,0,,,,,,,,,,,,,,,,,,,,,,,,,,,,,,,,,,,,,,,,False,False,False,False,False,False,False,False,False,False,False,False,False,False,False,False,False,False,True
B9J08_002319,B9J08_002319-t37_1,Candida auris strain B8441,"PEKT02000006:197,319..198,788(+)",hypothetical protein,54376,Not Assigned,,489,19,1,,,,,,,,,,,,,,,,,,,,,,,,,,,,,,,,,,,,,,,,False,False,False,False,False,False,False,False,False,False,False,False,False,False,False,False,False,False,True
B9J08_002330,B9J08_002330-t37_1,Candida auris strain B8441,"PEKT02000006:222,866..223,783(-)",hypothetical protein,33473,Not Assigned,,305,9,0,,,,,,,,,,,,,,,,,,,,,,,,,,,,,,,,,,,,,,,,False,False,False,False,False,False,False,False,False,False,False,False,False,False,False,False,False,False,True
B9J08_002356,B9J08_002356-t37_1,Candida auris strain B8441,"PEKT02000006:285,554..286,279(+)",hypothetical protein,25910,Not Assigned,,241,5,0,,,,,,,,,,,,,,,,,,,,,,,,,,,,,,,,,,,,,,,,False,False,False,False,False,False,False,False,False,False,False,False,False,False,False,False,False,False,True
B9J08_002372,B9J08_002372-t37_1,Candida auris strain B8441,"PEKT02000006:316,488..316,823(+)",hypothetical protein,12810,Not Assigned,,111,14,0,,,,,,,,,,,,,,,,,,,,,,,,,,,,,,,,,,,,,,,,False,False,False,False,False,False,False,False,False,False,False,False,False,False,False,False,False,False,True
B9J08_002384,B9J08_002384-t37_1,Candida auris strain B8441,"PEKT02000006:335,254..335,775(+)",hypothetical protein,20176,Not Assigned,,173,23,0,,,,,,,,,,,,,,,,,,,,,,,,,,,,,,,,,,,,,,,,False,False,False,False,False,False,False,False,False,False,False,False,False,False,False,False,False,False,True
B9J08_002397,B9J08_002397-t37_1,Candida auris strain B8441,"PEKT02000006:357,778..359,631(-)",hypothetical protein,68761,Not Assigned,,617,20,0,,,,,,,,,,,,,,,,,,,,,,,,,,,,,,,,,,,,,,,,False,False,False,False,False,False,False,False,False,False,False,False,False,False,False,False,False,False,True
B9J08_002407,B9J08_002407-t37_1,Candida auris strain B8441,"PEKT02000006:377,877..378,491(-)",hypothetical protein,22930,Not Assigned,,204,5,0,,,,,,,,,,,,,,,,,,,,,,,,,,,,,,,,,,,,,,,,False,False,False,False,False,False,False,False,False,False,False,False,False,False,False,False,False,False,True
B9J08_002441,B9J08_002441-t37_1,Candida auris strain B8441,"PEKT02000006:453,434..454,141(-)",hypothetical protein,26554,Not Assigned,,235,24,0,,,,,,,,,,,,,,,,,,,,,,,,,,,,,,,,,,,,,,,,False,False,False,False,False,False,False,False,False,False,False,False,False,False,False,False,False,False,True
B9J08_002471,B9J08_002471-t37_1,Candida auris strain B8441,"PEKT02000006:534,514..534,753(-)",hypothetical protein,9118,Not Assigned,,79,4,0,,,,,,,,,,,,,,,,,,,,,,,,,,,,,,,,,,,,,,,,False,False,False,False,False,False,False,False,False,False,False,False,False,False,False,False,False,False,True
B9J08_002475,B9J08_002475-t37_1,Candida auris strain B8441,"PEKT02000006:539,191..542,187(+)",hypothetical protein,112673,Not Assigned,,998,580,0,,,,,,,,,,,,,,,,,,,,,,,,,,,,,,,,,,,,,,,,False,False,False,False,False,False,False,False,False,False,False,False,False,False,False,False,False,False,True
B9J08_002486,B9J08_002486-t37_1,Candida auris strain B8441,"PEKT02000006:569,986..570,417(+)",hypothetical protein,16406,Not Assigned,,143,8,0,,,,,,,,,,,,,,,,,,,,,,,,,,,,,,,,,,,,,,,,False,False,False,False,False,False,False,False,False,False,False,False,False,False,False,False,False,False,True
B9J08_002492,B9J08_002492-t37_1,Candida auris strain B8441,"PEKT02000006:584,323..585,276(+)",hypothetical protein,34495,Not Assigned,,317,19,0,,,,,,,,,,,,,,,,,,,,,,,,,,,,,,,,,,,,,,,,False,False,False,False,False,False,False,False,False,False,False,False,False,False,False,False,False,False,True
B9J08_002493,B9J08_002493-t37_1,Candida auris strain B8441,"PEKT02000006:587,081..587,329(-)",hypothetical protein,8110,Not Assigned,,82,47,2,,,,,,,,,,,,,,,,,,,,,,,,,,,,,,,,,,,,,,,,False,False,False,False,False,False,False,False,False,False,False,False,False,False,False,False,False,False,True
B9J08_002498,B9J08_002498-t37_1,Candida auris strain B8441,"PEKT02000006:600,790..601,314(-)",hypothetical protein,20192,Not Assigned,,174,6,0,,,,,,,,,,,,,,,,,,,,,,,,,,,,,,,,,,,,,,,,False,False,False,False,False,False,False,False,False,False,False,False,False,False,False,False,False,False,True
B9J08_002507,B9J08_002507-t37_1,Candida auris strain B8441,"PEKT02000006:619,441..619,803(+)",hypothetical protein,12765,Not Assigned,,120,5,0,,,,,,,,,,,,,,,,,,,,,,,,,,,,,,,,,,,,,,,,False,False,False,False,False,False,False,False,False,False,False,False,False,False,False,False,False,False,True
B9J08_002509,B9J08_002509-t37_1,Candida auris strain B8441,"PEKT02000006:621,671..623,092(-)",hypothetical protein,53834,Not Assigned,,473,8,0,,,,,,,,,,,,,,,,,,,,,,,,,,,,,,,,,,,,,,,,False,False,False,False,False,False,False,False,False,False,False,False,False,False,False,False,False,False,True
B9J08_002511,B9J08_002511-t37_1,Candida auris strain B8441,"PEKT02000006:625,730..626,173(-)",hypothetical protein,17165,Not Assigned,,147,24,0,,,,,,,,,,,,,,,,,,,,,,,,,,,,,,,,,,,,,,,,False,False,False,False,False,False,False,False,False,False,False,False,False,False,False,False,False,False,True
B9J08_002515,B9J08_002515-t37_1,Candida auris strain B8441,"PEKT02000006:631,372..631,959(+)",hypothetical protein,22515,Not Assigned,,195,20,0,,,,,,,,,,,,,,,,,,,,,,,,,,,,,,,,,,,,,,,,False,False,False,False,False,False,False,False,False,False,False,False,False,False,False,False,False,False,True
B9J08_002522,B9J08_002522-t37_1,Candida auris strain B8441,"PEKT02000006:645,603..646,724(+)",hypothetical protein,40374,Not Assigned,,373,24,0,,,,,,,,,,,,,,,,,,,,,,,,,,,,,,,,,,,,,,,,False,False,False,False,False,False,False,False,False,False,False,False,False,False,False,False,False,False,True
B9J08_002525,B9J08_002525-t37_1,Candida auris strain B8441,"PEKT02000006:653,256..653,921(+)",hypothetical protein,25241,Not Assigned,,221,22,0,,,,,,,,,,,,,,,,,,,,,,,,,,,,,,,,,,,,,,,,False,False,False,False,False,False,False,False,False,False,False,False,False,False,False,False,False,False,True
B9J08_002540,B9J08_002540-t37_1,Candida auris strain B8441,"PEKT02000006:689,118..690,278(+)",hypothetical protein,41272,Not Assigned,,386,46,1,,,,,,,,,,,,,,,,,,,,,,,,,,,,,,,,,,,,,,,,False,False,False,False,False,False,False,False,False,False,False,False,False,False,False,False,False,False,True
B9J08_002541,B9J08_002541-t37_1,Candida auris strain B8441,"PEKT02000006:691,584..693,029(+)",hypothetical protein,52007,Not Assigned,,481,23,0,,,,,,,,,,,,,,,,,,,,,,,,,,,,,,,,,,,,,,,,False,False,False,False,False,False,False,False,False,False,False,False,False,False,False,False,False,False,True
B9J08_002545,B9J08_002545-t37_1,Candida auris strain B8441,"PEKT02000006:700,993..702,780(-)",hypothetical protein,66319,Not Assigned,,595,24,0,,,,,,,,,,,,,,,,,,,,,,,,,,,,,,,,,,,,,,,,False,False,False,False,False,False,False,False,False,False,False,False,False,False,False,False,False,False,True
B9J08_002552,B9J08_002552-t37_1,Candida auris strain B8441,"PEKT02000006:717,293..718,261(+)",hypothetical protein,38054,Not Assigned,,322,11,0,,,,,,,,,,,,,,,,,,,,,,,,,,,,,,,,,,,,,,,,False,False,False,False,False,False,False,False,False,False,False,False,False,False,False,False,False,False,True
B9J08_002561,B9J08_002561-t37_1,Candida auris strain B8441,"PEKT02000006:728,924..729,496(-)",hypothetical protein,15806,Not Assigned,,190,0,0,,,,,,,,,,,,,,,,,,,,,,,,,,,,,,,,,,,,,,,,False,False,False,False,False,False,False,False,False,False,False,False,False,False,False,False,False,False,True
B9J08_002574,B9J08_002574-t37_1,Candida auris strain B8441,"PEKT02000006:751,322..752,035(-)",hypothetical protein,23777,Not Assigned,,237,14,0,,,,,,,,,,,,,,,,,,,,,,,,,,,,,,,,,,,,,,,,False,False,False,False,False,False,False,False,False,False,False,False,False,False,False,False,False,False,True
B9J08_002579,B9J08_002579-t37_1,Candida auris strain B8441,"PEKT02000006:760,920..761,393(+)",hypothetical protein,17827,Not Assigned,,157,7,0,,,,,,,,,,,,,,,,,,,,,,,,,,,,,,,,,,,,,,,,False,False,False,False,False,False,False,False,False,False,False,False,False,False,False,False,False,False,True
B9J08_002584,B9J08_002584-t37_1,Candida auris strain B8441,"PEKT02000006:774,904..776,745(+)",hypothetical protein,70554,Not Assigned,,613,15,2,,,,,,,,,,,,,,,,,,,,,,,,,,,,,,,,,,,,,,,,False,False,False,False,False,False,False,False,False,False,False,False,False,False,False,False,False,False,True
B9J08_002592,B9J08_002592-t37_1,Candida auris strain B8441,"PEKT02000007:10,602..10,967(+)",hypothetical protein,13324,Not Assigned,,121,21,0,,,,,,,,,,,,,,,,,,,,,,,,,,,,,,,,,,,,,,,,False,False,False,False,False,False,False,False,False,False,False,False,False,False,False,False,False,False,True
B9J08_002593,B9J08_002593-t37_1,Candida auris strain B8441,"PEKT02000007:14,868..15,914(+)",hypothetical protein,36303,Not Assigned,,348,9,0,,,,,,,,,,,,,,,,,,,,,,,,,,,,,,,,,,,,,,,,False,False,False,False,False,False,False,False,False,False,False,False,False,False,False,False,False,False,True
B9J08_002613,B9J08_002613-t37_1,Candida auris strain B8441,"PEKT02000007:52,109..53,392(-)",hypothetical protein,47757,Not Assigned,,427,21,0,,,,,,,,,,,,,,,,,,,,,,,,,,,,,,,,,,,,,,,,False,False,False,False,False,False,False,False,False,False,False,False,False,False,False,False,False,False,True
B9J08_002616,B9J08_002616-t37_1,Candida auris strain B8441,"PEKT02000007:65,697..66,614(+)",hypothetical protein,33929,Not Assigned,,305,40,0,,,,,,,,,,,,,,,,,,,,,,,,,,,,,,,,,,,,,,,,False,False,False,False,False,False,False,False,False,False,False,False,False,False,False,False,False,False,True
B9J08_002621,B9J08_002621-t37_1,Candida auris strain B8441,"PEKT02000007:77,161..77,904(-)",hypothetical protein,27717,Not Assigned,,247,21,0,,,,,,,,,,,,,,,,,,,,,,,,,,,,,,,,,,,,,,,,False,False,False,False,False,False,False,False,False,False,False,False,False,False,False,False,False,False,True
B9J08_002624,B9J08_002624-t37_1,Candida auris strain B8441,"PEKT02000007:83,902..84,105(-)",hypothetical protein,7485,Not Assigned,,67,2,0,,,,,,,,,,,,,,,,,,,,,,,,,,,,,,,,,,,,,,,,False,False,False,False,False,False,False,False,False,False,False,False,False,False,False,False,False,False,True
B9J08_002626,B9J08_002626-t37_1,Candida auris strain B8441,"PEKT02000007:85,068..85,553(+)",hypothetical protein,17423,Not Assigned,,161,21,0,,,,,,,,,,,,,,,,,,,,,,,,,,,,,,,,,,,,,,,,False,False,False,False,False,False,False,False,False,False,False,False,False,False,False,False,False,False,True
B9J08_002640,B9J08_002640-t37_1,Candida auris strain B8441,"PEKT02000007:115,272..115,613(+)",hypothetical protein,12941,Not Assigned,,113,7,0,,,,,,,,,,,,,,,,,,,,,,,,,,,,,,,,,,,,,,,,False,False,False,False,False,False,False,False,False,False,False,False,False,False,False,False,False,False,True
B9J08_002641,B9J08_002641-t37_1,Candida auris strain B8441,"PEKT02000007:116,260..119,118(+)",hypothetical protein,109827,Not Assigned,,952,40,0,,,,,,,,,,,,,,,,,,,,,,,,,,,,,,,,,,,,,,,,False,False,False,False,False,False,False,False,False,False,False,False,False,False,False,False,False,False,True
B9J08_002650,B9J08_002650-t37_1,Candida auris strain B8441,"PEKT02000007:131,790..133,997(-)",hypothetical protein,83448,Not Assigned,,735,21,0,,,,,,,,,,,,,,,,,,,,,,,,,,,,,,,,,,,,,,,,False,False,False,False,False,False,False,False,False,False,False,False,False,False,False,False,False,False,True
B9J08_002655,B9J08_002655-t37_1,Candida auris strain B8441,"PEKT02000007:147,910..149,976(+)",hypothetical protein,78225,Not Assigned,,688,9,0,,,,,,,,,,,,,,,,,,,,,,,,,,,,,,,,,,,,,,,,False,False,False,False,False,False,False,False,False,False,False,False,False,False,False,False,False,False,True
B9J08_002656,B9J08_002656-t37_1,Candida auris strain B8441,"PEKT02000007:150,559..151,452(+)",hypothetical protein,35072,Not Assigned,,297,21,0,,,,,,,,,,,,,,,,,,,,,,,,,,,,,,,,,,,,,,,,False,False,False,False,False,False,False,False,False,False,False,False,False,False,False,False,False,False,True
B9J08_002681,B9J08_002681-t37_1,Candida auris strain B8441,"PEKT02000007:230,829..231,173(-)",hypothetical protein,12752,Not Assigned,,114,0,0,,,,,,,,,,,,,,,,,,,,,,,,,,,,,,,,,,,,,,,,False,False,False,False,False,False,False,False,False,False,False,False,False,False,False,False,False,False,True
B9J08_002695,B9J08_002695-t37_1,Candida auris strain B8441,"PEKT02000007:255,060..255,416(+)",hypothetical protein,12266,Not Assigned,,118,8,0,,,,,,,,,,,,,,,,,,,,,,,,,,,,,,,,,,,,,,,,False,False,False,False,False,False,False,False,False,False,False,False,False,False,False,False,False,False,True
B9J08_002709,B9J08_002709-t37_1,Candida auris strain B8441,"PEKT02000007:283,693..284,562(+)",hypothetical protein,33202,Not Assigned,,289,8,0,,,,,,,,,,,,,,,,,,,,,,,,,,,,,,,,,,,,,,,,False,False,False,False,False,False,False,False,False,False,False,False,False,False,False,False,False,False,True
B9J08_002727,B9J08_002727-t37_1,Candida auris strain B8441,"PEKT02000007:316,515..318,026(-)",hypothetical protein,54953,Not Assigned,,503,11,0,,,,,,,,,,,,,,,,,,,,,,,,,,,,,,,,,,,,,,,,False,False,False,False,False,False,False,False,False,False,False,False,False,False,False,False,False,False,True
B9J08_002729,B9J08_002729-t37_1,Candida auris strain B8441,"PEKT02000007:319,505..320,017(+)",hypothetical protein,17617,Not Assigned,,170,21,0,,,,,,,,,,,,,,,,,,,,,,,,,,,,,,,,,,,,,,,,False,False,False,False,False,False,False,False,False,False,False,False,False,False,False,False,False,False,True
B9J08_002730,B9J08_002730-t37_1,Candida auris strain B8441,"PEKT02000007:320,152..320,982(-)",hypothetical protein,27294,Not Assigned,,276,9,0,,,,,,,,,,,,,,,,,,,,,,,,,,,,,,,,,,,,,,,,False,False,False,False,False,False,False,False,False,False,False,False,False,False,False,False,False,False,True
B9J08_002731,B9J08_002731-t37_1,Candida auris strain B8441,"PEKT02000007:322,070..323,122(+)",hypothetical protein,39704,Not Assigned,,350,23,0,,,,,,,,,,,,,,,,,,,,,,,,,,,,,,,,,,,,,,,,False,False,False,False,False,False,False,False,False,False,False,False,False,False,False,False,False,False,True
B9J08_002734,B9J08_002734-t37_1,Candida auris strain B8441,"PEKT02000007:325,598..327,181(+)",hypothetical protein,54626,Not Assigned,,527,10,0,,,,,,,,,,,,,,,,,,,,,,,,,,,,,,,,,,,,,,,,False,False,False,False,False,False,False,False,False,False,False,False,False,False,False,False,False,False,True
B9J08_002735,B9J08_002735-t37_1,Candida auris strain B8441,"PEKT02000007:328,281..330,674(+)",hypothetical protein,76482,Not Assigned,,797,7,0,,,,,,,,,,,,,,,,,,,,,,,,,,,,,,,,,,,,,,,,False,False,False,False,False,False,False,False,False,False,False,False,False,False,False,False,False,False,True
B9J08_002753,B9J08_002753-t37_1,Candida auris strain B8441,"PEKT02000007:366,032..366,307(-)",hypothetical protein,8846,Not Assigned,,91,47,2,,,,,,,,,,,,,,,,,,,,,,,,,,,,,,,,,,,,,,,,False,False,False,False,False,False,False,False,False,False,False,False,False,False,False,False,False,False,True
B9J08_002754,B9J08_002754-t37_1,Candida auris strain B8441,"PEKT02000007:367,405..369,498(-)",hypothetical protein,78985,Not Assigned,,697,47,2,,,,,,,,,,,,,,,,,,,,,,,,,,,,,,,,,,,,,,,,False,False,False,False,False,False,False,False,False,False,False,False,False,False,False,False,False,False,True
B9J08_002757,B9J08_002757-t37_1,Candida auris strain B8441,"PEKT02000007:373,119..373,412(+)",hypothetical protein,10993,Not Assigned,,97,7,0,,,,,,,,,,,,,,,,,,,,,,,,,,,,,,,,,,,,,,,,False,False,False,False,False,False,False,False,False,False,False,False,False,False,False,False,False,False,True
B9J08_002773,B9J08_002773-t37_1,Candida auris strain B8441,"PEKT02000007:410,292..411,308(+)",hypothetical protein,37708,Not Assigned,,338,6,0,,,,,,,,,,,,,,,,,,,,,,,,,,,,,,,,,,,,,,,,False,False,False,False,False,False,False,False,False,False,False,False,False,False,False,False,False,False,True
B9J08_002811,B9J08_002811-t37_1,Candida auris strain B8441,"PEKT02000007:474,294..474,890(+)",hypothetical protein,21419,Not Assigned,,198,23,0,,,,,,,,,,,,,,,,,,,,,,,,,,,,,,,,,,,,,,,,False,False,False,False,False,False,False,False,False,False,False,False,False,False,False,False,False,False,True
B9J08_002825,B9J08_002825-t37_1,Candida auris strain B8441,"PEKT02000007:502,807..503,013(-)",hypothetical protein,7392,Not Assigned,,68,26,1,,,,,,,,,,,,,,,,,,,,,,,,,,,,,,,,,,,,,,,,False,False,False,False,False,False,False,False,False,False,False,False,False,False,False,False,False,False,True
B9J08_002843,B9J08_002843-t37_1,Candida auris strain B8441,"PEKT02000007:545,877..547,127(+)",hypothetical protein,46573,Not Assigned,,416,22,0,,,,,,,,,,,,,,,,,,,,,,,,,,,,,,,,,,,,,,,,False,False,False,False,False,False,False,False,False,False,False,False,False,False,False,False,False,False,True
B9J08_002884,B9J08_002884-t37_1,Candida auris strain B8441,"PEKT02000007:640,996..641,929(+)",hypothetical protein,33606,Not Assigned,,295,9,0,,,,,,,,,,,,,,,,,,,,,,,,,,,,,,,,,,,,,,,,False,False,False,False,False,False,False,False,False,False,False,False,False,False,False,False,False,False,True
B9J08_002899,B9J08_002899-t37_1,Candida auris strain B8441,"PEKT02000007:672,550..672,861(-)",hypothetical protein,11206,Not Assigned,,103,8,0,,,,,,,,,,,,,,,,,,,,,,,,,,,,,,,,,,,,,,,,False,False,False,False,False,False,False,False,False,False,False,False,False,False,False,False,False,False,True
B9J08_002925,B9J08_002925-t37_1,Candida auris strain B8441,"PEKT02000007:712,946..714,394(+)",hypothetical protein,54442,Not Assigned,,482,63,0,,,,,,,,,,,,,,,,,,,,,,,,,,,,,,,,,,,,,,,,False,False,False,False,False,False,False,False,False,False,False,False,False,False,False,False,False,False,True
B9J08_002933,B9J08_002933-t37_1,Candida auris strain B8441,"PEKT02000007:735,065..736,681(+)",hypothetical protein,62516,Not Assigned,,538,20,0,,,,,,,,,,,,,,,,,,,,,,,,,,,,,,,,,,,,,,,,False,False,False,False,False,False,False,False,False,False,False,False,False,False,False,False,False,False,True
B9J08_002938,B9J08_002938-t37_1,Candida auris strain B8441,"PEKT02000007:740,426..741,634(-)",hypothetical protein,47234,Not Assigned,,402,36,1,,,,,,,,,,,,,,,,,,,,,,,,,,,,,,,,,,,,,,,,False,False,False,False,False,False,False,False,False,False,False,False,False,False,False,False,False,False,True
B9J08_002958,B9J08_002958-t37_1,Candida auris strain B8441,"PEKT02000007:783,768..784,751(-)",hypothetical protein,35034,Not Assigned,,327,1,0,,,,,,,,,,,,,,,,,,,,,,,,,,,,,,,,,,,,,,,,False,False,False,False,False,False,False,False,False,False,False,False,False,False,False,False,False,False,True
B9J08_002968,B9J08_002968-t37_1,Candida auris strain B8441,"PEKT02000007:805,871..806,557(-)",hypothetical protein,24023,Not Assigned,,228,9,0,,,,,,,,,,,,,,,,,,,,,,,,,,,,,,,,,,,,,,,,False,False,False,False,False,False,False,False,False,False,False,False,False,False,False,False,False,False,True
B9J08_003003,B9J08_003003-t37_1,Candida auris strain B8441,"PEKT02000007:868,602..869,543(+)",hypothetical protein,34465,Not Assigned,,313,10,0,,,,,,,,,,,,,,,,,,,,,,,,,,,,,,,,,,,,,,,,False,False,False,False,False,False,False,False,False,False,False,False,False,False,False,False,False,False,True
B9J08_003012,B9J08_003012-t37_1,Candida auris strain B8441,"PEKT02000007:885,637..886,338(+)",hypothetical protein,27216,Not Assigned,,233,22,0,,,,,,,,,,,,,,,,,,,,,,,,,,,,,,,,,,,,,,,,False,False,False,False,False,False,False,False,False,False,False,False,False,False,False,False,False,False,True
B9J08_003025,B9J08_003025-t37_1,Candida auris strain B8441,"PEKT02000007:908,154..909,410(-)",hypothetical protein,45999,Not Assigned,,418,22,0,,,,,,,,,,,,,,,,,,,,,,,,,,,,,,,,,,,,,,,,False,False,False,False,False,False,False,False,False,False,False,False,False,False,False,False,False,False,True
B9J08_003070,B9J08_003070-t37_1,Candida auris strain B8441,"PEKT02000007:989,980..990,990(-)",hypothetical protein,38158,Not Assigned,,336,21,0,,,,,,,,,,,,,,,,,,,,,,,,,,,,,,,,,,,,,,,,False,False,False,False,False,False,False,False,False,False,False,False,False,False,False,False,False,False,True
B9J08_003109,B9J08_003109-t37_1,Candida auris strain B8441,"PEKT02000007:1,053,875..1,055,236(+)",hypothetical protein,52261,Not Assigned,,453,14,0,,,,,,,,,,,,,,,,,,,,,,,,,,,,,,,,,,,,,,,,False,False,False,False,False,False,False,False,False,False,False,False,False,False,False,False,False,False,True
B9J08_003110,B9J08_003110-t37_1,Candida auris strain B8441,"PEKT02000007:1,055,754..1,055,972(+)",hypothetical protein,7913,Not Assigned,,72,1,0,,,,,,,,,,,,,,,,,,,,,,,,,,,,,,,,,,,,,,,,False,False,False,False,False,False,False,False,False,False,False,False,False,False,False,False,False,False,True
B9J08_003112,B9J08_003112-t37_1,Candida auris strain B8441,"PEKT02000007:1,059,972..1,060,883(+)",hypothetical protein,31077,Not Assigned,,279,23,0,,,,,,,,,,,,,,,,,,,,,,,,,,,,,,,,,,,,,,,,False,False,False,False,False,False,False,False,False,False,False,False,False,False,False,False,False,False,True
B9J08_003129,B9J08_003129-t37_1,Candida auris strain B8441,"PEKT02000007:1,093,782..1,094,966(+)",hypothetical protein,44416,Not Assigned,,394,7,0,,,,,,,,,,,,,,,,,,,,,,,,,,,,,,,,,,,,,,,,False,False,False,False,False,False,False,False,False,False,False,False,False,False,False,False,False,False,True
B9J08_003137,B9J08_003137-t37_1,Candida auris strain B8441,"PEKT02000007:1,108,127..1,108,495(+)",hypothetical protein,13798,Not Assigned,,122,19,0,,,,,,,,,,,,,,,,,,,,,,,,,,,,,,,,,,,,,,,,False,False,False,False,False,False,False,False,False,False,False,False,False,False,False,False,False,False,True
B9J08_003149,B9J08_003149-t37_1,Candida auris strain B8441,"PEKT02000007:1,126,366..1,127,235(-)",hypothetical protein,33474,Not Assigned,,289,21,0,,,,,,,,,,,,,,,,,,,,,,,,,,,,,,,,,,,,,,,,False,False,False,False,False,False,False,False,False,False,False,False,False,False,False,False,False,False,True
B9J08_003181,B9J08_003181-t37_1,Candida auris strain B8441,"PEKT02000007:1,192,484..1,192,831(+)",hypothetical protein,12885,Not Assigned,,115,3,0,,,,,,,,,,,,,,,,,,,,,,,,,,,,,,,,,,,,,,,,False,False,False,False,False,False,False,False,False,False,False,False,False,False,False,False,False,False,True
B9J08_003191,B9J08_003191-t37_1,Candida auris strain B8441,"PEKT02000007:1,206,817..1,207,938(-)",hypothetical protein,42416,Not Assigned,,373,9,0,,,,,,,,,,,,,,,,,,,,,,,,,,,,,,,,,,,,,,,,False,False,False,False,False,False,False,False,False,False,False,False,False,False,False,False,False,False,True
B9J08_003204,B9J08_003204-t37_1,Candida auris strain B8441,"PEKT02000007:1,236,000..1,237,418(+)",hypothetical protein,53944,Not Assigned,,472,33,0,,,,,,,,,,,,,,,,,,,,,,,,,,,,,,,,,,,,,,,,False,False,False,False,False,False,False,False,False,False,False,False,False,False,False,False,False,False,True
B9J08_003223,B9J08_003223-t37_1,Candida auris strain B8441,"PEKT02000007:1,272,824..1,273,846(-)",hypothetical protein,37247,Not Assigned,,340,46,1,,,,,,,,,,,,,,,,,,,,,,,,,,,,,,,,,,,,,,,,False,False,False,False,False,False,False,False,False,False,False,False,False,False,False,False,False,False,True
B9J08_003260,B9J08_003260-t37_1,Candida auris strain B8441,"PEKT02000007:1,357,685..1,357,966(+)",hypothetical protein,10385,Not Assigned,,93,17,0,,,,,,,,,,,,,,,,,,,,,,,,,,,,,,,,,,,,,,,,False,False,False,False,False,False,False,False,False,False,False,False,False,False,False,False,False,False,True
B9J08_003270,B9J08_003270-t37_1,Candida auris strain B8441,"PEKT02000007:1,373,656..1,374,537(-)",hypothetical protein,33445,Not Assigned,,293,8,0,,,,,,,,,,,,,,,,,,,,,,,,,,,,,,,,,,,,,,,,False,False,False,False,False,False,False,False,False,False,False,False,False,False,False,False,False,False,True
B9J08_003286,B9J08_003286-t37_1,Candida auris strain B8441,"PEKT02000007:1,417,583..1,418,197(+)",hypothetical protein,23244,Not Assigned,,204,21,0,,,,,,,,,,,,,,,,,,,,,,,,,,,,,,,,,,,,,,,,False,False,False,False,False,False,False,False,False,False,False,False,False,False,False,False,False,False,True
B9J08_003297,B9J08_003297-t37_1,Candida auris strain B8441,"PEKT02000007:1,441,316..1,442,431(+)",hypothetical protein,42472,Not Assigned,,371,31,0,,,,,,,,,,,,,,,,,,,,,,,,,,,,,,,,,,,,,,,,False,False,False,False,False,False,False,False,False,False,False,False,False,False,False,False,False,False,True
B9J08_003317,B9J08_003317-t37_1,Candida auris strain B8441,"PEKT02000007:1,487,143..1,487,805(-)",hypothetical protein,25432,Not Assigned,,220,6,0,,,,,,,,,,,,,,,,,,,,,,,,,,,,,,,,,,,,,,,,False,False,False,False,False,False,False,False,False,False,False,False,False,False,False,False,False,False,True
B9J08_003318,B9J08_003318-t37_1,Candida auris strain B8441,"PEKT02000007:1,488,010..1,489,266(-)",hypothetical protein,47114,Not Assigned,,418,19,0,,,,,,,,,,,,,,,,,,,,,,,,,,,,,,,,,,,,,,,,False,False,False,False,False,False,False,False,False,False,False,False,False,False,False,False,False,False,True
B9J08_003325,B9J08_003325-t37_1,Candida auris strain B8441,"PEKT02000007:1,506,375..1,507,664(+)",hypothetical protein,47998,Not Assigned,,429,8,0,,,,,,,,,,,,,,,,,,,,,,,,,,,,,,,,,,,,,,,,False,False,False,False,False,False,False,False,False,False,False,False,False,False,False,False,False,False,True
B9J08_003333,B9J08_003333-t37_1,Candida auris strain B8441,"PEKT02000007:1,517,195..1,518,205(+)",hypothetical protein,37069,Not Assigned,,336,8,0,,,,,,,,,,,,,,,,,,,,,,,,,,,,,,,,,,,,,,,,False,False,False,False,False,False,False,False,False,False,False,False,False,False,False,False,False,False,True
B9J08_003334,B9J08_003334-t37_1,Candida auris strain B8441,"PEKT02000007:1,518,304..1,519,092(+)",hypothetical protein,28680,Not Assigned,,262,8,0,,,,,,,,,,,,,,,,,,,,,,,,,,,,,,,,,,,,,,,,False,False,False,False,False,False,False,False,False,False,False,False,False,False,False,False,False,False,True
B9J08_003337,B9J08_003337-t37_1,Candida auris strain B8441,"PEKT02000007:1,520,631..1,520,960(+)",hypothetical protein,12406,Not Assigned,,109,16,1,,,,,,,,,,,,,,,,,,,,,,,,,,,,,,,,,,,,,,,,False,False,False,False,False,False,False,False,False,False,False,False,False,False,False,False,False,False,True
B9J08_003350,B9J08_003350-t37_1,Candida auris strain B8441,"PEKT02000007:1,542,416..1,542,793(-)",hypothetical protein,14217,Not Assigned,,125,23,0,,,,,,,,,,,,,,,,,,,,,,,,,,,,,,,,,,,,,,,,False,False,False,False,False,False,False,False,False,False,False,False,False,False,False,False,False,False,True
B9J08_003375,B9J08_003375-t37_1,Candida auris strain B8441,"PEKT02000007:1,594,915..1,596,108(+)",hypothetical protein,45692,Not Assigned,,397,8,0,,,,,,,,,,,,,,,,,,,,,,,,,,,,,,,,,,,,,,,,False,False,False,False,False,False,False,False,False,False,False,False,False,False,False,False,False,False,True
B9J08_003399,B9J08_003399-t37_1,Candida auris strain B8441,"PEKT02000007:1,645,865..1,647,487(+)",hypothetical protein,60909,Not Assigned,,540,23,0,,,,,,,,,,,,,,,,,,,,,,,,,,,,,,,,,,,,,,,,False,False,False,False,False,False,False,False,False,False,False,False,False,False,False,False,False,False,True
B9J08_003419,B9J08_003419-t37_1,Candida auris strain B8441,"PEKT02000007:1,693,196..1,693,864(-)",hypothetical protein,24131,Not Assigned,,222,22,0,,,,,,,,,,,,,,,,,,,,,,,,,,,,,,,,,,,,,,,,False,False,False,False,False,False,False,False,False,False,False,False,False,False,False,False,False,False,True
B9J08_003422,B9J08_003422-t37_1,Candida auris strain B8441,"PEKT02000007:1,699,748..1,700,642(-)",hypothetical protein,35343,Not Assigned,,298,14,2,,,,,,,,,,,,,,,,,,,,,,,,,,,,,,,,,,,,,,,,False,False,False,False,False,False,False,False,False,False,False,False,False,False,False,False,False,False,True
B9J08_003434,B9J08_003434-t37_1,Candida auris strain B8441,"PEKT02000007:1,726,029..1,728,191(-)",hypothetical protein,82826,Not Assigned,,720,129,0,,,,,,,,,,,,,,,,,,,,,,,,,,,,,,,,,,,,,,,,False,False,False,False,False,False,False,False,False,False,False,False,False,False,False,False,False,False,True
B9J08_003468,B9J08_003468-t37_1,Candida auris strain B8441,"PEKT02000007:1,809,885..1,810,310(-)",hypothetical protein,16051,Not Assigned,,141,22,0,,,,,,,,,,,,,,,,,,,,,,,,,,,,,,,,,,,,,,,,False,False,False,False,False,False,False,False,False,False,False,False,False,False,False,False,False,False,True
B9J08_003475,B9J08_003475-t37_1,Candida auris strain B8441,"PEKT02000007:1,826,074..1,826,511(-)",hypothetical protein,16311,Not Assigned,,145,9,0,,,,,,,,,,,,,,,,,,,,,,,,,,,,,,,,,,,,,,,,False,False,False,False,False,False,False,False,False,False,False,False,False,False,False,False,False,False,True
B9J08_003481,B9J08_003481-t37_1,Candida auris strain B8441,"PEKT02000007:1,836,722..1,837,384(+)",hypothetical protein,25502,Not Assigned,,220,8,0,,,,,,,,,,,,,,,,,,,,,,,,,,,,,,,,,,,,,,,,False,False,False,False,False,False,False,False,False,False,False,False,False,False,False,False,False,False,True
B9J08_003483,B9J08_003483-t37_1,Candida auris strain B8441,"PEKT02000007:1,838,648..1,839,568(+)",hypothetical protein,34186,Not Assigned,,306,22,0,,,,,,,,,,,,,,,,,,,,,,,,,,,,,,,,,,,,,,,,False,False,False,False,False,False,False,False,False,False,False,False,False,False,False,False,False,False,True
B9J08_003487,B9J08_003487-t37_1,Candida auris strain B8441,"PEKT02000007:1,847,316..1,847,561(-)",hypothetical protein,6036,Not Assigned,,66,5,0,,,,,,,,,,,,,,,,,,,,,,,,,,,,,,,,,,,,,,,,False,False,False,False,False,False,False,False,False,False,False,False,False,False,False,False,False,False,True
B9J08_003491,B9J08_003491-t37_1,Candida auris strain B8441,"PEKT02000007:1,856,486..1,857,340(+)",hypothetical protein,31607,Not Assigned,,284,8,0,,,,,,,,,,,,,,,,,,,,,,,,,,,,,,,,,,,,,,,,False,False,False,False,False,False,False,False,False,False,False,False,False,False,False,False,False,False,True
B9J08_003499,B9J08_003499-t37_1,Candida auris strain B8441,"PEKT02000007:1,868,120..1,870,324(-)",hypothetical protein,80247,Not Assigned,,734,21,0,,,,,,,,,,,,,,,,,,,,,,,,,,,,,,,,,,,,,,,,False,False,False,False,False,False,False,False,False,False,False,False,False,False,False,False,False,False,True
B9J08_003511,B9J08_003511-t37_1,Candida auris strain B8441,"PEKT02000007:1,895,604..1,896,035(-)",hypothetical protein,16250,Not Assigned,,143,70,0,,,,,,,,,,,,,,,,,,,,,,,,,,,,,,,,,,,,,,,,False,False,False,False,False,False,False,False,False,False,False,False,False,False,False,False,False,False,True
B9J08_003528,B9J08_003528-t37_1,Candida auris strain B8441,"PEKT02000007:1,928,392..1,928,733(-)",hypothetical protein,12956,Not Assigned,,113,1,0,,,,,,,,,,,,,,,,,,,,,,,,,,,,,,,,,,,,,,,,False,False,False,False,False,False,False,False,False,False,False,False,False,False,False,False,False,False,True
B9J08_003532,B9J08_003532-t37_1,Candida auris strain B8441,"PEKT02000007:1,933,199..1,934,191(-)",hypothetical protein,36776,Not Assigned,,330,11,0,,,,,,,,,,,,,,,,,,,,,,,,,,,,,,,,,,,,,,,,False,False,False,False,False,False,False,False,False,False,False,False,False,False,False,False,False,False,True
B9J08_003534,B9J08_003534-t37_1,Candida auris strain B8441,"PEKT02000007:1,935,368..1,936,564(+)",hypothetical protein,44723,Not Assigned,,398,1,0,,,,,,,,,,,,,,,,,,,,,,,,,,,,,,,,,,,,,,,,False,False,False,False,False,False,False,False,False,False,False,False,False,False,False,False,False,False,True
B9J08_003539,B9J08_003539-t37_1,Candida auris strain B8441,"PEKT02000007:1,943,019..1,943,965(-)",hypothetical protein,34732,Not Assigned,,297,22,0,,,,,,,,,,,,,,,,,,,,,,,,,,,,,,,,,,,,,,,,False,False,False,False,False,False,False,False,False,False,False,False,False,False,False,False,False,False,True
B9J08_003551,B9J08_003551-t37_1,Candida auris strain B8441,"PEKT02000007:1,970,180..1,972,507(+)",hypothetical protein,78860,Not Assigned,,775,68,1,,,,,,,,,,,,,,,,,,,,,,,,,,,,,,,,,,,,,,,,False,False,False,False,False,False,False,False,False,False,False,False,False,False,False,False,False,False,True
B9J08_003591,B9J08_003591-t37_1,Candida auris strain B8441,"PEKT02000007:2,066,003..2,067,180(+)",hypothetical protein,39307,Not Assigned,,376,7,0,,,,,,,,,,,,,,,,,,,,,,,,,,,,,,,,,,,,,,,,False,False,False,False,False,False,False,False,False,False,False,False,False,False,False,False,False,False,True
B9J08_003601,B9J08_003601-t37_1,Candida auris strain B8441,"PEKT02000007:2,080,988..2,081,485(+)",hypothetical protein,18249,Not Assigned,,165,8,0,,,,,,,,,,,,,,,,,,,,,,,,,,,,,,,,,,,,,,,,False,False,False,False,False,False,False,False,False,False,False,False,False,False,False,False,False,False,True
B9J08_003607,B9J08_003607-t37_1,Candida auris strain B8441,"PEKT02000007:2,091,753..2,092,837(+)",hypothetical protein,37174,Not Assigned,,347,5,0,,,,,,,,,,,,,,,,,,,,,,,,,,,,,,,,,,,,,,,,False,False,False,False,False,False,False,False,False,False,False,False,False,False,False,False,False,False,True
B9J08_003635,B9J08_003635-t37_1,Candida auris strain B8441,"PEKT02000007:2,167,620..2,168,768(-)",hypothetical protein,42388,Not Assigned,,382,20,0,,,,,,,,,,,,,,,,,,,,,,,,,,,,,,,,,,,,,,,,False,False,False,False,False,False,False,False,False,False,False,False,False,False,False,False,False,False,True
B9J08_003636,B9J08_003636-t37_1,Candida auris strain B8441,"PEKT02000007:2,168,964..2,169,407(+)",hypothetical protein,16447,Not Assigned,,147,22,0,,,,,,,,,,,,,,,,,,,,,,,,,,,,,,,,,,,,,,,,False,False,False,False,False,False,False,False,False,False,False,False,False,False,False,False,False,False,True
B9J08_003644,B9J08_003644-t37_1,Candida auris strain B8441,"PEKT02000007:2,184,535..2,184,975(-)",hypothetical protein,16543,Not Assigned,,146,8,0,,,,,,,,,,,,,,,,,,,,,,,,,,,,,,,,,,,,,,,,False,False,False,False,False,False,False,False,False,False,False,False,False,False,False,False,False,False,True
B9J08_003651,B9J08_003651-t37_1,Candida auris strain B8441,"PEKT02000007:2,197,048..2,197,800(-)",hypothetical protein,29570,Not Assigned,,250,26,0,,,,,,,,,,,,,,,,,,,,,,,,,,,,,,,,,,,,,,,,False,False,False,False,False,False,False,False,False,False,False,False,False,False,False,False,False,False,True
B9J08_003672,B9J08_003672-t37_1,Candida auris strain B8441,"PEKT02000007:2,237,103..2,237,512(+)",hypothetical protein,13010,Not Assigned,,119,4,0,,,,,,,,,,,,,,,,,,,,,,,,,,,,,,,,,,,,,,,,False,False,False,False,False,False,False,False,False,False,False,False,False,False,False,False,False,False,True
B9J08_003694,B9J08_003694-t37_1,Candida auris strain B8441,"PEKT02000007:2,270,218..2,272,032(-)",hypothetical protein,68502,Not Assigned,,604,22,0,,,,,,,,,,,,,,,,,,,,,,,,,,,,,,,,,,,,,,,,False,False,False,False,False,False,False,False,False,False,False,False,False,False,False,False,False,False,True
B9J08_003698,B9J08_003698-t37_1,Candida auris strain B8441,"PEKT02000007:2,278,686..2,279,948(+)",hypothetical protein,46961,Not Assigned,,420,8,0,,,,,,,,,,,,,,,,,,,,,,,,,,,,,,,,,,,,,,,,False,False,False,False,False,False,False,False,False,False,False,False,False,False,False,False,False,False,True
B9J08_003704,B9J08_003704-t37_1,Candida auris strain B8441,"PEKT02000007:2,290,915..2,291,865(+)",hypothetical protein,35127,Not Assigned,,316,5,0,,,,,,,,,,,,,,,,,,,,,,,,,,,,,,,,,,,,,,,,False,False,False,False,False,False,False,False,False,False,False,False,False,False,False,False,False,False,True
B9J08_003723,B9J08_003723-t37_1,Candida auris strain B8441,"PEKT02000007:2,338,396..2,339,475(-)",hypothetical protein,40168,Not Assigned,,359,22,0,,,,,,,,,,,,,,,,,,,,,,,,,,,,,,,,,,,,,,,,False,False,False,False,False,False,False,False,False,False,False,False,False,False,False,False,False,False,True
B9J08_003733,B9J08_003733-t37_1,Candida auris strain B8441,"PEKT02000007:2,360,547..2,361,803(-)",hypothetical protein,47856,Not Assigned,,418,20,0,,,,,,,,,,,,,,,,,,,,,,,,,,,,,,,,,,,,,,,,False,False,False,False,False,False,False,False,False,False,False,False,False,False,False,False,False,False,True
B9J08_003744,B9J08_003744-t37_1,Candida auris strain B8441,"PEKT02000007:2,386,178..2,386,621(+)",hypothetical protein,16374,Not Assigned,,147,4,0,,,,,,,,,,,,,,,,,,,,,,,,,,,,,,,,,,,,,,,,False,False,False,False,False,False,False,False,False,False,False,False,False,False,False,False,False,False,True
B9J08_003751,B9J08_003751-t37_1,Candida auris strain B8441,"PEKT02000007:2,396,111..2,396,779(-)",hypothetical protein,25203,Not Assigned,,222,8,0,,,,,,,,,,,,,,,,,,,,,,,,,,,,,,,,,,,,,,,,False,False,False,False,False,False,False,False,False,False,False,False,False,False,False,False,False,False,True
B9J08_003777,B9J08_003777-t37_1,Candida auris strain B8441,"PEKT02000007:2,454,016..2,454,661(-)",hypothetical protein,22491,Not Assigned,,197,6,0,,,,,,,,,,,,,,,,,,,,,,,,,,,,,,,,,,,,,,,,False,False,False,False,False,False,False,False,False,False,False,False,False,False,False,False,False,False,True
B9J08_003794,B9J08_003794-t37_1,Candida auris strain B8441,"PEKT02000007:2,497,535..2,499,454(+)",hypothetical protein,70811,Not Assigned,,639,21,0,,,,,,,,,,,,,,,,,,,,,,,,,,,,,,,,,,,,,,,,False,False,False,False,False,False,False,False,False,False,False,False,False,False,False,False,False,False,True
B9J08_003812,B9J08_003812-t37_1,Candida auris strain B8441,"PEKT02000007:2,548,100..2,549,194(-)",hypothetical protein,42324,Not Assigned,,364,418,0,,,,,,,,,,,,,,,,,,,,,,,,,,,,,,,,,,,,,,,,False,False,False,False,False,False,False,False,False,False,False,False,False,False,False,False,False,False,True
B9J08_003818,B9J08_003818-t37_1,Candida auris strain B8441,"PEKT02000007:2,556,218..2,557,063(-)",hypothetical protein,30989,Not Assigned,,281,33,1,,,,,,,,,,,,,,,,,,,,,,,,,,,,,,,,,,,,,,,,False,False,False,False,False,False,False,False,False,False,False,False,False,False,False,False,False,False,True
B9J08_003843,B9J08_003843-t37_1,Candida auris strain B8441,"PEKT02000007:2,609,890..2,611,161(-)",hypothetical protein,47947,Not Assigned,,423,23,0,,,,,,,,,,,,,,,,,,,,,,,,,,,,,,,,,,,,,,,,False,False,False,False,False,False,False,False,False,False,False,False,False,False,False,False,False,False,True
B9J08_003845,B9J08_003845-t37_1,Candida auris strain B8441,"PEKT02000007:2,613,896..2,618,731(+)",hypothetical protein,171878,Not Assigned,,1611,7,0,,,,,,,,,,,,,,,,,,,,,,,,,,,,,,,,,,,,,,,,False,False,False,False,False,False,False,False,False,False,False,False,False,False,False,False,False,False,True
B9J08_003853,B9J08_003853-t37_1,Candida auris strain B8441,"PEKT02000007:2,632,398..2,634,125(-)",hypothetical protein,63619,Not Assigned,,575,25,0,,,,,,,,,,,,,,,,,,,,,,,,,,,,,,,,,,,,,,,,False,False,False,False,False,False,False,False,False,False,False,False,False,False,False,False,False,False,True
B9J08_003857,B9J08_003857-t37_1,Candida auris strain B8441,"PEKT02000007:2,642,624..2,643,973(-)",hypothetical protein,51008,Not Assigned,,449,7,0,,,,,,,,,,,,,,,,,,,,,,,,,,,,,,,,,,,,,,,,False,False,False,False,False,False,False,False,False,False,False,False,False,False,False,False,False,False,True
B9J08_003891,B9J08_003891-t37_1,Candida auris strain B8441,"PEKT02000007:2,719,393..2,719,767(-)",hypothetical protein,13777,Not Assigned,,124,6,0,,,,,,,,,,,,,,,,,,,,,,,,,,,,,,,,,,,,,,,,False,False,False,False,False,False,False,False,False,False,False,False,False,False,False,False,False,False,True
B9J08_003904,B9J08_003904-t37_1,Candida auris strain B8441,"PEKT02000007:2,749,240..2,749,887(-)",hypothetical protein,24374,Not Assigned,,215,22,0,,,,,,,,,,,,,,,,,,,,,,,,,,,,,,,,,,,,,,,,False,False,False,False,False,False,False,False,False,False,False,False,False,False,False,False,False,False,True
B9J08_003925,B9J08_003925-t37_1,Candida auris strain B8441,"PEKT02000007:2,799,572..2,802,040(-)",hypothetical protein,93390,Not Assigned,,822,0,0,,,,,,,,,,,,,,,,,,,,,,,,,,,,,,,,,,,,,,,,False,False,False,False,False,False,False,False,False,False,False,False,False,False,False,False,False,False,True
B9J08_003929,B9J08_003929-t37_1,Candida auris strain B8441,"PEKT02000007:2,811,766..2,813,166(-)",hypothetical protein,53805,Not Assigned,,466,8,0,,,,,,,,,,,,,,,,,,,,,,,,,,,,,,,,,,,,,,,,False,False,False,False,False,False,False,False,False,False,False,False,False,False,False,False,False,False,True
B9J08_003958,B9J08_003958-t37_1,Candida auris strain B8441,"PEKT02000007:2,877,230..2,877,562(-)",hypothetical protein,12410,Not Assigned,,110,22,0,,,,,,,,,,,,,,,,,,,,,,,,,,,,,,,,,,,,,,,,False,False,False,False,False,False,False,False,False,False,False,False,False,False,False,False,False,False,True
B9J08_003968,B9J08_003968-t37_1,Candida auris strain B8441,"PEKT02000007:2,899,278..2,899,508(+)",hypothetical protein,8519,Not Assigned,,76,6,0,,,,,,,,,,,,,,,,,,,,,,,,,,,,,,,,,,,,,,,,False,False,False,False,False,False,False,False,False,False,False,False,False,False,False,False,False,False,True
B9J08_003970,B9J08_003970-t37_1,Candida auris strain B8441,"PEKT02000007:2,900,587..2,902,053(-)",hypothetical protein,54191,Not Assigned,,488,254,0,,,,,,,,,,,,,,,,,,,,,,,,,,,,,,,,,,,,,,,,False,False,False,False,False,False,False,False,False,False,False,False,False,False,False,False,False,False,True
B9J08_003974,B9J08_003974-t37_1,Candida auris strain B8441,"PEKT02000007:2,908,650..2,909,381(-)",hypothetical protein,28171,Not Assigned,,243,19,0,,,,,,,,,,,,,,,,,,,,,,,,,,,,,,,,,,,,,,,,False,False,False,False,False,False,False,False,False,False,False,False,False,False,False,False,False,False,True
B9J08_003984,B9J08_003984-t37_1,Candida auris strain B8441,"PEKT02000007:2,926,219..2,926,926(+)",hypothetical protein,27358,Not Assigned,,235,22,0,,,,,,,,,,,,,,,,,,,,,,,,,,,,,,,,,,,,,,,,False,False,False,False,False,False,False,False,False,False,False,False,False,False,False,False,False,False,True
B9J08_004002,B9J08_004002-t37_1,Candida auris strain B8441,"PEKT02000007:2,966,643..2,968,307(-)",hypothetical protein,63149,Not Assigned,,554,24,0,,,,,,,,,,,,,,,,,,,,,,,,,,,,,,,,,,,,,,,,False,False,False,False,False,False,False,False,False,False,False,False,False,False,False,False,False,False,True
B9J08_004007,B9J08_004007-t37_1,Candida auris strain B8441,"PEKT02000007:2,975,992..2,976,600(-)",hypothetical protein,22062,Not Assigned,,202,8,0,,,,,,,,,,,,,,,,,,,,,,,,,,,,,,,,,,,,,,,,False,False,False,False,False,False,False,False,False,False,False,False,False,False,False,False,False,False,True
B9J08_004020,B9J08_004020-t37_1,Candida auris strain B8441,"PEKT02000007:3,005,518..3,005,754(-)",hypothetical protein,8880,Not Assigned,,78,13,0,,,,,,,,,,,,,,,,,,,,,,,,,,,,,,,,,,,,,,,,False,False,False,False,False,False,False,False,False,False,False,False,False,False,False,False,False,False,True
B9J08_004031,B9J08_004031-t37_1,Candida auris strain B8441,"PEKT02000007:3,038,148..3,041,813(-)",hypothetical protein,139641,Not Assigned,,1221,22,0,,,,,,,,,,,,,,,,,,,,,,,,,,,,,,,,,,,,,,,,False,False,False,False,False,False,False,False,False,False,False,False,False,False,False,False,False,False,True
B9J08_004033,B9J08_004033-t37_1,Candida auris strain B8441,"PEKT02000007:3,044,033..3,044,965(+)",hypothetical protein,34568,Not Assigned,,310,5,0,,,,,,,,,,,,,,,,,,,,,,,,,,,,,,,,,,,,,,,,False,False,False,False,False,False,False,False,False,False,False,False,False,False,False,False,False,False,True
B9J08_004034,B9J08_004034-t37_1,Candida auris strain B8441,"PEKT02000007:3,045,195..3,045,950(-)",hypothetical protein,28376,Not Assigned,,251,21,0,,,,,,,,,,,,,,,,,,,,,,,,,,,,,,,,,,,,,,,,False,False,False,False,False,False,False,False,False,False,False,False,False,False,False,False,False,False,True
B9J08_004036,B9J08_004036-t37_1,Candida auris strain B8441,"PEKT02000007:3,048,145..3,049,410(+)",hypothetical protein,48227,Not Assigned,,421,8,0,,,,,,,,,,,,,,,,,,,,,,,,,,,,,,,,,,,,,,,,False,False,False,False,False,False,False,False,False,False,False,False,False,False,False,False,False,False,True
B9J08_004037,B9J08_004037-t37_1,Candida auris strain B8441,"PEKT02000007:3,049,663..3,050,271(-)",hypothetical protein,22776,Not Assigned,,202,22,0,,,,,,,,,,,,,,,,,,,,,,,,,,,,,,,,,,,,,,,,False,False,False,False,False,False,False,False,False,False,False,False,False,False,False,False,False,False,True
B9J08_004056,B9J08_004056-t37_1,Candida auris strain B8441,"PEKT02000007:3,085,951..3,087,206(+)",hypothetical protein,44570,Not Assigned,,392,18,0,,,,,,,,,,,,,,,,,,,,,,,,,,,,,,,,,,,,,,,,False,False,False,False,False,False,False,False,False,False,False,False,False,False,False,False,False,False,True
B9J08_004084,B9J08_004084-t37_1,Candida auris strain B8441,"PEKT02000007:3,132,051..3,132,740(-)",hypothetical protein,21309,Not Assigned,,229,6,0,,,,,,,,,,,,,,,,,,,,,,,,,,,,,,,,,,,,,,,,False,False,False,False,False,False,False,False,False,False,False,False,False,False,False,False,False,False,True
B9J08_004087,B9J08_004087-t37_1,Candida auris strain B8441,"PEKT02000007:3,138,081..3,139,292(+)",hypothetical protein,44088,Not Assigned,,403,16,0,,,,,,,,,,,,,,,,,,,,,,,,,,,,,,,,,,,,,,,,False,False,False,False,False,False,False,False,False,False,False,False,False,False,False,False,False,False,True
B9J08_004093,B9J08_004093-t37_1,Candida auris strain B8441,"PEKT02000007:3,160,475..3,161,188(-)",hypothetical protein,26827,Not Assigned,,237,28,0,,,,,,,,,,,,,,,,,,,,,,,,,,,,,,,,,,,,,,,,False,False,False,False,False,False,False,False,False,False,False,False,False,False,False,False,False,False,True
B9J08_004101,B9J08_004101-t37_1,Candida auris strain B8441,"PEKT02000007:3,189,874..3,190,734(+)",hypothetical protein,32472,Not Assigned,,286,1760,2,,,,,,,,,,,,,,,,,,,,,,,,,,,,,,,,,,,,,,,,False,False,False,False,False,False,False,False,False,False,False,False,False,False,False,False,False,False,True
B9J08_004102,B9J08_004102-t37_1,Candida auris strain B8441,"PEKT02000007:3,193,424..3,193,795(-)",hypothetical protein,12952,Not Assigned,,123,18,4,,,,,,,,,,,,,,,,,,,,,,,,,,,,,,,,,,,,,,,,False,False,False,False,False,False,False,False,False,False,False,False,False,False,False,False,False,False,True
B9J08_004103,B9J08_004103-t37_1,Candida auris strain B8441,"PEKT02000008:1,277..1,753(-)",hypothetical protein,18478,Not Assigned,,158,46,0,,,,,,,,,,,,,,,,,,,,,,,,,,,,,,,,,,,,,,,,False,False,False,False,False,False,False,False,False,False,False,False,False,False,False,False,False,False,True
B9J08_004105,B9J08_004105-t37_1,Candida auris strain B8441,"PEKT02000008:8,037..8,648(+)",hypothetical protein,24408,Not Assigned,,203,4,0,,,,,,,,,,,,,,,,,,,,,,,,,,,,,,,,,,,,,,,,False,False,False,False,False,False,False,False,False,False,False,False,False,False,False,False,False,False,True
B9J08_004106,B9J08_004106-t37_1,Candida auris strain B8441,"PEKT02000008:16,785..17,828(-)",hypothetical protein,38508,Not Assigned,,347,4,0,,,,,,,,,,,,,,,,,,,,,,,,,,,,,,,,,,,,,,,,False,False,False,False,False,False,False,False,False,False,False,False,False,False,False,False,False,False,True
B9J08_004107,B9J08_004107-t37_1,Candida auris strain B8441,"PEKT02000008:18,610..19,125(+)",hypothetical protein,17971,Not Assigned,,171,2,0,,,,,,,,,,,,,,,,,,,,,,,,,,,,,,,,,,,,,,,,False,False,False,False,False,False,False,False,False,False,False,False,False,False,False,False,False,False,True
B9J08_004148,B9J08_004148-t37_1,Candida auris strain B8441,"PEKT02000008:148,892..149,902(-)",hypothetical protein,36121,Not Assigned,,336,21,0,,,,,,,,,,,,,,,,,,,,,,,,,,,,,,,,,,,,,,,,False,False,False,False,False,False,False,False,False,False,False,False,False,False,False,False,False,False,True
B9J08_004159,B9J08_004159-t37_1,Candida auris strain B8441,"PEKT02000008:180,931..181,578(-)",hypothetical protein,23251,Not Assigned,,215,19,0,,,,,,,,,,,,,,,,,,,,,,,,,,,,,,,,,,,,,,,,False,False,False,False,False,False,False,False,False,False,False,False,False,False,False,False,False,False,True
B9J08_004174,B9J08_004174-t37_1,Candida auris strain B8441,"PEKT02000008:218,026..218,763(+)",hypothetical protein,28076,Not Assigned,,245,10,1,,,,,,,,,,,,,,,,,,,,,,,,,,,,,,,,,,,,,,,,False,False,False,False,False,False,False,False,False,False,False,False,False,False,False,False,False,False,True
B9J08_004179,B9J08_004179-t37_1,Candida auris strain B8441,"PEKT02000008:232,819..233,472(-)",hypothetical protein,24571,Not Assigned,,217,20,0,,,,,,,,,,,,,,,,,,,,,,,,,,,,,,,,,,,,,,,,False,False,False,False,False,False,False,False,False,False,False,False,False,False,False,False,False,False,True
B9J08_004180,B9J08_004180-t37_1,Candida auris strain B8441,"PEKT02000008:233,832..234,251(-)",hypothetical protein,16307,Not Assigned,,139,7,0,,,,,,,,,,,,,,,,,,,,,,,,,,,,,,,,,,,,,,,,False,False,False,False,False,False,False,False,False,False,False,False,False,False,False,False,False,False,True
B9J08_004186,B9J08_004186-t37_1,Candida auris strain B8441,"PEKT02000008:248,055..249,848(+)",hypothetical protein,67750,Not Assigned,,597,23,0,,,,,,,,,,,,,,,,,,,,,,,,,,,,,,,,,,,,,,,,False,False,False,False,False,False,False,False,False,False,False,False,False,False,False,False,False,False,True
B9J08_004187,B9J08_004187-t37_1,Candida auris strain B8441,"PEKT02000008:250,313..250,771(-)",hypothetical protein,17537,Not Assigned,,152,23,0,,,,,,,,,,,,,,,,,,,,,,,,,,,,,,,,,,,,,,,,False,False,False,False,False,False,False,False,False,False,False,False,False,False,False,False,False,False,True
B9J08_004193,B9J08_004193-t37_1,Candida auris strain B8441,"PEKT02000008:267,326..268,993(-)",hypothetical protein,62038,Not Assigned,,555,5,0,,,,,,,,,,,,,,,,,,,,,,,,,,,,,,,,,,,,,,,,False,False,False,False,False,False,False,False,False,False,False,False,False,False,False,False,False,False,True
B9J08_004194,B9J08_004194-t37_1,Candida auris strain B8441,"PEKT02000008:269,861..271,144(-)",hypothetical protein,49903,Not Assigned,,427,6,0,,,,,,,,,,,,,,,,,,,,,,,,,,,,,,,,,,,,,,,,False,False,False,False,False,False,False,False,False,False,False,False,False,False,False,False,False,False,True
B9J08_004195,B9J08_004195-t37_1,Candida auris strain B8441,"PEKT02000008:272,387..273,298(+)",hypothetical protein,33770,Not Assigned,,303,5,0,,,,,,,,,,,,,,,,,,,,,,,,,,,,,,,,,,,,,,,,False,False,False,False,False,False,False,False,False,False,False,False,False,False,False,False,False,False,True
B9J08_004211,B9J08_004211-t37_1,Candida auris strain B8441,"PEKT02000008:303,064..303,927(-)",hypothetical protein,32348,Not Assigned,,287,22,0,,,,,,,,,,,,,,,,,,,,,,,,,,,,,,,,,,,,,,,,False,False,False,False,False,False,False,False,False,False,False,False,False,False,False,False,False,False,True
B9J08_004254,B9J08_004254-t37_1,Candida auris strain B8441,"PEKT02000008:399,507..403,271(-)",hypothetical protein,144039,Not Assigned,,1254,6,0,,,,,,,,,,,,,,,,,,,,,,,,,,,,,,,,,,,,,,,,False,False,False,False,False,False,False,False,False,False,False,False,False,False,False,False,False,False,True
B9J08_004257,B9J08_004257-t37_1,Candida auris strain B8441,"PEKT02000008:406,381..407,235(-)",hypothetical protein,31898,Not Assigned,,284,8,0,,,,,,,,,,,,,,,,,,,,,,,,,,,,,,,,,,,,,,,,False,False,False,False,False,False,False,False,False,False,False,False,False,False,False,False,False,False,True
B9J08_004260,B9J08_004260-t37_1,Candida auris strain B8441,"PEKT02000008:412,479..413,717(-)",hypothetical protein,46813,Not Assigned,,412,8,0,,,,,,,,,,,,,,,,,,,,,,,,,,,,,,,,,,,,,,,,False,False,False,False,False,False,False,False,False,False,False,False,False,False,False,False,False,False,True
B9J08_004270,B9J08_004270-t37_1,Candida auris strain B8441,"PEKT02000008:435,203..438,115(+)",hypothetical protein,108358,Not Assigned,,970,5,0,,,,,,,,,,,,,,,,,,,,,,,,,,,,,,,,,,,,,,,,False,False,False,False,False,False,False,False,False,False,False,False,False,False,False,False,False,False,True
B9J08_004272,B9J08_004272-t37_1,Candida auris strain B8441,"PEKT02000008:441,390..443,108(+)",hypothetical protein,64484,Not Assigned,,572,18,0,,,,,,,,,,,,,,,,,,,,,,,,,,,,,,,,,,,,,,,,False,False,False,False,False,False,False,False,False,False,False,False,False,False,False,False,False,False,True
B9J08_004275,B9J08_004275-t37_1,Candida auris strain B8441,"PEKT02000008:446,115..447,287(-)",hypothetical protein,44745,Not Assigned,,390,36,1,,,,,,,,,,,,,,,,,,,,,,,,,,,,,,,,,,,,,,,,False,False,False,False,False,False,False,False,False,False,False,False,False,False,False,False,False,False,True
B9J08_004276,B9J08_004276-t37_1,Candida auris strain B8441,"PEKT02000008:447,432..448,331(-)",hypothetical protein,28664,Not Assigned,,299,7,0,,,,,,,,,,,,,,,,,,,,,,,,,,,,,,,,,,,,,,,,False,False,False,False,False,False,False,False,False,False,False,False,False,False,False,False,False,False,True
B9J08_004282,B9J08_004282-t37_1,Candida auris strain B8441,"PEKT02000008:459,380..460,171(+)",hypothetical protein,29740,Not Assigned,,263,5,0,,,,,,,,,,,,,,,,,,,,,,,,,,,,,,,,,,,,,,,,False,False,False,False,False,False,False,False,False,False,False,False,False,False,False,False,False,False,True
B9J08_004283,B9J08_004283-t37_1,Candida auris strain B8441,"PEKT02000008:460,190..460,525(+)",hypothetical protein,12690,Not Assigned,,111,1,0,,,,,,,,,,,,,,,,,,,,,,,,,,,,,,,,,,,,,,,,False,False,False,False,False,False,False,False,False,False,False,False,False,False,False,False,False,False,True
B9J08_004284,B9J08_004284-t37_1,Candida auris strain B8441,"PEKT02000008:462,374..463,675(+)",hypothetical protein,49781,Not Assigned,,433,10,1,,,,,,,,,,,,,,,,,,,,,,,,,,,,,,,,,,,,,,,,False,False,False,False,False,False,False,False,False,False,False,False,False,False,False,False,False,False,True
B9J08_004287,B9J08_004287-t37_1,Candida auris strain B8441,"PEKT02000008:474,766..475,812(+)",hypothetical protein,40914,Not Assigned,,348,5,0,,,,,,,,,,,,,,,,,,,,,,,,,,,,,,,,,,,,,,,,False,False,False,False,False,False,False,False,False,False,False,False,False,False,False,False,False,False,True
B9J08_004290,B9J08_004290-t37_1,Candida auris strain B8441,"PEKT02000008:481,050..481,934(+)",hypothetical protein,32226,Not Assigned,,294,3,0,,,,,,,,,,,,,,,,,,,,,,,,,,,,,,,,,,,,,,,,False,False,False,False,False,False,False,False,False,False,False,False,False,False,False,False,False,False,True
B9J08_004291,B9J08_004291-t37_1,Candida auris strain B8441,"PEKT02000008:482,648..484,636(+)",hypothetical protein,75263,Not Assigned,,662,5,0,,,,,,,,,,,,,,,,,,,,,,,,,,,,,,,,,,,,,,,,False,False,False,False,False,False,False,False,False,False,False,False,False,False,False,False,False,False,True
B9J08_004296,B9J08_004296-t37_1,Candida auris strain B8441,"PEKT02000008:493,680..493,916(-)",hypothetical protein,9061,Not Assigned,,78,11,0,,,,,,,,,,,,,,,,,,,,,,,,,,,,,,,,,,,,,,,,False,False,False,False,False,False,False,False,False,False,False,False,False,False,False,False,False,False,True
B9J08_004305,B9J08_004305-t37_1,Candida auris strain B8441,"PEKT02000008:516,352..518,340(+)",hypothetical protein,72974,Not Assigned,,662,67,1,,,,,,,,,,,,,,,,,,,,,,,,,,,,,,,,,,,,,,,,False,False,False,False,False,False,False,False,False,False,False,False,False,False,False,False,False,False,True
B9J08_004314,B9J08_004314-t37_1,Candida auris strain B8441,"PEKT02000008:539,097..539,921(+)",hypothetical protein,30411,Not Assigned,,274,18,0,,,,,,,,,,,,,,,,,,,,,,,,,,,,,,,,,,,,,,,,False,False,False,False,False,False,False,False,False,False,False,False,False,False,False,False,False,False,True
B9J08_004348,B9J08_004348-t37_1,Candida auris strain B8441,"PEKT02000008:619,485..620,120(+)",hypothetical protein,24545,Not Assigned,,211,14,0,,,,,,,,,,,,,,,,,,,,,,,,,,,,,,,,,,,,,,,,False,False,False,False,False,False,False,False,False,False,False,False,False,False,False,False,False,False,True
B9J08_004354,B9J08_004354-t37_1,Candida auris strain B8441,"PEKT02000008:631,400..632,110(-)",hypothetical protein,26585,Not Assigned,,236,4,0,,,,,,,,,,,,,,,,,,,,,,,,,,,,,,,,,,,,,,,,False,False,False,False,False,False,False,False,False,False,False,False,False,False,False,False,False,False,True
B9J08_004358,B9J08_004358-t37_1,Candida auris strain B8441,"PEKT02000008:640,439..642,031(+)",hypothetical protein,60272,Not Assigned,,530,20,0,,,,,,,,,,,,,,,,,,,,,,,,,,,,,,,,,,,,,,,,False,False,False,False,False,False,False,False,False,False,False,False,False,False,False,False,False,False,True
B9J08_004366,B9J08_004366-t37_1,Candida auris strain B8441,"PEKT02000008:651,732..652,124(-)",hypothetical protein,13137,Not Assigned,,113,7,0,,,,,,,,,,,,,,,,,,,,,,,,,,,,,,,,,,,,,,,,False,False,False,False,False,False,False,False,False,False,False,False,False,False,False,False,False,False,True
B9J08_004376,B9J08_004376-t37_1,Candida auris strain B8441,"PEKT02000008:670,319..671,332(-)",hypothetical protein,37975,Not Assigned,,337,5,0,,,,,,,,,,,,,,,,,,,,,,,,,,,,,,,,,,,,,,,,False,False,False,False,False,False,False,False,False,False,False,False,False,False,False,False,False,False,True
B9J08_004379,B9J08_004379-t37_1,Candida auris strain B8441,"PEKT02000008:683,212..683,937(+)",hypothetical protein,27331,Not Assigned,,241,21,0,,,,,,,,,,,,,,,,,,,,,,,,,,,,,,,,,,,,,,,,False,False,False,False,False,False,False,False,False,False,False,False,False,False,False,False,False,False,True
B9J08_004387,B9J08_004387-t37_1,Candida auris strain B8441,"PEKT02000008:706,354..707,958(+)",hypothetical protein,59712,Not Assigned,,534,7,0,,,,,,,,,,,,,,,,,,,,,,,,,,,,,,,,,,,,,,,,False,False,False,False,False,False,False,False,False,False,False,False,False,False,False,False,False,False,True
B9J08_004390,B9J08_004390-t37_1,Candida auris strain B8441,"PEKT02000008:716,964..717,569(-)",hypothetical protein,23140,Not Assigned,,201,8,0,,,,,,,,,,,,,,,,,,,,,,,,,,,,,,,,,,,,,,,,False,False,False,False,False,False,False,False,False,False,False,False,False,False,False,False,False,False,True
B9J08_004395,B9J08_004395-t37_1,Candida auris strain B8441,"PEKT02000008:726,895..727,845(+)",hypothetical protein,35556,Not Assigned,,316,24,0,,,,,,,,,,,,,,,,,,,,,,,,,,,,,,,,,,,,,,,,False,False,False,False,False,False,False,False,False,False,False,False,False,False,False,False,False,False,True
B9J08_004415,B9J08_004415-t37_1,Candida auris strain B8441,"PEKT02000008:764,638..765,141(-)",hypothetical protein,18916,Not Assigned,,167,23,0,,,,,,,,,,,,,,,,,,,,,,,,,,,,,,,,,,,,,,,,False,False,False,False,False,False,False,False,False,False,False,False,False,False,False,False,False,False,True
B9J08_004416,B9J08_004416-t37_1,Candida auris strain B8441,"PEKT02000008:765,856..766,557(+)",hypothetical protein,26346,Not Assigned,,233,8,0,,,,,,,,,,,,,,,,,,,,,,,,,,,,,,,,,,,,,,,,False,False,False,False,False,False,False,False,False,False,False,False,False,False,False,False,False,False,True
B9J08_004418,B9J08_004418-t37_1,Candida auris strain B8441,"PEKT02000008:767,627..768,079(-)",hypothetical protein,16712,Not Assigned,,150,5,0,,,,,,,,,,,,,,,,,,,,,,,,,,,,,,,,,,,,,,,,False,False,False,False,False,False,False,False,False,False,False,False,False,False,False,False,False,False,True
B9J08_004422,B9J08_004422-t37_1,Candida auris strain B8441,"PEKT02000008:777,737..779,080(+)",hypothetical protein,50936,Not Assigned,,447,10,0,,,,,,,,,,,,,,,,,,,,,,,,,,,,,,,,,,,,,,,,False,False,False,False,False,False,False,False,False,False,False,False,False,False,False,False,False,False,True
B9J08_004428,B9J08_004428-t37_1,Candida auris strain B8441,"PEKT02000008:790,088..791,313(+)",hypothetical protein,43490,Not Assigned,,391,5,0,,,,,,,,,,,,,,,,,,,,,,,,,,,,,,,,,,,,,,,,False,False,False,False,False,False,False,False,False,False,False,False,False,False,False,False,False,False,True
B9J08_004442,B9J08_004442-t37_1,Candida auris strain B8441,"PEKT02000008:827,023..827,871(-)",hypothetical protein,32940,Not Assigned,,282,23,0,,,,,,,,,,,,,,,,,,,,,,,,,,,,,,,,,,,,,,,,False,False,False,False,False,False,False,False,False,False,False,False,False,False,False,False,False,False,True
B9J08_004453,B9J08_004453-t37_1,Candida auris strain B8441,"PEKT02000008:859,405..860,835(-)",hypothetical protein,52391,Not Assigned,,476,8,0,,,,,,,,,,,,,,,,,,,,,,,,,,,,,,,,,,,,,,,,False,False,False,False,False,False,False,False,False,False,False,False,False,False,False,False,False,False,True
B9J08_004455,B9J08_004455-t37_1,Candida auris strain B8441,"PEKT02000008:862,145..863,992(-)",hypothetical protein,68550,Not Assigned,,615,8,0,,,,,,,,,,,,,,,,,,,,,,,,,,,,,,,,,,,,,,,,False,False,False,False,False,False,False,False,False,False,False,False,False,False,False,False,False,False,True
B9J08_004465,B9J08_004465-t37_1,Candida auris strain B8441,"PEKT02000008:885,604..887,247(+)",hypothetical protein,53972,Not Assigned,,547,28,0,,,,,,,,,,,,,,,,,,,,,,,,,,,,,,,,,,,,,,,,False,False,False,False,False,False,False,False,False,False,False,False,False,False,False,False,False,False,True
B9J08_004471,B9J08_004471-t37_1,Candida auris strain B8441,"PEKT02000009:14,072..14,425(+)",hypothetical protein,12416,Not Assigned,,117,18,4,,,,,,,,,,,,,,,,,,,,,,,,,,,,,,,,,,,,,,,,False,False,False,False,False,False,False,False,False,False,False,False,False,False,False,False,False,False,True
B9J08_004476,B9J08_004476-t37_1,Candida auris strain B8441,"PEKT02000009:27,528..28,382(+)",hypothetical protein,29804,Not Assigned,,284,147,4,,,,,,,,,,,,,,,,,,,,,,,,,,,,,,,,,,,,,,,,False,False,False,False,False,False,False,False,False,False,False,False,False,False,False,False,False,False,True
B9J08_004481,B9J08_004481-t37_1,Candida auris strain B8441,"PEKT02000009:40,773..41,645(+)",hypothetical protein,33423,Not Assigned,,290,20,0,,,,,,,,,,,,,,,,,,,,,,,,,,,,,,,,,,,,,,,,False,False,False,False,False,False,False,False,False,False,False,False,False,False,False,False,False,False,True
B9J08_004484,B9J08_004484-t37_1,Candida auris strain B8441,"PEKT02000009:43,677..44,354(-)",hypothetical protein,26031,Not Assigned,,225,27,0,,,,,,,,,,,,,,,,,,,,,,,,,,,,,,,,,,,,,,,,False,False,False,False,False,False,False,False,False,False,False,False,False,False,False,False,False,False,True
B9J08_004528,B9J08_004528-t37_1,Candida auris strain B8441,"PEKT02000009:140,505..141,266(-)",hypothetical protein,28678,Not Assigned,,253,26,0,,,,,,,,,,,,,,,,,,,,,,,,,,,,,,,,,,,,,,,,False,False,False,False,False,False,False,False,False,False,False,False,False,False,False,False,False,False,True
B9J08_004575,B9J08_004575-t37_1,Candida auris strain B8441,"PEKT02000009:261,874..262,839(-)",hypothetical protein,37629,Not Assigned,,321,12,0,,,,,,,,,,,,,,,,,,,,,,,,,,,,,,,,,,,,,,,,False,False,False,False,False,False,False,False,False,False,False,False,False,False,False,False,False,False,True
B9J08_004577,B9J08_004577-t37_1,Candida auris strain B8441,"PEKT02000009:271,511..271,942(-)",hypothetical protein,14441,Not Assigned,,143,147,4,,,,,,,,,,,,,,,,,,,,,,,,,,,,,,,,,,,,,,,,False,False,False,False,False,False,False,False,False,False,False,False,False,False,False,False,False,False,True
B9J08_004582,B9J08_004582-t37_1,Candida auris strain B8441,"PEKT02000009:288,286..290,106(+)",hypothetical protein,70213,Not Assigned,,606,4,0,,,,,,,,,,,,,,,,,,,,,,,,,,,,,,,,,,,,,,,,False,False,False,False,False,False,False,False,False,False,False,False,False,False,False,False,False,False,True
B9J08_004597,B9J08_004597-t37_1,Candida auris strain B8441,"PEKT02000009:317,598..318,575(+)",hypothetical protein,36747,Not Assigned,,325,5,0,,,,,,,,,,,,,,,,,,,,,,,,,,,,,,,,,,,,,,,,False,False,False,False,False,False,False,False,False,False,False,False,False,False,False,False,False,False,True
B9J08_004614,B9J08_004614-t37_1,Candida auris strain B8441,"PEKT02000009:355,347..356,327(-)",hypothetical protein,35234,Not Assigned,,326,5,0,,,,,,,,,,,,,,,,,,,,,,,,,,,,,,,,,,,,,,,,False,False,False,False,False,False,False,False,False,False,False,False,False,False,False,False,False,False,True
B9J08_004615,B9J08_004615-t37_1,Candida auris strain B8441,"PEKT02000009:358,173..358,727(+)",hypothetical protein,20679,Not Assigned,,184,5,0,,,,,,,,,,,,,,,,,,,,,,,,,,,,,,,,,,,,,,,,False,False,False,False,False,False,False,False,False,False,False,False,False,False,False,False,False,False,True
B9J08_004623,B9J08_004623-t37_1,Candida auris strain B8441,"PEKT02000009:373,835..374,968(+)",hypothetical protein,43700,Not Assigned,,377,9,0,,,,,,,,,,,,,,,,,,,,,,,,,,,,,,,,,,,,,,,,False,False,False,False,False,False,False,False,False,False,False,False,False,False,False,False,False,False,True
B9J08_004632,B9J08_004632-t37_1,Candida auris strain B8441,"PEKT02000009:395,338..396,636(+)",hypothetical protein,49114,Not Assigned,,432,17,0,,,,,,,,,,,,,,,,,,,,,,,,,,,,,,,,,,,,,,,,False,False,False,False,False,False,False,False,False,False,False,False,False,False,False,False,False,False,True
B9J08_004637,B9J08_004637-t37_1,Candida auris strain B8441,"PEKT02000009:408,778..410,202(-)",hypothetical protein,52160,Not Assigned,,474,5,0,,,,,,,,,,,,,,,,,,,,,,,,,,,,,,,,,,,,,,,,False,False,False,False,False,False,False,False,False,False,False,False,False,False,False,False,False,False,True
B9J08_004645,B9J08_004645-t37_1,Candida auris strain B8441,"PEKT02000009:431,103..432,836(+)",hypothetical protein,66403,Not Assigned,,577,24,0,,,,,,,,,,,,,,,,,,,,,,,,,,,,,,,,,,,,,,,,False,False,False,False,False,False,False,False,False,False,False,False,False,False,False,False,False,False,True
B9J08_004660,B9J08_004660-t37_1,Candida auris strain B8441,"PEKT02000009:464,700..465,668(-)",hypothetical protein,36425,Not Assigned,,322,22,0,,,,,,,,,,,,,,,,,,,,,,,,,,,,,,,,,,,,,,,,False,False,False,False,False,False,False,False,False,False,False,False,False,False,False,False,False,False,True
B9J08_004667,B9J08_004667-t37_1,Candida auris strain B8441,"PEKT02000009:478,144..478,383(-)",hypothetical protein,9093,Not Assigned,,79,13,0,,,,,,,,,,,,,,,,,,,,,,,,,,,,,,,,,,,,,,,,False,False,False,False,False,False,False,False,False,False,False,False,False,False,False,False,False,False,True
B9J08_004686,B9J08_004686-t37_1,Candida auris strain B8441,"PEKT02000009:515,828..518,029(+)",hypothetical protein,80892,Not Assigned,,733,26,1,,,,,,,,,,,,,,,,,,,,,,,,,,,,,,,,,,,,,,,,False,False,False,False,False,False,False,False,False,False,False,False,False,False,False,False,False,False,True
B9J08_004688,B9J08_004688-t37_1,Candida auris strain B8441,"PEKT02000009:521,134..521,946(-)",hypothetical protein,30864,Not Assigned,,270,22,0,,,,,,,,,,,,,,,,,,,,,,,,,,,,,,,,,,,,,,,,False,False,False,False,False,False,False,False,False,False,False,False,False,False,False,False,False,False,True
B9J08_004698,B9J08_004698-t37_1,Candida auris strain B8441,"PEKT02000009:542,987..543,799(+)",hypothetical protein,30625,Not Assigned,,270,6,0,,,,,,,,,,,,,,,,,,,,,,,,,,,,,,,,,,,,,,,,False,False,False,False,False,False,False,False,False,False,False,False,False,False,False,False,False,False,True
B9J08_004703,B9J08_004703-t37_1,Candida auris strain B8441,"PEKT02000009:549,859..551,319(-)",hypothetical protein,56375,Not Assigned,,486,6,0,,,,,,,,,,,,,,,,,,,,,,,,,,,,,,,,,,,,,,,,False,False,False,False,False,False,False,False,False,False,False,False,False,False,False,False,False,False,True
B9J08_004711,B9J08_004711-t37_1,Candida auris strain B8441,"PEKT02000009:568,824..569,315(+)",hypothetical protein,19095,Not Assigned,,163,7,0,,,,,,,,,,,,,,,,,,,,,,,,,,,,,,,,,,,,,,,,False,False,False,False,False,False,False,False,False,False,False,False,False,False,False,False,False,False,True
B9J08_004727,B9J08_004727-t37_1,Candida auris strain B8441,"PEKT02000009:600,063..601,262(-)",hypothetical protein,45120,Not Assigned,,399,22,0,,,,,,,,,,,,,,,,,,,,,,,,,,,,,,,,,,,,,,,,False,False,False,False,False,False,False,False,False,False,False,False,False,False,False,False,False,False,True
B9J08_004732,B9J08_004732-t37_1,Candida auris strain B8441,"PEKT02000009:614,968..615,603(+)",hypothetical protein,24266,Not Assigned,,211,16,0,,,,,,,,,,,,,,,,,,,,,,,,,,,,,,,,,,,,,,,,False,False,False,False,False,False,False,False,False,False,False,False,False,False,False,False,False,False,True
B9J08_004755,B9J08_004755-t37_1,Candida auris strain B8441,"PEKT02000009:654,542..655,810(+)",hypothetical protein,48859,Not Assigned,,422,5,0,,,,,,,,,,,,,,,,,,,,,,,,,,,,,,,,,,,,,,,,False,False,False,False,False,False,False,False,False,False,False,False,False,False,False,False,False,False,True
B9J08_004765,B9J08_004765-t37_1,Candida auris strain B8441,"PEKT02000009:674,023..675,324(-)",hypothetical protein,49601,Not Assigned,,433,10,1,,,,,,,,,,,,,,,,,,,,,,,,,,,,,,,,,,,,,,,,False,False,False,False,False,False,False,False,False,False,False,False,False,False,False,False,False,False,True
B9J08_004777,B9J08_004777-t37_1,Candida auris strain B8441,"PEKT02000009:709,367..709,870(+)",hypothetical protein,19134,Not Assigned,,167,3,0,,,,,,,,,,,,,,,,,,,,,,,,,,,,,,,,,,,,,,,,False,False,False,False,False,False,False,False,False,False,False,False,False,False,False,False,False,False,True
B9J08_004779,B9J08_004779-t37_1,Candida auris strain B8441,"PEKT02000009:711,478..713,460(-)",hypothetical protein,75225,Not Assigned,,660,5,0,,,,,,,,,,,,,,,,,,,,,,,,,,,,,,,,,,,,,,,,False,False,False,False,False,False,False,False,False,False,False,False,False,False,False,False,False,False,True
B9J08_004780,B9J08_004780-t37_1,Candida auris strain B8441,"PEKT02000009:713,983..715,182(-)",hypothetical protein,46076,Not Assigned,,399,23,0,,,,,,,,,,,,,,,,,,,,,,,,,,,,,,,,,,,,,,,,False,False,False,False,False,False,False,False,False,False,False,False,False,False,False,False,False,False,True
B9J08_004790,B9J08_004790-t37_1,Candida auris strain B8441,"PEKT02000009:751,411..752,601(+)",hypothetical protein,45954,Not Assigned,,396,8,0,,,,,,,,,,,,,,,,,,,,,,,,,,,,,,,,,,,,,,,,False,False,False,False,False,False,False,False,False,False,False,False,False,False,False,False,False,False,True
B9J08_004799,B9J08_004799-t37_1,Candida auris strain B8441,"PEKT02000009:772,750..773,628(-)",hypothetical protein,33447,Not Assigned,,292,9,0,,,,,,,,,,,,,,,,,,,,,,,,,,,,,,,,,,,,,,,,False,False,False,False,False,False,False,False,False,False,False,False,False,False,False,False,False,False,True
B9J08_004831,B9J08_004831-t37_1,Candida auris strain B8441,"PEKT02000009:841,287..842,258(+)",hypothetical protein,36338,Not Assigned,,323,28,0,,,,,,,,,,,,,,,,,,,,,,,,,,,,,,,,,,,,,,,,False,False,False,False,False,False,False,False,False,False,False,False,False,False,False,False,False,False,True
B9J08_004842,B9J08_004842-t37_1,Candida auris strain B8441,"PEKT02000009:859,584..859,955(-)",hypothetical protein,14048,Not Assigned,,123,8,0,,,,,,,,,,,,,,,,,,,,,,,,,,,,,,,,,,,,,,,,False,False,False,False,False,False,False,False,False,False,False,False,False,False,False,False,False,False,True
B9J08_004863,B9J08_004863-t37_1,Candida auris strain B8441,"PEKT02000009:910,747..911,031(+)",hypothetical protein,8553,Not Assigned,,94,3,0,,,,,,,,,,,,,,,,,,,,,,,,,,,,,,,,,,,,,,,,False,False,False,False,False,False,False,False,False,False,False,False,False,False,False,False,False,False,True
B9J08_004871,B9J08_004871-t37_1,Candida auris strain B8441,"PEKT02000009:929,575..930,816(+)",hypothetical protein,47482,Not Assigned,,413,23,0,,,,,,,,,,,,,,,,,,,,,,,,,,,,,,,,,,,,,,,,False,False,False,False,False,False,False,False,False,False,False,False,False,False,False,False,False,False,True
B9J08_004894,B9J08_004894-t37_1,Candida auris strain B8441,"PEKT02000009:994,017..994,388(-)",hypothetical protein,12942,Not Assigned,,123,18,4,,,,,,,,,,,,,,,,,,,,,,,,,,,,,,,,,,,,,,,,False,False,False,False,False,False,False,False,False,False,False,False,False,False,False,False,False,False,True
B9J08_004897,B9J08_004897-t37_1,Candida auris strain B8441,"PEKT02000010:7,617..7,970(+)",hypothetical protein,12456,Not Assigned,,117,18,4,,,,,,,,,,,,,,,,,,,,,,,,,,,,,,,,,,,,,,,,False,False,False,False,False,False,False,False,False,False,False,False,False,False,False,False,False,False,True
B9J08_004903,B9J08_004903-t37_1,Candida auris strain B8441,"PEKT02000010:23,730..24,524(+)",hypothetical protein,28899,Not Assigned,,264,33,1,,,,,,,,,,,,,,,,,,,,,,,,,,,,,,,,,,,,,,,,False,False,False,False,False,False,False,False,False,False,False,False,False,False,False,False,False,False,True
B9J08_004904,B9J08_004904-t37_1,Candida auris strain B8441,"PEKT02000010:24,563..26,341(-)",hypothetical protein,67318,Not Assigned,,592,21,0,,,,,,,,,,,,,,,,,,,,,,,,,,,,,,,,,,,,,,,,False,False,False,False,False,False,False,False,False,False,False,False,False,False,False,False,False,False,True
B9J08_004911,B9J08_004911-t37_1,Candida auris strain B8441,"PEKT02000010:46,398..47,534(+)",hypothetical protein,43626,Not Assigned,,378,21,0,,,,,,,,,,,,,,,,,,,,,,,,,,,,,,,,,,,,,,,,False,False,False,False,False,False,False,False,False,False,False,False,False,False,False,False,False,False,True
B9J08_004922,B9J08_004922-t37_1,Candida auris strain B8441,"PEKT02000010:69,520..69,987(-)",hypothetical protein,17388,Not Assigned,,155,23,0,,,,,,,,,,,,,,,,,,,,,,,,,,,,,,,,,,,,,,,,False,False,False,False,False,False,False,False,False,False,False,False,False,False,False,False,False,False,True
B9J08_004940,B9J08_004940-t37_1,Candida auris strain B8441,"PEKT02000010:106,237..107,226(+)",hypothetical protein,35339,Not Assigned,,329,19,0,,,,,,,,,,,,,,,,,,,,,,,,,,,,,,,,,,,,,,,,False,False,False,False,False,False,False,False,False,False,False,False,False,False,False,False,False,False,True
B9J08_004942,B9J08_004942-t37_1,Candida auris strain B8441,"PEKT02000010:108,470..109,450(-)",hypothetical protein,37582,Not Assigned,,326,19,0,,,,,,,,,,,,,,,,,,,,,,,,,,,,,,,,,,,,,,,,False,False,False,False,False,False,False,False,False,False,False,False,False,False,False,False,False,False,True
B9J08_004945,B9J08_004945-t37_1,Candida auris strain B8441,"PEKT02000010:113,347..113,934(-)",hypothetical protein,21883,Not Assigned,,195,8,0,,,,,,,,,,,,,,,,,,,,,,,,,,,,,,,,,,,,,,,,False,False,False,False,False,False,False,False,False,False,False,False,False,False,False,False,False,False,True
B9J08_004951,B9J08_004951-t37_1,Candida auris strain B8441,"PEKT02000010:126,892..127,593(+)",hypothetical protein,25882,Not Assigned,,233,7,0,,,,,,,,,,,,,,,,,,,,,,,,,,,,,,,,,,,,,,,,False,False,False,False,False,False,False,False,False,False,False,False,False,False,False,False,False,False,True
B9J08_004963,B9J08_004963-t37_1,Candida auris strain B8441,"PEKT02000010:154,420..154,794(-)",hypothetical protein,13496,Not Assigned,,124,3,0,,,,,,,,,,,,,,,,,,,,,,,,,,,,,,,,,,,,,,,,False,False,False,False,False,False,False,False,False,False,False,False,False,False,False,False,False,False,True
B9J08_004984,B9J08_004984-t37_1,Candida auris strain B8441,"PEKT02000010:195,842..196,159(+)",hypothetical protein,11867,Not Assigned,,105,14,0,,,,,,,,,,,,,,,,,,,,,,,,,,,,,,,,,,,,,,,,False,False,False,False,False,False,False,False,False,False,False,False,False,False,False,False,False,False,True
B9J08_005006,B9J08_005006-t37_1,Candida auris strain B8441,"PEKT02000010:240,876..241,721(-)",hypothetical protein,32624,Not Assigned,,281,8,0,,,,,,,,,,,,,,,,,,,,,,,,,,,,,,,,,,,,,,,,False,False,False,False,False,False,False,False,False,False,False,False,False,False,False,False,False,False,True
B9J08_005014,B9J08_005014-t37_1,Candida auris strain B8441,"PEKT02000010:256,336..257,652(-)",hypothetical protein,48174,Not Assigned,,438,22,0,,,,,,,,,,,,,,,,,,,,,,,,,,,,,,,,,,,,,,,,False,False,False,False,False,False,False,False,False,False,False,False,False,False,False,False,False,False,True
B9J08_005017,B9J08_005017-t37_1,Candida auris strain B8441,"PEKT02000010:264,829..265,365(+)",hypothetical protein,19887,Not Assigned,,178,6,0,,,,,,,,,,,,,,,,,,,,,,,,,,,,,,,,,,,,,,,,False,False,False,False,False,False,False,False,False,False,False,False,False,False,False,False,False,False,True
B9J08_005041,B9J08_005041-t37_1,Candida auris strain B8441,"PEKT02000010:317,205..317,582(+)",hypothetical protein,14255,Not Assigned,,125,5,0,,,,,,,,,,,,,,,,,,,,,,,,,,,,,,,,,,,,,,,,False,False,False,False,False,False,False,False,False,False,False,False,False,False,False,False,False,False,True
B9J08_005063,B9J08_005063-t37_1,Candida auris strain B8441,"PEKT02000010:364,593..364,955(-)",hypothetical protein,13771,Not Assigned,,120,8,0,,,,,,,,,,,,,,,,,,,,,,,,,,,,,,,,,,,,,,,,False,False,False,False,False,False,False,False,False,False,False,False,False,False,False,False,False,False,True
B9J08_005066,B9J08_005066-t37_1,Candida auris strain B8441,"PEKT02000010:374,703..378,569(+)",hypothetical protein,141140,Not Assigned,,1288,307,1,,,,,,,,,,,,,,,,,,,,,,,,,,,,,,,,,,,,,,,,False,False,False,False,False,False,False,False,False,False,False,False,False,False,False,False,False,False,True
B9J08_005072,B9J08_005072-t37_1,Candida auris strain B8441,"PEKT02000010:388,462..388,743(+)",hypothetical protein,10458,Not Assigned,,93,19,0,,,,,,,,,,,,,,,,,,,,,,,,,,,,,,,,,,,,,,,,False,False,False,False,False,False,False,False,False,False,False,False,False,False,False,False,False,False,True
B9J08_005080,B9J08_005080-t37_1,Candida auris strain B8441,"PEKT02000010:403,359..403,862(+)",hypothetical protein,18618,Not Assigned,,167,11,0,,,,,,,,,,,,,,,,,,,,,,,,,,,,,,,,,,,,,,,,False,False,False,False,False,False,False,False,False,False,False,False,False,False,False,False,False,False,True
B9J08_005090,B9J08_005090-t37_1,Candida auris strain B8441,"PEKT02000010:422,450..423,160(-)",hypothetical protein,26331,Not Assigned,,236,22,0,,,,,,,,,,,,,,,,,,,,,,,,,,,,,,,,,,,,,,,,False,False,False,False,False,False,False,False,False,False,False,False,False,False,False,False,False,False,True
B9J08_005118,B9J08_005118-t37_1,Candida auris strain B8441,"PEKT02000010:483,049..483,792(-)",hypothetical protein,28616,Not Assigned,,247,8,0,,,,,,,,,,,,,,,,,,,,,,,,,,,,,,,,,,,,,,,,False,False,False,False,False,False,False,False,False,False,False,False,False,False,False,False,False,False,True
B9J08_005147,B9J08_005147-t37_1,Candida auris strain B8441,"PEKT02000010:538,523..538,966(+)",hypothetical protein,16542,Not Assigned,,147,15,0,,,,,,,,,,,,,,,,,,,,,,,,,,,,,,,,,,,,,,,,False,False,False,False,False,False,False,False,False,False,False,False,False,False,False,False,False,False,True
B9J08_005156,B9J08_005156-t37_1,Candida auris strain B8441,"PEKT02000010:553,541..554,425(-)",hypothetical protein,33779,Not Assigned,,294,23,0,,,,,,,,,,,,,,,,,,,,,,,,,,,,,,,,,,,,,,,,False,False,False,False,False,False,False,False,False,False,False,False,False,False,False,False,False,False,True
B9J08_005159,B9J08_005159-t37_1,Candida auris strain B8441,"PEKT02000010:558,981..559,865(-)",hypothetical protein,34872,Not Assigned,,294,5,0,,,,,,,,,,,,,,,,,,,,,,,,,,,,,,,,,,,,,,,,False,False,False,False,False,False,False,False,False,False,False,False,False,False,False,False,False,False,True
B9J08_005164,B9J08_005164-t37_1,Candida auris strain B8441,"PEKT02000010:568,692..569,147(-)",hypothetical protein,16797,Not Assigned,,151,20,0,,,,,,,,,,,,,,,,,,,,,,,,,,,,,,,,,,,,,,,,False,False,False,False,False,False,False,False,False,False,False,False,False,False,False,False,False,False,True
B9J08_005173,B9J08_005173-t37_1,Candida auris strain B8441,"PEKT02000010:588,138..590,330(+)",hypothetical protein,80936,Not Assigned,,730,5,0,,,,,,,,,,,,,,,,,,,,,,,,,,,,,,,,,,,,,,,,False,False,False,False,False,False,False,False,False,False,False,False,False,False,False,False,False,False,True
B9J08_005182,B9J08_005182-t37_1,Candida auris strain B8441,"PEKT02000010:606,336..607,874(-)",hypothetical protein,58054,Not Assigned,,512,16,0,,,,,,,,,,,,,,,,,,,,,,,,,,,,,,,,,,,,,,,,False,False,False,False,False,False,False,False,False,False,False,False,False,False,False,False,False,False,True
B9J08_005189,B9J08_005189-t37_1,Candida auris strain B8441,"PEKT02000010:620,924..621,364(-)",hypothetical protein,16295,Not Assigned,,146,8,0,,,,,,,,,,,,,,,,,,,,,,,,,,,,,,,,,,,,,,,,False,False,False,False,False,False,False,False,False,False,False,False,False,False,False,False,False,False,True
B9J08_005193,B9J08_005193-t37_1,Candida auris strain B8441,"PEKT02000010:627,582..628,244(-)",hypothetical protein,24474,Not Assigned,,220,24,0,,,,,,,,,,,,,,,,,,,,,,,,,,,,,,,,,,,,,,,,False,False,False,False,False,False,False,False,False,False,False,False,False,False,False,False,False,False,True
B9J08_005194,B9J08_005194-t37_1,Candida auris strain B8441,"PEKT02000010:628,587..629,252(-)",hypothetical protein,25396,Not Assigned,,221,5,0,,,,,,,,,,,,,,,,,,,,,,,,,,,,,,,,,,,,,,,,False,False,False,False,False,False,False,False,False,False,False,False,False,False,False,False,False,False,True
B9J08_005200,B9J08_005200-t37_1,Candida auris strain B8441,"PEKT02000010:639,600..639,803(-)",hypothetical protein,7444,Not Assigned,,67,10,0,,,,,,,,,,,,,,,,,,,,,,,,,,,,,,,,,,,,,,,,False,False,False,False,False,False,False,False,False,False,False,False,False,False,False,False,False,False,True
B9J08_005215,B9J08_005215-t37_1,Candida auris strain B8441,"PEKT02000010:674,394..675,695(-)",hypothetical protein,49334,Not Assigned,,433,21,0,,,,,,,,,,,,,,,,,,,,,,,,,,,,,,,,,,,,,,,,False,False,False,False,False,False,False,False,False,False,False,False,False,False,False,False,False,False,True
B9J08_005243,B9J08_005243-t37_1,Candida auris strain B8441,"PEKT02000010:750,542..751,201(+)",hypothetical protein,25652,Not Assigned,,219,9,0,,,,,,,,,,,,,,,,,,,,,,,,,,,,,,,,,,,,,,,,False,False,False,False,False,False,False,False,False,False,False,False,False,False,False,False,False,False,True
B9J08_005257,B9J08_005257-t37_1,Candida auris strain B8441,"PEKT02000010:775,196..776,692(-)",hypothetical protein,57536,Not Assigned,,498,8,0,,,,,,,,,,,,,,,,,,,,,,,,,,,,,,,,,,,,,,,,False,False,False,False,False,False,False,False,False,False,False,False,False,False,False,False,False,False,True
B9J08_005266,B9J08_005266-t37_1,Candida auris strain B8441,"PEKT02000010:799,162..802,089(-)",hypothetical protein,106700,Not Assigned,,975,224,0,,,,,,,,,,,,,,,,,,,,,,,,,,,,,,,,,,,,,,,,False,False,False,False,False,False,False,False,False,False,False,False,False,False,False,False,False,False,True
B9J08_005277,B9J08_005277-t37_1,Candida auris strain B8441,"PEKT02000010:827,674..828,399(-)",hypothetical protein,27276,Not Assigned,,241,20,0,,,,,,,,,,,,,,,,,,,,,,,,,,,,,,,,,,,,,,,,False,False,False,False,False,False,False,False,False,False,False,False,False,False,False,False,False,False,True
B9J08_005292,B9J08_005292-t37_1,Candida auris strain B8441,"PEKT02000010:853,802..855,184(-)",hypothetical protein,52784,Not Assigned,,460,7,0,,,,,,,,,,,,,,,,,,,,,,,,,,,,,,,,,,,,,,,,False,False,False,False,False,False,False,False,False,False,False,False,False,False,False,False,False,False,True
B9J08_005293,B9J08_005293-t37_1,Candida auris strain B8441,"PEKT02000010:855,593..856,099(-)",hypothetical protein,18987,Not Assigned,,168,8,0,,,,,,,,,,,,,,,,,,,,,,,,,,,,,,,,,,,,,,,,False,False,False,False,False,False,False,False,False,False,False,False,False,False,False,False,False,False,True
B9J08_005296,B9J08_005296-t37_1,Candida auris strain B8441,"PEKT02000010:862,950..863,501(-)",hypothetical protein,21479,Not Assigned,,183,23,0,,,,,,,,,,,,,,,,,,,,,,,,,,,,,,,,,,,,,,,,False,False,False,False,False,False,False,False,False,False,False,False,False,False,False,False,False,False,True
B9J08_005311,B9J08_005311-t37_1,Candida auris strain B8441,"PEKT02000010:894,564..896,753(-)",hypothetical protein,81136,Not Assigned,,729,9,0,,,,,,,,,,,,,,,,,,,,,,,,,,,,,,,,,,,,,,,,False,False,False,False,False,False,False,False,False,False,False,False,False,False,False,False,False,False,True
B9J08_005315,B9J08_005315-t37_1,Candida auris strain B8441,"PEKT02000010:902,509..903,816(-)",hypothetical protein,48038,Not Assigned,,435,25,0,,,,,,,,,,,,,,,,,,,,,,,,,,,,,,,,,,,,,,,,False,False,False,False,False,False,False,False,False,False,False,False,False,False,False,False,False,False,True
B9J08_005321,B9J08_005321-t37_1,Candida auris strain B8441,"PEKT02000010:917,646..917,963(-)",hypothetical protein,11793,Not Assigned,,105,9,0,,,,,,,,,,,,,,,,,,,,,,,,,,,,,,,,,,,,,,,,False,False,False,False,False,False,False,False,False,False,False,False,False,False,False,False,False,False,True
B9J08_005326,B9J08_005326-t37_1,Candida auris strain B8441,"PEKT02000010:930,385..931,166(-)",hypothetical protein,27618,Not Assigned,,242,21,0,,,,,,,,,,,,,,,,,,,,,,,,,,,,,,,,,,,,,,,,False,False,False,False,False,False,False,False,False,False,False,False,False,False,False,False,False,False,True
B9J08_005333,B9J08_005333-t37_1,Candida auris strain B8441,"PEKT02000010:945,786..946,085(-)",hypothetical protein,11365,Not Assigned,,99,19,0,,,,,,,,,,,,,,,,,,,,,,,,,,,,,,,,,,,,,,,,False,False,False,False,False,False,False,False,False,False,False,False,False,False,False,False,False,False,True
B9J08_005389,B9J08_005389-t37_1,Candida auris strain B8441,"PEKT02000010:1,075,161..1,077,275(+)",hypothetical protein,79547,Not Assigned,,704,22,0,,,,,,,,,,,,,,,,,,,,,,,,,,,,,,,,,,,,,,,,False,False,False,False,False,False,False,False,False,False,False,False,False,False,False,False,False,False,True
B9J08_005394,B9J08_005394-t37_1,Candida auris strain B8441,"PEKT02000010:1,088,239..1,090,095(-)",hypothetical protein,68153,Not Assigned,,618,15,0,,,,,,,,,,,,,,,,,,,,,,,,,,,,,,,,,,,,,,,,False,False,False,False,False,False,False,False,False,False,False,False,False,False,False,False,False,False,True
B9J08_005420,B9J08_005420-t37_1,Candida auris strain B8441,"PEKT02000010:1,152,237..1,152,734(-)",hypothetical protein,16528,Not Assigned,,165,8,0,,,,,,,,,,,,,,,,,,,,,,,,,,,,,,,,,,,,,,,,False,False,False,False,False,False,False,False,False,False,False,False,False,False,False,False,False,False,True
B9J08_005439,B9J08_005439-t37_1,Candida auris strain B8441,"PEKT02000010:1,212,139..1,213,092(-)",hypothetical protein,36026,Not Assigned,,317,27,0,,,,,,,,,,,,,,,,,,,,,,,,,,,,,,,,,,,,,,,,False,False,False,False,False,False,False,False,False,False,False,False,False,False,False,False,False,False,True
B9J08_005470,B9J08_005470-t37_1,Candida auris strain B8441,"PEKT02000010:1,262,829..1,264,133(-)",hypothetical protein,49759,Not Assigned,,434,23,0,,,,,,,,,,,,,,,,,,,,,,,,,,,,,,,,,,,,,,,,False,False,False,False,False,False,False,False,False,False,False,False,False,False,False,False,False,False,True
B9J08_005479,B9J08_005479-t37_1,Candida auris strain B8441,"PEKT02000010:1,281,282..1,282,328(-)",hypothetical protein,38553,Not Assigned,,348,8,0,,,,,,,,,,,,,,,,,,,,,,,,,,,,,,,,,,,,,,,,False,False,False,False,False,False,False,False,False,False,False,False,False,False,False,False,False,False,True
B9J08_005502,B9J08_005502-t37_1,Candida auris strain B8441,"PEKT02000010:1,323,099..1,324,676(-)",hypothetical protein,57433,Not Assigned,,509,183,0,,,,,,,,,,,,,,,,,,,,,,,,,,,,,,,,,,,,,,,,False,False,False,False,False,False,False,False,False,False,False,False,False,False,False,False,False,False,True
B9J08_005519,B9J08_005519-t37_1,Candida auris strain B8441,"PEKT02000010:1,363,042..1,363,854(-)",hypothetical protein,30462,Not Assigned,,270,2,0,,,,,,,,,,,,,,,,,,,,,,,,,,,,,,,,,,,,,,,,False,False,False,False,False,False,False,False,False,False,False,False,False,False,False,False,False,False,True
B9J08_005534,B9J08_005534-t37_1,Candida auris strain B8441,"PEKT02000010:1,397,218..1,398,606(+)",hypothetical protein,49256,Not Assigned,,462,20,0,,,,,,,,,,,,,,,,,,,,,,,,,,,,,,,,,,,,,,,,False,False,False,False,False,False,False,False,False,False,False,False,False,False,False,False,False,False,True
B9J08_005538,B9J08_005538-t37_1,Candida auris strain B8441,"PEKT02000011:7,490..8,428(-)",hypothetical protein,34220,Not Assigned,,312,5,0,,,,,,,,,,,,,,,,,,,,,,,,,,,,,,,,,,,,,,,,False,False,False,False,False,False,False,False,False,False,False,False,False,False,False,False,False,False,True
B9J08_005543,B9J08_005543-t37_1,Candida auris strain B8441,"PEKT02000011:17,290..18,540(+)",hypothetical protein,45617,Not Assigned,,416,26,1,,,,,,,,,,,,,,,,,,,,,,,,,,,,,,,,,,,,,,,,False,False,False,False,False,False,False,False,False,False,False,False,False,False,False,False,False,False,True
B9J08_005546,B9J08_005546-t37_1,Candida auris strain B8441,"PEKT02000012:4,541..5,539(-)",hypothetical protein,36754,Not Assigned,,332,5,0,,,,,,,,,,,,,,,,,,,,,,,,,,,,,,,,,,,,,,,,False,False,False,False,False,False,False,False,False,False,False,False,False,False,False,False,False,False,True
B9J08_005547,B9J08_005547-t37_1,Candida auris strain B8441,"PEKT02000012:6,158..7,096(-)",hypothetical protein,35478,Not Assigned,,312,5,0,,,,,,,,,,,,,,,,,,,,,,,,,,,,,,,,,,,,,,,,False,False,False,False,False,False,False,False,False,False,False,False,False,False,False,False,False,False,True
B9J08_005551,B9J08_005551-t37_1,Candida auris strain B8441,"PEKT02000012:17,647..18,870(+)",hypothetical protein,47503,Not Assigned,,407,5,0,,,,,,,,,,,,,,,,,,,,,,,,,,,,,,,,,,,,,,,,False,False,False,False,False,False,False,False,False,False,False,False,False,False,False,False,False,False,True
B9J08_005557,B9J08_005557-t37_1,Candida auris strain B8441,"PEKT02000012:36,871..37,425(-)",hypothetical protein,18810,Not Assigned,,184,43,5,,,,,,,,,,,,,,,,,,,,,,,,,,,,,,,,,,,,,,,,False,False,False,False,False,False,False,False,False,False,False,False,False,False,False,False,False,False,True
B9J08_005558,B9J08_005558-t37_1,Candida auris strain B8441,"PEKT02000012:38,119..38,652(-)",hypothetical protein,18595,Not Assigned,,177,43,5,,,,,,,,,,,,,,,,,,,,,,,,,,,,,,,,,,,,,,,,False,False,False,False,False,False,False,False,False,False,False,False,False,False,False,False,False,False,True
B9J08_005559,B9J08_005559-t37_1,Candida auris strain B8441,"PEKT02000012:39,307..39,807(-)",hypothetical protein,16849,Not Assigned,,166,43,5,,,,,,,,,,,,,,,,,,,,,,,,,,,,,,,,,,,,,,,,False,False,False,False,False,False,False,False,False,False,False,False,False,False,False,False,False,False,True
B9J08_005560,B9J08_005560-t37_1,Candida auris strain B8441,"PEKT02000012:40,562..41,092(-)",hypothetical protein,17878,Not Assigned,,176,43,5,,,,,,,,,,,,,,,,,,,,,,,,,,,,,,,,,,,,,,,,False,False,False,False,False,False,False,False,False,False,False,False,False,False,False,False,False,False,True
B9J08_005561,B9J08_005561-t37_1,Candida auris strain B8441,"PEKT02000012:41,619..42,140(-)",hypothetical protein,17554,Not Assigned,,173,43,5,,,,,,,,,,,,,,,,,,,,,,,,,,,,,,,,,,,,,,,,False,False,False,False,False,False,False,False,False,False,False,False,False,False,False,False,False,False,True
B9J08_005573,B9J08_005573-t37_1,Candida auris strain B8441,"PEKT02000013:18,697..19,194(-)",hypothetical protein,17763,Not Assigned,,165,8,0,,,,,,,,,,,,,,,,,,,,,,,,,,,,,,,,,,,,,,,,False,False,False,False,False,False,False,False,False,False,False,False,False,False,False,False,False,False,True
B9J08_005574,B9J08_005574-t37_1,Candida auris strain B8441,"PEKT02000013:20,785..22,398(+)",hypothetical protein,53174,Not Assigned,,537,6,0,,,,,,,,,,,,,,,,,,,,,,,,,,,,,,,,,,,,,,,,False,False,False,False,False,False,False,False,False,False,False,False,False,False,False,False,False,False,True
B9J08_005575,B9J08_005575-t37_1,Candida auris strain B8441,"PEKT02000013:23,560..25,404(+)",hypothetical protein,70722,Not Assigned,,614,15,2,,,,,,,,,,,,,,,,,,,,,,,,,,,,,,,,,,,,,,,,False,False,False,False,False,False,False,False,False,False,False,False,False,False,False,False,False,False,True
B9J08_005576,B9J08_005576-t37_1,Candida auris strain B8441,"PEKT02000013:26,008..27,681(-)",hypothetical protein,60161,Not Assigned,,541,8,0,,,,,,,,,,,,,,,,,,,,,,,,,,,,,,,,,,,,,,,,False,False,False,False,False,False,False,False,False,False,False,False,False,False,False,False,False,False,True
B9J08_005583,B9J08_005583-t37_1,Candida auris strain B8441,"PEKT02000015:2,264..6,036(+)",hypothetical protein,82102,Not Assigned,,751,43,1,,,,,,,,,,,,,,,,,,,,,,,,,,,,,,,,,,,,,,,,False,False,False,False,False,False,False,False,False,False,False,False,False,False,False,False,False,False,True
