Beta FungiDB ID,Beta FungiDB Name
B9J08_000001,unspecified product
B9J08_000002,Major Facilitator Superfamily | domain-containing protein
B9J08_000003,ZIP Zinc transporter | domain-containing protein
B9J08_000004,unspecified product
B9J08_000005,unspecified product
B9J08_000006,unspecified product
B9J08_000007,CRAL/TRIO domain | domain-containing protein
B9J08_000008,Ferric reductase like transmembrane component | FAD-binding domain | Ferric reductase NAD binding domain | domain-containing protein
B9J08_000009,Glycosyl transferase family 21 | domain-containing protein
B9J08_000010,Choline/Carnitine o-acyltransferase | domain-containing protein
B9J08_000011,Autophagy protein ATG17-like domain | Autophagy-related protein 11 | domain-containing protein
B9J08_000012,ribose-phosphate diphosphokinase
B9J08_000013,dihydroxy-acid dehydratase
B9J08_000014,unspecified product
B9J08_000015,homocitrate synthase
B9J08_000016,EXS family | SPX domain | domain-containing protein
B9J08_000017,"Alpha/beta hydrolase family | Dual specificity phosphatase, catalytic domain | domain-containing protein"
B9J08_000018,P-type phospholipid transporter
B9J08_000019,unspecified product
B9J08_000020,"ATP synthase alpha/beta chain, C terminal domain | ATP synthase alpha/beta family, beta-barrel domain | ATP synthase alpha/beta family, nucleotide-binding domain | domain-containing protein"
B9J08_000021,unspecified product
B9J08_000022,unspecified product
B9J08_000023,Peptidase M1 N-terminal domain | ERAP1-like C-terminal domain | Peptidase family M1 domain | domain-containing protein
B9J08_000024,Rhodanese-like domain | domain-containing protein
B9J08_000025,PPIC-type PPIASE domain | domain-containing protein
B9J08_000026,Adenylate kinase | domain-containing protein
B9J08_000027,short chain dehydrogenase | domain-containing protein
B9J08_000028,Pan3 Pseudokinase domain | domain-containing protein
B9J08_000029,unspecified product
B9J08_000030,Perilipin protein | domain-containing protein
B9J08_000031,Nucleosome assembly protein (NAP) | domain-containing protein
B9J08_000032,ABC transporter | ABC transporter transmembrane region 2 | domain-containing protein
B9J08_000033,Major Facilitator Superfamily | domain-containing protein
B9J08_000034,Mitochondrial carrier protein | domain-containing protein
B9J08_000035,unspecified product
B9J08_000036,unspecified product
B9J08_000037,PreP C-terminal domain | Insulinase (Peptidase family M16) | Peptidase M16C associated | Peptidase M16 inactive domain | domain-containing protein
B9J08_000038,ribosomal protein L33
B9J08_000039,emp24/gp25L/p24 family/GOLD | domain-containing protein
B9J08_000040,unspecified product
B9J08_000041,Rad33 | domain-containing protein
B9J08_000042,Pyridoxal-phosphate dependent enzyme | domain-containing protein
B9J08_000043,unspecified product
B9J08_000044,Histone methylation protein DOT1 | domain-containing protein
B9J08_000045,HAND | Helicase conserved C-terminal domain | SNF2-related domain | SLIDE | domain-containing protein
B9J08_000046,Uracil DNA glycosylase superfamily | domain-containing protein
B9J08_000047,"OST3 / OST6 family, transporter family | domain-containing protein"
B9J08_000048,EamA-like transporter family | domain-containing protein
B9J08_000049,Yeast cell wall synthesis protein KRE9/KNH1 C-terminal | Kre9/KNH-like N-terminal Ig-like domain | domain-containing protein
B9J08_000050,Kre9/KNH-like N-terminal Ig-like domain | Yeast cell wall synthesis protein KRE9/KNH1 C-terminal | domain-containing protein
B9J08_000051,Mitochondrial genome maintenance MGM101 | domain-containing protein
B9J08_000052,unspecified product
B9J08_000053,MAS20 protein import receptor | domain-containing protein
B9J08_000054,Cellulase (glycosyl hydrolase family 5) | domain-containing protein
B9J08_000055,homoserine dehydrogenase
B9J08_000056,"Vacuolar membrane-associated protein Iml1, N-terminal domain | Domain found in Dishevelled, Egl-10, and Pleckstrin (DEP) | domain-containing protein"
B9J08_000057,SNO glutamine amidotransferase family | domain-containing protein
B9J08_000058,SOR/SNZ family | domain-containing protein
B9J08_000059,Peroxisomal biogenesis protein family | domain-containing protein
B9J08_000060,RasGEF N-terminal motif | RasGEF domain | domain-containing protein
B9J08_000061,Ribosome biogenesis protein SLX9 | domain-containing protein
B9J08_000062,Forkhead domain | FHA domain | domain-containing protein
B9J08_000063,proteasome endopeptidase complex
B9J08_000064,ribosomal L5P family C-terminus | Ribosomal protein L5 | domain-containing protein
B9J08_000065,Breast carcinoma amplified sequence 2 (BCAS2) | domain-containing protein
B9J08_000066,Ring finger domain | PHD-finger | domain-containing protein
B9J08_000067,Cofilin/tropomyosin-type actin-binding protein | domain-containing protein
B9J08_000068,STD1/MTH1 | domain-containing protein
B9J08_000069,unspecified product
B9J08_000070,unspecified product
B9J08_000071,Eisosome component PIL1 | domain-containing protein
B9J08_000072,Mpv17 / PMP22 family | domain-containing protein
B9J08_000073,Mpv17 / PMP22 family | domain-containing protein
B9J08_000074,Protein phosphatase 2A regulatory B subunit (B56 family) | domain-containing protein
B9J08_000075,IMP dehydrogenase / GMP reductase domain | CBS domain | domain-containing protein
B9J08_000076,Calponin homology (CH) domain | domain-containing protein
B9J08_000077,Ribosomal L28e protein family | Mak16 protein C-terminal region | domain-containing protein
B9J08_000078,RTA1 like protein | domain-containing protein
B9J08_000079,KilA-N domain | domain-containing protein
B9J08_000080,Transmembrane amino acid transporter protein | domain-containing protein
B9J08_000081,unspecified product
B9J08_000082,Ras family | domain-containing protein
B9J08_000083,unspecified product
B9J08_000084,ATP synthase complex subunit h | domain-containing protein
B9J08_000085,Afadin- and alpha -actinin-Binding | domain-containing protein
B9J08_000086,unspecified product
B9J08_000087,DNA helicase
B9J08_000088,Prefoldin subunit | domain-containing protein
B9J08_000089,unspecified product
B9J08_000090,Ribosomal protein 60S L18 and 50S L18e | domain-containing protein
B9J08_000091,Ribosomal protein S19e | domain-containing protein
B9J08_000092,"Dynein heavy chain, ATPase lid domain | P-loop containing dynein motor region D4 | Dynein heavy chain region D6 P-loop domain | Dynein heavy chain AAA lid domain | Dynein heavy chain AAA lid domain | P-loop containing dynein motor region | Hydrolytic ATP binding site of dynein motor region | Dynein heavy chain, N-terminal region 1 | Microtubule-binding stalk of dynein motor | Dynein heavy chain, N-terminal region 2 | ATP-binding dynein motor region | domain-containing protein"
B9J08_000093,EF-hand domain pair | Mitochondrial carrier protein | domain-containing protein
B9J08_000094,"Histidine kinase-, DNA gyrase B-, and HSP90-like ATPase | MutL C terminal dimerisation domain | DNA mismatch repair protein, C-terminal domain | domain-containing protein"
B9J08_000095,Fungal Zn(2)-Cys(6) binuclear cluster domain | domain-containing protein
B9J08_000096,Fungal Zn(2)-Cys(6) binuclear cluster domain | domain-containing protein
B9J08_000097,Carnosine N-methyltransferase | domain-containing protein
B9J08_000098,Ras family | domain-containing protein
B9J08_000099,Ca3427-like PBP | domain-containing protein
B9J08_000100,Protein-tyrosine phosphatase | domain-containing protein
B9J08_000101,KH domain | domain-containing protein
B9J08_000102,Hsp70 protein | domain-containing protein
B9J08_000103,non-specific serine/threonine protein kinase
B9J08_000104,unspecified product
B9J08_000105,"NUDIX domain | Dcp2, box A domain | domain-containing protein"
B9J08_000106,ATP10 protein | domain-containing protein
B9J08_000107,Ribosomal protein S10p/S20e | domain-containing protein
B9J08_000108,Protein phosphatase 2C | domain-containing protein
B9J08_000109,"Exosome RNA helicase MTR4-like, stalk | DEAD/DEAH box helicase | Ski2, beta-barrel domain | DSHCT (NUC185) domain | Ski2 N-terminal region | Helicase conserved C-terminal domain | domain-containing protein"
B9J08_000110,unspecified product
B9J08_000111,ATPase family associated with various cellular activities (AAA) | AAA+ lid domain | domain-containing protein
B9J08_000112,Pex19 protein family | domain-containing protein
B9J08_000113,Ubiquitin-conjugating enzyme | domain-containing protein
B9J08_000114,6-phosphofructo-2-kinase | Histidine phosphatase superfamily (branch 1) | domain-containing protein
B9J08_000115,Peptidase family S64 | domain-containing protein
B9J08_000116,unspecified product
B9J08_000117,unspecified product
B9J08_000118,unspecified product
B9J08_000119,unspecified product
B9J08_000120,"Tsr1, G-like domain | 40S ribosome biogenesis protein Tsr1 and BMS1 C-terminal | AARP2CN (NUC121) domain | domain-containing protein"
B9J08_000121,C2H2 type zinc-finger (2 copies) | domain-containing protein
B9J08_000122,DnaJ domain | DnaJ C terminal domain | DnaJ central domain | domain-containing protein
B9J08_000123,Vacuolar protein 14 C-terminal Fig4p binding | Vacuolar 14 Fab1-binding region | domain-containing protein
B9J08_000124,unspecified product
B9J08_000127,Pyridine nucleotide-disulphide oxidoreductase | domain-containing protein
B9J08_000128,Lipase (class 3) | domain-containing protein
B9J08_000129,Uncharacterised protein family (UPF0203) | domain-containing protein
B9J08_000130,DASH complex subunit Ask1 | domain-containing protein
B9J08_000131,RhoGAP domain | LIM domain | domain-containing protein
B9J08_000132,Anp1 | domain-containing protein
B9J08_000133,SMC proteins Flexible Hinge Domain | RecF/RecN/SMC N terminal domain | domain-containing protein
B9J08_000134,Integral peroxisomal membrane peroxin | domain-containing protein
B9J08_000135,Prp18 domain | domain-containing protein
B9J08_000136,Ribosomal L38e protein family | domain-containing protein
B9J08_000137,"TFIIF, beta subunit N-terminus | TFIIF, beta subunit HTH domain | domain-containing protein"
B9J08_000138,"Arginine-tRNA-protein transferase, N terminus | Arginine-tRNA-protein transferase, C terminus | domain-containing protein"
B9J08_000139,LicD family | domain-containing protein
B9J08_000140,Cytochrome c oxidase subunit VIa | domain-containing protein
B9J08_000141,"WD domain, G-beta repeat | domain-containing protein"
B9J08_000142,Ribosomal protein S26e | domain-containing protein
B9J08_000143,Cytochrome c oxidase subunit Vb | domain-containing protein
B9J08_000144,"D-isomer specific 2-hydroxyacid dehydrogenase, NAD binding domain | D-isomer specific 2-hydroxyacid dehydrogenase, catalytic domain | domain-containing protein"
B9J08_000145,Actin cytoskeleton-regulatory complex protein SLA1
B9J08_000146,MT-A70 | domain-containing protein
B9J08_000147,2-hydroxy-palmitic acid dioxygenase Mpo1-like | domain-containing protein
B9J08_000148,"STT3/PglB/AglB core domain | Oligosaccharyl transferase STT3, N-terminal | domain-containing protein"
B9J08_000149,FYVE zinc finger | domain-containing protein
B9J08_000150,Succinate dehydrogenase/Fumarate reductase transmembrane subunit | domain-containing protein
B9J08_000151,unspecified product
B9J08_000152,Minimal binding motif of Hap4 for binding to Hap2/3/5 | domain-containing protein
B9J08_000153,DASH complex subunit Hsk3 like | domain-containing protein
B9J08_000154,Cytochrome c oxidase biogenesis protein Cmc1 like | domain-containing protein
B9J08_000155,Spc24 subunit of Ndc80 | domain-containing protein
B9J08_000156,Mitochondrial ribosomal protein L31 | domain-containing protein
B9J08_000157,ECL1/2/3 zinc binding proteins | domain-containing protein
B9J08_000158,unspecified product
B9J08_000159,unspecified product
B9J08_000160,PWI domain | domain-containing protein
B9J08_000161,PRP39 C-terminal HAT repeat | PRP39 N-terminal HAT repeat | domain-containing protein
B9J08_000162,DNA repair protein rhp7 treble clef domain | domain-containing protein
B9J08_000163,tRNAHis guanylyltransferase
B9J08_000164,ABC-2 type transporter | ABC-transporter N-terminal | ABC transporter | CDR ABC transporter | domain-containing protein
B9J08_000165,Ubiquitin family | domain-containing protein
B9J08_000166,Pre-mRNA-splicing factor Syf1/CNRKL1 N-terminal HAT repeat | domain-containing protein
B9J08_000168,FAD-binding domain | Ferric reductase like transmembrane component | Ferric reductase NAD binding domain | domain-containing protein
B9J08_000169,sulfiredoxin
B9J08_000170,Iron permease FTR1 family | domain-containing protein
B9J08_000171,Protein kinase domain | domain-containing protein
B9J08_000172,Sugar (and other) transporter | domain-containing protein
B9J08_000173,Cytochrome C1 family | domain-containing protein
B9J08_000174,Cys/Met metabolism PLP-dependent enzyme | domain-containing protein
B9J08_000175,"haloacid dehalogenase-like hydrolase | Cation transporter/ATPase, N-terminus | Cation transporting ATPase, C-terminus | E1-E2 ATPase | Cation transport ATPase (P-type) | domain-containing protein"
B9J08_000176,unspecified product
B9J08_000177,"WD domain, G-beta repeat | domain-containing protein"
B9J08_000178,SCP-2 sterol transfer family | domain-containing protein
B9J08_000179,Regular of rDNA transcription protein 14 | domain-containing protein
B9J08_000180,RNAPII transcription regulator C-terminal | Dos2-interacting transcription regulator of RNA-Pol-II | domain-containing protein
B9J08_000181,Cell morphogenesis central region | Cell morphogenesis N-terminal | Cell morphogenesis C-terminal | domain-containing protein
B9J08_000182,"DRG Family Regulatory Proteins, Tma46 | Zinc finger C-x8-C-x5-C-x3-H type (and similar) | domain-containing protein"
B9J08_000183,"Phosphatidate phosphatase APP1, catalytic domain | domain-containing protein"
B9J08_000184,"Fes/CIP4, and EFC/F-BAR homology domain | SH3 domain | domain-containing protein"
B9J08_000185,Ribosomal protein S7e | domain-containing protein
B9J08_000186,ribose-5-phosphate isomerase
B9J08_000187,ADP-ribosylation factor family | domain-containing protein
B9J08_000188,RNA helicase
B9J08_000189,ABC1 atypical kinase-like domain | domain-containing protein
B9J08_000190,Fusaric acid resistance protein-like | Brefeldin A-sensitivity protein 4-like domain | domain-containing protein
B9J08_000192,DNA-directed RNA polymerase
B9J08_000193,Methyltransferase small domain | domain-containing protein
B9J08_000194,"Zinc knuckle | Splicing factor 1 helix-hairpin domain | KHDC4/BBP-like, KH-domain type I | domain-containing protein"
B9J08_000195,Steryl acetyl hydrolase | domain-containing protein
B9J08_000196,unspecified product
B9J08_000197,unspecified product
B9J08_000198,"WD domain, G-beta repeat | domain-containing protein"
B9J08_000199,unspecified product
B9J08_000200,"tRNA synthetases class I (I, L, M and V) | tRNA synthetases class I (M) | Anticodon-binding domain of tRNA ligase | Leucyl-tRNA synthetase, editing domain | domain-containing protein"
B9J08_000201,Pentacotripeptide-repeat region of PRORP | domain-containing protein
B9J08_000202,Endoribonuclease L-PSP | Diphthamide synthase | domain-containing protein
B9J08_000203,S4 domain | Ribosomal protein S4/S9 N-terminal domain | domain-containing protein
B9J08_000204,"CUX1-like, N-terminal tRNA-binding arm | CASP C terminal | domain-containing protein"
B9J08_000205,unspecified product
B9J08_000206,Sec23/Sec24 trunk domain | Sec23/Sec24 helical domain | domain-containing protein
B9J08_000207,unspecified product
B9J08_000208,Rhomboid domain | domain-containing protein
B9J08_000209,60s Acidic ribosomal protein | domain-containing protein
B9J08_000210,unspecified product
B9J08_000211,unspecified product
B9J08_000213,"Dynamin-like GTPase MGM1-like, lipid interacting stalk | Dynamin family | domain-containing protein"
B9J08_000214,unspecified product
B9J08_000215,RNA polymerases N / 8 kDa subunit | domain-containing protein
B9J08_000216,Peptidase dimerisation domain | Peptidase family M20/M25/M40 | domain-containing protein
B9J08_000217,Ribosomal L27 protein C-terminal domain | Ribosomal L27 protein | domain-containing protein
B9J08_000220,unspecified product
B9J08_000221,unspecified product
B9J08_000222,PLD-like domain | domain-containing protein
B9J08_000223,GTP-binding protein YchF
B9J08_000224,unspecified product
B9J08_000225,SGF29 tudor-like domain | domain-containing protein
B9J08_000226,RNA recognition motif | domain-containing protein
B9J08_000227,unspecified product
B9J08_000228,"RhoGEF domain | Bud3, N-terminal | BUD3 C-terminal PH domain | domain-containing protein"
B9J08_000229,3-isopropylmalate dehydrogenase
B9J08_000230,cysteine desulfurase
B9J08_000231,Mitochondrial carrier protein | domain-containing protein
B9J08_000232,Sister chromatid cohesion protein Dcc1 | domain-containing protein
B9J08_000233,Ribosomal protein L30p/L7e | domain-containing protein
B9J08_000234,RFX BCD domain | RFX DNA-binding domain | domain-containing protein
B9J08_000235,"WD domain, G-beta repeat | domain-containing protein"
B9J08_000236,DnaJ C terminal domain | DnaJ domain | domain-containing protein
B9J08_000237,"MBOAT, membrane-bound O-acyltransferase family | domain-containing protein"
B9J08_000238,HIT domain | domain-containing protein
B9J08_000239,Got1/Sft2-like family | domain-containing protein
B9J08_000240,Ubiquitin-2 like Rad60 SUMO-like | domain-containing protein
B9J08_000241,unspecified product
B9J08_000242,ThiF family | Rhodanese-like domain | domain-containing protein
B9J08_000243,emp24/gp25L/p24 family/GOLD | domain-containing protein
B9J08_000244,Tyrosine phosphatase family | domain-containing protein
B9J08_000245,ESF1 RRM domain | NUC153 domain | domain-containing protein
B9J08_000246,TLD | domain-containing protein
B9J08_000247,Inositolphosphorylceramide synthase subunit Kei1 | domain-containing protein
B9J08_000248,"Serine/threonine-protein kinase RIO1, non-specific serine/threonine protein kinase"
B9J08_000249,unspecified product
B9J08_000250,Helix-loop-helix DNA-binding domain | domain-containing protein
B9J08_000251,Aminopeptidase I zinc metalloprotease (M18) | domain-containing protein
B9J08_000252,unspecified product
B9J08_000253,FAD dependent oxidoreductase | domain-containing protein
B9J08_000254,Ribosomal S17 | domain-containing protein
B9J08_000255,"SWIRM domain | Myb-like DNA-binding domain | Zinc finger, ZZ type | Transcriptional adapter 2-alpha-like domain | domain-containing protein"
B9J08_000256,unspecified product
B9J08_000257,PRP39 N-terminal HAT repeat | U3 small nucleolar RNA-associated protein 6 | domain-containing protein
B9J08_000258,Ctr copper transporter family | domain-containing protein
B9J08_000259,unspecified product
B9J08_000260,Translation initiation factor eIF2B subunit epsilon
B9J08_000261,squalene monooxygenase
B9J08_000262,Sodium/calcium exchanger protein | domain-containing protein
B9J08_000263,"Cyclin, N-terminal domain | domain-containing protein"
B9J08_000264,T-complex protein 1 subunit alpha
B9J08_000266,unspecified product
B9J08_000267,Steryl acetyl hydrolase | domain-containing protein
B9J08_000268,unspecified product
B9J08_000269,Ras family | domain-containing protein
B9J08_000270,Fungal Zn(2)-Cys(6) binuclear cluster domain | Fungal specific transcription factor domain | domain-containing protein
B9J08_000271,CBP4 | domain-containing protein
B9J08_000272,Clathrin adaptor complex small chain | domain-containing protein
B9J08_000273,Kynureninase C-terminal domain | Aminotransferase class-V | domain-containing protein
B9J08_000274,phosphopyruvate hydratase
B9J08_000275,Proteasome subunit A N-terminal signature | Proteasome subunit | domain-containing protein
B9J08_000276,Hsp70 protein | domain-containing protein
B9J08_000277,F-box-like | domain-containing protein
B9J08_000278,THUMP domain | domain-containing protein
B9J08_000279,ER membrane protein complex subunit 4 | domain-containing protein
B9J08_000280,Vacuolar protein sorting 55 | domain-containing protein
B9J08_000281,"Histone-binding protein RBBP4 or subunit C of CAF1 complex | WD domain, G-beta repeat | domain-containing protein"
B9J08_000282,PHD-finger | domain-containing protein
B9J08_000283,Uncharacterised protein family UPF0047 | domain-containing protein
B9J08_000284,Pyoverdine/dityrosine biosynthesis protein | domain-containing protein
B9J08_000285,Protein kinase domain | domain-containing protein
B9J08_000286,CBF/Mak21 family | domain-containing protein
B9J08_000287,Ras family | domain-containing protein
B9J08_000288,protein kinase C
B9J08_000289,"MIOS, alpha-solenoid | MIOS, WD40 repeat | Zinc-ribbon like family | domain-containing protein"
B9J08_000290,non-specific serine/threonine protein kinase
B9J08_000291,Protein kinase C terminal domain | Protein kinase domain | domain-containing protein
B9J08_000292,unspecified product
B9J08_000293,Mitochondrial ribosomal protein L28 | domain-containing protein
B9J08_000294,Histone acetyltransferase subunit NuA4 | domain-containing protein
B9J08_000295,unspecified product
B9J08_000296,"Exocyst complex component EXOC6/Sec15, N-terminal | Exocyst complex subunit Sec15 C-terminal | domain-containing protein"
B9J08_000297,Alpha and gamma adaptin binding protein p34 | domain-containing protein
B9J08_000298,Ureidoglycolate lyase | domain-containing protein
B9J08_000299,Dynamin family | domain-containing protein
B9J08_000300,unspecified product
B9J08_000301,Major Facilitator Superfamily | domain-containing protein
B9J08_000302,Signal recognition particle 14kD protein | domain-containing protein
B9J08_000303,UBX domain | domain-containing protein
B9J08_000306,"Protein farnesyltransferase subunit beta, protein farnesyltransferase"
B9J08_000307,protein-tyrosine-phosphatase
B9J08_000308,unspecified product
B9J08_000309,unspecified product
B9J08_000310,Nup53/35/40-type RNA recognition motif | domain-containing protein
B9J08_000311,"3' exoribonuclease family, domain 1 | domain-containing protein"
B9J08_000312,SpoU rRNA Methylase family | domain-containing protein
B9J08_000313,"Haem-dependent oxidative N-demethylase, alpha subunit-like | domain-containing protein"
B9J08_000314,PX domain | domain-containing protein
B9J08_000315,unspecified product
B9J08_000316,unspecified product
B9J08_000317,Kinesin motor domain | domain-containing protein
B9J08_000319,Adenosine deaminase | domain-containing protein
B9J08_000320,phosphoglycerate dehydrogenase
B9J08_000321,Sugar (and other) transporter | domain-containing protein
B9J08_000322,Thioredoxin | domain-containing protein
B9J08_000323,"26S proteasome regulatory subunit RPN2 C-terminal domain | 26S proteasome subunit RPN2, N-terminal domain | HEAT repeats | Proteasome/cyclosome repeat | domain-containing protein"
B9J08_000324,Diacylglycerol kinase catalytic domain | YegS C-terminal NAD kinase beta sandwich-like domain | domain-containing protein
B9J08_000325,unspecified product
B9J08_000326,Flavin containing amine oxidoreductase | domain-containing protein
B9J08_000327,RNA recognition motif | domain-containing protein
B9J08_000328,RF-1 domain | PCRF domain | domain-containing protein
B9J08_000329,unspecified product
B9J08_000330,Methyltransferase domain | domain-containing protein
B9J08_000331,26S proteasome subunit RPN6 C-terminal helix domain | 26S proteasome regulatory subunit RPN6 N-terminal domain | PCI domain | domain-containing protein
B9J08_000332,Nuclear pore protein 84 / 107 | domain-containing protein
B9J08_000333,PRP38 family | domain-containing protein
B9J08_000334,Bin/amphiphysin/Rvs domain for vesicular trafficking | domain-containing protein
B9J08_000335,ADP-ribosylation factor family | domain-containing protein
B9J08_000336,unspecified product
B9J08_000337,Preprotein translocase subunit Sec66 | domain-containing protein
B9J08_000338,"Exocyst complex component SEC3 N-terminal PIP2 binding PH | Exocyst complex component Sec3, coiled-coil | Exocyst complex component Sec3, C-terminal | domain-containing protein"
B9J08_000339,Cytochrome c oxidase subunit IV | domain-containing protein
B9J08_000340,Protein kinase domain | domain-containing protein
B9J08_000341,GATA zinc finger | domain-containing protein
B9J08_000342,Mitochondrial carrier protein | domain-containing protein
B9J08_000343,Thioredoxin-like domain | domain-containing protein
B9J08_000344,thiol oxidase
B9J08_000345,5'-deoxynucleotidase
B9J08_000346,"Ribosomal proteins 50S-L15, 50S-L18e, 60S-L27A | domain-containing protein"
B9J08_000347,Sugar (and other) transporter | domain-containing protein
B9J08_000348,Fungal Zn(2)-Cys(6) binuclear cluster domain | ERT1/acuK family PAS domain | domain-containing protein
B9J08_000349,Phytanoyl-CoA dioxygenase (PhyH) | domain-containing protein
B9J08_000350,"Oxidoreductase family, NAD-binding Rossmann fold | GFO/IDH/MocA C-terminal domain | domain-containing protein"
B9J08_000351,Putative tRNA binding domain | Nuclear-export cofactor Arc1p | domain-containing protein
B9J08_000352,RNA cap guanine-N2 methyltransferase | domain-containing protein
B9J08_000353,eRF1 domain 1 | eRF1 domain 3 | eRF1 domain 2 | domain-containing protein
B9J08_000354,EF-hand domain pair | EF-hand domain | domain-containing protein
B9J08_000355,RecF/RecN/SMC N terminal domain | domain-containing protein
B9J08_000356,glutamate-tRNA ligase
B9J08_000357,unspecified product
B9J08_000358,Mitochondrial peculiar membrane protein 1 | domain-containing protein
B9J08_000359,Vacuolar protein sorting 55 | domain-containing protein
B9J08_000360,unspecified product
B9J08_000361,unspecified product
B9J08_000362,Possible lysine decarboxylase | domain-containing protein
B9J08_000363,carbonic anhydrase
B9J08_000364,Helicase conserved C-terminal domain | SNF2-related domain | domain-containing protein
B9J08_000365,"glucan 1,4-alpha-glucosidase"
B9J08_000366,Membrane magnesium transporter | domain-containing protein
B9J08_000367,Fatty acid hydroxylase | domain-containing protein
B9J08_000368,Major Facilitator Superfamily | domain-containing protein
B9J08_000369,unspecified product
B9J08_000370,Enoyl-(Acyl carrier protein) reductase | domain-containing protein
B9J08_000371,Gtr1/RagA G protein conserved region | domain-containing protein
B9J08_000372,CDC20/Fizzy WD40 domain | domain-containing protein
B9J08_000373,DIE2/ALG10 family | domain-containing protein
B9J08_000374,SMI1 / KNR4 family (SUKH-1) | domain-containing protein
B9J08_000375,unspecified product
B9J08_000376,unspecified product
B9J08_000377,peptidyl-tRNA hydrolase
B9J08_000378,Myb-like DNA-binding domain | domain-containing protein
B9J08_000379,anthranilate synthase
B9J08_000380,unspecified product
B9J08_000381,UBA-like domain | SEP domain | UBX domain | domain-containing protein
B9J08_000382,5-methyltetrahydropteroyltriglutamate-homocysteine S-methyltransferase
B9J08_000383,Glucose signalling factor 2 | domain-containing protein
B9J08_000384,X8 domain | Glucanosyltransferase | domain-containing protein
B9J08_000385,unspecified product
B9J08_000388,NDT80 / PhoG like DNA-binding  family | domain-containing protein
B9J08_000389,alpha/beta hydrolase fold | domain-containing protein
B9J08_000390,Mitochondrial carrier protein | domain-containing protein
B9J08_000391,FAM210A/B-like domain | domain-containing protein
B9J08_000392,ThiF family | domain-containing protein
B9J08_000393,AdoMet dependent proline di-methyltransferase | domain-containing protein
B9J08_000394,GINS complex protein helical bundle domain | PSF3 N-terminal domain | domain-containing protein
B9J08_000395,Tetratricopeptide repeat | Tetratricopeptide repeat | domain-containing protein
B9J08_000396,Spc7 kinetochore protein | MELT motif | domain-containing protein
B9J08_000397,Peroxisomal biogenesis factor 11 (PEX11) | domain-containing protein
B9J08_000398,Eukaryotic aspartyl protease | domain-containing protein
B9J08_000399,unspecified product
B9J08_000400,ALG3 protein | domain-containing protein
B9J08_000401,unspecified product
B9J08_000402,LisH | domain-containing protein
B9J08_000403,unspecified product
B9J08_000404,"WD domain, G-beta repeat | domain-containing protein"
B9J08_000405,Voltage gated chloride channel | domain-containing protein
B9J08_000406,AAR2 C-terminal repeat region | AAR2 N-terminal domain | domain-containing protein
B9J08_000407,unspecified product
B9J08_000408,Glucosyltransferase 24 | Thioredoxin-like domain | Thioredoxin-like domain | UDP-glucose:Glycoprotein Glucosyltransferase | Thioredoxin-like domain | domain-containing protein
B9J08_000409,"MTHFR, SAM-binding regulatory domain | Methylenetetrahydrofolate reductase | domain-containing protein"
B9J08_000410,TLD | domain-containing protein
B9J08_000411,Asp/Glu/Hydantoin racemase | domain-containing protein
B9J08_000412,Rad9 | domain-containing protein
B9J08_000413,Mitochondrial pyruvate carriers | domain-containing protein
B9J08_000414,Fungal Zn(2)-Cys(6) binuclear cluster domain | domain-containing protein
B9J08_000415,unspecified product
B9J08_000417,CDC24 Calponin | RhoGEF domain | PB1 domain | Pleckstrin homology domain | domain-containing protein
B9J08_000418,Ferric reductase like transmembrane component | Ferric reductase NAD binding domain | FAD-binding domain | domain-containing protein
B9J08_000419,electron-transferring-flavoprotein dehydrogenase
B9J08_000420,GDS1 winged helix domain | domain-containing protein
B9J08_000421,Cupin-like domain | domain-containing protein
B9J08_000422,"Cyclin, N-terminal domain | domain-containing protein"
B9J08_000423,OTU-like cysteine protease | domain-containing protein
B9J08_000424,Cytochrome c/c1 heme lyase | domain-containing protein
B9J08_000425,PPR repeat | domain-containing protein
B9J08_000427,Golgin subfamily A member 7/ERF4 family | domain-containing protein
B9J08_000428,tRNA pseudouridine55 synthase
B9J08_000429,unspecified product
B9J08_000430,Macro domain | domain-containing protein
B9J08_000431,Dynamin GTPase effector domain | Dynamin central region | Dynamin family | domain-containing protein
B9J08_000432,Protein kinase domain | domain-containing protein
B9J08_000433,adenosylmethionine decarboxylase
B9J08_000434,Mitochondrial carrier protein | domain-containing protein
B9J08_000435,P-type phospholipid transporter
B9J08_000436,"CrcB-like protein, Camphor Resistance (CrcB) | domain-containing protein"
B9J08_000437,Ubiquitin-conjugating enzyme | domain-containing protein
B9J08_000438,unspecified product
B9J08_000439,unspecified product
B9J08_000440,unspecified product
B9J08_000441,unspecified product
B9J08_000442,"AAA domain | Type III restriction enzyme, res subunit | RNA helicase UPF1, 1B domain | AAA domain | RNA helicase (UPF2 interacting domain) | domain-containing protein"
B9J08_000443,GTPase-activator protein for Ras-like GTPase | C2 domain | domain-containing protein
B9J08_000444,"CRAL/TRIO domain | CRAL/TRIO, N-terminal domain | domain-containing protein"
B9J08_000445,"CAF17, C-terminal beta-barrel domain | domain-containing protein"
B9J08_000446,Choline/Carnitine o-acyltransferase | domain-containing protein
B9J08_000447,"Zinc finger, C2H2 type | domain-containing protein"
B9J08_000448,unspecified product
B9J08_000449,Amino acid permease | domain-containing protein
B9J08_000450,Major Facilitator Superfamily | domain-containing protein
B9J08_000451,Fungal Zn(2)-Cys(6) binuclear cluster domain | domain-containing protein
B9J08_000452,DASH complex subunit Dad4 | domain-containing protein
B9J08_000454,unspecified product
B9J08_000456,unspecified product
B9J08_000457,Uncharacterised protein (DUF2406) | domain-containing protein
B9J08_000458,Protein kinase domain | domain-containing protein
B9J08_000459,emp24/gp25L/p24 family/GOLD | domain-containing protein
B9J08_000460,Aminotransferase class I and II | domain-containing protein
B9J08_000461,Ribosomal protein S27 | domain-containing protein
B9J08_000462,Calcineurin-like phosphoesterase | Serine-threonine protein phosphatase N-terminal domain | domain-containing protein
B9J08_000463,AAA-ATPase Vps4-associated protein 1 | domain-containing protein
B9J08_000464,Signal recognition particle receptor beta subunit | domain-containing protein
B9J08_000465,chorismate synthase
B9J08_000466,unspecified product
B9J08_000467,"Zinc finger, C2H2 type | domain-containing protein"
B9J08_000468,"Zinc finger, C2H2 type | domain-containing protein"
B9J08_000469,dihydrolipoyllysine-residue succinyltransferase
B9J08_000471,Membrane-associating domain | domain-containing protein
B9J08_000472,unspecified product
B9J08_000473,ML-like domain | Transient receptor potential (TRP) ion channel | domain-containing protein
B9J08_000474,"Phosphoinositide 3-kinase family, accessory domain (PIK domain) | Phosphatidylinositol 3- and 4-kinase | PI4-kinase N-terminal region | domain-containing protein"
B9J08_000475,eIF-6 family | domain-containing protein
B9J08_000476,"Clp amino terminal domain, pathogenicity island component | ATPase family associated with various cellular activities (AAA) | AAA lid domain | C-terminal, D2-small domain, of ClpB protein | AAA domain (Cdc48 subfamily) | domain-containing protein"
B9J08_000478,YCII-related domain | domain-containing protein
B9J08_000479,ABC-2 type transporter | ABC-2 type transporter | ABC transporter | CDR ABC transporter | ABC-transporter N-terminal | domain-containing protein
B9J08_000480,"AAA+ lid domain | Cell division protein 48 (CDC48), domain 2 | Cell division protein 48 (CDC48), N-terminal domain | ATPase family associated with various cellular activities (AAA) | Vps4 C terminal oligomerisation domain | domain-containing protein"
B9J08_000481,unspecified product
B9J08_000482,Sodium/calcium exchanger protein | domain-containing protein
B9J08_000483,Hsp70 protein | domain-containing protein
B9J08_000484,Glycine cleavage H-protein | domain-containing protein
B9J08_000485,Synaptobrevin | domain-containing protein
B9J08_000486,Actin | domain-containing protein
B9J08_000487,FAD binding domain | Cytochrome b5-like Heme/Steroid binding domain | domain-containing protein
B9J08_000488,Helicase conserved C-terminal domain | SNF2-related domain | Rad54 N terminal | domain-containing protein
B9J08_000489,RanGTP-binding protein | domain-containing protein
B9J08_000490,unspecified product
B9J08_000491,Cytochrome b5-like Heme/Steroid binding domain | FMN-dependent dehydrogenase | domain-containing protein
B9J08_000492,Myosin head (motor domain) | DIL domain | IQ calmodulin-binding motif | domain-containing protein
B9J08_000493,unspecified product
B9J08_000494,SPX domain | Citrate transporter | domain-containing protein
B9J08_000495,Ubiquitin carboxyl-terminal hydrolase | domain-containing protein
B9J08_000496,5-formyltetrahydrofolate cyclo-ligase family | SET domain | domain-containing protein
B9J08_000497,Maf1 regulator | domain-containing protein
B9J08_000498,inorganic diphosphatase
B9J08_000499,DNA topoisomerase (ATP-hydrolysing)
B9J08_000500,"Chitin synthesis regulation, resistance to Congo red | domain-containing protein"
B9J08_000501,"Cytosolic domain of 10TM putative phosphate transporter | Calcium-dependent channel, 7TM region, putative phosphate | Late exocytosis, associated with Golgi transport | Extracellular tail, of 10TM putative phosphate transporter | domain-containing protein"
B9J08_000502,unspecified product
B9J08_000503,Sugar (and other) transporter | domain-containing protein
B9J08_000504,SacI homology domain | Endonuclease/Exonuclease/phosphatase family 2 | domain-containing protein
B9J08_000505,unspecified product
B9J08_000506,ATP synthase subunit D | domain-containing protein
B9J08_000507,succinate dehydrogenase
B9J08_000508,Protein kinase domain | domain-containing protein
B9J08_000509,Calcineurin-like phosphoesterase | domain-containing protein
B9J08_000510,"RhoGEF domain | Domain found in Dishevelled, Egl-10, and Pleckstrin (DEP) | CNH domain | Pleckstrin homology domain | domain-containing protein"
B9J08_000511,GNS1/SUR4 family | domain-containing protein
B9J08_000512,Thioesterase-like superfamily | domain-containing protein
B9J08_000513,HECT-type E3 ubiquitin transferase
B9J08_000514,Rad52/22 family double-strand break repair protein | domain-containing protein
B9J08_000515,"E1 NEDD8-activating enzyme, NEDD8-activating enzyme E1 catalytic subunit"
B9J08_000516,alpha/beta hydrolase fold | domain-containing protein
B9J08_000517,Multicopper oxidase | Multicopper oxidase | Multicopper oxidase | domain-containing protein
B9J08_000518,Adaptor complexes medium subunit family | domain-containing protein
B9J08_000519,Dolichol phosphate-mannose biosynthesis regulatory protein (DPM2) | domain-containing protein
B9J08_000520,"Lethal giant larvae(Lgl) like, C-terminal | domain-containing protein"
B9J08_000521,unspecified product
B9J08_000522,serine-tRNA ligase
B9J08_000523,Peptidase family M3 | domain-containing protein
B9J08_000524,non-specific serine/threonine protein kinase
B9J08_000525,Intermembrane space protein MIX23 | domain-containing protein
B9J08_000526,unspecified product
B9J08_000527,Snf7 | domain-containing protein
B9J08_000528,superoxide dismutase
B9J08_000529,PX domain | Vps5 C terminal like | domain-containing protein
B9J08_000530,unspecified product
B9J08_000531,Dpy-30 motif | domain-containing protein
B9J08_000532,"Syntaxin 6/10/61, N-terminal | SNARE domain | domain-containing protein"
B9J08_000533,"Transcription initiation factor IID, 18kD subunit | domain-containing protein"
B9J08_000534,unspecified product
B9J08_000535,G-patch domain | domain-containing protein
B9J08_000536,Yeast mitochondrial distribution and morphology (MDM) proteins | domain-containing protein
B9J08_000537,Krr1 KH1 domain | Eukaryotic type KH-domain (KH-domain type I) (327.11.2) | domain-containing protein
B9J08_000538,Acetyltransferase (GNAT) family | domain-containing protein
B9J08_000539,Transport protein particle (TRAPP) component | domain-containing protein
B9J08_000540,unspecified product
B9J08_000541,unspecified product
B9J08_000542,protein-tyrosine-phosphatase
B9J08_000543,Thioredoxin | domain-containing protein
B9J08_000544,SET domain | domain-containing protein
B9J08_000545,Translation initiation factor eIF3 subunit | domain-containing protein
B9J08_000546,unspecified product
B9J08_000547,unspecified product
B9J08_000548,Magnesium transporter MRS2-like | domain-containing protein
B9J08_000549,Protein kinase domain | domain-containing protein
B9J08_000550,"WD domain, G-beta repeat | domain-containing protein"
B9J08_000551,Uncharacterised protein family (UPF0220) | domain-containing protein
B9J08_000552,Protein kinase domain | domain-containing protein
B9J08_000553,unspecified product
B9J08_000554,"Ribosomal protein L23, N-terminal domain | Ribosomal protein L23 | domain-containing protein"
B9J08_000555,LIM domain | domain-containing protein
B9J08_000556,VTT domain | domain-containing protein
B9J08_000557,unspecified product
B9J08_000558,Major Facilitator Superfamily | domain-containing protein
B9J08_000559,S-formylglutathione hydrolase
B9J08_000560,"Grap2 and cyclin-D-interacting, N-terminal | domain-containing protein"
B9J08_000561,WH2 motif | WH1 domain | domain-containing protein
B9J08_000562,unspecified product
B9J08_000563,"CobW/HypB/UreG, nucleotide-binding domain | Cobalamin synthesis protein cobW C-terminal domain | domain-containing protein"
B9J08_000565,Ribosomal protein L17 | domain-containing protein
B9J08_000566,3-dehydrosphinganine reductase
B9J08_000567,Altered inheritance of mitochondria 5 | domain-containing protein
B9J08_000568,ferric-chelate reductase (NADPH)
B9J08_000569,Mitochondrial 39-S ribosomal protein L47 (MRP-L47) | domain-containing protein
B9J08_000570,LSM domain | domain-containing protein
B9J08_000571,unspecified product
B9J08_000572,Secretory pathway protein Sec39 | domain-containing protein
B9J08_000573,PIF1-like helicase | domain-containing protein
B9J08_000574,"DNA helicase Pif1, 2B domain | domain-containing protein"
B9J08_000575,DEAD/DEAH box helicase | domain-containing protein
B9J08_000576,Neuropathy Target Esterase family P-loop like domain | Patatin-like phospholipase | domain-containing protein
B9J08_000577,Aminotransferase class I and II | domain-containing protein
B9J08_000578,unspecified product
B9J08_000579,Phosphotransferase enzyme family | domain-containing protein
B9J08_000580,Mss4 protein | domain-containing protein
B9J08_000581,long-chain-alcohol oxidase
B9J08_000582,Sugar (and other) transporter | domain-containing protein
B9J08_000583,unspecified product
B9J08_000584,Putative GTPase activating protein for Arf | domain-containing protein
B9J08_000586,unspecified product
B9J08_000587,Profilin | domain-containing protein
B9J08_000588,"ThiF family | Ubiquitin-activating enzyme, SCCH domain | domain-containing protein"
B9J08_000589,Glycosyl transferase family 2 | domain-containing protein
B9J08_000590,RNA recognition motif | Zn-finger in Ran binding protein and others | domain-containing protein
B9J08_000591,"Calcium-dependent channel, 7TM region, putative phosphate | Late exocytosis, associated with Golgi transport | Cytosolic domain of 10TM putative phosphate transporter | domain-containing protein"
B9J08_000592,Fungal Zn(2)-Cys(6) binuclear cluster domain | domain-containing protein
B9J08_000593,SH3 domain | PX domain | domain-containing protein
B9J08_000594,PX domain | SH3 domain | domain-containing protein
B9J08_000595,unspecified product
B9J08_000596,Protein kinase domain | domain-containing protein
B9J08_000597,unspecified product
B9J08_000598,ubiquitinyl hydrolase 1
B9J08_000599,SAC3/GANP family | domain-containing protein
B9J08_000600,unspecified product
B9J08_000601,Sel1 repeat | domain-containing protein
B9J08_000602,"Peptidase family M1 domain | Leukotriene A4 hydrolase, C-terminal | Peptidase M1 N-terminal domain | domain-containing protein"
B9J08_000603,PRA1 family protein | domain-containing protein
B9J08_000604,Ribosomal protein S8 | domain-containing protein
B9J08_000605,Ribosomal protein S11 | domain-containing protein
B9J08_000606,"Haem-dependent oxidative N-demethylase, alpha subunit-like | domain-containing protein"
B9J08_000607,Major Facilitator Superfamily | domain-containing protein
B9J08_000608,unspecified product
B9J08_000609,Triose-phosphate Transporter family | domain-containing protein
B9J08_000610,PH domain associated with Beige/BEACH | Beige/BEACH domain | domain-containing protein
B9J08_000611,Ubiquitin carboxyl-terminal hydrolase | domain-containing protein
B9J08_000612,"3' exoribonuclease family, domain 1 | domain-containing protein"
B9J08_000613,glutamate synthase (NADH)
B9J08_000614,unspecified product
B9J08_000615,Fasciclin domain | domain-containing protein
B9J08_000616,Adaptin C-terminal domain | GAT domain | VHS domain | domain-containing protein
B9J08_000617,unspecified product
B9J08_000618,Domain of unknown function (DUF4112) | domain-containing protein
B9J08_000619,Coenzyme Q (ubiquinone) biosynthesis protein Coq4 | domain-containing protein
B9J08_000620,FHA domain | domain-containing protein
B9J08_000621,Spc19 | domain-containing protein
B9J08_000622,lipoyl(octanoyl) transferase
B9J08_000623,PXA domain | domain-containing protein
B9J08_000624,unspecified product
B9J08_000625,"CybS, succinate dehydrogenase cytochrome B small subunit | domain-containing protein"
B9J08_000626,unspecified product
B9J08_000627,DHHC palmitoyltransferase | domain-containing protein
B9J08_000628,Sister chromatid cohesion C-terminus | domain-containing protein
B9J08_000629,"Something about silencing, SAS, complex subunit 4 | domain-containing protein"
B9J08_000630,Calcineurin-like phosphoesterase | domain-containing protein
B9J08_000631,"Exocyst complex component Sec10, N-terminal | Exocyst complex component Sec10-like, alpha-helical bundle | domain-containing protein"
B9J08_000632,Ribosomal protein S27a | Ubiquitin family | domain-containing protein
B9J08_000633,Phosducin | domain-containing protein
B9J08_000634,unspecified product
B9J08_000635,PRELI-like family | domain-containing protein
B9J08_000636,Insulinase (Peptidase family M16) | Peptidase M16 inactive domain | domain-containing protein
B9J08_000637,Histone acetyltransferases subunit 3 | domain-containing protein
B9J08_000638,Mitochondrial ribosomal subunit protein | domain-containing protein
B9J08_000639,SOS response associated peptidase (SRAP) | domain-containing protein
B9J08_000640,Aldo/keto reductase family | domain-containing protein
B9J08_000642,unspecified product
B9J08_000643,"ATPase family associated with various cellular activities (AAA) | Cell division protein 48 (CDC48), N-terminal domain | AAA+ lid domain | domain-containing protein"
B9J08_000644,Family of unknown function (DUF5341) | domain-containing protein
B9J08_000645,AhpC/TSA family | C-terminal domain of 1-Cys peroxiredoxin | domain-containing protein
B9J08_000646,HIT domain | domain-containing protein
B9J08_000647,MED6 mediator sub complex component | domain-containing protein
B9J08_000648,peptidylprolyl isomerase
B9J08_000649,Small ribosomal subunit protein mS41 SAM domain | domain-containing protein
B9J08_000650,CoA binding domain | CoA-ligase | domain-containing protein
B9J08_000651,Actin | domain-containing protein
B9J08_000652,unspecified product
B9J08_000653,unspecified product
B9J08_000654,Svf1-like N-terminal lipocalin domain | Svf1-like C-terminal lipocalin-like domain | domain-containing protein
B9J08_000656,NAD dependent epimerase/dehydratase family | domain-containing protein
B9J08_000657,ABC transporter | ABC-2 type transporter | domain-containing protein
B9J08_000658,ubiquitinyl hydrolase 1
B9J08_000659,"BCS1 N terminal | ATPase family associated with various cellular activities (AAA) | Mitochondrial chaperone BCS1-like, ATPase lid domain | domain-containing protein"
B9J08_000660,unspecified product
B9J08_000661,HSF-type DNA-binding | domain-containing protein
B9J08_000662,T-complex protein 11 | domain-containing protein
B9J08_000663,unspecified product
B9J08_000664,unspecified product
B9J08_000665,Hypoxia induced protein conserved region | domain-containing protein
B9J08_000666,ChAPs (Chs5p-Arf1p-binding proteins) | domain-containing protein
B9J08_000667,"Transcription initiation factor IID, 31kD subunit | domain-containing protein"
B9J08_000668,"Thiamin pyrophosphokinase, vitamin B1 binding domain | Thiamin pyrophosphokinase, catalytic domain | domain-containing protein"
B9J08_000669,"Mitochondrial mRNA-processing protein COX24, C-terminal | domain-containing protein"
B9J08_000670,Ham1 family | domain-containing protein
B9J08_000671,unspecified product
B9J08_000672,unspecified product
B9J08_000673,Fcf1 | domain-containing protein
B9J08_000674,Calcineurin-like phosphoesterase | domain-containing protein
B9J08_000675,PA14 domain | domain-containing protein
B9J08_000676,unspecified product
B9J08_000677,Sodium Bile acid symporter family | domain-containing protein
B9J08_000678,Glycosyltransferase family 28 C-terminal domain | domain-containing protein
B9J08_000679,"Transcription initiation factor IID, 18kD subunit | domain-containing protein"
B9J08_000680,unspecified product
B9J08_000681,dolichyl-phosphate-mannose-protein mannosyltransferase
B9J08_000682,Metallo-beta-lactamase superfamily | Hydroxyacylglutathione hydrolase C-terminus | domain-containing protein
B9J08_000683,Tyrosine phosphatase family | domain-containing protein
B9J08_000684,Transcription factor Vhr1 | domain-containing protein
B9J08_000685,unspecified product
B9J08_000686,argininosuccinate synthase
B9J08_000687,"Fusaric acid resistance protein-like | Putative ER transporter, 6TM, N-terminal | Brefeldin A-sensitivity protein 4-like domain | domain-containing protein"
B9J08_000688,[histone H3]-dimethyl-L-lysine36 demethylase
B9J08_000689,"Histidine kinase-, DNA gyrase B-, and HSP90-like ATPase | Mitochondrial branched-chain alpha-ketoacid dehydrogenase kinase | domain-containing protein"
B9J08_000690,"SPIN90/Ldb17, leucine-rich domain | domain-containing protein"
B9J08_000691,GDE1-like C2 domain | Ankyrin repeats (3 copies) | SPX domain | domain-containing protein
B9J08_000692,RanBP1 domain | domain-containing protein
B9J08_000693,Exportin 1-like protein | Importin-beta N-terminal domain | CRM1 / Exportin repeat 3 | CRM1 / Exportin repeat 2 | Chromosome region maintenance or exportin repeat | CRM1 C terminal | domain-containing protein
B9J08_000694,malate dehydrogenase
B9J08_000695,Trehalase | Neutral trehalase Ca2+ binding domain | domain-containing protein
B9J08_000696,Polyprenyl synthetase | domain-containing protein
B9J08_000697,Ribosomal protein L3 | domain-containing protein
B9J08_000698,Ribosomal protein L6 | domain-containing protein
B9J08_000699,Ribosomal protein S4/S9 N-terminal domain | S4 domain | domain-containing protein
B9J08_000700,SKG6 family | domain-containing protein
B9J08_000701,FAD-binding domain | Ferric reductase NAD binding domain | Ferric reductase like transmembrane component | domain-containing protein
B9J08_000702,unspecified product
B9J08_000703,"N-alpha-acetyltransferase 40, N-terminal L-serine Nalpha-acetyltransferase NatD"
B9J08_000704,"Chromodomain-helicase-DNA-binding protein 1-like, C-terminal | Chromodomain helicase DNA-binding domain 1 | Chromo (CHRromatin Organisation MOdifier) domain | SNF2-related domain | Helicase conserved C-terminal domain | ATP-dependent helicase CHD1-2/hrp3 HTH domain | domain-containing protein"
B9J08_000705,"ABC transporter | Possible Fer4-like domain in RNase L inhibitor, RLI | 4Fe-4S binding domain | domain-containing protein"
B9J08_000706,Myb-like DNA-binding domain | HSA domain | domain-containing protein
B9J08_000707,unspecified product
B9J08_000708,Sen15 protein | domain-containing protein
B9J08_000709,Beta-glucosidase (SUN family) | domain-containing protein
B9J08_000710,Fungal Zn(2)-Cys(6) binuclear cluster domain | Fungal specific transcription factor domain | domain-containing protein
B9J08_000711,60s Acidic ribosomal protein | Ribosomal protein L10 | Insertion domain in 60S ribosomal protein L10P | domain-containing protein
B9J08_000712,unspecified product
B9J08_000713,Ribosomal protein S16 | domain-containing protein
B9J08_000714,"Ribosomal RNA-processing protein 12, HEAT repeats | domain-containing protein"
B9J08_000715,Mitochondrial ribosomal protein L51 / S25 / CI-B8 domain | domain-containing protein
B9J08_000716,Catalytic LigB subunit of aromatic ring-opening dioxygenase | domain-containing protein
B9J08_000717,unspecified product
B9J08_000718,Ankyrin repeat | BTB/POZ domain | domain-containing protein
B9J08_000719,Scavenger mRNA decapping enzyme C-term binding | Scavenger mRNA decapping enzyme (DcpS) N-terminal | domain-containing protein
B9J08_000720,"DEAD/DEAH box helicase | Helicase conserved C-terminal domain | ATP-dependent rRNA helicase SPB4-like, C-terminal extension | domain-containing protein"
B9J08_000721,RPC5 protein | domain-containing protein
B9J08_000722,Mating factor alpha precursor N-terminus | domain-containing protein
B9J08_000724,unspecified product
B9J08_000725,PAN2 N-terminal | Ubiquitin carboxyl-terminal hydrolase | Exonuclease | domain-containing protein
B9J08_000726,TORC1 subunit TCO89 | domain-containing protein
B9J08_000727,Ribosomal protein L36e | domain-containing protein
B9J08_000728,Ribosomal L28 family | domain-containing protein
B9J08_000729,C2 domain | Protein kinase domain | Protein kinase C terminal domain | domain-containing protein
B9J08_000730,unspecified product
B9J08_000731,Type I phosphodiesterase / nucleotide pyrophosphatase | domain-containing protein
B9J08_000732,Glutamine amidotransferases class-II | domain-containing protein
B9J08_000733,SIT4 phosphatase-associated protein | domain-containing protein
B9J08_000734,Ribosomal prokaryotic L21 protein | domain-containing protein
B9J08_000735,mitogen-activated protein kinase kinase kinase
B9J08_000736,Sfi1 spindle body protein | domain-containing protein
B9J08_000737,Alg9-like mannosyltransferase family | domain-containing protein
B9J08_000738,"Cobalamin synthesis protein cobW C-terminal domain | CobW/HypB/UreG, nucleotide-binding domain | domain-containing protein"
B9J08_000739,Inner membrane protein import complex subunit Tim54 | domain-containing protein
B9J08_000740,"Glutamate/Leucine/Phenylalanine/Valine dehydrogenase | Glu/Leu/Phe/Val dehydrogenase, dimerisation domain | domain-containing protein"
B9J08_000741,Zinc-finger of the MIZ type in Nse subunit | domain-containing protein
B9J08_000742,Type I phosphodiesterase / nucleotide pyrophosphatase | domain-containing protein
B9J08_000743,Duf34/NIF3 (NGG1p interacting factor 3) | domain-containing protein
B9J08_000746,Major Facilitator Superfamily | domain-containing protein
B9J08_000747,BolA-like protein | domain-containing protein
B9J08_000748,RhoGAP domain | LIM domain | domain-containing protein
B9J08_000749,"GPI-GlcNAc transferase complex, PIG-H component | domain-containing protein"
B9J08_000750,Myb DNA-binding like | domain-containing protein
B9J08_000751,"WD domain, G-beta repeat | domain-containing protein"
B9J08_000752,Histone deacetylase domain | Arb2-like domain | domain-containing protein
B9J08_000753,Protein kinase domain | domain-containing protein
B9J08_000754,"16S rRNA methyltransferase RsmB/F | NOL1/NOP2/Sun domain family member 5, N-terminal domain | domain-containing protein"
B9J08_000755,Isocitrate/isopropylmalate dehydrogenase | domain-containing protein
B9J08_000756,"Permease for cytosine/purines, uracil, thiamine, allantoin | domain-containing protein"
B9J08_000757,GrpE | domain-containing protein
B9J08_000758,alpha/beta hydrolase fold | domain-containing protein
B9J08_000759,STAS domain | Sulfate permease family | domain-containing protein
B9J08_000760,"Oxidoreductase-like protein, N-terminal | domain-containing protein"
B9J08_000761,Dolichol-phosphate mannosyltransferase subunit 3 (DPM3) | domain-containing protein
B9J08_000762,RNA polymerase III transcription factor (TF)IIIC subunit HTH domain | Tau95 Triple barrel domain | domain-containing protein
B9J08_000764,malate dehydrogenase
B9J08_000765,"Zinc finger, C2H2 type | domain-containing protein"
B9J08_000766,Aminotransferase class I and II | domain-containing protein
B9J08_000767,unspecified product
B9J08_000768,NLI interacting factor-like phosphatase | domain-containing protein
B9J08_000769,Zinc-ribbon | Ring finger domain | CHY zinc finger | domain-containing protein
B9J08_000770,Surp module | Pre-mRNA splicing factor PRP21 like protein | domain-containing protein
B9J08_000771,Ribosomal protein S6e | domain-containing protein
B9J08_000772,SRF-type transcription factor (DNA-binding and dimerisation domain) | domain-containing protein
B9J08_000773,Sec16 Sec23-binding domain | Vesicle coat trafficking protein Sec16 mid-region | domain-containing protein
B9J08_000774,RNA recognition motif | MLLE domain | domain-containing protein
B9J08_000775,Trehalose-phosphatase | Glycosyltransferase family 20 | domain-containing protein
B9J08_000776,alpha/beta hydrolase fold | domain-containing protein
B9J08_000777,"Arrestin (or S-antigen), C-terminal domain | domain-containing protein"
B9J08_000778,Translocation protein Sec62 | domain-containing protein
B9J08_000779,PROPPIN | domain-containing protein
B9J08_000780,Enoyl-CoA hydratase/isomerase | domain-containing protein
B9J08_000781,Actin | domain-containing protein
B9J08_000782,ferric-chelate reductase (NADPH)
B9J08_000783,unspecified product
B9J08_000784,unspecified product
B9J08_000785,PPPDE putative peptidase domain | domain-containing protein
B9J08_000786,Telomerase activating protein Est1 | Est1 DNA/RNA binding domain | domain-containing protein
B9J08_000787,sphingolipid 4-desaturase
B9J08_000788,histidine-tRNA ligase
B9J08_000789,"Indoleamine 2,3-dioxygenase | domain-containing protein"
B9J08_000790,BAR domain | SH3 domain | domain-containing protein
B9J08_000791,unspecified product
B9J08_000792,alpha/beta hydrolase fold | domain-containing protein
B9J08_000793,Fungal Zn(2)-Cys(6) binuclear cluster domain | domain-containing protein
B9J08_000794,Fungal Zn(2)-Cys(6) binuclear cluster domain | domain-containing protein
B9J08_000795,"Chitin synthesis regulation, resistance to Congo red | domain-containing protein"
B9J08_000796,Major Facilitator Superfamily | domain-containing protein
B9J08_000797,Major Facilitator Superfamily | domain-containing protein
B9J08_000798,Mid2 like cell wall stress sensor | domain-containing protein
B9J08_000799,unspecified product
B9J08_000800,Adenylosuccinate lyase C-terminus | Lyase | domain-containing protein
B9J08_000801,DASH complex subunit Dad3 | domain-containing protein
B9J08_000802,unspecified product
B9J08_000803,"Anaphase-promoting complex subunit 4 WD40 domain | WD domain, G-beta repeat | domain-containing protein"
B9J08_000804,Cation efflux family | domain-containing protein
B9J08_000805,Fungal Zn(2)-Cys(6) binuclear cluster domain | domain-containing protein
B9J08_000806,unspecified product
B9J08_000807,unspecified product
B9J08_000808,glucose-6-phosphate isomerase
B9J08_000809,unspecified product
B9J08_000810,ARP2/3 complex 16 kDa subunit (p16-Arc) | domain-containing protein
B9J08_000811,unspecified product
B9J08_000812,Aldo/keto reductase family | domain-containing protein
B9J08_000813,"Gamma-butyrobetaine hydroxylase-like, N-terminal | Taurine catabolism dioxygenase TauD, TfdA family | domain-containing protein"
B9J08_000814,Rab-GTPase-TBC domain | domain-containing protein
B9J08_000815,SPT8 beta propeller | domain-containing protein
B9J08_000816,nucleoside-diphosphate kinase
B9J08_000817,unspecified product
B9J08_000818,ABC transporter | domain-containing protein
B9J08_000819,MIF4G like | MIF4G like | domain-containing protein
B9J08_000820,Homocysteine S-methyltransferase | domain-containing protein
B9J08_000821,"Domain of unknown function (DUF2427) | Protein YTP1-like, C-terminal | domain-containing protein"
B9J08_000822,non-specific serine/threonine protein kinase
B9J08_000823,Ribosomal protein L44 | domain-containing protein
B9J08_000824,unspecified product
B9J08_000825,BED zinc finger | domain-containing protein
B9J08_000826,unspecified product
B9J08_000827,Domain of unknown function (DUF4743) | NUDIX domain | domain-containing protein
B9J08_000828,Trypsin-like peptidase domain | domain-containing protein
B9J08_000829,unspecified product
B9J08_000830,unspecified product
B9J08_000831,"Sodium/hydrogen exchanger, transmembrane | domain-containing protein"
B9J08_000834,unspecified product
B9J08_000835,unspecified product
B9J08_000836,Male sterility protein | domain-containing protein
B9J08_000837,P-type Ca2+ transporter
B9J08_000838,"L-threonylcarbamoyladenylate synthase, Threonylcarbamoyl-AMP synthase"
B9J08_000839,Importin-9 central HEAT repeats | domain-containing protein
B9J08_000840,COPI associated protein | domain-containing protein
B9J08_000841,Sporulation protein family 7 | Pleckstrin homology domain | Prospore membrane adapter protein SPO71 PH domain | domain-containing protein
B9J08_000842,unspecified product
B9J08_000843,Family of unknown function (DUF5427) | domain-containing protein
B9J08_000844,unspecified product
B9J08_000845,Carbon-nitrogen hydrolase | domain-containing protein
B9J08_000846,unspecified product
B9J08_000847,"Mitochondrial branched-chain alpha-ketoacid dehydrogenase kinase | Histidine kinase-, DNA gyrase B-, and HSP90-like ATPase | domain-containing protein"
B9J08_000848,Peroxisomal membrane protein PEX13
B9J08_000849,unspecified product
B9J08_000850,Pyridine nucleotide-disulphide oxidoreductase | domain-containing protein
B9J08_000852,histone acetyltransferase
B9J08_000853,Amino acid permease | domain-containing protein
B9J08_000854,Pyridoxamine 5'-phosphate oxidase | domain-containing protein
B9J08_000855,linker histone H1 and H5 family | domain-containing protein
B9J08_000856,dihydrofolate reductase
B9J08_000857,"Dual specificity phosphatase, catalytic domain | domain-containing protein"
B9J08_000858,Yqey-like protein | domain-containing protein
B9J08_000859,unspecified product
B9J08_000860,YEATS family | Bromodomain extra-terminal - transcription regulation | domain-containing protein
B9J08_000861,G protein beta WD-40 repeat protein | domain-containing protein
B9J08_000862,Telomere repeat binding factor (TRF) | Myb-like DNA-binding domain | domain-containing protein
B9J08_000863,4-aminobutyrate-2-oxoglutarate transaminase
B9J08_000864,Mitochondrial carrier protein | domain-containing protein
B9J08_000865,NADH-ubiquinone reductase complex 1 MLRQ subunit | domain-containing protein
B9J08_000866,TACO1/YebC protein N-terminal domain | TACO1/YebC second and third domain | domain-containing protein
B9J08_000867,ATP synthase (F/14-kDa) subunit | domain-containing protein
B9J08_000868,Chitin biosynthesis protein CHS5 N-terminus | Fibronectin type III domain | BRCA1 C Terminus (BRCT) domain | domain-containing protein
B9J08_000869,Sds3-like | domain-containing protein
B9J08_000870,RNA recognition motif | domain-containing protein
B9J08_000871,Peptidase C1-like family | domain-containing protein
B9J08_000872,Conserved oligomeric Golgi complex subunit 4
B9J08_000873,"RNA-binding, Nab2-type zinc finger | domain-containing protein"
B9J08_000874,FAD binding domain | domain-containing protein
B9J08_000875,Spo7-like protein | domain-containing protein
B9J08_000876,GWT1 | domain-containing protein
B9J08_000877,Oxysterol-binding protein | domain-containing protein
B9J08_000878,Ribosomal protein L35Ae | domain-containing protein
B9J08_000879,GRAB domain | domain-containing protein
B9J08_000880,Replication factor C subunit 1
B9J08_000881,mitogen-activated protein kinase kinase
B9J08_000882,NADH-ubiquinone oxidoreductase MWFE subunit | domain-containing protein
B9J08_000883,Nop53 (60S ribosomal biogenesis) | domain-containing protein
B9J08_000884,20S proteasome chaperone assembly proteins 3 and 4 | domain-containing protein
B9J08_000885,unspecified product
B9J08_000886,Scaffold protein Nfu/NifU N terminal | NifU-like domain | domain-containing protein
B9J08_000887,SNF2-related domain | Helicase conserved C-terminal domain | domain-containing protein
B9J08_000888,Regulator of chromosome condensation (RCC1) repeat | Regulator of chromosome condensation (RCC1) repeat | domain-containing protein
B9J08_000889,"Hikeshi-like, C-terminal domain | Hikeshi-like, N-terminal domain | domain-containing protein"
B9J08_000890,unspecified product
B9J08_000891,unspecified product
B9J08_000892,unspecified product
B9J08_000894,Alb1 | domain-containing protein
B9J08_000895,ribulose-phosphate 3-epimerase
B9J08_000896,Major Facilitator Superfamily | domain-containing protein
B9J08_000897,Ankyrin repeats (3 copies) | domain-containing protein
B9J08_000898,Adenosine-deaminase (editase) domain | domain-containing protein
B9J08_000899,Fis1 C-terminal tetratricopeptide repeat | Fis1 N-terminal tetratricopeptide repeat | domain-containing protein
B9J08_000900,"ALG6, ALG8 glycosyltransferase family | domain-containing protein"
B9J08_000901,"Thiamine pyrophosphate enzyme, central domain | Thiamine pyrophosphate enzyme, N-terminal TPP binding domain | Thiamine pyrophosphate enzyme, C-terminal TPP binding domain | domain-containing protein"
B9J08_000902,Fungal specific transcription factor domain | Fungal Zn(2)-Cys(6) binuclear cluster domain | domain-containing protein
B9J08_000903,Transmembrane amino acid transporter protein | domain-containing protein
B9J08_000904,DNA ligase 4
B9J08_000905,"Nitrogen regulatory protein areA, GATA-like domain | domain-containing protein"
B9J08_000906,unspecified product
B9J08_000907,"Type III restriction enzyme, res subunit | Helicase conserved C-terminal domain | domain-containing protein"
B9J08_000908,PUA domain | Pre-PUA-like domain | domain-containing protein
B9J08_000909,CAP-Gly domain | domain-containing protein
B9J08_000910,50S ribosome-binding GTPase | GNL3L/Grn1 putative GTPase | domain-containing protein
B9J08_000911,unspecified product
B9J08_000912,GDA1/CD39 (nucleoside phosphatase) family | domain-containing protein
B9J08_000913,Family of unknown function (DUF5355) | domain-containing protein
B9J08_000914,Eukaryotic elongation factor 1 beta central acidic region | EF-1 guanine nucleotide exchange domain | domain-containing protein
B9J08_000915,Probable N6-adenine methyltransferase | domain-containing protein
B9J08_000916,"Transcription factor tau 138 kDa subunit, extended winged helix | Family of unknown function (DUF6581) | B-block binding subunit of TFIIIC | domain-containing protein"
B9J08_000917,G-patch domain | domain-containing protein
B9J08_000918,X8 domain | Glucanosyltransferase | domain-containing protein
B9J08_000919,unspecified product
B9J08_000920,3-beta hydroxysteroid dehydrogenase/isomerase family | domain-containing protein
B9J08_000921,unspecified product
B9J08_000922,Mus7/MMS22 family | domain-containing protein
B9J08_000923,SANT/Myb-like domain of DAMP1 | domain-containing protein
B9J08_000924,AFG1-like ATPase | domain-containing protein
B9J08_000925,Autophagy-related protein 13 | domain-containing protein
B9J08_000926,Tetratricopeptide repeat | Tetratricopeptide repeat | Tetratricopeptide repeat | Tetratricopeptide repeat | domain-containing protein
B9J08_000927,"POLR3C, C-terminal winged-helix domain | DNA-directed RNA polymerase III subunit RPC3, helical hairpin domain | RNA polymerase III subunit RPC82 helix-turn-helix domain | RNA polymerase III subunit RPC82 | domain-containing protein"
B9J08_000928,Major intrinsic protein | domain-containing protein
B9J08_000929,unspecified product
B9J08_000930,Mitochondrial carrier protein | domain-containing protein
B9J08_000931,unspecified product
B9J08_000932,LEM3 (ligand-effect modulator 3) family / CDC50 family | domain-containing protein
B9J08_000933,unspecified product
B9J08_000934,NGP1NT (NUC091) domain | 50S ribosome-binding GTPase | domain-containing protein
B9J08_000935,PX domain | PX-associated | Domain of unknown function in PX-proteins (DUF3818) | domain-containing protein
B9J08_000936,LicD family | domain-containing protein
B9J08_000937,Haemolysin-III related | domain-containing protein
B9J08_000938,Sugar (and other) transporter | domain-containing protein
B9J08_000939,Fungal specific transcription factor domain | Fungal Zn(2)-Cys(6) binuclear cluster domain | domain-containing protein
B9J08_000940,unspecified product
B9J08_000941,Sybindin-like family | domain-containing protein
B9J08_000942,Methyltransferase domain | domain-containing protein
B9J08_000943,unspecified product
B9J08_000944,YjeF-related protein N-terminus | domain-containing protein
B9J08_000945,Septin | domain-containing protein
B9J08_000946,HEAT-like repeat | Importin-beta N-terminal domain | domain-containing protein
B9J08_000947,PAP2 superfamily | domain-containing protein
B9J08_000948,Putative GTPase activating protein for Arf | domain-containing protein
B9J08_000949,Enoyl-(Acyl carrier protein) reductase | domain-containing protein
B9J08_000950,Phosphatase 4 regulatory subunit 3 | EVH1-like domain in PP4R3 protein | domain-containing protein
B9J08_000951,ATP12 chaperone protein | domain-containing protein
B9J08_000952,Prefoldin subunit | domain-containing protein
B9J08_000953,Gon7 family | domain-containing protein
B9J08_000954,6-phosphofructo-2-kinase | Histidine phosphatase superfamily (branch 1) | domain-containing protein
B9J08_000955,"Ribosomal proteins L26 eukaryotic, L24P archaeal | domain-containing protein"
B9J08_000957,TIM21 | domain-containing protein
B9J08_000958,Glucanosyltransferase | X8 domain | domain-containing protein
B9J08_000959,Fungal PH-like domain | domain-containing protein
B9J08_000960,ADP-ribosylation factor family | domain-containing protein
B9J08_000961,DNA repair metallo-beta-lactamase | domain-containing protein
B9J08_000962,Eukaryotic integral membrane protein (DUF1751) | domain-containing protein
B9J08_000963,galactosyl transferase GMA12/MNN10 family | domain-containing protein
B9J08_000964,"1,3-beta-glucan synthase"
B9J08_000965,Eukaryotic translation initiation factor 2A
B9J08_000966,Sel1 repeat | domain-containing protein
B9J08_000967,"Nitrogen regulatory protein areA, GATA-like domain | GATA zinc finger | domain-containing protein"
B9J08_000968,Splicing factor 3B subunit 10 (SF3b10) | domain-containing protein
B9J08_000969,P-type Na+ transporter
B9J08_000970,CAP-Gly domain | domain-containing protein
B9J08_000971,NUP159/214 beta propeller | domain-containing protein
B9J08_000972,STD1/MTH1 | domain-containing protein
B9J08_000973,Fcf2 pre-rRNA processing | domain-containing protein
B9J08_000974,C2H2 zinc finger | domain-containing protein
B9J08_000975,phenylalanine-tRNA ligase
B9J08_000976,"Pyridine nucleotide-disulphide oxidoreductase, dimerisation domain | Pyridine nucleotide-disulphide oxidoreductase | domain-containing protein"
B9J08_000977,Mannosyltransferase putative | domain-containing protein
B9J08_000978,Glycosyl transferase family 2 | domain-containing protein
B9J08_000979,mRNA 5'-phosphatase
B9J08_000980,isocitrate dehydrogenase (NADP+)
B9J08_000981,MT-A70 | domain-containing protein
B9J08_000982,Voltage gated chloride channel | domain-containing protein
B9J08_000983,Domain of unknown function (DUF543) | domain-containing protein
B9J08_000984,Protein kinase domain | P21-Rho-binding domain | domain-containing protein
B9J08_000985,unspecified product
B9J08_000986,unspecified product
B9J08_000987,SPFH domain / Band 7 family | domain-containing protein
B9J08_000988,Fungal specific transcription factor domain | Fungal Zn(2)-Cys(6) binuclear cluster domain | domain-containing protein
B9J08_000989,Ketopantoate reductase PanE/ApbA | Ketopantoate reductase PanE/ApbA C terminal | domain-containing protein
B9J08_000990,Aminotransferase class-III | domain-containing protein
B9J08_000992,"tRNA intron endonuclease, catalytic C-terminal domain | domain-containing protein"
B9J08_000993,Histone-like transcription factor (CBF/NF-Y) and archaeal histone | domain-containing protein
B9J08_000994,"FGGY family of carbohydrate kinases, N-terminal domain | FGGY family of carbohydrate kinases, C-terminal domain | domain-containing protein"
B9J08_000995,Sulfate permease family | domain-containing protein
B9J08_000996,RNA helicase
B9J08_000997,Glycosyl transferase family 8 | domain-containing protein
B9J08_000998,Ribosomal protein S21e | domain-containing protein
B9J08_000999,TRAM domain | tRNA (Uracil-5-)-methyltransferase | domain-containing protein
B9J08_001000,PAP2 superfamily | domain-containing protein
B9J08_001001,Ras family | domain-containing protein
B9J08_001002,"glucan endo-1,3-beta-D-glucosidase"
B9J08_001003,"FGGY family of carbohydrate kinases, C-terminal domain | domain-containing protein"
B9J08_001004,Fungal Zn(2)-Cys(6) binuclear cluster domain | domain-containing protein
B9J08_001005,ATP synthase (E/31 kDa) subunit | domain-containing protein
B9J08_001006,Magnesium transporter MRS2-like | domain-containing protein
B9J08_001007,SHS2 domain found in N terminus of Rpb7p/Rpc25p/MJ0397 | RPA43 OB domain in RNA Pol I | domain-containing protein
B9J08_001008,unspecified product
B9J08_001009,Mis12 protein | domain-containing protein
B9J08_001010,unspecified product
B9J08_001011,unspecified product
B9J08_001012,SWIRM domain | domain-containing protein
B9J08_001013,Dihydrouridine synthase (Dus) | domain-containing protein
B9J08_001014,Tim17/Tim22/Tim23/Pmp24 family | domain-containing protein
B9J08_001015,Sugar (and other) transporter | domain-containing protein
B9J08_001016,Sugar (and other) transporter | domain-containing protein
B9J08_001017,Sugar (and other) transporter | domain-containing protein
B9J08_001018,acetyl-CoA carboxylase
B9J08_001019,Peptidase inhibitor I9 | Subtilase family | domain-containing protein
B9J08_001020,"1,3-beta-glucan synthase"
B9J08_001021,Tetratricopeptide repeat | domain-containing protein
B9J08_001022,unspecified product
B9J08_001023,M-phase phosphoprotein 6 | domain-containing protein
B9J08_001024,"WD domain, G-beta repeat | Dip2/Utp12 Family | domain-containing protein"
B9J08_001025,Glycogen synthase | domain-containing protein
B9J08_001026,LSM domain | domain-containing protein
B9J08_001027,N-terminal C2 in EEIG1 and EHBP1 proteins | domain-containing protein
B9J08_001028,unspecified product
B9J08_001029,unspecified product
B9J08_001030,Foie gras liver health family 1 | domain-containing protein
B9J08_001031,peptidylprolyl isomerase
B9J08_001032,"Arrestin (or S-antigen), N-terminal domain | domain-containing protein"
B9J08_001033,Tetratricopeptide repeat | Tetratricopeptide repeat | domain-containing protein
B9J08_001034,Protein-tyrosine phosphatase | domain-containing protein
B9J08_001035,Anticodon-binding domain | domain-containing protein
B9J08_001036,CDP-alcohol phosphatidyltransferase | domain-containing protein
B9J08_001037,Mitochondrial import receptor subunit Tom22 | domain-containing protein
B9J08_001038,N1221-like protein | Domain of unknown function (DUF3402) | domain-containing protein
B9J08_001039,HAD-hyrolase-like | Haloacid dehalogenase-like hydrolase | domain-containing protein
B9J08_001040,Kinetochore protein Sos7 | domain-containing protein
B9J08_001041,Peroxisomal biogenesis factor 11 (PEX11) | domain-containing protein
B9J08_001042,Retrograde transport protein Dsl1 C terminal | domain-containing protein
B9J08_001043,"TB2/DP1, HVA22 family | domain-containing protein"
B9J08_001044,Ribosomal protein L23 | domain-containing protein
B9J08_001045,DNA-directed RNA polymerase
B9J08_001046,Ribosomal protein L13 | domain-containing protein
B9J08_001047,S1 RNA binding domain | SHS2 domain found in N terminus of Rpb7p/Rpc25p/MJ0397 | domain-containing protein
B9J08_001048,MIZ/SP-RING zinc finger | PINIT domain | SAP domain | domain-containing protein
B9J08_001049,arginine-tRNA ligase
B9J08_001050,unspecified product
B9J08_001051,UBA/TS-N domain | domain-containing protein
B9J08_001052,unspecified product
B9J08_001053,unspecified product
B9J08_001054,unspecified product
B9J08_001062,DEAD/DEAH box helicase | Helicase conserved C-terminal domain | domain-containing protein
B9J08_001063,NAD+ diphosphatase
B9J08_001064,Glycerophosphoryl diester phosphodiesterase family | domain-containing protein
B9J08_001065,SKIP/SNW domain | domain-containing protein
B9J08_001066,"Williams-Beuren syndrome DDT (WSD), D-TOX E motif | ATP-utilising chromatin assembly and remodelling N-terminal | WSTF, HB1, Itc1p, MBD9 motif 1 | DDT domain | domain-containing protein"
B9J08_001067,Alcohol dehydrogenase GroES-like domain | Zinc-binding dehydrogenase | domain-containing protein
B9J08_001068,Ubiquinol-cytochrome C chaperone | domain-containing protein
B9J08_001069,unspecified product
B9J08_001070,Major Facilitator Superfamily | domain-containing protein
B9J08_001071,Signal recognition particle subunit SRP72
B9J08_001072,Cyclin-A N-terminal APC/C binding region | domain-containing protein
B9J08_001073,aminomethyltransferase
B9J08_001074,unspecified product
B9J08_001075,non-specific serine/threonine protein kinase
B9J08_001076,unspecified product
B9J08_001077,RNA recognition motif | domain-containing protein
B9J08_001078,Membrane fusion protein Use1 | domain-containing protein
B9J08_001079,WSC domain | domain-containing protein
B9J08_001080,unspecified product
B9J08_001081,Ribosomal protein L14p/L23e | domain-containing protein
B9J08_001082,PH domain | BAR-like domain | domain-containing protein
B9J08_001083,RING-type zinc-finger | domain-containing protein
B9J08_001084,Inhibitor of apoptosis-promoting Bax1 | domain-containing protein
B9J08_001085,ATPase family associated with various cellular activities (AAA) | Proteasomal ATPase OB C-terminal domain | AAA+ lid domain | domain-containing protein
B9J08_001086,Thioredoxin | domain-containing protein
B9J08_001087,Pumilio-family RNA binding repeat | CPL (NUC119) domain | domain-containing protein
B9J08_001088,NADH ubiquinone oxidoreductase subunit NDUFA12 | domain-containing protein
B9J08_001089,Endosomal/vacuolar adapter protein YPT35
B9J08_001090,Pyridine nucleotide-disulphide oxidoreductase | domain-containing protein
B9J08_001091,Syntaxin-like protein | SNARE domain | domain-containing protein
B9J08_001092,"WD domain, G-beta repeat | domain-containing protein"
B9J08_001093,TUP1-like enhancer of split | HIRA B motif | CAF1B/HIR1 beta-propeller domain | domain-containing protein
B9J08_001094,Casein kinase II regulatory subunit | domain-containing protein
B9J08_001095,tryptophan-tRNA ligase
B9J08_001096,unspecified product
B9J08_001098,purine-nucleoside phosphorylase
B9J08_001099,"WD domain, G-beta repeat | domain-containing protein"
B9J08_001100,unspecified product
B9J08_001101,unspecified product
B9J08_001102,Ras family | domain-containing protein
B9J08_001103,"Glutathione S-transferase, N-terminal domain | Glutathione S-transferase, C-terminal domain | domain-containing protein"
B9J08_001104,unspecified product
B9J08_001105,DNA helicase
B9J08_001106,AhpC/TSA family | C-terminal domain of 1-Cys peroxiredoxin | domain-containing protein
B9J08_001107,Fungal specific transcription factor domain | Fungal Zn(2)-Cys(6) binuclear cluster domain | domain-containing protein
B9J08_001108,Helix-hairpin-helix domain | Rad51 | domain-containing protein
B9J08_001109,"Minichromosome loss protein, Mcl1, middle region | DNA polymerase alpha-binding protein Ctf4, C-terminal domain | domain-containing protein"
B9J08_001110,Acetyltransferase (GNAT) family | domain-containing protein
B9J08_001111,Interferon-related developmental regulator (IFRD) | domain-containing protein
B9J08_001112,SUR7/PalI family | domain-containing protein
B9J08_001113,"Taurine catabolism dioxygenase TauD, TfdA family | domain-containing protein"
B9J08_001114,unspecified product
B9J08_001115,Tht1-like nuclear fusion protein | domain-containing protein
B9J08_001116,Lipase (class 3) | domain-containing protein
B9J08_001117,Calcipressin | domain-containing protein
B9J08_001118,Ribosomal protein L1p/L10e family | domain-containing protein
B9J08_001119,unspecified product
B9J08_001120,HSF-type DNA-binding | domain-containing protein
B9J08_001121,Copper fist DNA binding domain | domain-containing protein
B9J08_001122,"Alanine--tRNA ligase, alanine-tRNA ligase"
B9J08_001123,Probable molybdopterin binding domain | domain-containing protein
B9J08_001124,Calcineurin-like phosphoesterase | Serine-threonine protein phosphatase N-terminal domain | domain-containing protein
B9J08_001125,ABC transporter | ABC-2 type transporter | ABC-transporter N-terminal | ABC-2 type transporter | CDR ABC transporter | domain-containing protein
B9J08_001126,Cyclin | domain-containing protein
B9J08_001127,"DNA helicase ZGRF1-like, N-terminal domain | domain-containing protein"
B9J08_001128,ribosomal L5P family C-terminus | domain-containing protein
B9J08_001129,GLE1-like protein | domain-containing protein
B9J08_001130,Sister chromatid cohesion protein PDS5 protein | domain-containing protein
B9J08_001131,Protein kinase domain | domain-containing protein
B9J08_001132,R3H domain | domain-containing protein
B9J08_001133,Fcf1 | UTP23 sensor motif | domain-containing protein
B9J08_001134,DNA-directed RNA polymerase I subunit RPA12
B9J08_001135,deoxyhypusine monooxygenase
B9J08_001136,T-complex protein 1 subunit epsilon
B9J08_001137,Actin | domain-containing protein
B9J08_001138,non-specific serine/threonine protein kinase
B9J08_001139,"RNA 3'-terminal phosphate cyclase (RTC), insert domain | RNA 3'-terminal phosphate cyclase | domain-containing protein"
B9J08_001140,Transcription initiation factor TFIID component TAF4 family | domain-containing protein
B9J08_001141,"non-SMC mitotic condensation complex subunit 1 | non-SMC mitotic condensation complex subunit 1, N-term | domain-containing protein"
B9J08_001142,"MBOAT, membrane-bound O-acyltransferase family | domain-containing protein"
B9J08_001143,Ferrochelatase | domain-containing protein
B9J08_001144,Vitamin-D-receptor interacting Mediator subunit 4 | domain-containing protein
B9J08_001145,G-patch domain | domain-containing protein
B9J08_001146,RNA recognition motif | domain-containing protein
B9J08_001147,unspecified product
B9J08_001148,NADH-ubiquinone oxidoreductase ASHI subunit (CI-ASHI or NDUFB8) | domain-containing protein
B9J08_001149,SNF2-related domain | HSA domain | Helicase conserved C-terminal domain | domain-containing protein
B9J08_001150,Vacuolar (H+)-ATPase G subunit | domain-containing protein
B9J08_001151,Aldehyde dehydrogenase family | domain-containing protein
B9J08_001152,Transcriptional repressor TCF25 | domain-containing protein
B9J08_001153,Shwachman-Bodian-Diamond syndrome (SBDS) N-terminal domain | domain-containing protein
B9J08_001155,Hyphally regulated cell wall protein N-terminal | domain-containing protein
B9J08_001156,glutamate-tRNA ligase
B9J08_001157,"RMND1/Sif2-Sif3/Mrx10, DUF155 | domain-containing protein"
B9J08_001158,"PIN domain | Transcriptional protein SWT1, C-terminal domain | domain-containing protein"
B9J08_001159,XLF N-terminal domain | domain-containing protein
B9J08_001160,Phosphoribulokinase / Uridine kinase family | domain-containing protein
B9J08_001161,Coproporphyrinogen III oxidase | domain-containing protein
B9J08_001162,CorA-like Mg2+ transporter protein | domain-containing protein
B9J08_001163,KRI1-like family | KRI1-like family C-terminal | domain-containing protein
B9J08_001164,unspecified product
B9J08_001165,unspecified product
B9J08_001166,RNA recognition motif | U1 small nuclear ribonucleoprotein of 70kDa MW N terminal | domain-containing protein
B9J08_001167,Cytochrome b5-like Heme/Steroid binding domain | domain-containing protein
B9J08_001168,unspecified product
B9J08_001169,Glutamine amidotransferase class-I | domain-containing protein
B9J08_001170,"Glutathione S-transferase, N-terminal domain | Glutathione S-transferase, C-terminal domain | domain-containing protein"
B9J08_001171,Alcohol dehydrogenase GroES-like domain | Zinc-binding dehydrogenase | domain-containing protein
B9J08_001172,NFACT protein C-terminal domain | NFACT protein RNA binding domain | NFACT N-terminal and middle domains | domain-containing protein
B9J08_001173,protein acetyllysine N-acetyltransferase
B9J08_001174,Putative SAM-dependent methyltransferase | domain-containing protein
B9J08_001175,unspecified product
B9J08_001176,phenylalanine-tRNA ligase
B9J08_001177,Ras family | domain-containing protein
B9J08_001178,ETC complex I subunit conserved region | domain-containing protein
B9J08_001179,WW domain | domain-containing protein
B9J08_001180,unspecified product
B9J08_001181,Transcription factor Opi1 | domain-containing protein
B9J08_001182,unspecified product
B9J08_001183,Cation efflux family | domain-containing protein
B9J08_001184,Proline-rich nuclear receptor coactivator motif | domain-containing protein
B9J08_001185,ZIP Zinc transporter | domain-containing protein
B9J08_001186,Ykl077w/Psg1 (Pma1 Stabilization in Golgi) | domain-containing protein
B9J08_001187,Outer mitochondrial membrane transport complex protein | domain-containing protein
B9J08_001188,Suppressor of forked protein (Suf) | domain-containing protein
B9J08_001189,unspecified product
B9J08_001190,Ribosomal RNA adenine dimethylase | domain-containing protein
B9J08_001191,unspecified product
B9J08_001192,"Bromodomain | SNF2-related domain | Snf2-ATP coupling, chromatin remodelling complex | Helicase conserved C-terminal domain | HSA domain | domain-containing protein"
B9J08_001193,unspecified product
B9J08_001194,Septin | domain-containing protein
B9J08_001195,unspecified product
B9J08_001196,CFEM domain | domain-containing protein
B9J08_001197,unspecified product
B9J08_001198,unspecified product
B9J08_001199,GPI-Mannosyltransferase II co-activator | domain-containing protein
B9J08_001200,cAMP-regulated phosphoprotein/endosulfine conserved region | domain-containing protein
B9J08_001201,"Autophagocytosis associated protein, active-site domain | domain-containing protein"
B9J08_001202,unspecified product
B9J08_001203,Insulin-induced protein (INSIG) | domain-containing protein
B9J08_001204,WLM domain | domain-containing protein
B9J08_001205,"hydroxyethylthiazole kinase, thiamine phosphate synthase"
B9J08_001206,Alcohol acetyltransferase | domain-containing protein
B9J08_001207,fumarate hydratase
B9J08_001208,unspecified product
B9J08_001209,Rad4 beta-hairpin domain 2 | Rad4 beta-hairpin domain 1 | Rad4 transglutaminase-like domain | Rad4 beta-hairpin domain 3 | domain-containing protein
B9J08_001210,PQ loop repeat | domain-containing protein
B9J08_001211,unspecified product
B9J08_001213,Major Facilitator Superfamily | domain-containing protein
B9J08_001214,unspecified product
B9J08_001215,unspecified product
B9J08_001216,dolichyl-phosphate-mannose-protein mannosyltransferase
B9J08_001217,"DHH family, N-terminal domain | DHHA2 domain | domain-containing protein"
B9J08_001218,HECT-like Ubiquitin-conjugating enzyme (E2)-binding | domain-containing protein
B9J08_001219,unspecified product
B9J08_001220,Replication Fork Protection Component Swi3 | domain-containing protein
B9J08_001221,unspecified product
B9J08_001222,von Willebrand factor type A domain | domain-containing protein
B9J08_001223,unspecified product
B9J08_001224,Nitrite and sulphite reductase 4Fe-4S domain | Nitrite/Sulfite reductase ferredoxin-like half domain | Flavodoxin | domain-containing protein
B9J08_001225,SPX domain | domain-containing protein
B9J08_001226,unspecified product
B9J08_001227,"Glyceraldehyde 3-phosphate dehydrogenase, C-terminal domain | Glyceraldehyde 3-phosphate dehydrogenase, NAD binding domain | domain-containing protein"
B9J08_001228,dolichyl-phosphate-mannose-protein mannosyltransferase
B9J08_001229,Iron-sulphur cluster biosynthesis | domain-containing protein
B9J08_001230,HEAT repeat | PPP2R1A-like HEAT repeat | domain-containing protein
B9J08_001231,Histidine phosphatase superfamily (branch 1) | domain-containing protein
B9J08_001232,Fungal Zn(2)-Cys(6) binuclear cluster domain | domain-containing protein
B9J08_001234,unspecified product
B9J08_001235,unspecified product
B9J08_001236,Ku70/Ku80 N-terminal alpha/beta domain | Ku70/Ku80 beta-barrel domain | Ku70/Ku80 C-terminal arm | domain-containing protein
B9J08_001237,AP-2 complex subunit sigma
B9J08_001238,dTMP kinase
B9J08_001239,Ketopantoate reductase PanE/ApbA C terminal | domain-containing protein
B9J08_001240,Apolipoprotein O | domain-containing protein
B9J08_001241,Transmembrane amino acid transporter protein | domain-containing protein
B9J08_001242,Killer toxin-resistance protein 1 | domain-containing protein
B9J08_001243,Eukaryotic initiation factor 4E | domain-containing protein
B9J08_001244,"Serine aminopeptidase, S33 | domain-containing protein"
B9J08_001245,Restriction of telomere capping protein 1
B9J08_001246,DNA replication complex GINS protein SLD5
B9J08_001247,unspecified product
B9J08_001248,N terminus of Rad21 / Rec8 like protein | Conserved region of Rad21 / Rec8 like protein | domain-containing protein
B9J08_001249,Mediator complex subunit 2 | domain-containing protein
B9J08_001250,"Fungal epsilon subunit of F1F0-ATP synthase C-terminal domain | ATP synthase, Delta/Epsilon chain, beta-sandwich domain | domain-containing protein"
B9J08_001251,Mitochondrial ribosomal protein mL59 | domain-containing protein
B9J08_001252,LSM domain | domain-containing protein
B9J08_001253,Der1-like family | domain-containing protein
B9J08_001254,Inner membrane component domain | Sodium/calcium exchanger protein | domain-containing protein
B9J08_001255,"Alpha amylase, catalytic domain | domain-containing protein"
B9J08_001256,"DNA-directed RNA polymerase, DNA-directed RNA polymerase II subunit RPB1"
B9J08_001257,RNase P subunit Pop3 | domain-containing protein
B9J08_001258,Replication factor C C-terminal domain | ATPase family associated with various cellular activities (AAA) | domain-containing protein
B9J08_001259,"Vps52/Sac2 family, coiled-coil | Vps52, C-terminal | domain-containing protein"
B9J08_001260,DNA 3'-5' helicase
B9J08_001261,CID domain | domain-containing protein
B9J08_001262,Chromosome segregation protein Csm1/Pcs1 | domain-containing protein
B9J08_001263,LYAR-type C2HC zinc finger | domain-containing protein
B9J08_001264,Cytochrome c oxidase assembly protein COX16 | domain-containing protein
B9J08_001265,"Tup N-terminal | WD domain, G-beta repeat | domain-containing protein"
B9J08_001266,Mevalonate 5-diphosphate decarboxylase C-terminal domain | Diphosphomevalonate decarboxylase-like N-terminal domain | domain-containing protein
B9J08_001267,CDP-alcohol phosphatidyltransferase | domain-containing protein
B9J08_001268,unspecified product
B9J08_001269,unspecified product
B9J08_001270,bZIP transcription factor | domain-containing protein
B9J08_001271,TCP-1/cpn60 chaperonin family | domain-containing protein
B9J08_001272,phosphoribosylanthranilate isomerase
B9J08_001273,"Vps53, N-terminal | Vacuolar protein sorting-associated protein 53 C-terminus | domain-containing protein"
B9J08_001274,KLHDC2/KLHL20/DRC7 Kelch-repeats domain | domain-containing protein
B9J08_001275,"Arrestin (or S-antigen), N-terminal domain | Arrestin (or S-antigen), C-terminal domain | domain-containing protein"
B9J08_001276,RNA recognition motif | domain-containing protein
B9J08_001277,2-isopropylmalate synthase
B9J08_001278,Ribosomal protein L13 | domain-containing protein
B9J08_001279,Aldehyde dehydrogenase family | domain-containing protein
B9J08_001280,alpha/beta hydrolase fold | domain-containing protein
B9J08_001281,FAD binding domain | domain-containing protein
B9J08_001282,Nucleosome assembly protein (NAP) | domain-containing protein
B9J08_001283,A49-like RNA polymerase I associated factor | domain-containing protein
B9J08_001284,Lecithin:cholesterol acyltransferase | domain-containing protein
B9J08_001285,Fungal Zn(2)-Cys(6) binuclear cluster domain | domain-containing protein
B9J08_001286,ATPase family associated with various cellular activities (AAA) | AAA+ lid domain | Peptidase family M41 | domain-containing protein
B9J08_001287,unspecified product
B9J08_001288,Chromatin remodelling complex Rsc7/Swp82 subunit | domain-containing protein
B9J08_001289,unspecified product
B9J08_001290,unspecified product
B9J08_001291,alpha/beta hydrolase fold | domain-containing protein
B9J08_001292,Copper/zinc superoxide dismutase (SODC) | domain-containing protein
B9J08_001293,OPT oligopeptide transporter protein | domain-containing protein
B9J08_001294,Amidase | domain-containing protein
B9J08_001295,DNA/RNA non-specific endonuclease | domain-containing protein
B9J08_001296,"3-hydroxyacyl-[acyl-carrier-protein] dehydratase, [acyl-carrier-protein] S-acetyltransferase, [acyl-carrier-protein] S-malonyltransferase, enoyl-[acyl-carrier-protein] reductase (NADH), fatty-acyl-CoA synthase system, oleoyl-[acyl-carrier-protein] hydrolase"
B9J08_001297,diphosphoinositol-pentakisphosphate 1-kinase
B9J08_001298,ribose-phosphate diphosphokinase
B9J08_001299,SRR1 domain | domain-containing protein
B9J08_001300,Response regulator receiver domain | HSF-type DNA-binding | domain-containing protein
B9J08_001301,Glycosyl hydrolases family 31 TIM-barrel domain | Glycosyl hydrolase 31 N-terminal galactose mutarotase-like domain | Glycosyl hydrolase family 31 C-terminal domain | domain-containing protein
B9J08_001302,RING-type E3 ubiquitin transferase
B9J08_001303,Bromodomain extra-terminal - transcription regulation | Bromodomain | domain-containing protein
B9J08_001304,Dihydrouridine synthase (Dus) | domain-containing protein
B9J08_001305,SMC proteins Flexible Hinge Domain | RecF/RecN/SMC N terminal domain | domain-containing protein
B9J08_001306,Yeast RNA polymerase I subunit RPA14 | domain-containing protein
B9J08_001307,Csf1 family C-terminal region | Csf1 N-terminal region | domain-containing protein
B9J08_001308,unspecified product
B9J08_001309,DnaJ domain | DnaJ central domain | DnaJ C terminal domain | domain-containing protein
B9J08_001311,Cofilin/tropomyosin-type actin-binding protein | domain-containing protein
B9J08_001312,Tc5 transposase DNA-binding domain | domain-containing protein
B9J08_001313,unspecified product
B9J08_001314,unspecified product
B9J08_001315,Allantoicase repeat | domain-containing protein
B9J08_001316,Lysine methyltransferase | domain-containing protein
B9J08_001317,unspecified product
B9J08_001318,Sybindin-like family | domain-containing protein
B9J08_001319,Major Facilitator Superfamily | domain-containing protein
B9J08_001320,"Transcriptional regulator of RNA polII, SAGA, subunit | domain-containing protein"
B9J08_001321,unspecified product
B9J08_001322,2Fe-2S iron-sulfur cluster binding domain | domain-containing protein
B9J08_001323,Snare region anchored in the vesicle membrane C-terminus | Vesicle transport v-SNARE protein N-terminus | domain-containing protein
B9J08_001324,Mannosylglycerate hydrolase MGH1-like glycoside hydrolase domain | domain-containing protein
B9J08_001325,Enoyl-(Acyl carrier protein) reductase | domain-containing protein
B9J08_001328,peptidylprolyl isomerase
B9J08_001329,Zinc knuckle | domain-containing protein
B9J08_001330,2-amino-4-hydroxy-6-hydroxymethyldihydropteridine diphosphokinase
B9J08_001331,RTC4-like domain | domain-containing protein
B9J08_001332,Helix-loop-helix DNA-binding domain | domain-containing protein
B9J08_001335,unspecified product
B9J08_001336,RNA recognition motif | domain-containing protein
B9J08_001337,RNA polymerase III subunit Rpc25 | SHS2 domain found in N terminus of Rpb7p/Rpc25p/MJ0397 | domain-containing protein
B9J08_001338,"AAA+ lid domain | ATPase family associated with various cellular activities (AAA) | 26S proteasome regulatory subunit 7, OB domain | domain-containing protein"
B9J08_001339,unspecified product
B9J08_001340,BAR domain | domain-containing protein
B9J08_001341,unspecified product
B9J08_001342,unspecified product
B9J08_001343,DNA 5'-3' helicase
B9J08_001344,"Adenylate kinase | Adenylate kinase, active site lid | domain-containing protein"
B9J08_001345,"Adenylate kinase | Adenylate kinase, active site lid | domain-containing protein"
B9J08_001346,Leo1-like protein | domain-containing protein
B9J08_001347,RhoGAP domain | domain-containing protein
B9J08_001348,Protein kinase domain | domain-containing protein
B9J08_001349,"Sgf11 (transcriptional regulation protein) | SCA7, zinc-binding domain | domain-containing protein"
B9J08_001350,unspecified product
B9J08_001351,Hypoxia induced protein conserved region | domain-containing protein
B9J08_001352,Integral peroxisomal membrane peroxin | domain-containing protein
B9J08_001353,Cgr1 family | domain-containing protein
B9J08_001354,"Transcription factor TFIID (or TATA-binding protein, TBP) | domain-containing protein"
B9J08_001355,DNA-(apurinic or apyrimidinic site) endonuclease 2
B9J08_001356,unspecified product
B9J08_001357,Cohesin loading factor | domain-containing protein
B9J08_001358,DKCLD (NUC011) domain | TruB family pseudouridylate synthase (N terminal domain) | tRNA pseudouridylate synthase B C-terminal domain | PUA domain | domain-containing protein
B9J08_001359,Vps23 core domain | UEV domain | domain-containing protein
B9J08_001360,ATP synthase subunit H | domain-containing protein
B9J08_001361,unspecified product
B9J08_001362,Amino acid permease | domain-containing protein
B9J08_001363,RNA helicase
B9J08_001364,Cytochrome P450 | domain-containing protein
B9J08_001365,Endoplasmic Reticulum Oxidoreductin 1 (ERO1) | domain-containing protein
B9J08_001366,Flocculin type 3 repeat | domain-containing protein
B9J08_001367,Fungal Zn(2)-Cys(6) binuclear cluster domain | Fungal specific transcription factor domain | domain-containing protein
B9J08_001368,DAK2 domain | Dak1 domain | domain-containing protein
B9J08_001369,unspecified product
B9J08_001370,unspecified product
B9J08_001371,Fungal specific transcription factor domain | domain-containing protein
B9J08_001372,Cytochrome P450 | domain-containing protein
B9J08_001373,Vacuolar segregation subunit 7 | domain-containing protein
B9J08_001374,Histidine phosphatase superfamily (branch 1) | 6-phosphofructo-2-kinase | domain-containing protein
B9J08_001375,unspecified product
B9J08_001376,Exportin-5 family | domain-containing protein
B9J08_001377,Brix domain | domain-containing protein
B9J08_001378,"TFIIH p62 subunit, N-terminal domain | BSD domain | domain-containing protein"
B9J08_001379,unspecified product
B9J08_001380,Ribonuclease T2 family | domain-containing protein
B9J08_001381,Copper/zinc superoxide dismutase (SODC) | domain-containing protein
B9J08_001382,Peptidase inhibitor I9 | domain-containing protein
B9J08_001383,"Alpha mannosidase middle domain | Glycosyl hydrolases family 38 N-terminal domain | Glycosyl hydrolases family 38 C-terminal domain | Glycosyl hydrolases family 38 C-terminal beta sandwich domain | Alpha-mannosidase, jelly roll domain | domain-containing protein"
B9J08_001384,"SBDS protein, domain II | Shwachman-Bodian-Diamond syndrome (SBDS) N-terminal domain | SBDS protein, C-terminal domain | domain-containing protein"
B9J08_001385,"Zuotin-like, zuotin homology domain | DnaJ domain | Ribosome-associated complex head domain | domain-containing protein"
B9J08_001386,Protein phosphatase inhibitor 2 (IPP-2) | domain-containing protein
B9J08_001387,ADP-ribosylation factor family | domain-containing protein
B9J08_001388,NAD binding domain of 6-phosphogluconate dehydrogenase | domain-containing protein
B9J08_001389,phosphomevalonate kinase
B9J08_001390,unspecified product
B9J08_001391,unspecified product
B9J08_001392,Tim10/DDP family zinc finger | domain-containing protein
B9J08_001393,Cytochrome c/c1 heme lyase | domain-containing protein
B9J08_001394,SURF4 family | domain-containing protein
B9J08_001396,"3' exoribonuclease family, domain 2 | 3' exoribonuclease family, domain 1 | domain-containing protein"
B9J08_001397,Mannosyltransferase (PIG-M) | domain-containing protein
B9J08_001398,PEX14-like KPWE domain | domain-containing protein
B9J08_001399,Mitochondrial carrier protein | domain-containing protein
B9J08_001400,"Transcription initiation factor IIF, alpha subunit (TFIIF-alpha) | domain-containing protein"
B9J08_001401,Protein HGH1 homolog
B9J08_001402,Peptidase family M20/M25/M40 | Peptidase dimerisation domain | domain-containing protein
B9J08_001403,Dienelactone hydrolase family | domain-containing protein
B9J08_001404,ABC1 atypical kinase-like domain | domain-containing protein
B9J08_001405,Putative serine esterase (DUF676) | domain-containing protein
B9J08_001406,Proteasome subunit | domain-containing protein
B9J08_001407,ER lumen protein retaining receptor | domain-containing protein
B9J08_001408,Thioredoxin | domain-containing protein
B9J08_001409,Flocculin type 3 repeat | domain-containing protein
B9J08_001410,RSE1/DDB1/CPSF1 first beta-propeller | CPSF A subunit region | domain-containing protein
B9J08_001411,GPI biosynthesis protein family Pig-F | domain-containing protein
B9J08_001412,unspecified product
B9J08_001413,tyrosine-tRNA ligase
B9J08_001414,RING-type E3 ubiquitin transferase
B9J08_001415,"E3 ubiquitin-protein ligase UBR1-like, winged-helix domain | Proteolysis_6 C-terminal | domain-containing protein"
B9J08_001416,Cofilin/tropomyosin-type actin-binding protein | SH3 domain | domain-containing protein
B9J08_001417,SPRY domain | domain-containing protein
B9J08_001418,Glycosyl hydrolases family 17 | domain-containing protein
B9J08_001419,Putative RNA methyltransferase | domain-containing protein
B9J08_001420,unspecified product
B9J08_001421,isopentenyl-diphosphate DELTA-isomerase
B9J08_001422,lipoyl synthase
B9J08_001423,Histone deacetylase domain | domain-containing protein
B9J08_001424,RhoGAP domain | PH domain | domain-containing protein
B9J08_001425,"Transcription factor IIA, alpha/beta subunit | domain-containing protein"
B9J08_001426,unspecified product
B9J08_001427,I/LWEQ domain | ANTH domain | domain-containing protein
B9J08_001428,Mitochondrial carrier protein | domain-containing protein
B9J08_001429,Ubiquinol-cytochrome C reductase complex 14kD subunit | Ap4A phosphorylase N-terminal domain | ATP adenylyltransferase C-terminal domain | domain-containing protein
B9J08_001430,"Ribosomal RNA methyltransferase Spb1, DUF3381 | FtsJ-like methyltransferase | Spb1 C-terminal domain | domain-containing protein"
B9J08_001431,Pep3/Vps18/deep orange beta-propeller domain | domain-containing protein
B9J08_001432,Calponin homology (CH) domain | domain-containing protein
B9J08_001433,Complex 1 protein (LYR family) | domain-containing protein
B9J08_001434,Insertion domain in 60S ribosomal protein L10P | Ribosomal protein L10 | domain-containing protein
B9J08_001435,Mif2/CENP-C like | domain-containing protein
B9J08_001436,CRT10 | domain-containing protein
B9J08_001437,unspecified product
B9J08_001438,GAF domain | domain-containing protein
B9J08_001439,KH domain | domain-containing protein
B9J08_001440,unspecified product
B9J08_001441,unspecified product
B9J08_001442,signal-recognition-particle GTPase
B9J08_001443,unspecified product
B9J08_001444,Transcription elongation factor Elf1 like | domain-containing protein
B9J08_001445,Rab-GTPase-TBC domain | domain-containing protein
B9J08_001446,Omp85 superfamily domain | domain-containing protein
B9J08_001447,"Homoserine kinase, homoserine kinase"
B9J08_001448,Cytochrome P450 | domain-containing protein
B9J08_001449,Helix-loop-helix DNA-binding domain | domain-containing protein
B9J08_001450,ferric-chelate reductase (NADPH)
B9J08_001451,Protein arginine N-methyltransferase 2
B9J08_001452,Insulinase (Peptidase family M16) | Peptidase M16 inactive domain | domain-containing protein
B9J08_001453,Poly(A) polymerase predicted RNA binding domain | Poly(A) polymerase nucleotidyltransferase domain | Poly(A) polymerase central domain | domain-containing protein
B9J08_001454,Oxysterol-binding protein | domain-containing protein
B9J08_001455,Phosphatidylinositol 3- and 4-kinase | Yeast phosphatidylinositol-4-OH kinase Pik1 | domain-containing protein
B9J08_001456,unspecified product
B9J08_001457,"Exocyst complex component Sec10-like, alpha-helical bundle | domain-containing protein"
B9J08_001458,Collagen triple helix repeat (20 copies) | Flo11 domain | domain-containing protein
B9J08_001459,unspecified product
B9J08_001460,"Ribosomal protein L31p, N-terminal | domain-containing protein"
B9J08_001461,TCP-1/cpn60 chaperonin family | domain-containing protein
B9J08_001462,"Cyclin, C-terminal domain | Cyclin, N-terminal domain | domain-containing protein"
B9J08_001463,Myosin head (motor domain) | domain-containing protein
B9J08_001464,Sugar (and other) transporter | domain-containing protein
B9J08_001465,PAP2 superfamily | domain-containing protein
B9J08_001466,unspecified product
B9J08_001467,methionine adenosyltransferase
B9J08_001468,unspecified product
B9J08_001469,MRC1-like domain | domain-containing protein
B9J08_001470,unspecified product
B9J08_001471,"Krr1 KH1 domain | KRR1 small subunit processome component, second KH domain | domain-containing protein"
B9J08_001472,unspecified product
B9J08_001473,"WD domain, G-beta repeat | domain-containing protein"
B9J08_001474,DNA primase small subunit
B9J08_001475,Cellulase (glycosyl hydrolase family 5) | Glycoside hydrolase family 5 C-terminal domain | domain-containing protein
B9J08_001476,RNA helicase
B9J08_001477,Proteasome subunit | domain-containing protein
B9J08_001478,Lumazine binding domain | domain-containing protein
B9J08_001479,unspecified product
B9J08_001480,unspecified product
B9J08_001481,unspecified product
B9J08_001482,unspecified product
B9J08_001483,LicD family | domain-containing protein
B9J08_001484,acetyl-CoA C-acyltransferase
B9J08_001485,unspecified product
B9J08_001486,unspecified product
B9J08_001487,Major Facilitator Superfamily | domain-containing protein
B9J08_001489,Histidine phosphatase superfamily (branch 2) | domain-containing protein
B9J08_001490,unspecified product
B9J08_001491,unspecified product
B9J08_001492,unspecified product
B9J08_001493,Protein kinase domain | domain-containing protein
B9J08_001494,Origin recognition complex subunit 2 RecA-like domain | ORC2 WHD | domain-containing protein
B9J08_001495,DNA-directed RNA polymerase III subunit RPC10
B9J08_001496,unspecified product
B9J08_001497,"STL11, N-terminal | domain-containing protein"
B9J08_001498,"THADA/TRM732, DUF2428 | Trm732, TPR repeats | Trm732, C-terminal TPR repeats | domain-containing protein"
B9J08_001499,Major Facilitator Superfamily | domain-containing protein
B9J08_001500,unspecified product
B9J08_001501,Helicase conserved C-terminal domain | SNF2-related domain | domain-containing protein
B9J08_001502,Bacteroidetes VLRF1 release factor | domain-containing protein
B9J08_001503,uroporphyrinogen decarboxylase
B9J08_001506,"Peptidase family M28 | Vacuolar membrane protease, transmembrane domain | Vacuolar membrane protease, C-terminal domain | domain-containing protein"
B9J08_001507,Glucanosyltransferase | domain-containing protein
B9J08_001508,F-box-like | domain-containing protein
B9J08_001509,LUC7 N_terminus | domain-containing protein
B9J08_001510,"Peptidase family M48 | CAAX prenyl protease N-terminal, five membrane helices | domain-containing protein"
B9J08_001511,Pleckstrin homology domain | domain-containing protein
B9J08_001512,DEAD/DEAH box helicase | Helicase conserved C-terminal domain | domain-containing protein
B9J08_001513,Integral membrane protein S linking to the trans Golgi network | domain-containing protein
B9J08_001514,SCP-2 sterol transfer family | domain-containing protein
B9J08_001515,Cytochrome P450 | domain-containing protein
B9J08_001516,Mannosyltransferase putative | domain-containing protein
B9J08_001517,unspecified product
B9J08_001518,Eukaryotic aspartyl protease | domain-containing protein
B9J08_001519,Major Facilitator Superfamily | domain-containing protein
B9J08_001520,unspecified product
B9J08_001521,Major Facilitator Superfamily | domain-containing protein
B9J08_001522,unspecified product
B9J08_001523,Major Facilitator Superfamily | domain-containing protein
B9J08_001524,Fungal Zn(2)-Cys(6) binuclear cluster domain | Fungal specific transcription factor domain | domain-containing protein
B9J08_001525,Cytochrome P450 | domain-containing protein
B9J08_001526,Sugar (and other) transporter | domain-containing protein
B9J08_001527,Sugar (and other) transporter | domain-containing protein
B9J08_001528,Sugar (and other) transporter | domain-containing protein
B9J08_001529,Glycoside hydrolase family 5 C-terminal domain | Cellulase (glycosyl hydrolase family 5) | domain-containing protein
B9J08_001530,Amino acid permease | domain-containing protein
B9J08_001531,Hyphally regulated cell wall GPI-anchored protein 1 | Hyphally regulated cell wall protein N-terminal | domain-containing protein
B9J08_001532,Transferrin receptor-like dimerisation domain | Peptidase family M28 | PA domain | domain-containing protein
B9J08_001533,Aldehyde dehydrogenase family | domain-containing protein
B9J08_001534,Eukaryotic aspartyl protease | domain-containing protein
B9J08_001535,FMN-dependent dehydrogenase | domain-containing protein
B9J08_001536,Transmembrane amino acid transporter protein | domain-containing protein
B9J08_001537,Transmembrane amino acid transporter protein | domain-containing protein
B9J08_001538,NmrA-like family | domain-containing protein
B9J08_001539,Fungal Zn(2)-Cys(6) binuclear cluster domain | Fungal specific transcription factor domain | domain-containing protein
B9J08_001540,Dihydrodipicolinate synthetase family | domain-containing protein
B9J08_001541,Transmembrane amino acid transporter protein | domain-containing protein
B9J08_001542,Major Facilitator Superfamily | domain-containing protein
B9J08_001543,Tetrapyrrole (Corrin/Porphyrin) Methylases | domain-containing protein
B9J08_001544,Per1-like family | domain-containing protein
B9J08_001545,Class II Aldolase and Adducin N-terminal domain | domain-containing protein
B9J08_001546,Eukaryotic aspartyl protease | domain-containing protein
B9J08_001547,unspecified product
B9J08_001548,unspecified product
B9J08_001549,unspecified product
B9J08_001550,Ferric reductase NAD binding domain | FAD-binding domain | Ferric reductase like transmembrane component | domain-containing protein
B9J08_001551,unspecified product
B9J08_001552,"Arrestin (or S-antigen), N-terminal domain | domain-containing protein"
B9J08_001553,Polyprenyl synthetase | domain-containing protein
B9J08_001554,unspecified product
B9J08_001555,Vacuolar sorting protein 9 (VPS9) domain | domain-containing protein
B9J08_001556,unspecified product
B9J08_001557,"Spt6, S1/OB domain | Tex central region-like | HHH domain | Helix-turn-helix DNA-binding domain of SPT6 | Helix-hairpin-helix motif | SH2 domain | Acidic N-terminal SPT6 | Holliday-junction resolvase-like of SPT6 | domain-containing protein"
B9J08_001558,"Taurine catabolism dioxygenase TauD, TfdA family | domain-containing protein"
B9J08_001559,Putative threonine/serine exporter | domain-containing protein
B9J08_001560,"Programmed cell death protein 2, C-terminal putative domain | domain-containing protein"
B9J08_001561,"Elongation factor G domain 2 | Translation-initiation factor 2 | Elongation factor Tu GTP binding domain | Translation initiation factor IF-2, N-terminal region | domain-containing protein"
B9J08_001562,"BRCT domain | Dfp1/Him1, central region | DBF zinc finger | domain-containing protein"
B9J08_001563,Protein SLM4 | domain-containing protein
B9J08_001564,Ubiquitin-conjugating enzyme | domain-containing protein
B9J08_001565,"SH3-binding, glutamic acid-rich protein | domain-containing protein"
B9J08_001566,Vigilin KH domain | KH domain | domain-containing protein
B9J08_001567,Amino acid permease | domain-containing protein
B9J08_001568,Large ribosomal subunit protein mL43
B9J08_001569,Fungal Zn(2)-Cys(6) binuclear cluster domain | domain-containing protein
B9J08_001570,"Taurine catabolism dioxygenase TauD, TfdA family | domain-containing protein"
B9J08_001571,"Taurine catabolism dioxygenase TauD, TfdA family | domain-containing protein"
B9J08_001572,UBA/TS-N domain | EH domain | domain-containing protein
B9J08_001573,Gar1/Naf1 RNA binding region | domain-containing protein
B9J08_001574,50S ribosome-binding GTPase | domain-containing protein
B9J08_001575,VanZ like family | domain-containing protein
B9J08_001576,Phospholipase D Active site motif | domain-containing protein
B9J08_001577,Transmembrane adaptor Erv26 | domain-containing protein
B9J08_001578,alpha/beta hydrolase fold | domain-containing protein
B9J08_001579,Fat storage-inducing transmembrane protein | domain-containing protein
B9J08_001580,Protein phosphatase 2C | domain-containing protein
B9J08_001581,"Cation transporter/ATPase, N-terminus | Cation transporting ATPase, C-terminus | haloacid dehalogenase-like hydrolase | E1-E2 ATPase | Cation transport ATPase (P-type) | domain-containing protein"
B9J08_001582,"Serine aminopeptidase, S33 | domain-containing protein"
B9J08_001584,Pet100 | domain-containing protein
B9J08_001585,Vps41 TPR-like region | Vps42 beta-propeller | domain-containing protein
B9J08_001586,Conserved oligomeric Golgi complex subunit 3
B9J08_001587,MCM10 OB-fold | Primase zinc finger | domain-containing protein
B9J08_001588,Cytochrome P450 | domain-containing protein
B9J08_001589,Uncharacterised protein family (UPF0160) | domain-containing protein
B9J08_001590,unspecified product
B9J08_001591,glutamate decarboxylase
B9J08_001592,GDP-mannose transporter
B9J08_001593,"Cse1 | CAS/CSE protein, C-terminus | Importin-beta N-terminal domain | domain-containing protein"
B9J08_001594,CCAAT-binding transcription factor (CBF-B/NF-YA) subunit B | domain-containing protein
B9J08_001595,Fungal Zn(2)-Cys(6) binuclear cluster domain | domain-containing protein
B9J08_001596,Vps51/EXO84/COG1 N-terminal | domain-containing protein
B9J08_001597,U3-containing 90S pre-ribosomal complex subunit | domain-containing protein
B9J08_001598,tRNA modifying enzyme MnmG/GidA C-terminal helical bundle | Glucose inhibited division protein A | tRNA modifying enzyme MnmG/GidA C-terminal helical domain | domain-containing protein
B9J08_001599,Centromere kinetochore component CENP-T histone fold | domain-containing protein
B9J08_001600,Mitochondrial carrier protein | domain-containing protein
B9J08_001601,zinc-finger of acetyl-transferase ESCO | ESCO1/2 acetyl-transferase | domain-containing protein
B9J08_001602,nicotinate-nucleotide diphosphorylase (carboxylating)
B9J08_001603,"Anaphase-promoting complex, subunit 10 (APC10) | domain-containing protein"
B9J08_001604,SMI1 / KNR4 family (SUKH-1) | domain-containing protein
B9J08_001605,Glutamate-cysteine ligase | domain-containing protein
B9J08_001606,"phosphoribosylamine-glycine ligase, phosphoribosylformylglycinamidine cyclo-ligase"
B9J08_001607,Ribonuclease III domain | domain-containing protein
B9J08_001608,EXS family | domain-containing protein
B9J08_001609,Nucleolar protein 12 (25kDa) | domain-containing protein
B9J08_001610,Sas10/Utp3/C1D family | domain-containing protein
B9J08_001611,non-specific serine/threonine protein kinase
B9J08_001612,VAD1 Analog of StAR-related lipid transfer domain | GRAM domain | domain-containing protein
B9J08_001613,Survival protein SurE | domain-containing protein
B9J08_001614,Survival protein SurE | domain-containing protein
B9J08_001615,Peroxin-3 | domain-containing protein
B9J08_001616,"Skp1 family, dimerisation domain | Skp1 family, tetramerisation domain | domain-containing protein"
B9J08_001617,unspecified product
B9J08_001618,UBX domain | UBA-like domain | Thioredoxin-like | domain-containing protein
B9J08_001619,Protein kinase domain | domain-containing protein
B9J08_001620,Fungal specific transcription factor domain | domain-containing protein
B9J08_001621,Gig2-like | domain-containing protein
B9J08_001622,NAD dependent epimerase/dehydratase family | domain-containing protein
B9J08_001623,"WD domain, G-beta repeat | domain-containing protein"
B9J08_001624,isoleucine-tRNA ligase
B9J08_001625,tRNAIle-lysidine synthase
B9J08_001626,Transcription initiation factor TFIID subunit 2
B9J08_001627,CUE domain | Domain of unknown function (DUF5601) | Vacuolar sorting protein 9 (VPS9) domain | domain-containing protein
B9J08_001630,Ethanolamine utilisation protein EutQ | domain-containing protein
B9J08_001631,Cdc37 C terminal domain | Cdc37 Hsp90 binding domain | Cdc37 N terminal kinase binding | domain-containing protein
B9J08_001632,RNA recognition motif | domain-containing protein
B9J08_001633,"Oxidoreductase family, NAD-binding Rossmann fold | Oxidoreductase family, C-terminal alpha/beta domain | domain-containing protein"
B9J08_001634,Sec20 | domain-containing protein
B9J08_001635,Endonuclease/Exonuclease/phosphatase family | domain-containing protein
B9J08_001636,Mob1/phocein family | domain-containing protein
B9J08_001637,REC102 protein | domain-containing protein
B9J08_001638,unspecified product
B9J08_001639,unspecified product
B9J08_001640,Copper/zinc superoxide dismutase (SODC) | domain-containing protein
B9J08_001641,Iron-sulphur cluster biosynthesis | domain-containing protein
B9J08_001642,C-terminal region of peptidase_M24 | Creatinase/Prolidase N-terminal domain | Creatinase/Prolidase N-terminal domain | Metallopeptidase family M24 | domain-containing protein
B9J08_001643,unspecified product
B9J08_001644,"Replication factor-A protein 1, N-terminal domain | Replication factor-A C terminal domain | OB-fold nucleic acid binding domain | Replication protein A OB domain | domain-containing protein"
B9J08_001645,Cys/Met metabolism PLP-dependent enzyme | domain-containing protein
B9J08_001646,Thioredoxin-like [2Fe-2S] ferredoxin | domain-containing protein
B9J08_001647,CDC20/Fizzy WD40 domain | domain-containing protein
B9J08_001648,Aminotransferase class I and II | domain-containing protein
B9J08_001649,"TUP1-like enhancer of split | HIRA B motif | CAF1B/HIR1 beta-propeller domain | WD domain, G-beta repeat | domain-containing protein"
B9J08_001650,CHD5-like protein | domain-containing protein
B9J08_001651,Casein kinase II regulatory subunit | domain-containing protein
B9J08_001652,HSCB C-terminal oligomerisation domain | domain-containing protein
B9J08_001653,Sec23/Sec24 beta-sandwich domain | Sec23/Sec24 trunk domain | Sec23/Sec24 helical domain | Sec23/Sec24 zinc finger | Gelsolin repeat | domain-containing protein
B9J08_001654,ThiF family | domain-containing protein
B9J08_001655,Class II histone deacetylase complex subunits 2 and 3 | domain-containing protein
B9J08_001656,"WD domain, G-beta repeat | pre-mRNA processing factor 4 (PRP4) like | domain-containing protein"
B9J08_001657,unspecified product
B9J08_001658,"PQQ synthase PqqF-like, C-terminal lobe domain 4 | Middle or third domain of peptidase_M16 | Insulinase (Peptidase family M16) | Peptidase M16 inactive domain | domain-containing protein"
B9J08_001659,unspecified product
B9J08_001660,"Copper amine oxidase, enzyme domain | domain-containing protein"
B9J08_001663,unspecified product
B9J08_001664,Leucine rich repeat | Leucine Rich repeats (2 copies) | domain-containing protein
B9J08_001665,Glycosyl hydrolase family 3 N terminal domain | Fibronectin type III-like domain | Glycosyl hydrolase family 3 C-terminal domain | domain-containing protein
B9J08_001666,unspecified product
B9J08_001667,DNA polymerase alpha/epsilon subunit B | domain-containing protein
B9J08_001668,protein geranylgeranyltransferase type II
B9J08_001669,Mannosyltransferase putative | domain-containing protein
B9J08_001670,Class II Aldolase and Adducin N-terminal domain | domain-containing protein
B9J08_001671,LSM domain | domain-containing protein
B9J08_001672,Amino acid permease | domain-containing protein
B9J08_001673,Amino acid permease | domain-containing protein
B9J08_001674,"snoRNA binding domain, fibrillarin | NOP5NT (NUC127) domain | domain-containing protein"
B9J08_001675,DNA helicase
B9J08_001676,Sel1 repeat | domain-containing protein
B9J08_001677,V-type ATPase 116kDa subunit family | domain-containing protein
B9J08_001678,"Centromere DNA-binding protein complex CBF3 subunit, domain 2 | domain-containing protein"
B9J08_001679,Helix-loop-helix DNA-binding domain | domain-containing protein
B9J08_001680,unspecified product
B9J08_001681,Origin recognition complex (ORC) subunit 3 N-terminus | Origin recognition complex winged helix C-terminal | domain-containing protein
B9J08_001682,Diacylglycerol acyltransferase | domain-containing protein
B9J08_001683,unspecified product
B9J08_001684,Phosphorylase superfamily | domain-containing protein
B9J08_001685,Complex I intermediate-associated protein 30 (CIA30) | domain-containing protein
B9J08_001686,S4 domain | RS4NT (NUC023) domain | Ribosomal family S4e | KOW motif | 40S ribosomal protein S4 C-terminus | domain-containing protein
B9J08_001687,IMP-specific 5'-nucleotidase | domain-containing protein
B9J08_001688,short chain dehydrogenase | domain-containing protein
B9J08_001689,"WD domain, G-beta repeat | domain-containing protein"
B9J08_001690,"Essential protein Yae1, N terminal | domain-containing protein"
B9J08_001691,GYF domain | domain-containing protein
B9J08_001692,"Origin recognition complex (ORC) subunit 5 C-terminus | AAA ATPase domain | ORC5, lid domain | domain-containing protein"
B9J08_001693,DNA-directed DNA polymerase
B9J08_001694,YIF1 | domain-containing protein
B9J08_001695,"alpha,alpha-trehalose-phosphate synthase (UDP-forming)"
B9J08_001696,unspecified product
B9J08_001697,Protein phosphatase 2C | domain-containing protein
B9J08_001698,"beta-1,4-mannooligosaccharide phosphorylase | domain-containing protein"
B9J08_001699,unspecified product
B9J08_001700,unspecified product
B9J08_001701,"ATP synthase alpha/beta family, beta-barrel domain | ATP synthase alpha/beta family, nucleotide-binding domain | C-terminal domain of V and A type ATP synthase | domain-containing protein"
B9J08_001702,Aconitase family (aconitate hydratase) | Aconitase C-terminal domain | domain-containing protein
B9J08_001703,RasGEF N-terminal motif | RasGEF domain | domain-containing protein
B9J08_001704,AAA domain | AAA domain | domain-containing protein
B9J08_001705,Phosphatidylinositol-glycan biosynthesis class S protein | domain-containing protein
B9J08_001706,Pre-PUA-like domain | eIF2D winged helix domain | Translation initiation factor SUI1 | domain-containing protein
B9J08_001707,Cyclic nucleotide-binding domain | F-box domain | Leucine Rich repeat | domain-containing protein
B9J08_001708,Ribosomal protein L1p/L10e family | domain-containing protein
B9J08_001709,RhoGAP domain | domain-containing protein
B9J08_001710,"Anaphase-promoting complex subunit 4 WD40 domain | Anaphase-promoting complex, cyclosome, subunit 4 | domain-containing protein"
B9J08_001711,Genetic interactor of prohibitin 5 | domain-containing protein
B9J08_001712,"Gaa1-like, GPI transamidase component | domain-containing protein"
B9J08_001713,Aminotransferase class I and II | domain-containing protein
B9J08_001714,unspecified product
B9J08_001715,uridine/cytidine kinase
B9J08_001716,"Helicase associated domain (HA2), ratchet-like | Helicase conserved C-terminal domain | Helicase associated domain (HA2), winged-helix | DEAD/DEAH box helicase | Oligonucleotide/oligosaccharide-binding (OB)-fold | domain-containing protein"
B9J08_001717,GATA zinc finger | domain-containing protein
B9J08_001718,Leucine rich repeat | domain-containing protein
B9J08_001719,unspecified product
B9J08_001720,Fungal specific transcription factor domain | domain-containing protein
B9J08_001721,CoA binding domain | domain-containing protein
B9J08_001722,Autophagy-related protein 101 | domain-containing protein
B9J08_001723,Peptidyl-tRNA hydrolase | domain-containing protein
B9J08_001724,ABC transporter | ABC transporter transmembrane region 2 | domain-containing protein
B9J08_001725,unspecified product
B9J08_001726,Protein kinase domain | domain-containing protein
B9J08_001727,Integral peroxisomal membrane peroxin | domain-containing protein
B9J08_001728,Endoplasmic Reticulum-Golgi Intermediate Compartment (ERGIC) | Endoplasmic reticulum vesicle transporter | domain-containing protein
B9J08_001729,Fungal specific transcription factor domain | domain-containing protein
B9J08_001730,AAA domain | SEN1 N terminal | Helicase SEN1 beta-barrel domain | AAA domain | domain-containing protein
B9J08_001731,unspecified product
B9J08_001732,EF-hand domain pair | domain-containing protein
B9J08_001733,short chain dehydrogenase | domain-containing protein
B9J08_001734,RGF3 winged helix domain | CNH domain | Pleckstrin homology domain | domain-containing protein
B9J08_001735,SHNi-TPR | domain-containing protein
B9J08_001736,Ribosome-assembly protein 3 | domain-containing protein
B9J08_001737,"Permease for cytosine/purines, uracil, thiamine, allantoin | domain-containing protein"
B9J08_001738,Bul1 N terminus | Bul1 C terminus | domain-containing protein
B9J08_001739,Leucine Rich repeat | domain-containing protein
B9J08_001740,acyl-CoA oxidase
B9J08_001741,acyl-CoA oxidase
B9J08_001742,FYVE zinc finger | domain-containing protein
B9J08_001743,Pal1 cell morphology protein | domain-containing protein
B9J08_001744,"Iron/manganese superoxide dismutases, C-terminal domain | domain-containing protein"
B9J08_001745,RNA helicase
B9J08_001746,unspecified product
B9J08_001747,unspecified product
B9J08_001748,unspecified product
B9J08_001749,haloacid dehalogenase-like hydrolase | domain-containing protein
B9J08_001750,unspecified product
B9J08_001751,unspecified product
B9J08_001752,Peptidase dimerisation domain | Peptidase family M20/M25/M40 | domain-containing protein
B9J08_001753,WKF domain | domain-containing protein
B9J08_001754,TATA-binding protein interacting (TIP20) | domain-containing protein
B9J08_001755,unspecified product
B9J08_001756,"Homoaconitase, mitochondrial, homoaconitate hydratase"
B9J08_001757,Type II CAAX prenyl endopeptidase Rce1-like | domain-containing protein
B9J08_001758,Activator of mitotic machinery Cdc14 phosphatase activation C-term | domain-containing protein
B9J08_001759,Cytochrome b5-like Heme/Steroid binding domain | Fatty acid hydroxylase | domain-containing protein
B9J08_001760,unspecified product
B9J08_001761,orotate phosphoribosyltransferase
B9J08_001762,SRP19 protein | domain-containing protein
B9J08_001763,NuBaID N-terminal domain (aka zf-C3HC) | domain-containing protein
B9J08_001764,"F-box-like | Cell division control protein 4 dimerisation domain | WD domain, G-beta repeat | domain-containing protein"
B9J08_001765,leucine-tRNA ligase
B9J08_001766,RNA recognition motif | Occluded RNA-recognition motif | domain-containing protein
B9J08_001767,unspecified product
B9J08_001768,Regulator of G protein signaling domain | Sorting nexin C terminal | PXA domain | PX domain | domain-containing protein
B9J08_001769,Pre-mRNA-splicing factor Syf1/CRNKL1 C-terminal HAT repeat | S1 RNA binding domain | domain-containing protein
B9J08_001770,BRCA1-associated protein 2 | Zn-finger in ubiquitin-hydrolases and other protein | domain-containing protein
B9J08_001771,haloacid dehalogenase-like hydrolase | domain-containing protein
B9J08_001772,ribose-phosphate diphosphokinase
B9J08_001773,TAFII55 protein conserved region | domain-containing protein
B9J08_001774,Cation transport ATPase (P-type) | P5-type ATPase cation transporter | E1-E2 ATPase | domain-containing protein
B9J08_001775,GPR1/FUN34/yaaH family | domain-containing protein
B9J08_001776,Domain of unknown function (DUF202) | domain-containing protein
B9J08_001777,unspecified product
B9J08_001778,DENN domain-containing protein 11 | Domain of unknown function (DUF4484) | domain-containing protein
B9J08_001779,LsmAD domain | Ataxin 2 SM domain | domain-containing protein
B9J08_001780,Exocyst complex component Sec6 | domain-containing protein
B9J08_001781,unspecified product
B9J08_001782,Saf4/Yju2 protein | domain-containing protein
B9J08_001783,RPN1 N-terminal domain | 26S proteasome non-ATPase regulatory subunit RPN1 C-terminal | Proteasome/cyclosome repeat | domain-containing protein
B9J08_001784,ATP synthase subunit C | domain-containing protein
B9J08_001785,unspecified product
B9J08_001786,Fungal Zn(2)-Cys(6) binuclear cluster domain | Fungal specific transcription factor domain | domain-containing protein
B9J08_001787,Fungal Zn(2)-Cys(6) binuclear cluster domain | domain-containing protein
B9J08_001788,Endomembrane protein 70 | domain-containing protein
B9J08_001789,Fungal Zn(2)-Cys(6) binuclear cluster domain | domain-containing protein
B9J08_001790,Apg6 coiled-coil region | Apg6 BARA domain | domain-containing protein
B9J08_001791,2OG-Fe(II) oxygenase superfamily | domain-containing protein
B9J08_001792,unspecified product
B9J08_001793,"ALG6, ALG8 glycosyltransferase family | domain-containing protein"
B9J08_001795,Transglutaminase-like superfamily | domain-containing protein
B9J08_001796,RNA helicase
B9J08_001797,tyrosine-tRNA ligase
B9J08_001798,"3'(2'),5'-bisphosphate nucleotidase"
B9J08_001799,FAD dependent oxidoreductase | C-terminal domain of alpha-glycerophosphate oxidase | domain-containing protein
B9J08_001800,UBA-like domain | UBX domain | domain-containing protein
B9J08_001801,Universal stress protein family | domain-containing protein
B9J08_001802,"Zinc finger, C3HC4 type (RING finger) | domain-containing protein"
B9J08_001803,Fibrillarin | domain-containing protein
B9J08_001804,Nucleotide-sugar transporter | domain-containing protein
B9J08_001805,Proteasome maturation factor UMP1 | domain-containing protein
B9J08_001806,GYF domain | domain-containing protein
B9J08_001807,ACT domain | domain-containing protein
B9J08_001808,Vps5 C terminal like | PX domain | domain-containing protein
B9J08_001809,Enoyl-(Acyl carrier protein) reductase | domain-containing protein
B9J08_001810,unspecified product
B9J08_001811,"Calcium channel YVC1-like, C-terminal | TRPY1 N-terminal linker helical domain | domain-containing protein"
B9J08_001812,unspecified product
B9J08_001813,SLIDE | HAND | Helicase conserved C-terminal domain | SNF2-related domain | domain-containing protein
B9J08_001814,Glutathione peroxidase | domain-containing protein
B9J08_001815,unspecified product
B9J08_001816,Chitin synthase export chaperone | domain-containing protein
B9J08_001817,"Fes/CIP4, and EFC/F-BAR homology domain | RhoGAP domain | domain-containing protein"
B9J08_001818,COMPASS (Complex proteins associated with Set1p) component shg1 | domain-containing protein
B9J08_001819,Cullin family | Cullin protein neddylation domain | domain-containing protein
B9J08_001820,Ubiquinol-cytochrome-c reductase complex subunit (QCR10) | domain-containing protein
B9J08_001821,Phosphopantetheine attachment site | domain-containing protein
B9J08_001822,Ribosomal protein S12/S23 | domain-containing protein
B9J08_001823,"Arp2/3 complex, 34 kD subunit p34-Arc | domain-containing protein"
B9J08_001824,mitogen-activated protein kinase kinase
B9J08_001825,"DNA polymerase zeta catalytic subunit, DNA-directed DNA polymerase"
B9J08_001826,Basic region leucine zipper | domain-containing protein
B9J08_001827,pyridoxal kinase
B9J08_001828,Ketopantoate reductase PanE/ApbA C terminal | Ketopantoate reductase PanE/ApbA | domain-containing protein
B9J08_001829,Phosphatidylinositol 3- and 4-kinase | domain-containing protein
B9J08_001830,unspecified product
B9J08_001831,unspecified product
B9J08_001832,Citrate transporter | SPX domain | domain-containing protein
B9J08_001833,"Peptidase family M20/M25/M40 | Peptidase dimerisation domain | WD domain, G-beta repeat | domain-containing protein"
B9J08_001834,Major Facilitator Superfamily | domain-containing protein
B9J08_001835,Di-sulfide bridge nucleocytoplasmic transport domain | domain-containing protein
B9J08_001836,Rix1 complex component involved in 60S ribosome maturation | domain-containing protein
B9J08_001837,Ribosome recycling factor | domain-containing protein
B9J08_001838,"First Longin domain of FUZ, MON1 and HPS1 | Third Longin domain of FUZ, MON1 and HPS1 | Second Longin domain of FUZ, MON1 and HPS1 | domain-containing protein"
B9J08_001839,Regulated-SNARE-like domain | Synaptobrevin | domain-containing protein
B9J08_001840,Telomere attrition and p53 response 1 protein-like | domain-containing protein
B9J08_001841,Nucleotidyl transferase | EIF2B subunit epsilon LbH domain | domain-containing protein
B9J08_001842,ATPase family associated with various cellular activities (AAA) | AAA+ lid domain | Proteasomal ATPase OB C-terminal domain | domain-containing protein
B9J08_001843,Large ribosomal subunit protein uL24m | EF-hand domain pair | domain-containing protein
B9J08_001844,CAP-Gly domain | domain-containing protein
B9J08_001845,Glycosyl transferases group 1 | Glycosyltransferase Family 4 | domain-containing protein
B9J08_001846,"NXF1/2/3/5 leucine-rich repeat domain | Nuclear RNA export factor, NTF2 domain | RNA recognition motif | domain-containing protein"
B9J08_001847,Cytochrome b5-like Heme/Steroid binding domain | domain-containing protein
B9J08_001848,Acetyltransferase (GNAT) family | domain-containing protein
B9J08_001849,DnaJ domain | domain-containing protein
B9J08_001850,"IMP cyclohydrolase, phosphoribosylaminoimidazolecarboxamide formyltransferase"
B9J08_001851,Ribosomal L15 | domain-containing protein
B9J08_001852,unspecified product
B9J08_001853,HIM1 | domain-containing protein
B9J08_001854,unspecified product
B9J08_001855,Tyrosine phosphatase family | domain-containing protein
B9J08_001856,Ctr copper transporter family | domain-containing protein
B9J08_001857,Exocyst complex component Sec8 C-terminal | Exocyst complex component Sec8 N-terminal | domain-containing protein
B9J08_001858,ERCC4 domain | domain-containing protein
B9J08_001859,Nucleotide exchange factor Fes1 | domain-containing protein
B9J08_001860,phosphoglycerate kinase
B9J08_001861,AMP-binding enzyme | AMP-binding enzyme C-terminal domain | domain-containing protein
B9J08_001862,unspecified product
B9J08_001863,Cytochrome oxidase assembly protein | domain-containing protein
B9J08_001864,Eukaryotic membrane protein family | domain-containing protein
B9J08_001865,protein-serine/threonine phosphatase
B9J08_001866,unspecified product
B9J08_001867,unspecified product
B9J08_001868,protein-tyrosine-phosphatase
B9J08_001869,Cofilin/tropomyosin-type actin-binding protein | domain-containing protein
B9J08_001870,Ribosomal S13/S15 N-terminal domain | Ribosomal protein S15 | domain-containing protein
B9J08_001871,Translation initiation factor 1A / IF-1 | domain-containing protein
B9J08_001872,CTD kinase subunit gamma CTK3 C-terminus | CTD kinase subunit gamma CTK3 | domain-containing protein
B9J08_001873,Trehalose-phosphatase | Glycosyltransferase family 20 | domain-containing protein
B9J08_001874,TatD related DNase | domain-containing protein
B9J08_001875,Triosephosphate isomerase | domain-containing protein
B9J08_001876,Histidine phosphatase superfamily (branch 1) | domain-containing protein
B9J08_001877,C-terminal region of eIF3h | JAB1/Mov34/MPN/PAD-1 ubiquitin protease | domain-containing protein
B9J08_001878,lysine-tRNA ligase
B9J08_001879,tRNA (cytidine32/guanosine34-2'-O)-methyltransferase
B9J08_001880,Ribosomal protein S10p/S20e | domain-containing protein
B9J08_001881,Ring finger domain | domain-containing protein
B9J08_001882,unspecified product
B9J08_001883,"FAD linked oxidases, C-terminal domain | FAD binding domain | domain-containing protein"
B9J08_001884,biotin synthase
B9J08_001885,Ribosomal L22e protein family | domain-containing protein
B9J08_001887,5-aminolevulinate synthase
B9J08_001888,Gamma tubulin complex component C-terminal | Gamma tubulin complex component N-terminal | domain-containing protein
B9J08_001889,Mitochondrial carrier protein | domain-containing protein
B9J08_001890,protein-serine/threonine phosphatase
B9J08_001891,NAD dependent epimerase/dehydratase family | domain-containing protein
B9J08_001892,OHCU decarboxylase | domain-containing protein
B9J08_001893,"ATP synthase alpha/beta family, beta-barrel domain | ATPsynthase alpha/beta subunit barrel-sandwich domain | ATP synthase alpha/beta family, nucleotide-binding domain | C-terminal domain of V and A type ATP synthase | domain-containing protein"
B9J08_001894,unspecified product
B9J08_001895,Mitochondrial K+-H+ exchange-related | domain-containing protein
B9J08_001896,unspecified product
B9J08_001897,Cullin family | Cullin protein neddylation domain | domain-containing protein
B9J08_001898,SNF2-related domain | Helicase conserved C-terminal domain | domain-containing protein
B9J08_001899,ABC transporter transmembrane region | ABC transporter | domain-containing protein
B9J08_001900,ALIX V-shaped domain binding to HIV | BRO1-like domain | domain-containing protein
B9J08_001901,chitinase
B9J08_001902,"COPA/B second beta-propeller | Coatomer (COPI) alpha subunit C-terminus | COPA/B TPR domain | WD domain, G-beta repeat | domain-containing protein"
B9J08_001903,protein-serine/threonine phosphatase
B9J08_001904,Centromere protein Scm3 | domain-containing protein
B9J08_001905,AAA+ lid domain | ATPase family associated with various cellular activities (AAA) | Peptidase family M41 | domain-containing protein
B9J08_001906,unspecified product
B9J08_001907,Glycolipid 2-alpha-mannosyltransferase | domain-containing protein
B9J08_001908,Glycolipid 2-alpha-mannosyltransferase | domain-containing protein
B9J08_001909,"Nuclear pore localisation protein NPL4 | NPL4 family, putative zinc binding region | NPL4 family | domain-containing protein"
B9J08_001910,Hsp70 protein | domain-containing protein
B9J08_001911,non-specific serine/threonine protein kinase
B9J08_001912,tRNA carboxymethyluridine synthase
B9J08_001913,MBA1-like protein | domain-containing protein
B9J08_001914,CCCH-type zinc finger | Zinc finger C-x8-C-x5-C-x3-H type (and similar) | domain-containing protein
B9J08_001915,Nucleolar GTP-binding protein 1 (NOG1) | NOGCT (NUC087) domain | NOG1 N-terminal helical domain | domain-containing protein
B9J08_001916,Anp1 | domain-containing protein
B9J08_001917,"Glutathione S-transferase, N-terminal domain | Glutathione S-transferase, C-terminal domain | Elongation factor 1 gamma, conserved domain | domain-containing protein"
B9J08_001918,unspecified product
B9J08_001919,unspecified product
B9J08_001920,Fungal Zn(2)-Cys(6) binuclear cluster domain | Fungal specific transcription factor domain | domain-containing protein
B9J08_001921,Flavoprotein | domain-containing protein
B9J08_001922,Ribosomal protein L1p/L10e family | domain-containing protein
B9J08_001923,FtsJ-like methyltransferase | domain-containing protein
B9J08_001924,"WD domain, G-beta repeat | COPA/B TPR domain | COPA/B second beta-propeller | domain-containing protein"
B9J08_001925,"GDP-Man:Man(3)GlcNAc(2)-PP-Dol alpha-1,2-mannosyltransferase, GDP-Man:Man3GlcNAc2-PP-dolichol alpha-1,2-mannosyltransferase"
B9J08_001926,unspecified product
B9J08_001927,Metallopeptidase family M24 | domain-containing protein
B9J08_001928,MSP (Major sperm protein) domain | domain-containing protein
B9J08_001929,Transmembrane amino acid transporter protein | domain-containing protein
B9J08_001930,Alternative oxidase | domain-containing protein
B9J08_001931,SH3 domain | domain-containing protein
B9J08_001932,unspecified product
B9J08_001933,Protein adenylyltransferase SelO | domain-containing protein
B9J08_001934,Shikimate dehydrogenase substrate binding domain | domain-containing protein
B9J08_001935,Mannosyltransferase putative | domain-containing protein
B9J08_001936,Major Facilitator Superfamily | domain-containing protein
B9J08_001937,Carbon-nitrogen hydrolase | domain-containing protein
B9J08_001938,alpha/beta hydrolase fold | domain-containing protein
B9J08_001939,ATPase family associated with various cellular activities (AAA) | AAA+ lid domain | domain-containing protein
B9J08_001940,Heat shock protein 9/12 | domain-containing protein
B9J08_001941,unspecified product
B9J08_001942,unspecified product
B9J08_001943,"DOP1 C-terminal | Dopey, N-terminal | DOP1 middle TPR domain | domain-containing protein"
B9J08_001944,Phospholipase/Carboxylesterase | domain-containing protein
B9J08_001945,Dihydrouridine synthase (Dus) | domain-containing protein
B9J08_001946,Fungal specific transcription factor domain | domain-containing protein
B9J08_001948,unspecified product
B9J08_001949,unspecified product
B9J08_001950,Acetamidase/Formamidase family | domain-containing protein
B9J08_001951,CFEM domain | domain-containing protein
B9J08_001952,"Permease for cytosine/purines, uracil, thiamine, allantoin | domain-containing protein"
B9J08_001954,unspecified product
B9J08_001955,Caspase domain | domain-containing protein
B9J08_001956,Enoyl-(Acyl carrier protein) reductase | domain-containing protein
B9J08_001957,DnaJ domain | Domain of unknown function (DUF1977) | domain-containing protein
B9J08_001958,Eukaryotic aspartyl protease | domain-containing protein
B9J08_001959,histidine kinase
B9J08_001960,DNA-directed DNA polymerase
B9J08_001961,Mediator complex subunit Med5 | domain-containing protein
B9J08_001962,unspecified product
B9J08_001963,Pex14 N-terminal domain | domain-containing protein
B9J08_001964,Mitochondrial carrier protein | domain-containing protein
B9J08_001965,Prenyltransferase alpha-alpha toroid domain | domain-containing protein
B9J08_001966,4'-phosphopantetheinyl transferase superfamily | domain-containing protein
B9J08_001967,Beta-eliminating lyase | domain-containing protein
B9J08_001968,Aldehyde dehydrogenase family | domain-containing protein
B9J08_001969,F-box-like | domain-containing protein
B9J08_001970,unspecified product
B9J08_001971,Mysoin-binding motif of peroxisomes | domain-containing protein
B9J08_001972,Chromatin-remodeling ATPase INO80
B9J08_001973,Transmembrane proteins 14C | domain-containing protein
B9J08_001974,"Ribosomal protein S3, C-terminal domain | KH domain | domain-containing protein"
B9J08_001975,phosphoribosylformylglycinamidine synthase
B9J08_001976,unspecified product
B9J08_001977,unspecified product
B9J08_001978,unspecified product
B9J08_001979,RNA polymerase Rpb8 | domain-containing protein
B9J08_001980,unspecified product
B9J08_001981,Mannosyltransferase putative | domain-containing protein
B9J08_001984,Sugar (and other) transporter | domain-containing protein
B9J08_001985,Glycosyl hydrolase family 3 C-terminal domain | Fibronectin type III-like domain | Glycosyl hydrolase family 3 N terminal domain | domain-containing protein
B9J08_001986,unspecified product
B9J08_001987,FMN-dependent dehydrogenase | Cytochrome b5-like Heme/Steroid binding domain | domain-containing protein
B9J08_001988,unspecified product
B9J08_001989,UTP--glucose-1-phosphate uridylyltransferase | domain-containing protein
B9J08_001991,nicotinate phosphoribosyltransferase
B9J08_001992,Importin-beta N-terminal domain | domain-containing protein
B9J08_001993,Cytochrome c oxidase assembly protein CtaG/Cox11 | domain-containing protein
B9J08_001994,Protein prenyltransferase alpha subunit repeat | domain-containing protein
B9J08_001995,"Glutathione S-transferase, N-terminal domain | Glutathione S-transferase, C-terminal domain | domain-containing protein"
B9J08_001996,"Taurine catabolism dioxygenase TauD, TfdA family | domain-containing protein"
B9J08_001997,Glycolipid 2-alpha-mannosyltransferase | domain-containing protein
B9J08_001998,OPT oligopeptide transporter protein | domain-containing protein
B9J08_001999,"tRNA synthetases class II (D, K and N) | domain-containing protein"
B9J08_002000,NOP9-like PUF repeat domain | domain-containing protein
B9J08_002001,"Glutathione S-transferase, C-terminal domain | Glutathione S-transferase, N-terminal domain | domain-containing protein"
B9J08_002002,PIN domain of ribonuclease | Nin one binding (NOB1) Zn-ribbon like | domain-containing protein
B9J08_002003,EH domain | domain-containing protein
B9J08_002004,Class II histone deacetylase complex subunits 2 and 3 | domain-containing protein
B9J08_002005,Pyridoxal-dependent decarboxylase conserved domain | domain-containing protein
B9J08_002006,PQ loop repeat | domain-containing protein
B9J08_002007,unspecified product
B9J08_002008,Microtubule associated protein (MAP65/ASE1 family) | domain-containing protein
B9J08_002009,50S ribosome-binding GTPase | domain-containing protein
B9J08_002010,ADP-ribosylation factor family | domain-containing protein
B9J08_002011,Pyridine nucleotide-disulphide oxidoreductase | NAD(P)-binding Rossmann-like domain | domain-containing protein
B9J08_002012,unspecified product
B9J08_002013,Phosphotransferase enzyme family | domain-containing protein
B9J08_002014,"Sedlin, N-terminal conserved region | domain-containing protein"
B9J08_002015,unspecified product
B9J08_002016,Surfeit locus protein 5 subunit 22 of Mediator complex | domain-containing protein
B9J08_002017,unspecified product
B9J08_002018,Thioredoxin | PITH domain | domain-containing protein
B9J08_002019,"LETM1-like, RBD | domain-containing protein"
B9J08_002020,dUTPase | domain-containing protein
B9J08_002021,unspecified product
B9J08_002022,"Chromatin assembly factor 1 subunit Cac1, C-terminal domain | Chromatin assembly factor 1 subunit A dimerization domain | Chromatin assembly factor 1 complex p150 subunit, acidic region | domain-containing protein"
B9J08_002023,Slx4 endonuclease | domain-containing protein
B9J08_002024,[histone H3]-trimethyl-L-lysine9 demethylase
B9J08_002025,Rad17 P-loop domain | domain-containing protein
B9J08_002026,Glutaredoxin | Thioredoxin | domain-containing protein
B9J08_002027,"Zinc finger, C2H2 type | domain-containing protein"
B9J08_002028,unspecified product
B9J08_002029,Domain of unknown function (DUF4149) | domain-containing protein
B9J08_002030,MutS domain II | MutS domain I | MutS domain V | MutS domain III | MutS family domain IV | domain-containing protein
B9J08_002031,unspecified product
B9J08_002032,Nucleotidyl transferase | domain-containing protein
B9J08_002033,unspecified product
B9J08_002034,Ankyrin repeats (3 copies) | DHHC palmitoyltransferase | domain-containing protein
B9J08_002035,Domain of unknown function (DUF4112) | domain-containing protein
B9J08_002036,unspecified product
B9J08_002037,unspecified product
B9J08_002038,FKBP-type peptidyl-prolyl cis-trans isomerase | domain-containing protein
B9J08_002039,Cytidylyltransferase-like | domain-containing protein
B9J08_002040,unspecified product
B9J08_002041,Midasin
B9J08_002042,Protein phosphatase 2C | domain-containing protein
B9J08_002043,"3-phosphoshikimate 1-carboxyvinyltransferase, shikimate kinase"
B9J08_002044,Probable RNA and SrmB- binding site of polymerase A | Poly A polymerase head domain | domain-containing protein
B9J08_002047,Putative GTPase activating protein for Arf | BAR domain of APPL family | PH domain | domain-containing protein
B9J08_002048,CDK-activating kinase assembly factor MAT1 | domain-containing protein
B9J08_002049,unspecified product
B9J08_002050,Kinase binding protein CGI-121 | domain-containing protein
B9J08_002051,XPG N-terminal domain | XPG I-region | domain-containing protein
B9J08_002052,TEA/ATTS domain | domain-containing protein
B9J08_002053,Protein kinase domain | domain-containing protein
B9J08_002054,"RPAP1-like, C-terminal | RPAP1-like, N-terminal | domain-containing protein"
B9J08_002055,unspecified product
B9J08_002056,"ER membrane protein complex subunit 1, C-terminal | domain-containing protein"
B9J08_002057,Fungal Zn(2)-Cys(6) binuclear cluster domain | domain-containing protein
B9J08_002058,Integral peroxisomal membrane peroxin | domain-containing protein
B9J08_002059,Sir2 family | domain-containing protein
B9J08_002060,non-specific serine/threonine protein kinase
B9J08_002061,PWI domain | domain-containing protein
B9J08_002062,YT521-B-like domain | domain-containing protein
B9J08_002063,Ubiquinone biosynthesis protein COQ7 | domain-containing protein
B9J08_002064,"Nuf2 family | Nuf2, DHR10-like domain | domain-containing protein"
B9J08_002065,Major Facilitator Superfamily | domain-containing protein
B9J08_002066,G protein-coupled glucose receptor regulating Gpa2 | G protein-coupled glucose receptor regulating Gpa2 C-term | domain-containing protein
B9J08_002067,Amino acid permease | domain-containing protein
B9J08_002068,"5'-AMP-activated protein kinase beta subunit, interaction domain | Glycogen recognition site of AMP-activated protein kinase | domain-containing protein"
B9J08_002069,Fungal pheromone mating factor STE2 GPCR | domain-containing protein
B9J08_002070,diphosphoinositol-polyphosphate diphosphatase
B9J08_002071,Altered inheritance of mitochondria protein 19 | domain-containing protein
B9J08_002072,Core histone H2A/H2B/H3/H4 | domain-containing protein
B9J08_002073,Centromere kinetochore component CENP-T histone fold | domain-containing protein
B9J08_002074,Glycolipid 2-alpha-mannosyltransferase | domain-containing protein
B9J08_002075,Sds3-like | domain-containing protein
B9J08_002076,Acetyltransferase (GNAT) family | domain-containing protein
B9J08_002077,H2C2 zinc finger | Acetyltransferase (GNAT) family | domain-containing protein
B9J08_002078,"aspartate carbamoyltransferase, carbamoyl-phosphate synthase (ammonia), carbamoyl-phosphate synthase (glutamine-hydrolysing), glutaminase"
B9J08_002079,Major Facilitator Superfamily | domain-containing protein
B9J08_002080,Cation transport protein | domain-containing protein
B9J08_002081,Brix domain | domain-containing protein
B9J08_002082,unspecified product
B9J08_002083,"Rapamycin-insensitive companion of mTOR, domain 5 | Rapamycin-insensitive companion of mTOR RasGEF_N domain | Rapamycin-insensitive companion of mTOR, middle domain | Rapamycin-insensitive companion of mTOR, N-term | domain-containing protein"
B9J08_002084,unspecified product
B9J08_002085,ASF1 like histone chaperone | domain-containing protein
B9J08_002086,unspecified product
B9J08_002087,Membrane transport protein | domain-containing protein
B9J08_002088,Ras family | domain-containing protein
B9J08_002089,FAD dependent oxidoreductase | domain-containing protein
B9J08_002090,GDA1/CD39 (nucleoside phosphatase) family | domain-containing protein
B9J08_002091,CTLH/CRA C-terminal to LisH motif domain | domain-containing protein
B9J08_002092,rRNA (uridine-N3-)-methyltransferase BTM5-like | domain-containing protein
B9J08_002093,Ubiquitin carboxyl-terminal hydrolase | domain-containing protein
B9J08_002094,RNA recognition motif | domain-containing protein
B9J08_002095,TRM5/TYW2 methyltransferase domain | domain-containing protein
B9J08_002096,"Zinc finger, C2H2 type | domain-containing protein"
B9J08_002097,Omp85 superfamily domain | domain-containing protein
B9J08_002098,DNA/pantothenate metabolism flavoprotein C-terminal domain | domain-containing protein
B9J08_002099,peptidylprolyl isomerase
B9J08_002100,"Cyclin, N-terminal domain | domain-containing protein"
B9J08_002101,TLC domain | domain-containing protein
B9J08_002102,Transmembrane amino acid transporter protein | domain-containing protein
B9J08_002103,CENP-S associating Centromere protein X | domain-containing protein
B9J08_002104,Glycogen recognition site of AMP-activated protein kinase | domain-containing protein
B9J08_002105,"Niemann-Pick C1 N terminus | Sterol-sensing domain of SREBP cleavage-activation | NPC1, middle luminal domain | domain-containing protein"
B9J08_002106,Cytidine and deoxycytidylate deaminase zinc-binding region | domain-containing protein
B9J08_002107,Fumarylacetoacetate (FAA) hydrolase C-terminal | domain-containing protein
B9J08_002108,Iron permease FTR1 family | domain-containing protein
B9J08_002109,"glucan endo-1,3-beta-D-glucosidase"
B9J08_002110,Major Facilitator Superfamily | domain-containing protein
B9J08_002111,Bromodomain | domain-containing protein
B9J08_002112,Tim10/DDP family zinc finger | domain-containing protein
B9J08_002113,asparagine-tRNA ligase
B9J08_002114,histidinol-phosphatase
B9J08_002115,proline-tRNA ligase
B9J08_002116,asparagine-tRNA ligase
B9J08_002117,Argininosuccinate lyase C-terminal | Lyase | domain-containing protein
B9J08_002118,unspecified product
B9J08_002119,unspecified product
B9J08_002120,"Nucleolar protein 10-like, second domain | Nucleolar protein 10-like, N-terminal domain | NUC153 domain | domain-containing protein"
B9J08_002121,Isy1-like splicing family | domain-containing protein
B9J08_002122,nicotinamidase
B9J08_002123,Glycosyltransferase sugar-binding region containing DXD motif | domain-containing protein
B9J08_002124,RNA helicase
B9J08_002125,ATP-NAD kinase C-terminal domain | ATP-NAD kinase N-terminal domain | domain-containing protein
B9J08_002126,GDA1/CD39 (nucleoside phosphatase) family | domain-containing protein
B9J08_002127,Transcription factor CRF1 | domain-containing protein
B9J08_002128,"Transcription factor S-II (TFIIS), central domain | PhD finger domain | SPOC domain | domain-containing protein"
B9J08_002129,BRCA1 C Terminus (BRCT) domain | Fungal Rad9-like Rad53-binding | domain-containing protein
B9J08_002130,Proline dehydrogenase | domain-containing protein
B9J08_002131,SLS1 protein first KH domain | SLS1 protein C-terminal beta barrel domain | SLS1 protein N-terminal domain | domain-containing protein
B9J08_002132,unspecified product
B9J08_002133,ABC1 atypical kinase-like domain | domain-containing protein
B9J08_002135,"Utp13 specific WD40 associated domain | Anaphase-promoting complex subunit 4 WD40 domain | WD domain, G-beta repeat | domain-containing protein"
B9J08_002136,Fungal Zn(2)-Cys(6) binuclear cluster domain | domain-containing protein
B9J08_002137,HeH/LEM domain | Man1-Src1p-C-terminal domain | domain-containing protein
B9J08_002138,"DRG Family Regulatory Proteins, Tma46 | RWD domain | domain-containing protein"
B9J08_002139,SH3 domain | domain-containing protein
B9J08_002140,unspecified product
B9J08_002141,unspecified product
B9J08_002142,peptidylprolyl isomerase
B9J08_002143,Redoxin | domain-containing protein
B9J08_002144,Transport protein Avl9 | domain-containing protein
B9J08_002145,"WD domain, G-beta repeat | domain-containing protein"
B9J08_002146,ABC transporter TMD0 domain | ABC transporter | ABC transporter transmembrane region | domain-containing protein
B9J08_002147,Sec1 family | domain-containing protein
B9J08_002148,Triose-phosphate Transporter family | domain-containing protein
B9J08_002149,Eukaryotic aspartyl protease | domain-containing protein
B9J08_002150,histidine kinase
B9J08_002151,Dipeptidyl peptidase IV (DPP IV) N-terminal region | Prolyl oligopeptidase family | domain-containing protein
B9J08_002152,Translationally controlled tumour protein | domain-containing protein
B9J08_002153,tRNA:m4X modification enzyme
B9J08_002154,BUD22 | domain-containing protein
B9J08_002155,Glucosidase 2 subunit beta
B9J08_002156,unspecified product
B9J08_002157,short chain dehydrogenase | domain-containing protein
B9J08_002158,YCII-related domain | domain-containing protein
B9J08_002159,unspecified product
B9J08_002160,Ubiquitin carboxyl-terminal hydrolase | domain-containing protein
B9J08_002161,unspecified product
B9J08_002162,"Histone chaperone Rttp106-like, middle domain | Histone chaperone Rtt106 N-terminal domain | Pleckstrin homology domain | domain-containing protein"
B9J08_002163,unspecified product
B9J08_002164,Aminotransferase class I and II | domain-containing protein
B9J08_002165,PX domain | domain-containing protein
B9J08_002166,Region of unknown function (DUF2417) | domain-containing protein
B9J08_002167,FHA domain | RING-like zinc finger | domain-containing protein
B9J08_002168,Sugar (and other) transporter | domain-containing protein
B9J08_002169,Fungal specific transcription factor domain | domain-containing protein
B9J08_002170,Fungal specific transcription factor domain | Fungal Zn(2)-Cys(6) binuclear cluster domain | domain-containing protein
B9J08_002171,Acetyltransferase (GNAT) family | domain-containing protein
B9J08_002172,Histidine phosphatase superfamily (branch 1) | domain-containing protein
B9J08_002173,P-type Na+ transporter
B9J08_002174,N-acetyltransferase B complex (NatB) non catalytic subunit | domain-containing protein
B9J08_002175,unspecified product
B9J08_002176,unspecified product
B9J08_002177,unspecified product
B9J08_002178,"Arrestin (or S-antigen), C-terminal domain | Arrestin (or S-antigen), N-terminal domain | domain-containing protein"
B9J08_002179,SNARE domain | domain-containing protein
B9J08_002180,SUR7/PalI family | domain-containing protein
B9J08_002181,1-phosphatidylinositol-3-phosphate 5-kinase
B9J08_002182,Golgi phosphoprotein 3 (GPP34) | domain-containing protein
B9J08_002183,Glycosyl hydrolases family 18 | domain-containing protein
B9J08_002184,ubiquitinyl hydrolase 1
B9J08_002185,3-deoxy-7-phosphoheptulonate synthase
B9J08_002186,Amino acid permease | domain-containing protein
B9J08_002187,MatE | domain-containing protein
B9J08_002188,"mannan endo-1,6-alpha-mannosidase"
B9J08_002189,haloacid dehalogenase-like hydrolase | domain-containing protein
B9J08_002190,Fungal specific transcription factor domain | Fungal Zn(2)-Cys(6) binuclear cluster domain | domain-containing protein
B9J08_002191,Adaptor complexes medium subunit family | domain-containing protein
B9J08_002192,"Nucleoporin POM152, Ig-like domain | Nucleoporin pom152-like, first immunoglobulin-like domain | Nucleoporin pom152-like, immunoglobulin-like domain | Nucleoporin POM152, N-terminal transmembrane domain | Nucleoporin pom152-like, ninth immunoglobulin-like domain | domain-containing protein"
B9J08_002193,RNA helicase
B9J08_002194,Synaptobrevin | domain-containing protein
B9J08_002195,Core histone H2A/H2B/H3/H4 | domain-containing protein
B9J08_002196,histone acetyltransferase
B9J08_002197,Helicase conserved C-terminal domain | Ring finger domain | HIRAN domain | SNF2-related domain | domain-containing protein
B9J08_002198,unspecified product
B9J08_002199,Natural resistance-associated macrophage protein-like | domain-containing protein
B9J08_002200,Mmc1 C-terminal domain | domain-containing protein
B9J08_002201,NifU-like domain | Scaffold protein Nfu/NifU N terminal | domain-containing protein
B9J08_002202,Phosphate transporter family | domain-containing protein
B9J08_002203,"F-actin capping protein, beta subunit | domain-containing protein"
B9J08_002204,unspecified product
B9J08_002205,unspecified product
B9J08_002206,Clathrin light chain | domain-containing protein
B9J08_002207,Elongator complex protein 2
B9J08_002208,TATA-binding related factor (TRF) of subunit 20 of Mediator complex | domain-containing protein
B9J08_002209,"ATP-dependent rRNA helicase SPB4-like, C-terminal extension | Helicase conserved C-terminal domain | DEAD/DEAH box helicase | domain-containing protein"
B9J08_002210,RNA polymerase III RPC4 | domain-containing protein
B9J08_002211,Sas10 C-terminal domain | domain-containing protein
B9J08_002212,T-complex protein 1 subunit delta
B9J08_002213,D123 | domain-containing protein
B9J08_002214,SMP-30/Gluconolactonase/LRE-like region | domain-containing protein
B9J08_002215,HIT zinc finger | Hit1 C-terminal | domain-containing protein
B9J08_002216,unspecified product
B9J08_002217,Fungal specific transcription factor domain | Fungal Zn(2)-Cys(6) binuclear cluster domain | domain-containing protein
B9J08_002218,unspecified product
B9J08_002219,"Zinc finger, C2H2 type | domain-containing protein"
B9J08_002220,unspecified product
B9J08_002221,Histone chaperone domain CHZ | domain-containing protein
B9J08_002222,LSM domain | domain-containing protein
B9J08_002223,Ras family | domain-containing protein
B9J08_002224,"FACT complex subunit SPT16, C-terminal domain | Histone chaperone Rttp106-like, middle domain | Metallopeptidase family M24 | FACT complex subunit SPT16 PH-like domain | FACT complex subunit SPT16 N-terminal lobe domain | FACT complex subunit (SPT16/CDC68) | domain-containing protein"
B9J08_002225,"Eukaryotic and archaeal DNA primase, large subunit | domain-containing protein"
B9J08_002226,unspecified product
B9J08_002227,Permease family | domain-containing protein
B9J08_002228,unspecified product
B9J08_002229,LicD family | domain-containing protein
B9J08_002230,Helix-loop-helix DNA-binding domain | domain-containing protein
B9J08_002231,"Thiamine pyrophosphate enzyme, C-terminal TPP binding domain | Thiamine pyrophosphate enzyme, N-terminal TPP binding domain | Thiamine pyrophosphate enzyme, central domain | domain-containing protein"
B9J08_002232,ABC transporter transmembrane region | ABC transporter | domain-containing protein
B9J08_002233,ERAP1-like C-terminal domain | Peptidase M1 N-terminal domain | Peptidase family M1 domain | domain-containing protein
B9J08_002234,unspecified product
B9J08_002235,non-specific serine/threonine protein kinase
B9J08_002236,tRNA pseudouridine synthase | domain-containing protein
B9J08_002237,Sugar (and other) transporter | domain-containing protein
B9J08_002238,Centromere DNA-binding protein complex CBF3 subunit B | Fungal Zn(2)-Cys(6) binuclear cluster domain | domain-containing protein
B9J08_002239,Sugar (and other) transporter | domain-containing protein
B9J08_002240,Fibronectin type III-like domain | Glycosyl hydrolase family 3 C-terminal domain | Glycosyl hydrolase family 3 N terminal domain | PA14 domain | domain-containing protein
B9J08_002241,Major Facilitator Superfamily | domain-containing protein
B9J08_002242,Amino acid permease | domain-containing protein
B9J08_002243,Sugar (and other) transporter | domain-containing protein
B9J08_002244,unspecified product
B9J08_002245,N-terminal domain of oxidoreductase | Zinc-binding dehydrogenase | domain-containing protein
B9J08_002246,LicD family | domain-containing protein
B9J08_002247,unspecified product
B9J08_002248,unspecified product
B9J08_002249,Major Facilitator Superfamily | domain-containing protein
B9J08_002250,Sugar (and other) transporter | domain-containing protein
B9J08_002251,Sugar (and other) transporter | domain-containing protein
B9J08_002252,Fasciclin domain | domain-containing protein
B9J08_002253,RNA recognition motif | domain-containing protein
B9J08_002254,Putative FMN-binding domain | domain-containing protein
B9J08_002255,unspecified product
B9J08_002256,unspecified product
B9J08_002257,NAD dependent epimerase/dehydratase family | domain-containing protein
B9J08_002258,VIT family | domain-containing protein
B9J08_002259,Sugar (and other) transporter | domain-containing protein
B9J08_002260,Ankyrin repeat | Ankyrin repeats (3 copies) | domain-containing protein
B9J08_002261,Membrane-associating domain | domain-containing protein
B9J08_002262,Beta-glucan synthesis-associated protein SKN1/KRE6/Sbg1 | domain-containing protein
B9J08_002263,Beta-glucan synthesis-associated protein SKN1/KRE6/Sbg1 | domain-containing protein
B9J08_002264,"Beta-ketoacyl synthase, N-terminal domain | Beta-ketoacyl synthase, C-terminal domain | domain-containing protein"
B9J08_002265,unspecified product
B9J08_002266,"Zinc finger, C2H2 type | domain-containing protein"
B9J08_002267,ATP synthase regulation protein NCA2 | domain-containing protein
B9J08_002268,Proteasome subunit A N-terminal signature | Proteasome subunit | domain-containing protein
B9J08_002269,Putative transmembrane protein 170 | domain-containing protein
B9J08_002270,unspecified product
B9J08_002271,"Ulp1 protease family, C-terminal catalytic domain | domain-containing protein"
B9J08_002272,"Aminopeptidase P, N-terminal domain | Metallopeptidase family M24 | domain-containing protein"
B9J08_002273,SPFH domain / Band 7 family | domain-containing protein
B9J08_002274,Major Facilitator Superfamily | domain-containing protein
B9J08_002275,unspecified product
B9J08_002276,ADP-ribosylation factor family | domain-containing protein
B9J08_002277,Ribosomal L29 protein | domain-containing protein
B9J08_002278,Ubiquitin elongating factor core | U-box domain | domain-containing protein
B9J08_002279,Fungal Zn(2)-Cys(6) binuclear cluster domain | ERT1/acuK family PAS domain | domain-containing protein
B9J08_002280,Amino acid permease | domain-containing protein
B9J08_002281,unspecified product
B9J08_002282,unspecified product
B9J08_002283,Exonuclease | domain-containing protein
B9J08_002284,Exonuclease | domain-containing protein
B9J08_002285,unspecified product
B9J08_002286,unspecified product
B9J08_002287,"Elongation Factor G, domain III | Elongation factor Tu GTP binding domain | Elongation factor-like GTPase 1-like domain | Elongation factor G domain 2 | Elongation factor G C-terminus | domain-containing protein"
B9J08_002288,unspecified product
B9J08_002289,DEAD/DEAH box helicase | Helicase conserved C-terminal domain | domain-containing protein
B9J08_002290,amidophosphoribosyltransferase
B9J08_002291,NAC domain | domain-containing protein
B9J08_002292,Major Facilitator Superfamily | domain-containing protein
B9J08_002293,RNA helicase
B9J08_002294,RNA recognition motif | Torus domain | domain-containing protein
B9J08_002295,unspecified product
B9J08_002296,unspecified product
B9J08_002297,Major Facilitator Superfamily | domain-containing protein
B9J08_002298,Catalase-related immune-responsive | Catalase | domain-containing protein
B9J08_002299,RAI1 like PD-(D/E)XK nuclease | domain-containing protein
B9J08_002300,Sad1 / UNC-like C-terminal | domain-containing protein
B9J08_002301,Helicase conserved C-terminal domain | DEAD/DEAH box helicase | domain-containing protein
B9J08_002302,"Sec1-binding region of Mso1 | Mso1, membrane-polarising domain | domain-containing protein"
B9J08_002303,"Amino acid kinase family | Semialdehyde dehydrogenase, NAD binding domain | Semialdehyde dehydrogenase, dimerisation domain | NAT, N-acetyltransferase, of N-acetylglutamate synthase | domain-containing protein"
B9J08_002304,unspecified product
B9J08_002305,Found in mitochondrial proteome | domain-containing protein
B9J08_002306,Translation machinery-associated protein 16 | domain-containing protein
B9J08_002307,Cap associated factor | domain-containing protein
B9J08_002308,EFR3 protein | domain-containing protein
B9J08_002309,unspecified product
B9J08_002310,"RNA 2'-phosphotransferase, Tpt1 / KptA family | domain-containing protein"
B9J08_002311,Complex 1 protein (LYR family) | domain-containing protein
B9J08_002312,"Utp8, N-terminal beta propeller | Utp8, C-terminal | domain-containing protein"
B9J08_002313,Vacuolar protein sorting protein 11 C terminal | PEP5/VPS11 TPR | PEP5/VPS11 N-terminal | Zinc-finger | domain-containing protein
B9J08_002314,unspecified product
B9J08_002315,Reticulon | domain-containing protein
B9J08_002316,tRNA (guanine46-N7)-methyltransferase
B9J08_002317,Ribosomal protein L10 | domain-containing protein
B9J08_002318,Ribonuclease III N-terminal domain | Double-stranded RNA binding motif | Ribonuclease III domain | domain-containing protein
B9J08_002319,unspecified product
B9J08_002321,unspecified product
B9J08_002322,14-3-3 protein | domain-containing protein
B9J08_002323,Septin | domain-containing protein
B9J08_002324,Fungal Zn(2)-Cys(6) binuclear cluster domain | domain-containing protein
B9J08_002325,"Endopolyphosphatase, endopolyphosphatase"
B9J08_002326,Homeodomain | domain-containing protein
B9J08_002327,Serine-threonine kinase receptor-associated protein
B9J08_002328,Dienelactone hydrolase family | domain-containing protein
B9J08_002329,Anion-transporting ATPase | domain-containing protein
B9J08_002330,unspecified product
B9J08_002332,unspecified product
B9J08_002333,unspecified product
B9J08_002334,unspecified product
B9J08_002335,Ctf8 | domain-containing protein
B9J08_002336,Tyrosine phosphatase family | Alpha/beta hydrolase family | domain-containing protein
B9J08_002337,EAP30/Vps36 family | domain-containing protein
B9J08_002338,tRNA pseudouridine synthase | domain-containing protein
B9J08_002339,"DEAD/DEAH box helicase | ATP-dependent rRNA helicase SPB4-like, C-terminal extension | ATP-dependent rRNA helicase SPB4-like, C-terminal tail | Helicase conserved C-terminal domain | domain-containing protein"
B9J08_002340,ThiF family | domain-containing protein
B9J08_002341,"SPX domain | Zinc finger, C3HC4 type (RING finger) | domain-containing protein"
B9J08_002342,NDH2 C-terminal domain | Pyridine nucleotide-disulphide oxidoreductase | domain-containing protein
B9J08_002343,Modifier of rudimentary (Mod(r)) protein | domain-containing protein
B9J08_002344,KilA-N domain | domain-containing protein
B9J08_002345,NAC domain | HYPK UBA domain | domain-containing protein
B9J08_002346,P-type phospholipid transporter
B9J08_002347,Metallo-beta-lactamase superfamily domain | Cleavage and polyadenylation factor 2 C-terminal | Beta-Casp domain | domain-containing protein
B9J08_002348,Nucleolar complex-associated protein | CBF/Mak21 family | domain-containing protein
B9J08_002349,Cytochrome P450 | domain-containing protein
B9J08_002350,"NAD binding domain of 6-phosphogluconate dehydrogenase | 6-phosphogluconate dehydrogenase, C-terminal domain | domain-containing protein"
B9J08_002351,sulfate adenylyltransferase
B9J08_002352,Acid Phosphatase | domain-containing protein
B9J08_002353,INO80 complex subunit F | domain-containing protein
B9J08_002354,"Small subunit processome component 20 homolog, C-terminal | U3 small nucleolar RNA-associated protein 20 domain | U3 small nucleolar RNA-associated protein 20, N-terminal | domain-containing protein"
B9J08_002355,"RMND1/Sif2-Sif3/Mrx10, DUF155 | domain-containing protein"
B9J08_002356,unspecified product
B9J08_002357,Mitochondrial biogenesis AIM24 | domain-containing protein
B9J08_002358,Phosphatidylinositol-4-phosphate 5-Kinase | domain-containing protein
B9J08_002359,Sucrase/ferredoxin-like | domain-containing protein
B9J08_002360,Thioredoxin | domain-containing protein
B9J08_002361,short chain dehydrogenase | domain-containing protein
B9J08_002362,Putative serine esterase (DUF676) | domain-containing protein
B9J08_002363,oxoglutarate dehydrogenase (succinyl-transferring)
B9J08_002364,Mitochondrial import protein Pam17 | domain-containing protein
B9J08_002365,"HSA domain | Bromodomain | Helicase conserved C-terminal domain | SNF2-related domain | Snf2-ATP coupling, chromatin remodelling complex | domain-containing protein"
B9J08_002366,Peroxidase | domain-containing protein
B9J08_002367,Ribosomal protein L6 | domain-containing protein
B9J08_002368,prephenate dehydratase
B9J08_002369,RING-H2 zinc finger domain | domain-containing protein
B9J08_002370,MED7 protein | domain-containing protein
B9J08_002371,Adaptin N terminal region | domain-containing protein
B9J08_002372,unspecified product
B9J08_002373,Ran-interacting Mog1 protein | domain-containing protein
B9J08_002374,Glycosyltransferase sugar-binding region containing DXD motif | domain-containing protein
B9J08_002375,Saccharopine dehydrogenase C-terminal domain | Saccharopine dehydrogenase NADP binding domain | domain-containing protein
B9J08_002376,Tubulin domain | Misato Segment II tubulin-like domain | domain-containing protein
B9J08_002377,Secretory lipase | domain-containing protein
B9J08_002379,DnaJ domain | DnaJ central domain | DnaJ C terminal domain | domain-containing protein
B9J08_002380,PIG-X / PBN1 | domain-containing protein
B9J08_002381,Phospholipid methyltransferase | domain-containing protein
B9J08_002382,Vacuolar import and degradation protein | domain-containing protein
B9J08_002383,Subunit 11 of the general transcription factor TFIIH | domain-containing protein
B9J08_002384,unspecified product
B9J08_002385,Uracil DNA glycosylase superfamily | domain-containing protein
B9J08_002386,Di-sulfide bridge nucleocytoplasmic transport domain | domain-containing protein
B9J08_002387,Fungal specific transcription factor domain | domain-containing protein
B9J08_002388,ABC transporter | ABC transporter transmembrane region | domain-containing protein
B9J08_002389,ABC transporter | ABC transporter transmembrane region | domain-containing protein
B9J08_002390,"ThiF family | Ubiquitin-activating enzyme, SCCH domain | Ubiquitin-activating enzyme E1 four-helix bundle | Ubiquitin fold domain | Ubiquitin-activating enzyme E1 FCCH domain | domain-containing protein"
B9J08_002391,Thioredoxin | domain-containing protein
B9J08_002392,mannose-6-phosphate isomerase
B9J08_002393,RNA recognition motif | domain-containing protein
B9J08_002394,Ribosome biogenesis protein Nop16 | domain-containing protein
B9J08_002395,NUBPL iron-transfer P-loop NTPase | domain-containing protein
B9J08_002396,unspecified product
B9J08_002397,unspecified product
B9J08_002398,VHS domain | domain-containing protein
B9J08_002399,Eukaryotic peptide chain release factor GTP-binding subunit
B9J08_002400,Inositol polyphosphate kinase | domain-containing protein
B9J08_002401,Syntaxin | SNARE domain | domain-containing protein
B9J08_002402,"Permease for cytosine/purines, uracil, thiamine, allantoin | domain-containing protein"
B9J08_002403,"Stu2,  C-terminal segment | XMAP215/Dis1/CLASP, TOG domain | domain-containing protein"
B9J08_002404,Electron transfer flavoprotein domain | domain-containing protein
B9J08_002405,KAP family P-loop domain | domain-containing protein
B9J08_002406,proteasome endopeptidase complex
B9J08_002407,unspecified product
B9J08_002408,NADH:flavin oxidoreductase / NADH oxidase family | domain-containing protein
B9J08_002409,peptidylprolyl isomerase
B9J08_002410,RNA recognition motif | domain-containing protein
B9J08_002411,Ribophorin I | domain-containing protein
B9J08_002412,Signal peptide peptidase | domain-containing protein
B9J08_002413,NADH:flavin oxidoreductase / NADH oxidase family | domain-containing protein
B9J08_002414,Dynamin GTPase effector domain | Dynamin central region | Dynamin family | domain-containing protein
B9J08_002415,Single strand annealing-weakened 1 | domain-containing protein
B9J08_002417,unspecified product
B9J08_002419,non-haem dioxygenase in morphine synthesis N-terminal | 2OG-Fe(II) oxygenase superfamily | domain-containing protein
B9J08_002420,"3-oxoacyl-[acyl-carrier-protein] reductase, Fatty acid synthase subunit alpha, beta-ketoacyl-[acyl-carrier-protein] synthase I, fatty-acyl-CoA synthase system"
B9J08_002421,"Mon2/Sec7/BIG1-like, HUS domain | Sec7 domain | Mon2/Sec7/BIG1-like, dimerisation and cyclophilin-binding domain | BIG2 C-terminal domain | Mon2/Sec7/BIG1-like, HDS | domain-containing protein"
B9J08_002422,Stm1 | domain-containing protein
B9J08_002423,Putative Sin3 binding protein | domain-containing protein
B9J08_002424,DNA helicase
B9J08_002425,Domain of unknown function (DUF202) | domain-containing protein
B9J08_002426,SAP domain | Tho1/MOS11 C-terminal domain | domain-containing protein
B9J08_002427,"Taurine catabolism dioxygenase TauD, TfdA family | domain-containing protein"
B9J08_002428,Peptidase M1 N-terminal domain | Peptidase family M1 domain | ERAP1-like C-terminal domain | domain-containing protein
B9J08_002429,asparagine synthase (glutamine-hydrolysing)
B9J08_002430,CSN8/PSMD8/EIF3K family | domain-containing protein
B9J08_002431,VPS28 protein | domain-containing protein
B9J08_002432,unspecified product
B9J08_002433,3-oxo-5-alpha-steroid 4-dehydrogenase | domain-containing protein
B9J08_002434,unspecified product
B9J08_002435,"Permease for cytosine/purines, uracil, thiamine, allantoin | domain-containing protein"
B9J08_002436,"C-terminal of NADH-ubiquinone oxidoreductase 21 kDa subunit | NADH-ubiquinone oxidoreductase complex I, 21 kDa subunit | domain-containing protein"
B9J08_002437,Mpv17 / PMP22 family | domain-containing protein
B9J08_002438,POC1 chaperone | domain-containing protein
B9J08_002439,COQ9 | domain-containing protein
B9J08_002440,Prefoldin subunit | domain-containing protein
B9J08_002441,unspecified product
B9J08_002442,PRELI-like family | domain-containing protein
B9J08_002443,Amino acid permease | domain-containing protein
B9J08_002444,Cyclin M transmembrane N-terminal domain | domain-containing protein
B9J08_002445,non-specific serine/threonine protein kinase
B9J08_002446,Organic solute transporter Ostalpha | domain-containing protein
B9J08_002447,Mitochondrial translation initiation factor | domain-containing protein
B9J08_002448,Fungal Zn(2)-Cys(6) binuclear cluster domain | Fungal specific transcription factor domain | domain-containing protein
B9J08_002449,GTP cyclohydrolase II
B9J08_002450,4Fe-4S dicluster domain | domain-containing protein
B9J08_002451,ABC-transporter N-terminal | ABC transporter | ABC-2 type transporter | ABC-2 type transporter | CDR ABC transporter | domain-containing protein
B9J08_002452,Glycosyl hydrolase family 47 | domain-containing protein
B9J08_002453,Amino-transferase class IV | domain-containing protein
B9J08_002454,Mo25-like | domain-containing protein
B9J08_002455,EAP30/Vps36 family | Vacuolar protein sorting protein 36 Vps36 | Vacuolar protein sorting 36 NZF-N zinc-finger domain | domain-containing protein
B9J08_002456,Sodium:solute symporter family | domain-containing protein
B9J08_002457,"Biotin-requiring enzyme | Biotin carboxylase, N-terminal domain | Carboxyltransferase domain, subdomain C and D | Carboxyltransferase domain, subdomain A and B | Biotin carboxylase C-terminal domain | Allophanate hydrolase C-terminal domain | Carbamoyl-phosphate synthase L chain, ATP binding domain | Amidase | domain-containing protein"
B9J08_002458,histone acetyltransferase
B9J08_002459,Eisosome component PIL1 | domain-containing protein
B9J08_002460,N terminus of Rad21 / Rec8 like protein | domain-containing protein
B9J08_002461,ML domain | domain-containing protein
B9J08_002462,STAS domain | Sulfate permease family | domain-containing protein
B9J08_002463,Peptidase family M28 | domain-containing protein
B9J08_002464,Iron permease FTR1 family | domain-containing protein
B9J08_002465,Major Facilitator Superfamily | domain-containing protein
B9J08_002466,SH3 domain | domain-containing protein
B9J08_002467,HEAT-like repeat | domain-containing protein
B9J08_002468,PIG-P | domain-containing protein
B9J08_002469,carbamoyl-phosphate synthase (ammonia)
B9J08_002470,"Soluble NSF attachment protein, SNAP | domain-containing protein"
B9J08_002471,unspecified product
B9J08_002472,Nnf1 | domain-containing protein
B9J08_002473,Ribosomal protein S15 | domain-containing protein
B9J08_002474,RNA pseudouridylate synthase | domain-containing protein
B9J08_002475,unspecified product
B9J08_002476,GATA zinc finger | Asd-4-like domain | domain-containing protein
B9J08_002477,"Phosphoglucomutase/phosphomannomutase, alpha/beta/alpha domain II | Phosphoglucomutase/phosphomannomutase, alpha/beta/alpha domain I | Phosphoglucomutase/phosphomannomutase, alpha/beta/alpha domain III | Phosphoglucomutase-1, C-terminal domain | domain-containing protein"
B9J08_002478,Aminotransferase class I and II | domain-containing protein
B9J08_002479,Zinc-binding dehydrogenase | Alcohol dehydrogenase GroES-like domain | domain-containing protein
B9J08_002480,Sugar (and other) transporter | domain-containing protein
B9J08_002481,Sugar (and other) transporter | domain-containing protein
B9J08_002482,"25S rRNA (adenine(2142)-N(1))-methyltransferase, Bmt2 | domain-containing protein"
B9J08_002483,Helicase conserved C-terminal domain | DEAD/DEAH box helicase | domain-containing protein
B9J08_002484,eRF1 domain 2 | eRF1 domain 1 | eRF1 domain 3 | domain-containing protein
B9J08_002485,LEM3 (ligand-effect modulator 3) family / CDC50 family | domain-containing protein
B9J08_002486,unspecified product
B9J08_002487,Protein kinase domain | domain-containing protein
B9J08_002488,Pex2 / Pex12 amino terminal region | domain-containing protein
B9J08_002489,"WD domain, G-beta repeat | domain-containing protein"
B9J08_002490,SART-1 family | HIND motif | domain-containing protein
B9J08_002491,haloacid dehalogenase-like hydrolase | Heavy-metal-associated domain | E1-E2 ATPase | domain-containing protein
B9J08_002492,unspecified product
B9J08_002493,unspecified product
B9J08_002494,Transportin-3/Importin-13 fourth TPR domain | Importin-beta N-terminal domain | Exportin 1-like protein | Transportin-3/Importin-13 second TPR domain | Transportin-3/Importin-13 third TPR domain | domain-containing protein
B9J08_002495,guanylate kinase
B9J08_002496,non-specific serine/threonine protein kinase
B9J08_002497,Protein kinase domain | domain-containing protein
B9J08_002498,unspecified product
B9J08_002499,Pyridine nucleotide-disulphide oxidoreductase | domain-containing protein
B9J08_002500,Transcriptional regulatory protein LGE1 | domain-containing protein
B9J08_002501,short chain dehydrogenase | domain-containing protein
B9J08_002502,Ubiquitin-conjugating enzyme | domain-containing protein
B9J08_002503,Mitotic checkpoint protein | domain-containing protein
B9J08_002504,"PRP1 splicing factor, N-terminal | domain-containing protein"
B9J08_002505,"Histone-binding protein RBBP4 or subunit C of CAF1 complex | WD domain, G-beta repeat | domain-containing protein"
B9J08_002506,"Domain of unknown function (DUF4110) | KLHDC2/KLHL20/DRC7 Kelch-repeats domain | Galactose oxidase, central domain | domain-containing protein"
B9J08_002507,unspecified product
B9J08_002508,Ribosomal RNA adenine dimethylase | domain-containing protein
B9J08_002509,unspecified product
B9J08_002510,Yeast cortical protein KAR9 | domain-containing protein
B9J08_002511,unspecified product
B9J08_002512,phosphoacetylglucosamine mutase
B9J08_002513,Staphylococcal nuclease homologue | domain-containing protein
B9J08_002514,RNA polymerase II transcription elongation factor | domain-containing protein
B9J08_002515,unspecified product
B9J08_002517,SWI5-dependent HO expression protein 3 | domain-containing protein
B9J08_002518,"WD domain, G-beta repeat | domain-containing protein"
B9J08_002519,Aminotransferase class-V | domain-containing protein
B9J08_002520,DNAJC9 HTH domain | DnaJ domain | domain-containing protein
B9J08_002521,DNA topoisomerase (ATP-hydrolysing)
B9J08_002522,unspecified product
B9J08_002523,Rdx family | domain-containing protein
B9J08_002524,"GATA zinc finger | Nitrogen regulatory protein areA, GATA-like domain | domain-containing protein"
B9J08_002525,unspecified product
B9J08_002526,CUE domain | domain-containing protein
B9J08_002527,NADH-ubiquinone oxidoreductase B18 subunit (NDUFB7) | domain-containing protein
B9J08_002528,NADH-ubiquinone oxidoreductase B18 subunit (NDUFB7) | domain-containing protein
B9J08_002529,GATA zinc finger | domain-containing protein
B9J08_002530,HAD-hyrolase-like | Haloacid dehalogenase-like hydrolase | domain-containing protein
B9J08_002531,Tetrapyrrole (Corrin/Porphyrin) Methylases | Putative NAD(P)-binding | domain-containing protein
B9J08_002532,Nuclear pore complex subunit Nro1 | domain-containing protein
B9J08_002533,AN1-like Zinc finger | domain-containing protein
B9J08_002534,unspecified product
B9J08_002535,Transport protein particle (TRAPP) component | domain-containing protein
B9J08_002536,Fatty acid hydroxylase | domain-containing protein
B9J08_002537,Methyltransferase domain | domain-containing protein
B9J08_002538,Pirin C-terminal cupin domain | Pirin | domain-containing protein
B9J08_002539,DNA polymerase subunit Cdc27 | domain-containing protein
B9J08_002540,unspecified product
B9J08_002541,unspecified product
B9J08_002542,unspecified product
B9J08_002543,unspecified product
B9J08_002544,Protein kinase domain | domain-containing protein
B9J08_002545,unspecified product
B9J08_002546,unspecified product
B9J08_002547,unspecified product
B9J08_002548,Adaptor complexes medium subunit family | Clathrin adaptor complex small chain | domain-containing protein
B9J08_002549,cAMP phosphodiesterases class-II | domain-containing protein
B9J08_002550,Proteasome subunit | domain-containing protein
B9J08_002551,Alpha-ketoglutarate dehydrogenase component 4/YMR-31 | domain-containing protein
B9J08_002552,unspecified product
B9J08_002553,Golgi to ER traffic protein 4 | domain-containing protein
B9J08_002554,NUDIX domain | domain-containing protein
B9J08_002555,EF hand | domain-containing protein
B9J08_002556,"CHCH-CHCH-like Cx9C, IMS import disulfide relay-system, | domain-containing protein"
B9J08_002557,LicD family | domain-containing protein
B9J08_002558,Vesicle coat protein involved in Golgi to plasma membrane transport | domain-containing protein
B9J08_002559,Vacuolar protein sorting 38 | domain-containing protein
B9J08_002560,Seripauperin and TIP1 family | domain-containing protein
B9J08_002561,unspecified product
B9J08_002562,"WD domain, G-beta repeat | LisH | WD40 associated region in TFIID subunit, NTD2 domain | domain-containing protein"
B9J08_002563,unspecified product
B9J08_002564,Phosphatidylinositol N-acetylglucosaminyltransferase | domain-containing protein
B9J08_002565,Disordered region of unknown function (DUF5315) | domain-containing protein
B9J08_002566,Hexokinase | Hexokinase | domain-containing protein
B9J08_002567,Outer membrane protein TOM13 | domain-containing protein
B9J08_002568,Proteasome subunit | Proteasome subunit A N-terminal signature | domain-containing protein
B9J08_002569,XPG I-region | XPG N-terminal domain | domain-containing protein
B9J08_002570,Nup98-96 autopeptidase S59 | Nucleoporin FG repeat region | domain-containing protein
B9J08_002571,Xylose isomerase-like TIM barrel | domain-containing protein
B9J08_002572,"DNA polymerase III subunit epsilon-like, C-terminal domain | domain-containing protein"
B9J08_002573,Telomere length regulation protein | domain-containing protein
B9J08_002574,unspecified product
B9J08_002575,Transferrin receptor-like dimerisation domain | Peptidase family M28 | PA domain | domain-containing protein
B9J08_002576,Fungal Zn(2)-Cys(6) binuclear cluster domain | Fungal specific transcription factor domain | domain-containing protein
B9J08_002577,Peptidase family M20/M25/M40 | domain-containing protein
B9J08_002578,Major Facilitator Superfamily | domain-containing protein
B9J08_002579,unspecified product
B9J08_002580,Transcription factor TFIIB repeat | TFIIB zinc-binding | domain-containing protein
B9J08_002581,Major Facilitator Superfamily | domain-containing protein
B9J08_002582,"Candida agglutinin-like (ALS) | Agglutinin-like protein, N-terminal domain | domain-containing protein"
B9J08_002583,Major Facilitator Superfamily | domain-containing protein
B9J08_002584,unspecified product
B9J08_002585,Major Facilitator Superfamily | domain-containing protein
B9J08_002587,Arginase family | domain-containing protein
B9J08_002588,Plasma-membrane choline transporter | domain-containing protein
B9J08_002589,Calcineurin-like phosphoesterase superfamily domain | domain-containing protein
B9J08_002590,NOT2/NOT3/NOT5 C-terminal | domain-containing protein
B9J08_002591,unspecified product
B9J08_002592,unspecified product
B9J08_002593,unspecified product
B9J08_002594,Sir2 family | domain-containing protein
B9J08_002595,Bromodomain | BAH domain | domain-containing protein
B9J08_002596,Glycosyl hydrolases family 17 | domain-containing protein
B9J08_002597,Snare region anchored in the vesicle membrane C-terminus | domain-containing protein
B9J08_002598,Coiled-coil domain-containing protein 90-like | domain-containing protein
B9J08_002599,Regulator of chromosome condensation (RCC1) repeat | domain-containing protein
B9J08_002600,phosphomannomutase
B9J08_002601,Ribosomal protein L16p/L10e | domain-containing protein
B9J08_002602,Zinc-finger double-stranded RNA-binding | domain-containing protein
B9J08_002603,ubiquitinyl hydrolase 1
B9J08_002604,"Apoptosis antagonizing transcription factor | Apoptosis-antagonizing transcription factor, C-terminal | domain-containing protein"
B9J08_002605,Ribosomal protein S13/S18 | domain-containing protein
B9J08_002606,N-glycosylation protein | domain-containing protein
B9J08_002607,Ras family | domain-containing protein
B9J08_002608,Tropomyosin | domain-containing protein
B9J08_002609,LSM domain | domain-containing protein
B9J08_002610,Mitochondrial F1-F0 ATP synthase subunit F of fungi | domain-containing protein
B9J08_002611,non-specific serine/threonine protein kinase
B9J08_002612,unspecified product
B9J08_002613,unspecified product
B9J08_002614,Cyclin | domain-containing protein
B9J08_002615,ATPase family associated with various cellular activities (AAA) | AARP2CN (NUC121) domain | 40S ribosome biogenesis protein Tsr1 and BMS1 C-terminal | domain-containing protein
B9J08_002616,unspecified product
B9J08_002617,ML-like domain | Transient receptor potential (TRP) ion channel | domain-containing protein
B9J08_002618,Lon protease AAA+ ATPase lid domain | Lon protease (S16) C-terminal proteolytic domain | ATPase family associated with various cellular activities (AAA) | ATP-dependent protease La (LON) substrate-binding domain | domain-containing protein
B9J08_002619,Methyltransferase domain | domain-containing protein
B9J08_002620,Mitochondrial splicing apparatus component | domain-containing protein
B9J08_002621,unspecified product
B9J08_002622,Ribosomal protein L30p/L7e | domain-containing protein
B9J08_002623,unspecified product
B9J08_002624,unspecified product
B9J08_002626,unspecified product
B9J08_002627,Alcohol dehydrogenase GroES-like domain | Zinc-binding dehydrogenase | domain-containing protein
B9J08_002628,Fungal Zn(2)-Cys(6) binuclear cluster domain | domain-containing protein
B9J08_002629,acetolactate synthase
B9J08_002630,Ammonium Transporter Family | domain-containing protein
B9J08_002631,"RMND1/Sif2-Sif3/Mrx10, DUF155 | domain-containing protein"
B9J08_002632,glutamine-fructose-6-phosphate transaminase (isomerizing)
B9J08_002633,Mitofissin | domain-containing protein
B9J08_002634,Protein kinase domain | domain-containing protein
B9J08_002635,G-protein alpha subunit | domain-containing protein
B9J08_002636,unspecified product
B9J08_002637,Aminopeptidase I zinc metalloprotease (M18) | domain-containing protein
B9J08_002638,Deoxyhypusine synthase | domain-containing protein
B9J08_002639,NADH ubiquinone oxidoreductase subunit NDUFA12 | domain-containing protein
B9J08_002640,unspecified product
B9J08_002641,unspecified product
B9J08_002642,"cytochrome c oxidase-assembly factor COX23, mitochondrial"
B9J08_002643,Glycine zipper 2TM domain | domain-containing protein
B9J08_002644,Cytoplasmic tRNA 2-thiolation protein 2 | domain-containing protein
B9J08_002645,Apc15p protein | domain-containing protein
B9J08_002646,Sugar (and other) transporter | domain-containing protein
B9J08_002647,Scavenger mRNA decapping enzyme C-term binding | C2HE / C2H2 / C2HC zinc-binding finger | domain-containing protein
B9J08_002648,ER protein Pkr1 | domain-containing protein
B9J08_002649,RING/Ubox like zinc-binding domain | domain-containing protein
B9J08_002650,unspecified product
B9J08_002651,isoleucine-tRNA ligase
B9J08_002652,"Citrate synthase, C-terminal domain | domain-containing protein"
B9J08_002653,Exonuclease V - a 5' deoxyribonuclease | domain-containing protein
B9J08_002654,unspecified product
B9J08_002655,unspecified product
B9J08_002656,unspecified product
B9J08_002657,Zinc-binding dehydrogenase | Alcohol dehydrogenase GroES-like domain | domain-containing protein
B9J08_002659,Sugar (and other) transporter | domain-containing protein
B9J08_002660,Sugar (and other) transporter | domain-containing protein
B9J08_002661,XRN 5'-3' exonuclease N-terminus | Xrn1 helical domain | domain-containing protein
B9J08_002662,Diacylglycerol kinase catalytic domain | domain-containing protein
B9J08_002663,Major Facilitator Superfamily | domain-containing protein
B9J08_002664,unspecified product
B9J08_002665,PIN domain | domain-containing protein
B9J08_002666,Amino acid permease | domain-containing protein
B9J08_002667,"Nuclear pore complex scaffold, nucleoporins 186/192/205 | domain-containing protein"
B9J08_002668,Cytochrome P450 | domain-containing protein
B9J08_002669,phosphoenolpyruvate carboxykinase (ATP)
B9J08_002670,Glycosyl hydrolase family 3 N terminal domain | domain-containing protein
B9J08_002671,XPG I-region | domain-containing protein
B9J08_002672,peptidylprolyl isomerase
B9J08_002673,"E3 ubiquitin-protein ligase listerin, RING-type E3 ubiquitin transferase"
B9J08_002674,Fungal Zn(2)-Cys(6) binuclear cluster domain | Fungal specific transcription factor domain | domain-containing protein
B9J08_002675,"DNA helicase Pif1, 2B domain | PIF1-like helicase | domain-containing protein"
B9J08_002676,Diaphanous GTPase-binding Domain | Formin Homology 2 Domain | Diaphanous FH3 Domain | domain-containing protein
B9J08_002677,"formate-tetrahydrofolate ligase, methenyltetrahydrofolate cyclohydrolase, methylenetetrahydrofolate dehydrogenase (NADP+)"
B9J08_002678,NAD(P)H-binding | domain-containing protein
B9J08_002679,Enhancer of polycomb-like | domain-containing protein
B9J08_002680,"WD domain, G-beta repeat | domain-containing protein"
B9J08_002681,unspecified product
B9J08_002682,mitogen-activated protein kinase
B9J08_002683,Aminotransferase class I and II | domain-containing protein
B9J08_002684,NDT80 / PhoG like DNA-binding  family | domain-containing protein
B9J08_002685,Major Facilitator Superfamily | domain-containing protein
B9J08_002686,Fungal specific transcription factor domain | domain-containing protein
B9J08_002687,Fungal Zn(2)-Cys(6) binuclear cluster domain | domain-containing protein
B9J08_002688,formate dehydrogenase
B9J08_002689,succinate dehydrogenase
B9J08_002690,"Putative serine dehydratase domain | Alanine racemase, N-terminal domain | domain-containing protein"
B9J08_002691,nitric oxide dioxygenase
B9J08_002692,Nitronate monooxygenase | domain-containing protein
B9J08_002693,39S ribosomal protein L53/MRP-L53 | domain-containing protein
B9J08_002694,TENA/THI-4/PQQC family | domain-containing protein
B9J08_002695,unspecified product
B9J08_002696,DnaJ domain | domain-containing protein
B9J08_002697,SIT4 phosphatase-associated protein | domain-containing protein
B9J08_002698,Inhibitor of Apoptosis domain | domain-containing protein
B9J08_002699,V-ATPase subunit H | V-ATPase subunit H | domain-containing protein
B9J08_002701,Elongation factor Tu GTP binding domain | GTP-eEF1A C-terminal domain-like | HBS1 N-terminus | domain-containing protein
B9J08_002702,SNARE-complex protein Syntaxin-18 N-terminus | domain-containing protein
B9J08_002703,O-methyltransferase | domain-containing protein
B9J08_002704,SYF2 splicing factor | domain-containing protein
B9J08_002705,unspecified product
B9J08_002706,ABC transporter transmembrane region | ABC transporter | domain-containing protein
B9J08_002707,sterol 3beta-glucosyltransferase
B9J08_002708,alpha/beta hydrolase fold | domain-containing protein
B9J08_002709,unspecified product
B9J08_002710,Fungal specific transcription factor domain | Fungal Zn(2)-Cys(6) binuclear cluster domain | domain-containing protein
B9J08_002711,"WD domain, G-beta repeat | domain-containing protein"
B9J08_002712,protein disulfide-isomerase
B9J08_002713,Tim17/Tim22/Tim23/Pmp24 family | domain-containing protein
B9J08_002714,La domain | domain-containing protein
B9J08_002715,HCO3- transporter integral membrane domain | domain-containing protein
B9J08_002717,Asparaginase | domain-containing protein
B9J08_002718,Ribosomal protein L24e | domain-containing protein
B9J08_002719,Ribosomal protein L7Ae/L30e/S12e/Gadd45 family | domain-containing protein
B9J08_002720,DASH complex subunit Spc34 | domain-containing protein
B9J08_002721,N6-L-threonylcarbamoyladenine synthase
B9J08_002722,unspecified product
B9J08_002723,PH domain | domain-containing protein
B9J08_002724,Replication factor C C-terminal domain | ATPase family associated with various cellular activities (AAA) | domain-containing protein
B9J08_002725,Stretch-activated Ca2+-permeable channel component | domain-containing protein
B9J08_002726,unspecified product
B9J08_002727,unspecified product
B9J08_002728,Transcription factor subunit Med10 of Mediator complex | domain-containing protein
B9J08_002729,unspecified product
B9J08_002730,unspecified product
B9J08_002731,unspecified product
B9J08_002732,Glycolipid transfer protein (GLTP) | domain-containing protein
B9J08_002733,Complex1_LYR-like | domain-containing protein
B9J08_002734,unspecified product
B9J08_002735,unspecified product
B9J08_002736,RING-type E3 ubiquitin transferase
B9J08_002737,Aldehyde dehydrogenase family | domain-containing protein
B9J08_002738,WSC domain | domain-containing protein
B9J08_002739,unspecified product
B9J08_002740,"Cut8, nuclear proteasome tether protein | domain-containing protein"
B9J08_002741,"BING4CT (NUC141) domain | WD domain, G-beta repeat | domain-containing protein"
B9J08_002742,dihydroorotate dehydrogenase (quinone)
B9J08_002743,DASH complex subunit Dam1 | domain-containing protein
B9J08_002744,GET complex subunit GET2 | domain-containing protein
B9J08_002745,SURF1 family | domain-containing protein
B9J08_002746,"NOP5NT (NUC127) domain | snoRNA binding domain, fibrillarin | domain-containing protein"
B9J08_002747,Perilipin protein | domain-containing protein
B9J08_002748,Fungal Zn(2)-Cys(6) binuclear cluster domain | Fungal specific transcription factor domain | domain-containing protein
B9J08_002749,Ubiquitin-conjugating enzyme | domain-containing protein
B9J08_002750,Bromodomain associated | Bromodomain | domain-containing protein
B9J08_002751,Regulator of chromosome condensation (RCC1) repeat | domain-containing protein
B9J08_002752,"6-O-methylguanine DNA methyltransferase, DNA binding domain | domain-containing protein"
B9J08_002753,unspecified product
B9J08_002754,unspecified product
B9J08_002755,MSS51 C-terminal domain | Zinc-finger of mitochondrial splicing suppressor 51 | domain-containing protein
B9J08_002756,Glucosidase II beta subunit-like protein | domain-containing protein
B9J08_002757,unspecified product
B9J08_002758,PSP | Domain of unknown function (DUF382) | domain-containing protein
B9J08_002759,"NADH-ubiquinone oxidoreductase subunit G, C-terminal | 2Fe-2S iron-sulfur cluster binding domain | NADH-ubiquinone oxidoreductase-G iron-sulfur binding region | NADH-ubiquinone oxidoreductase NDSU1/NuoG-like, 4Fe-4S domain | NADH-quinone oxidoreductase subunit 3, ferredoxin-like domain | Molybdopterin oxidoreductase | domain-containing protein"
B9J08_002760,ER membrane protein complex subunit 10 | domain-containing protein
B9J08_002761,chitinase
B9J08_002762,Myo-inositol-1-phosphate synthase | Myo-inositol-1-phosphate synthase | domain-containing protein
B9J08_002763,AMP-binding enzyme | domain-containing protein
B9J08_002764,"Asparaginase, N-terminal | Glutaminase/Asparaginase C-terminal domain | domain-containing protein"
B9J08_002765,Cytochrome oxidase c subunit VIb | domain-containing protein
B9J08_002766,"Transport protein Trs120 or TRAPPC9, TRAPP II complex subunit | domain-containing protein"
B9J08_002767,proteasome endopeptidase complex
B9J08_002768,"Activator of Hsp90 ATPase, N-terminal | Activator of Hsp90 ATPase homolog 1-like protein | domain-containing protein"
B9J08_002769,"S-(hydroxymethyl)glutathione dehydrogenase, alcohol dehydrogenase"
B9J08_002770,Isocitrate/isopropylmalate dehydrogenase | domain-containing protein
B9J08_002771,phosphoribosylglycinamide formyltransferase 1
B9J08_002772,"Elongation factor Tu GTP binding domain | Elongation factor Tu domain 2 | Elongation factor G, domain IV | Elongation Factor G, domain III | Elongation factor G C-terminus | domain-containing protein"
B9J08_002773,unspecified product
B9J08_002774,"Copper amine oxidase, N2 domain | Copper amine oxidase, N3 domain | Copper amine oxidase, enzyme domain | domain-containing protein"
B9J08_002775,Protein arginine N-methyltransferase SFM1-like | domain-containing protein
B9J08_002776,Domain of unknown function (DUF7131) | DDHD domain | WWE domain | domain-containing protein
B9J08_002777,unspecified product
B9J08_002778,threonine-tRNA ligase
B9J08_002779,Ribosomal protein L14p/L23e | domain-containing protein
B9J08_002780,"FAD binding domain | FAD linked oxidases, C-terminal domain | domain-containing protein"
B9J08_002781,AMP-binding enzyme | domain-containing protein
B9J08_002782,Flavin reductase like domain | domain-containing protein
B9J08_002783,3-dehydroquinate dehydratase
B9J08_002784,Proteasome assembly chaperone 2
B9J08_002785,Transcription factor AFT | domain-containing protein
B9J08_002786,Ribosomal protein L7/L12 dimerisation domain | Ribosomal protein L7/L12 C-terminal domain | domain-containing protein
B9J08_002787,RNA polymerases M/15 Kd subunit | Transcription factor S-II (TFIIS) | domain-containing protein
B9J08_002788,Protein kinase domain | domain-containing protein
B9J08_002789,Natural resistance-associated macrophage protein-like | domain-containing protein
B9J08_002790,unspecified product
B9J08_002791,haloacid dehalogenase-like hydrolase | domain-containing protein
B9J08_002792,Protein kinase domain | domain-containing protein
B9J08_002793,Ring finger domain | Helicase conserved C-terminal domain | SNF2-related domain | domain-containing protein
B9J08_002794,Replication protein A C terminal | OB-fold nucleic acid binding domain | domain-containing protein
B9J08_002795,Major Facilitator Superfamily | domain-containing protein
B9J08_002796,unspecified product
B9J08_002797,unspecified product
B9J08_002798,Fatty acid desaturase | Cytochrome b5-like Heme/Steroid binding domain | domain-containing protein
B9J08_002799,CBS domain | domain-containing protein
B9J08_002800,RNA recognition motif | domain-containing protein
B9J08_002801,HIT zinc finger | domain-containing protein
B9J08_002802,"Ribosomal protein L9, N-terminal domain | domain-containing protein"
B9J08_002803,Inactive serine-threonine protein kinase 19 | domain-containing protein
B9J08_002804,PAT complex subunit CCDC47 | domain-containing protein
B9J08_002805,Ankyrin repeats (many copies) | domain-containing protein
B9J08_002806,Peptidase M76 family | domain-containing protein
B9J08_002807,"MBOAT, membrane-bound O-acyltransferase family | domain-containing protein"
B9J08_002808,Methyltransferase domain | Methyltransferase involved in Williams-Beuren syndrome | domain-containing protein
B9J08_002809,Ribosomal protein L19 | domain-containing protein
B9J08_002810,LSM domain | domain-containing protein
B9J08_002811,unspecified product
B9J08_002813,ABC transporter | Four helical bundle domain | Elongation factor 3/GNC1 HEAT repeat | EF3 N-terminal HEAT repeat | domain-containing protein
B9J08_002814,Lysophospholipase catalytic domain | domain-containing protein
B9J08_002815,Ammonium Transporter Family | domain-containing protein
B9J08_002816,Mitochondrial carrier protein | domain-containing protein
B9J08_002817,Erg28 like protein | domain-containing protein
B9J08_002818,Regulatory subunit of type II PKA R-subunit | Cyclic nucleotide-binding domain | domain-containing protein
B9J08_002819,Hsp70 protein | domain-containing protein
B9J08_002820,"Not1 N-terminal domain, CCR4-Not complex component | domain-containing protein"
B9J08_002821,Pex2 / Pex12 amino terminal region | domain-containing protein
B9J08_002822,Initiation factor 2 subunit family | domain-containing protein
B9J08_002823,"P5A-ATPase, transmembrane helical hairpin | Cation transport ATPase (P-type) | E1-E2 ATPase | domain-containing protein"
B9J08_002824,DNA replication factor Cdt1 C-terminal domain | domain-containing protein
B9J08_002825,unspecified product
B9J08_002826,valine-tRNA ligase
B9J08_002827,"snoRNA binding domain, fibrillarin | Prp31 C terminal domain | domain-containing protein"
B9J08_002828,"3' exoribonuclease family, domain 1 | 3' exoribonuclease family, domain 2 | domain-containing protein"
B9J08_002829,non-specific serine/threonine protein kinase
B9J08_002830,short chain dehydrogenase | domain-containing protein
B9J08_002831,GPR1/FUN34/yaaH family | domain-containing protein
B9J08_002832,SNF2-related domain | Helicase conserved C-terminal domain | domain-containing protein
B9J08_002833,Sucrase/ferredoxin-like | domain-containing protein
B9J08_002834,KilA-N domain | domain-containing protein
B9J08_002835,Bap31/Bap29 transmembrane region | Bap31/Bap29 cytoplasmic coiled-coil domain | domain-containing protein
B9J08_002836,CorA-like Mg2+ transporter protein | domain-containing protein
B9J08_002837,Transcriptional Coactivator p15 (PC4) | domain-containing protein
B9J08_002838,"Fes/CIP4, and EFC/F-BAR homology domain | SH3 domain | Aldo/keto reductase family | domain-containing protein"
B9J08_002839,SBF-like CPA transporter family (DUF4137) | domain-containing protein
B9J08_002840,"Zinc finger, C2H2 type | domain-containing protein"
B9J08_002841,unspecified product
B9J08_002842,Eisosome protein 1 | domain-containing protein
B9J08_002843,unspecified product
B9J08_002844,Actin | domain-containing protein
B9J08_002845,ATP dependent DNA ligase domain | DNA ligase N terminus | ATP dependent DNA ligase C terminal region | domain-containing protein
B9J08_002846,Acyltransferase | domain-containing protein
B9J08_002847,short chain dehydrogenase | MaoC like domain | MFE-2 hydratase 2 N-terminal domain | domain-containing protein
B9J08_002848,protein-tyrosine-phosphatase
B9J08_002849,Protein kinase domain | domain-containing protein
B9J08_002850,Histone deacetylase domain | domain-containing protein
B9J08_002851,Proteasome subunit A N-terminal signature | Proteasome subunit | domain-containing protein
B9J08_002852,Ergosterol biosynthesis ERG4/ERG24 family | domain-containing protein
B9J08_002853,Fungal Zn(2)-Cys(6) binuclear cluster domain | Fungal specific transcription factor domain | domain-containing protein
B9J08_002854,Pumilio-family RNA binding repeat | domain-containing protein
B9J08_002855,"E1-E2 ATPase | Cation transporter/ATPase, N-terminus | haloacid dehalogenase-like hydrolase | domain-containing protein"
B9J08_002856,Chitin synthase N-terminal | Chitin synthase | domain-containing protein
B9J08_002857,"Vps8 RING zinc finger, fungal | Vps8 beta-propeller | Vps8 central TPR | domain-containing protein"
B9J08_002858,emp24/gp25L/p24 family/GOLD | domain-containing protein
B9J08_002859,"WD domain, G-beta repeat | domain-containing protein"
B9J08_002860,Forkhead domain | FHA domain | domain-containing protein
B9J08_002861,RSE1/DDB1/CPSF1 second beta-propeller | CPSF A subunit region | RSE1/DDB1/CPSF1 first beta-propeller | domain-containing protein
B9J08_002862,Cytochrome c oxidase assembly protein PET191 | domain-containing protein
B9J08_002863,Pyridoxal-dependent decarboxylase conserved domain | domain-containing protein
B9J08_002864,Major Facilitator Superfamily | domain-containing protein
B9J08_002865,RAVE protein 1 C terminal | domain-containing protein
B9J08_002867,Carbon-nitrogen hydrolase | domain-containing protein
B9J08_002868,RBR-type E3 ubiquitin transferase
B9J08_002869,Hyaluronan / mRNA binding family | domain-containing protein
B9J08_002870,ethanolamine-phosphate cytidylyltransferase
B9J08_002871,Domain of unknown function (DUF4112) | domain-containing protein
B9J08_002872,Zinc finger C-x8-C-x5-C-x3-H type (and similar) | RING-type zinc-finger | domain-containing protein
B9J08_002874,Glycosyl transferases group 1 | domain-containing protein
B9J08_002875,"impB/mucB/samB family C-terminal domain | DNA polymerase-iota, thumb domain | BRCT domain | impB/mucB/samB family | domain-containing protein"
B9J08_002876,EF-hand domain pair | domain-containing protein
B9J08_002877,Meiotic cell cortex C-terminal pleckstrin homology | domain-containing protein
B9J08_002878,Phenazine biosynthesis-like protein | domain-containing protein
B9J08_002879,dolichyl-phosphate-mannose-protein mannosyltransferase
B9J08_002881,Core histone H2A/H2B/H3/H4 | domain-containing protein
B9J08_002882,Phosphatidylethanolamine-binding protein | domain-containing protein
B9J08_002883,Mitosis protein DIM1 | domain-containing protein
B9J08_002884,unspecified product
B9J08_002885,"dihydroorotase, homodimeric type"
B9J08_002886,Sugar (and other) transporter | Major Facilitator Superfamily | domain-containing protein
B9J08_002887,Histidine phosphatase superfamily (branch 1) | domain-containing protein
B9J08_002888,poly(A)-specific ribonuclease
B9J08_002889,Endonuclease/Exonuclease/phosphatase family | domain-containing protein
B9J08_002890,DNA-(apurinic or apyrimidinic site) lyase
B9J08_002891,Fungal Zn(2)-Cys(6) binuclear cluster domain | Fungal specific transcription factor domain | domain-containing protein
B9J08_002892,Methyltransferase domain | domain-containing protein
B9J08_002893,GlcNAc-PI de-N-acetylase | domain-containing protein
B9J08_002894,Actin | domain-containing protein
B9J08_002895,Arrestin_N terminal like | domain-containing protein
B9J08_002896,Protein kinase domain | domain-containing protein
B9J08_002897,"DNA replication regulator SLD3, STD domain | domain-containing protein"
B9J08_002898,TAF6 C-terminal HEAT repeat domain | TATA box binding protein associated factor (TAF) | domain-containing protein
B9J08_002899,unspecified product
B9J08_002900,unspecified product
B9J08_002901,Amino acid permease | Solute carrier family 12 | domain-containing protein
B9J08_002902,unspecified product
B9J08_002903,RNA helicase
B9J08_002904,Enoyl-CoA hydratase/isomerase | domain-containing protein
B9J08_002905,Mitochondrial ATPase expression | domain-containing protein
B9J08_002906,SecE/Sec61-gamma subunits of protein translocation complex | domain-containing protein
B9J08_002907,"Nucleolar protein,Nop52 | domain-containing protein"
B9J08_002908,Pre-mRNA splicing Prp18-interacting factor | domain-containing protein
B9J08_002909,Vta1 like | Vta1 C-terminal domain | domain-containing protein
B9J08_002910,Flavinator of succinate dehydrogenase | domain-containing protein
B9J08_002911,EF-hand domain pair | EF-hand domain | domain-containing protein
B9J08_002912,unspecified product
B9J08_002913,Zinc-finger of C2H2 type | Pre-mRNA-splicing factor SF3a complex subunit 2 (Prp11) | domain-containing protein
B9J08_002914,Phosphoadenosine phosphosulfate reductase domain | domain-containing protein
B9J08_002915,Helix-loop-helix DNA-binding domain | domain-containing protein
B9J08_002916,Mtf2 family | domain-containing protein
B9J08_002917,unspecified product
B9J08_002918,Mycolic acid cyclopropane synthetase | domain-containing protein
B9J08_002919,malate synthase
B9J08_002920,Glutaredoxin | domain-containing protein
B9J08_002921,Ribosomal protein S17 | Ribosomal_S17 N-terminal | domain-containing protein
B9J08_002922,Anaphase-promoting complex subunit 9 | domain-containing protein
B9J08_002923,LSM domain | domain-containing protein
B9J08_002924,Fungal Zn(2)-Cys(6) binuclear cluster domain | domain-containing protein
B9J08_002925,unspecified product
B9J08_002926,ABC1 atypical kinase-like domain | domain-containing protein
B9J08_002927,rRNA processing | domain-containing protein
B9J08_002928,Transmembrane amino acid transporter protein | domain-containing protein
B9J08_002929,Timeless protein | domain-containing protein
B9J08_002930,Fungal specific transcription factor domain | Fungal Zn(2)-Cys(6) binuclear cluster domain | domain-containing protein
B9J08_002931,Fungal Zn(2)-Cys(6) binuclear cluster domain | Fungal specific transcription factor domain | domain-containing protein
B9J08_002932,"Cyclin, N-terminal domain | domain-containing protein"
B9J08_002933,unspecified product
B9J08_002934,unspecified product
B9J08_002936,SET domain | domain-containing protein
B9J08_002937,"WD domain, G-beta repeat | domain-containing protein"
B9J08_002938,unspecified product
B9J08_002939,unspecified product
B9J08_002940,Protein kinase domain | domain-containing protein
B9J08_002941,Mediator complex subunit MED14 | domain-containing protein
B9J08_002942,Transmembrane amino acid transporter protein | domain-containing protein
B9J08_002943,"rRNA methyltransferase 1, mitochondrial"
B9J08_002944,Imidazoleglycerol-phosphate dehydratase | domain-containing protein
B9J08_002945,Protein kinase domain | domain-containing protein
B9J08_002946,Swc3 | domain-containing protein
B9J08_002947,Mitochondrial ribosomal protein subunit | domain-containing protein
B9J08_002948,Mitochondrial distribution and morphology protein 10 | domain-containing protein
B9J08_002949,"Cell division control protein 14, SIN component | domain-containing protein"
B9J08_002950,unspecified product
B9J08_002951,GPR1/FUN34/yaaH family | domain-containing protein
B9J08_002952,Las1-like | domain-containing protein
B9J08_002953,Autophagy-related protein 2 | domain-containing protein
B9J08_002954,Nucleoside recognition | Na+ dependent nucleoside transporter C-terminus | Na+ dependent nucleoside transporter N-terminus | domain-containing protein
B9J08_002955,Vacuolar protein sorting-associated protein 35 | domain-containing protein
B9J08_002956,Peptide N-acetyl-beta-D-glucosaminyl asparaginase amidase A | domain-containing protein
B9J08_002957,"tRNA intron endonuclease, catalytic C-terminal domain | domain-containing protein"
B9J08_002958,unspecified product
B9J08_002959,Myb-like DNA-binding domain | domain-containing protein
B9J08_002960,CSL zinc finger | domain-containing protein
B9J08_002961,Ribosomal protein S8e | domain-containing protein
B9J08_002962,Peptidase C1-like family | domain-containing protein
B9J08_002965,Amino acid permease | domain-containing protein
B9J08_002966,"U3 small nucleolar RNA-associated protein 10 | BP28CT (NUC211) domain | HEATR1-like, HEAT repeats | domain-containing protein"
B9J08_002967,Chaperonin 10 Kd subunit | domain-containing protein
B9J08_002968,unspecified product
B9J08_002969,Ras family | domain-containing protein
B9J08_002970,Multiprotein bridging factor 1 | Helix-turn-helix | domain-containing protein
B9J08_002971,3-oxo-5-alpha-steroid 4-dehydrogenase | domain-containing protein
B9J08_002972,SelR domain | domain-containing protein
B9J08_002973,Methyltransferase domain | Arginine methyltransferase oligomerization subdomain | domain-containing protein
B9J08_002974,Major Facilitator Superfamily | domain-containing protein
B9J08_002975,Lipid-droplet associated hydrolase | domain-containing protein
B9J08_002976,Transport and Golgi organisation 2 | domain-containing protein
B9J08_002977,Protein kinase domain | domain-containing protein
B9J08_002978,"Putative zinc finger motif, C2HC5-type | domain-containing protein"
B9J08_002979,DNA replication and checkpoint protein | domain-containing protein
B9J08_002980,Ribosomal silencing factor during starvation | domain-containing protein
B9J08_002981,Utp11 protein | domain-containing protein
B9J08_002982,Chromatin associated protein KTI12 | domain-containing protein
B9J08_002983,50S ribosome-binding GTPase | domain-containing protein
B9J08_002984,Ku70/Ku80 beta-barrel domain | domain-containing protein
B9J08_002985,unspecified product
B9J08_002986,"1,4-alpha-glucan branching enzyme"
B9J08_002987,"WD domain, G-beta repeat | domain-containing protein"
B9J08_002988,Actin | domain-containing protein
B9J08_002989,Mitochondrial inner membrane protein | domain-containing protein
B9J08_002990,Sulfatase | domain-containing protein
B9J08_002991,Cupin superfamily (DUF985) | domain-containing protein
B9J08_002992,Putative peptidase family | domain-containing protein
B9J08_002993,non-specific serine/threonine protein kinase
B9J08_002994,phosphoribosylaminoimidazolesuccinocarboxamide synthase
B9J08_002995,adenylyl-sulfate kinase
B9J08_002996,Snf7 | domain-containing protein
B9J08_002997,Multicopper oxidase | Multicopper oxidase | Multicopper oxidase | domain-containing protein
B9J08_002998,Laa1/Sip1/HEATR5 HEAT repeat region | domain-containing protein
B9J08_002999,unspecified product
B9J08_003000,Myb-like DNA-binding domain | domain-containing protein
B9J08_003001,Exocyst complex component Sec5 | domain-containing protein
B9J08_003002,Iron permease FTR1 family | domain-containing protein
B9J08_003003,unspecified product
B9J08_003004,Alba | domain-containing protein
B9J08_003005,Cytochrome oxidase c subunit VIb | domain-containing protein
B9J08_003006,NFACT protein RNA binding domain | domain-containing protein
B9J08_003007,Rab-GTPase-TBC domain | domain-containing protein
B9J08_003008,"CCR4-NOT transcription complex subunit 1 CAF1-binding domain | CCR4-Not complex component, Not1 | Cnot1 ARM repeat | CCR4-Not complex, Not1 subunit, domain of unknown function DUF3819 | CCR4-NOT transcription complex subunit 1 HEAT repeat | CCR4-NOT transcription complex subunit 1 TTP binding domain | CCR4-NOT transcription complex subunit 1 HEAT repeat | domain-containing protein"
B9J08_003009,Ubiquitin-conjugating enzyme | Fungal ubiquitin-associated domain | domain-containing protein
B9J08_003010,Nuclear transport factor 2 (NTF2) domain | domain-containing protein
B9J08_003011,Ribosomal protein S21 | domain-containing protein
B9J08_003012,unspecified product
B9J08_003013,DNA 3'-5' helicase
B9J08_003014,"SRP40, C-terminal domain | domain-containing protein"
B9J08_003015,Alpha/beta hydrolase family | domain-containing protein
B9J08_003016,Beta-mannosyltransferases | domain-containing protein
B9J08_003017,"Permease for cytosine/purines, uracil, thiamine, allantoin | domain-containing protein"
B9J08_003018,unspecified product
B9J08_003019,Patatin-like phospholipase | Domain of unknown function (DUF3336) | domain-containing protein
B9J08_003020,Major Facilitator Superfamily | domain-containing protein
B9J08_003021,"UTP15 C terminal | WD domain, G-beta repeat | domain-containing protein"
B9J08_003022,unspecified product
B9J08_003023,Ribosomal protein L3 | domain-containing protein
B9J08_003024,NmrA-like family | domain-containing protein
B9J08_003025,unspecified product
B9J08_003026,Ergosterol biosynthesis ERG4/ERG24 family | domain-containing protein
B9J08_003027,V0 complex accessory subunit Ac45/VOA1 transmembrane domain | domain-containing protein
B9J08_003028,VMA21-like domain | domain-containing protein
B9J08_003029,Med18 protein | domain-containing protein
B9J08_003030,Glutamyl-tRNA(Gln) amidotransferase subunit F | domain-containing protein
B9J08_003031,Pescadillo N-terminus | BRCT domain | domain-containing protein
B9J08_003032,unspecified product
B9J08_003033,unspecified product
B9J08_003034,Kinesin motor domain | domain-containing protein
B9J08_003035,Rrp15p | domain-containing protein
B9J08_003036,Major Facilitator Superfamily | domain-containing protein
B9J08_003037,CS domain | SGS domain | domain-containing protein
B9J08_003038,Glycogen recognition site of AMP-activated protein kinase | domain-containing protein
B9J08_003039,Signal recognition particle 9 kDa protein (SRP9) | domain-containing protein
B9J08_003040,Natural resistance-associated macrophage protein-like | domain-containing protein
B9J08_003041,Biotin-requiring enzyme | e3 binding domain | domain-containing protein
B9J08_003042,unspecified product
B9J08_003044,Transcription factor IIIC subunit delta bet-propeller domain | domain-containing protein
B9J08_003045,unspecified product
B9J08_003046,Pyridoxal-phosphate dependent enzyme | domain-containing protein
B9J08_003047,2OG-Fe(II) oxygenase superfamily | domain-containing protein
B9J08_003048,Nup93/Nic96 | domain-containing protein
B9J08_003049,Amino acid permease | domain-containing protein
B9J08_003050,"lipin, N-terminal conserved region | Nuclear elongation and deformation protein 1-like, middle domain | LNS2 (Lipin/Ned1/Smp2) | domain-containing protein"
B9J08_003051,Beta-mannosyltransferases | domain-containing protein
B9J08_003053,RNA recognition motif | domain-containing protein
B9J08_003054,BD-FAE | domain-containing protein
B9J08_003055,Eukaryotic translation initiation factor 3 subunit G | RNA recognition motif | domain-containing protein
B9J08_003056,"WD domain, G-beta repeat | domain-containing protein"
B9J08_003057,"Stromalin conservative domain | Cohesin subunit SCC3, C-terminal domain | STAG domain | domain-containing protein"
B9J08_003058,SWIRM domain | Myb-like DNA-binding domain | domain-containing protein
B9J08_003059,tRNA methyl transferase HUP domain | Aminomethyltransferase beta-barrel domain | tRNA methyl transferase PRC-barrel domain | domain-containing protein
B9J08_003060,"Zinc finger, C2H2 type | domain-containing protein"
B9J08_003063,Bacterial low temperature requirement A protein (LtrA) | domain-containing protein
B9J08_003065,Alcohol acetyltransferase | domain-containing protein
B9J08_003066,Protein phosphatase inhibitor | domain-containing protein
B9J08_003067,WSC domain | domain-containing protein
B9J08_003068,Cenp-O kinetochore centromere component | domain-containing protein
B9J08_003069,"Region in Clathrin and VPS | Clathrin-H-link | Clathrin, heavy-chain linker | domain-containing protein"
B9J08_003070,unspecified product
B9J08_003073,unspecified product
B9J08_003074,alpha/beta hydrolase fold | domain-containing protein
B9J08_003075,Histone-like transcription factor (CBF/NF-Y) and archaeal histone | domain-containing protein
B9J08_003076,Importin-beta N-terminal domain | Cse1 | domain-containing protein
B9J08_003077,"Ubiquitin fusion degradation protein UFD1, N-terminal subdomain 1 | Ubiquitin fusion degradation protein UFD1, N-terminal subdomain 2 | domain-containing protein"
B9J08_003078,Phosphoribosyl transferase domain | domain-containing protein
B9J08_003079,Hsp70 protein | domain-containing protein
B9J08_003080,unspecified product
B9J08_003081,Rab-GTPase-TBC domain | domain-containing protein
B9J08_003082,Rrp7 RRM-like N-terminal domain | Ribosomal RNA-processing protein 7 (RRP7) C-terminal domain | domain-containing protein
B9J08_003083,Amino-transferase class IV | domain-containing protein
B9J08_003084,haloacid dehalogenase-like hydrolase | domain-containing protein
B9J08_003085,"CRAL/TRIO domain | CRAL/TRIO, N-terminal domain | domain-containing protein"
B9J08_003086,"CENP-Q, a CENPA-CAD centromere complex subunit | domain-containing protein"
B9J08_003087,"Rrn7/TAF1B, N-terminal cyclin domain | Zinc-finger of RNA-polymerase I-specific TFIIB, Rrn7 | domain-containing protein"
B9J08_003088,Aldehyde dehydrogenase family | domain-containing protein
B9J08_003089,Ribosomal protein S24e | domain-containing protein
B9J08_003090,Inositol polyphosphate kinase | domain-containing protein
B9J08_003091,Glycolipid 2-alpha-mannosyltransferase | domain-containing protein
B9J08_003092,Mannosyltransferase putative | domain-containing protein
B9J08_003093,Clathrin adaptor complex small chain | domain-containing protein
B9J08_003094,DBP10CT (NUC160) domain | Helicase conserved C-terminal domain | DEAD/DEAH box helicase | domain-containing protein
B9J08_003095,RNA recognition motif | domain-containing protein
B9J08_003098,tRNA (guanine10-N2)-methyltransferase
B9J08_003099,Thi4 family | domain-containing protein
B9J08_003100,Zn-dependent metallo-hydrolase RNA specificity domain | Pre-mRNA 3'-end-processing endonuclease polyadenylation factor C-term | Metallo-beta-lactamase superfamily domain | Beta-Casp domain | domain-containing protein
B9J08_003101,LSM domain | domain-containing protein
B9J08_003102,Hus1-like protein | domain-containing protein
B9J08_003103,phosphoserine transaminase
B9J08_003104,Elongation factor G C-terminus | Elongation factor Tu domain 2 | GTP-binding protein LepA C-terminus | Elongation factor Tu GTP binding domain | domain-containing protein
B9J08_003105,threonine ammonia-lyase
B9J08_003106,EF hand | domain-containing protein
B9J08_003107,Plectin/S10 domain | domain-containing protein
B9J08_003109,unspecified product
B9J08_003110,unspecified product
B9J08_003111,Per1-like family | domain-containing protein
B9J08_003112,unspecified product
B9J08_003113,Maintenance of mitochondrial morphology protein 1 | Pleckstrin homology domain | domain-containing protein
B9J08_003114,non-specific serine/threonine protein kinase
B9J08_003115,Cyclin-dependent kinase regulatory subunit | domain-containing protein
B9J08_003116,PRMT5 arginine-N-methyltransferase | PRMT5 oligomerisation domain | domain-containing protein
B9J08_003117,N-terminal domain of CBF1 interacting co-repressor CIR | Pre-mRNA splicing factor | domain-containing protein
B9J08_003118,Translation initiation factor SUI1 | domain-containing protein
B9J08_003119,phosphatidate cytidylyltransferase
B9J08_003120,unspecified product
B9J08_003121,Myo-inositol oxygenase | domain-containing protein
B9J08_003122,SLBB domain | Nuo51 FMN-binding domain | NADH-ubiquinone oxidoreductase-F iron-sulfur binding region | domain-containing protein
B9J08_003123,Glycolipid 2-alpha-mannosyltransferase | domain-containing protein
B9J08_003124,Eukaryotic rRNA processing protein EBP2 | domain-containing protein
B9J08_003125,Polyprenyl synthetase | domain-containing protein
B9J08_003126,UcrQ family | domain-containing protein
B9J08_003127,Ribosomal protein L22p/L17e | domain-containing protein
B9J08_003128,SWIRM-associated region 1 | Myb-like DNA-binding domain | SWIRM domain | domain-containing protein
B9J08_003129,unspecified product
B9J08_003130,"Elongation factor G C-terminus | Elongation factor G, domain IV | Elongation factor Tu GTP binding domain | domain-containing protein"
B9J08_003131,RNA polymerase Rpb4 | domain-containing protein
B9J08_003132,Protein kinase domain | domain-containing protein
B9J08_003133,Tim17/Tim22/Tim23/Pmp24 family | domain-containing protein
B9J08_003134,Amino acid permease | domain-containing protein
B9J08_003135,Ribosomal protein L1p/L10e family | domain-containing protein
B9J08_003136,Palmitoyl protein thioesterase | domain-containing protein
B9J08_003137,unspecified product
B9J08_003138,Mitochondrial ATP synthase B chain precursor (ATP-synt_B) | domain-containing protein
B9J08_003139,"WD domain, G-beta repeat | Histone-binding protein RBBP4 or subunit C of CAF1 complex | domain-containing protein"
B9J08_003140,Vps51/EXO84/COG1 N-terminal | domain-containing protein
B9J08_003141,Methyltransferase domain | domain-containing protein
B9J08_003142,RanBP1 domain | domain-containing protein
B9J08_003143,RING-type zinc-finger | domain-containing protein
B9J08_003144,unspecified product
B9J08_003145,"Shu complex component Psy3, DNA-binding description | domain-containing protein"
B9J08_003146,"ATP synthase D chain, mitochondrial (ATP5H) | domain-containing protein"
B9J08_003147,"Adaptin N terminal region | Alpha adaptin AP2, C-terminal domain | domain-containing protein"
B9J08_003148,Cysteine-rich secretory protein family | domain-containing protein
B9J08_003149,unspecified product
B9J08_003150,"WD domain, G-beta repeat | domain-containing protein"
B9J08_003151,AIM3/BBC1 Cysteine proteinase-fold domain | SH3 domain | domain-containing protein
B9J08_003152,Alpha-beta plait domain in TMEM16 lipid scramblase | Calcium-activated chloride channel | domain-containing protein
B9J08_003153,"Alanine racemase, N-terminal domain | domain-containing protein"
B9J08_003154,La domain | domain-containing protein
B9J08_003155,"DNA polymerase alpha subunit B, OB domain | DNA polymerase alpha/epsilon subunit B | domain-containing protein"
B9J08_003156,"Type III restriction enzyme, res subunit | Helicase conserved C-terminal domain | domain-containing protein"
B9J08_003157,Peptidase C13 family | domain-containing protein
B9J08_003158,CLASP N terminal | domain-containing protein
B9J08_003159,STE like transcription factor | domain-containing protein
B9J08_003161,unspecified product
B9J08_003162,RNA polymerase I specific transcription initiation factor RRN3 | domain-containing protein
B9J08_003165,PROPPIN | domain-containing protein
B9J08_003166,unspecified product
B9J08_003167,Aldehyde dehydrogenase family | domain-containing protein
B9J08_003168,ubiquitinyl hydrolase 1
B9J08_003169,unspecified product
B9J08_003170,Reactive mitochondrial oxygen species modulator 1 | domain-containing protein
B9J08_003171,Beta-lactamase superfamily domain | domain-containing protein
B9J08_003172,ABC transporter | ABC transporter | domain-containing protein
B9J08_003173,LMBR1-like membrane protein | domain-containing protein
B9J08_003174,unspecified product
B9J08_003175,unspecified product
B9J08_003176,"SHQ1 protein, Shq1 domain | SHQ1-like, CS domain | domain-containing protein"
B9J08_003177,2-(3-amino-3-carboxypropyl)histidine synthase
B9J08_003178,Conserved oligomeric Golgi complex subunit 6
B9J08_003179,unspecified product
B9J08_003180,isocitrate dehydrogenase (NADP+)
B9J08_003181,unspecified product
B9J08_003182,CID domain | domain-containing protein
B9J08_003183,Cytochrome c oxidase subunit VIIc | domain-containing protein
B9J08_003184,Sec1 family | domain-containing protein
B9J08_003185,Acyl-CoA thioesterase N-terminal domain | Acyl-CoA thioesterase C-terminal domain | domain-containing protein
B9J08_003186,Acyl-CoA thioesterase N-terminal domain | Acyl-CoA thioesterase C-terminal domain | domain-containing protein
B9J08_003187,Acyl-CoA thioesterase C-terminal domain | Acyl-CoA thioesterase N-terminal domain | domain-containing protein
B9J08_003188,Nuclear pore complex component | domain-containing protein
B9J08_003189,"Histidine kinase-, DNA gyrase B-, and HSP90-like ATPase | MutL C terminal dimerisation domain | domain-containing protein"
B9J08_003190,Mitochondrial carrier protein | domain-containing protein
B9J08_003191,unspecified product
B9J08_003192,2OG-Fe(II) oxygenase superfamily | non-haem dioxygenase in morphine synthesis N-terminal | domain-containing protein
B9J08_003193,Vps54-like protein | domain-containing protein
B9J08_003194,STIMATE family | domain-containing protein
B9J08_003195,"Nitrogen regulatory protein areA, GATA-like domain | domain-containing protein"
B9J08_003196,IPP transferase | domain-containing protein
B9J08_003197,BRO1-like domain | ALIX V-shaped domain binding to HIV | domain-containing protein
B9J08_003198,Myb-like DNA-binding domain | domain-containing protein
B9J08_003200,"Zinc finger, C2H2 type | domain-containing protein"
B9J08_003201,THO complex subunit 2
B9J08_003202,Sugar (and other) transporter | domain-containing protein
B9J08_003203,unspecified product
B9J08_003204,unspecified product
B9J08_003205,"Saccharopine dehydrogenase [NAD(+), L-lysine-forming], saccharopine dehydrogenase (NAD+, L-lysine-forming)"
B9J08_003206,"WD domain, G-beta repeat | domain-containing protein"
B9J08_003207,"Tetratricopeptide repeat | Anaphase-promoting complex, cyclosome, subunit 3 | Tetratricopeptide repeat | domain-containing protein"
B9J08_003208,PROPPIN | domain-containing protein
B9J08_003209,unspecified product
B9J08_003210,Pumilio-family RNA binding repeat | domain-containing protein
B9J08_003211,SIS domain | domain-containing protein
B9J08_003212,Tuberin | Domain of unknown function (DUF3384) | Rap/ran-GAP | domain-containing protein
B9J08_003213,Amino acid permease | domain-containing protein
B9J08_003214,Vacuolar protein sorting-associated protein 62 | domain-containing protein
B9J08_003215,Oxidoreductase NAD-binding domain | Oxidoreductase FAD-binding domain | domain-containing protein
B9J08_003216,2OG-Fe(II) oxygenase superfamily | Oxoglutarate and iron-dependent oxygenase degradation C-term | domain-containing protein
B9J08_003217,aspartate kinase
B9J08_003218,Bin/amphiphysin/Rvs domain for vesicular trafficking | domain-containing protein
B9J08_003219,Aminotransferase class I and II | domain-containing protein
B9J08_003220,"Tubulin/FtsZ family, GTPase domain | Tubulin C-terminal domain | domain-containing protein"
B9J08_003223,unspecified product
B9J08_003224,hydroxymethylglutaryl-CoA reductase (NADPH)
B9J08_003225,Cys/Met metabolism PLP-dependent enzyme | domain-containing protein
B9J08_003226,Cytochrome b5-like Heme/Steroid binding domain | domain-containing protein
B9J08_003227,unspecified product
B9J08_003228,Glycosyl hydrolase family 47 | domain-containing protein
B9J08_003229,Aft1 HRA domain | domain-containing protein
B9J08_003230,Meiotically up-regulated protein Msb1/Mug8 domain | domain-containing protein
B9J08_003231,Choline/Carnitine o-acyltransferase | domain-containing protein
B9J08_003232,Gamma-glutamyltranspeptidase | domain-containing protein
B9J08_003233,Bul1 C terminus | Bul1 N terminus | domain-containing protein
B9J08_003234,Cns1/TTC4 Wheel domain | domain-containing protein
B9J08_003235,"Inner centromere protein, ARK binding region | domain-containing protein"
B9J08_003236,Bul1 C terminus | Bul1 N terminus | domain-containing protein
B9J08_003237,PQ loop repeat | domain-containing protein
B9J08_003238,Elongation factor Tu GTP binding domain | Elongation factor Tu C-terminal domain | Elongation factor Tu domain 2 | domain-containing protein
B9J08_003239,Anaphase-promoting complex subunit 1 WD40 beta-propeller domain | domain-containing protein
B9J08_003240,phosphatidylserine decarboxylase
B9J08_003241,Mob1/phocein family | domain-containing protein
B9J08_003242,DNA-directed RNA polymerase
B9J08_003243,Snf7 | domain-containing protein
B9J08_003244,"Syntaxin-5 N-terminal, Sly1p-binding domain | SNARE domain | domain-containing protein"
B9J08_003245,"Tubulin/FtsZ family, GTPase domain | Tubulin C-terminal domain | domain-containing protein"
B9J08_003246,Complex 1 protein (LYR family) | domain-containing protein
B9J08_003247,RIC1 C-terminal alpha solenoid region | domain-containing protein
B9J08_003248,Ribosomal protein S9/S16 | domain-containing protein
B9J08_003249,Ribosomal protein L13e | domain-containing protein
B9J08_003250,60s Acidic ribosomal protein | domain-containing protein
B9J08_003251,Cellulase (glycosyl hydrolase family 5) | domain-containing protein
B9J08_003252,Aminotransferase class-V | domain-containing protein
B9J08_003253,Yeast mitochondrial distribution and morphology (MDM) proteins | domain-containing protein
B9J08_003254,unspecified product
B9J08_003255,INO80 complex subunit Ies4 | domain-containing protein
B9J08_003256,threonine-tRNA ligase
B9J08_003257,"RNA pol II accessory factor, Cdc73 family, C-terminal | domain-containing protein"
B9J08_003258,Autophagy protein ATG17-like domain | domain-containing protein
B9J08_003259,G-patch domain | domain-containing protein
B9J08_003260,unspecified product
B9J08_003261,CHCH domain | domain-containing protein
B9J08_003262,Ras family | domain-containing protein
B9J08_003263,Regulated-SNARE-like domain | Synaptobrevin | domain-containing protein
B9J08_003264,RNA-binding protein VTS1
B9J08_003265,3'5'-cyclic nucleotide phosphodiesterase | domain-containing protein
B9J08_003266,Enoyl-(Acyl carrier protein) reductase | domain-containing protein
B9J08_003267,Zinc-binding dehydrogenase | Alcohol dehydrogenase GroES-like domain | domain-containing protein
B9J08_003268,Enoyl-(Acyl carrier protein) reductase | domain-containing protein
B9J08_003269,Fungal specific transcription factor domain | Fungal Zn(2)-Cys(6) binuclear cluster domain | domain-containing protein
B9J08_003270,unspecified product
B9J08_003271,"L-2-aminoadipate reductase, L-aminoadipate-semialdehyde dehydrogenase"
B9J08_003272,"SNF2-related domain | Zinc finger, C3HC4 type (RING finger) | Helicase conserved C-terminal domain | domain-containing protein"
B9J08_003273,Ribosomal protein S13/S18 | domain-containing protein
B9J08_003274,Ribosomal protein L4/L1 family | domain-containing protein
B9J08_003275,Serine carboxypeptidase | domain-containing protein
B9J08_003276,glycogen phosphorylase
B9J08_003277,unspecified product
B9J08_003278,SRF-type transcription factor (DNA-binding and dimerisation domain) | PWWP domain | domain-containing protein
B9J08_003279,PSP1 C-terminal conserved region | domain-containing protein
B9J08_003280,Basic region leucine zipper | domain-containing protein
B9J08_003281,non-specific serine/threonine protein kinase
B9J08_003282,Exonuclease | domain-containing protein
B9J08_003283,Glycine-rich domain-containing protein-like | domain-containing protein
B9J08_003284,EXPERA (EXPanded EBP superfamily) | domain-containing protein
B9J08_003285,Acyl CoA binding protein | domain-containing protein
B9J08_003286,unspecified product
B9J08_003287,Plus-3 domain | domain-containing protein
B9J08_003288,Ribosomal protein S28e | domain-containing protein
B9J08_003289,alpha/beta hydrolase fold | domain-containing protein
B9J08_003290,glutamine-tRNA ligase
B9J08_003291,Carbohydrate/starch-binding module (family 21) | domain-containing protein
B9J08_003292,short chain dehydrogenase | domain-containing protein
B9J08_003293,Zinc-ribbon | PP-loop family | domain-containing protein
B9J08_003294,Eukaryotic translation initiation factor 3 subunit 8 N-terminus | PCI domain | domain-containing protein
B9J08_003295,F-box-like | F-box only protein C-terminal region | domain-containing protein
B9J08_003296,glycylpeptide N-tetradecanoyltransferase
B9J08_003297,unspecified product
B9J08_003298,"WD domain, G-beta repeat | domain-containing protein"
B9J08_003299,Actin cytoskeleton-regulatory complex protein END3 | EH domain | domain-containing protein
B9J08_003300,"Respiratory-chain NADH dehydrogenase, 30 Kd subunit | domain-containing protein"
B9J08_003301,unspecified product
B9J08_003302,Ring finger domain | domain-containing protein
B9J08_003303,Methyltransferase TYW3 | domain-containing protein
B9J08_003304,GRIP domain | domain-containing protein
B9J08_003305,SH3 domain | RasGEF N-terminal motif | RasGEF domain | domain-containing protein
B9J08_003306,"Glyceraldehyde 3-phosphate dehydrogenase, C-terminal domain | Glyceraldehyde 3-phosphate dehydrogenase, NAD binding domain | domain-containing protein"
B9J08_003307,Vacuolar protein sorting-associated protein 26 | domain-containing protein
B9J08_003308,Mitochondrial carrier protein | domain-containing protein
B9J08_003309,orotidine-5'-phosphate decarboxylase
B9J08_003310,"Mon2/Sec7/BIG1-like, HUS domain | GBF1-like, tetratrico peptide repeats | Sec7 domain | domain-containing protein"
B9J08_003311,Squalene/phytoene synthase | domain-containing protein
B9J08_003312,Cyclophilin type peptidyl-prolyl cis-trans isomerase/CLD | domain-containing protein
B9J08_003313,60S ribosomal protein L4 C-terminal domain | Ribosomal protein L4/L1 family | domain-containing protein
B9J08_003314,Cysteine-rich secretory protein family | domain-containing protein
B9J08_003315,Iml2/Tetratricopeptide repeat protein 39 | domain-containing protein
B9J08_003316,UNC-50 family | domain-containing protein
B9J08_003317,unspecified product
B9J08_003318,unspecified product
B9J08_003319,RBR-type E3 ubiquitin transferase
B9J08_003320,unspecified product
B9J08_003321,Pam16 | domain-containing protein
B9J08_003322,PhD finger domain | domain-containing protein
B9J08_003323,ABC transporter | ABC transporter transmembrane region | domain-containing protein
B9J08_003324,Cytidylyltransferase family | domain-containing protein
B9J08_003325,unspecified product
B9J08_003326,NUBPL iron-transfer P-loop NTPase | domain-containing protein
B9J08_003327,GTP-binding protein TrmE N-terminus | 50S ribosome-binding GTPase | MnmE helical domain | domain-containing protein
B9J08_003328,Bromodomain | domain-containing protein
B9J08_003329,Oxidoreductase NAD-binding domain | FAD binding domain | Flavodoxin | domain-containing protein
B9J08_003330,phenylalanine-tRNA ligase
B9J08_003331,Ribosomal protein L16p/L10e | domain-containing protein
B9J08_003332,Biogenesis of lysosome-related organelles complex-1 subunit 2 | domain-containing protein
B9J08_003333,unspecified product
B9J08_003334,unspecified product
B9J08_003335,Snf7 | domain-containing protein
B9J08_003336,Proteolipid membrane potential modulator | domain-containing protein
B9J08_003337,unspecified product
B9J08_003338,"RCF1/5-like, AAA+ ATPase lid domain | Replication factor C subunit 3, C-terminal domain | DNA polymerase III, delta subunit | domain-containing protein"
B9J08_003339,peptide-methionine (S)-S-oxide reductase
B9J08_003340,Ubiquitin carboxyl-terminal hydrolase | domain-containing protein
B9J08_003341,ZIP Zinc transporter | domain-containing protein
B9J08_003342,AMMECR1 | domain-containing protein
B9J08_003343,Leucine rich repeat | domain-containing protein
B9J08_003344,Late endosomal/lysosomal adaptor and MAPK and MTOR activator | domain-containing protein
B9J08_003345,unspecified product
B9J08_003346,CTLH/CRA C-terminal to LisH motif domain | LisH | domain-containing protein
B9J08_003347,Glycosyl hydrolase family 63 N-terminal domain | Glycosyl hydrolase family 63 C-terminal domain | domain-containing protein
B9J08_003348,"Rrn6, beta-propeller | domain-containing protein"
B9J08_003349,"Tryptophan synthase, tryptophan synthase"
B9J08_003350,unspecified product
B9J08_003351,CSN8/PSMD8/EIF3K family | domain-containing protein
B9J08_003352,Major Facilitator Superfamily | domain-containing protein
B9J08_003353,methionyl-tRNA formyltransferase
B9J08_003354,"VPS13-like family N-terminal region | VPS13-like family middle region | Intermembrane lipid transfer protein VPS13, C-terminal | Vacuolar-sorting associated protein 13, adaptor binding domain | domain-containing protein"
B9J08_003355,non-specific serine/threonine protein kinase
B9J08_003356,Protein kinase domain | domain-containing protein
B9J08_003357,"Proteasome complex subunit Rpn13, Pru domain | domain-containing protein"
B9J08_003358,Competence-damaged protein | domain-containing protein
B9J08_003359,Septin | domain-containing protein
B9J08_003360,Transmembrane protein 33/Nucleoporin POM33 | domain-containing protein
B9J08_003361,Ras family | domain-containing protein
B9J08_003364,Hsp70 protein | domain-containing protein
B9J08_003365,AMP-binding enzyme | Acetyl-coenzyme A synthetase N-terminus | AMP-binding enzyme C-terminal domain | domain-containing protein
B9J08_003366,Mannosyltransferase (PIG-V) | domain-containing protein
B9J08_003367,"Haem-dependent oxidative N-demethylase, alpha subunit-like | domain-containing protein"
B9J08_003368,Core histone H2A/H2B/H3/H4 | domain-containing protein
B9J08_003369,Centromere kinetochore component CENP-T histone fold | domain-containing protein
B9J08_003370,unspecified product
B9J08_003371,"phosphoglycerate mutase (2,3-diphosphoglycerate-dependent)"
B9J08_003372,unspecified product
B9J08_003373,PQ loop repeat | domain-containing protein
B9J08_003374,Isocitrate lyase family | domain-containing protein
B9J08_003375,unspecified product
B9J08_003376,Protein kinase domain | domain-containing protein
B9J08_003377,Predicted AdoMet-dependent methyltransferase | domain-containing protein
B9J08_003378,CTLH/CRA C-terminal to LisH motif domain | domain-containing protein
B9J08_003379,Elongin-C
B9J08_003380,"Vps16, C-terminal region | Vps16, N-terminal region | domain-containing protein"
B9J08_003381,Kinetochore protein CHL4 like | domain-containing protein
B9J08_003382,RNA recognition motif | domain-containing protein
B9J08_003383,protein-serine/threonine phosphatase
B9J08_003384,Ribosomal protein S18 | domain-containing protein
B9J08_003385,"Mitochondrial ATPase inhibitor, IATP | domain-containing protein"
B9J08_003386,Ubiquitin-conjugating enzyme | domain-containing protein
B9J08_003387,Calponin homology (CH) domain | EB1-like C-terminal motif | domain-containing protein
B9J08_003388,unspecified product
B9J08_003389,"PET assembly of cytochrome c oxidase, mitochondrial | domain-containing protein"
B9J08_003390,Cyclin | domain-containing protein
B9J08_003391,RTA1 like protein | domain-containing protein
B9J08_003392,RTA1 like protein | domain-containing protein
B9J08_003393,Ribosomal protein L34e | domain-containing protein
B9J08_003394,Endoribonuclease L-PSP | domain-containing protein
B9J08_003395,unspecified product
B9J08_003396,"WD domain, G-beta repeat | Steroid receptor RNA activator (SRA1) | domain-containing protein"
B9J08_003397,"Glycosyl hydrolase family 65 central catalytic domain | Glycosyl hydrolase family 65, N-terminal domain | domain-containing protein"
B9J08_003398,Mis12-Mtw1 protein family | domain-containing protein
B9J08_003399,unspecified product
B9J08_003400,Mitochondrial ribosomal subunit S27 | domain-containing protein
B9J08_003401,Ion transport protein | domain-containing protein
B9J08_003402,ZPR1 jelly-roll domain | ZPR1 zinc-finger domain | domain-containing protein
B9J08_003403,"F-box-like | WD domain, G-beta repeat | domain-containing protein"
B9J08_003404,Carbohydrate/starch-binding module (family 21) | domain-containing protein
B9J08_003405,"tRNA wybutosine-synthesizing protein 4, tRNAPhe [7-(3-amino-3-carboxypropyl)wyosine37-O]-methyltransferase, tRNAPhe {7-[3-amino-3-(methoxycarbonyl)propyl]wyosine37-N}-methoxycarbonyltransferase"
B9J08_003406,"KH domain | Exosome complex component RRP40, S1 domain | Exosome complex exonuclease Rrp40 N-terminal domain | domain-containing protein"
B9J08_003407,Fungal Zn(2)-Cys(6) binuclear cluster domain | domain-containing protein
B9J08_003408,Alcohol acetyltransferase | domain-containing protein
B9J08_003409,Helix-loop-helix DNA-binding domain | domain-containing protein
B9J08_003410,UBA-like domain | Cullin binding | domain-containing protein
B9J08_003411,Cullin family | domain-containing protein
B9J08_003412,Transcription initiation factor TFIID subunit A | domain-containing protein
B9J08_003413,OPT oligopeptide transporter protein | domain-containing protein
B9J08_003414,"Helicase conserved C-terminal domain | RWD domain | DEAD/DEAH box helicase | Oligonucleotide/oligosaccharide-binding (OB)-fold | Helicase associated domain (HA2), ratchet-like | ATP-dependent RNA helicase DHX29, DSRM-like | domain-containing protein"
B9J08_003416,"Respiratory-chain NADH dehydrogenase, 49 Kd subunit | domain-containing protein"
B9J08_003417,DnaJ domain | domain-containing protein
B9J08_003418,unspecified product
B9J08_003419,unspecified product
B9J08_003420,unspecified product
B9J08_003421,DNA topoisomerase
B9J08_003422,unspecified product
B9J08_003424,Protein kinase domain | POLO box duplicated region | domain-containing protein
B9J08_003425,RNA polymerase Rpb3/Rpb11 dimerisation domain | domain-containing protein
B9J08_003426,Sin3 family co-repressor | Paired amphipathic helix repeat | C-terminal domain of Sin3a protein | domain-containing protein
B9J08_003427,C2 domain | MUN domain | domain-containing protein
B9J08_003428,DEK C terminal domain | SWIB/MDM2 domain | domain-containing protein
B9J08_003429,Ribosome biogenesis regulatory protein (RRS1) | domain-containing protein
B9J08_003430,Ras family | EF hand | EF hand associated | EF hand associated | domain-containing protein
B9J08_003431,BolA-like protein | domain-containing protein
B9J08_003432,Eukaryotic translation initiation factor eIF2A | domain-containing protein
B9J08_003433,RNA recognition motif | domain-containing protein
B9J08_003434,unspecified product
B9J08_003435,Proteasome subunit | Proteasome subunit A N-terminal signature | domain-containing protein
B9J08_003436,DHHC palmitoyltransferase | domain-containing protein
B9J08_003437,AhpC/TSA family | C-terminal domain of 1-Cys peroxiredoxin | domain-containing protein
B9J08_003438,Mitochondrial protein up-regulated during meiosis | domain-containing protein
B9J08_003439,VAD1 Analog of StAR-related lipid transfer domain | GRAM domain | domain-containing protein
B9J08_003440,"Ketol-acid reductoisomerase, C-terminal domain | Acetohydroxy acid isomeroreductase, NADPH-binding domain | domain-containing protein"
B9J08_003441,Protein kinase domain | domain-containing protein
B9J08_003442,Glutathione peroxidase | domain-containing protein
B9J08_003443,unspecified product
B9J08_003444,Tyrosine phosphatase family | domain-containing protein
B9J08_003445,DAD family | domain-containing protein
B9J08_003446,Ras family | domain-containing protein
B9J08_003447,Inhibitor of growth proteins N-terminal histone-binding | domain-containing protein
B9J08_003448,"Zinc finger, C2H2 type | domain-containing protein"
B9J08_003449,NAD-dependent glycerol-3-phosphate dehydrogenase C-terminus | NAD-dependent glycerol-3-phosphate dehydrogenase N-terminus | domain-containing protein
B9J08_003450,"Histone-lysine N-methyltransferase, H3 lysine-36 specific, [histone H3]-lysine36 N-trimethyltransferase"
B9J08_003451,unspecified product
B9J08_003452,4-aminobutyrate-2-oxoglutarate transaminase
B9J08_003453,Protein kinase domain | domain-containing protein
B9J08_003454,Metal binding domain of Ada | domain-containing protein
B9J08_003455,FAD-binding domain | Ferric reductase like transmembrane component | Ferric reductase NAD binding domain | domain-containing protein
B9J08_003457,impB/mucB/samB family | domain-containing protein
B9J08_003458,Pex2 / Pex12 amino terminal region | Ring finger domain | domain-containing protein
B9J08_003459,galactosyl transferase GMA12/MNN10 family | domain-containing protein
B9J08_003460,ARID/BRIGHT DNA binding domain | domain-containing protein
B9J08_003461,Ring hydroxylating alpha subunit (catalytic domain) | Rieske [2Fe-2S] domain | domain-containing protein
B9J08_003462,Tetratricopeptide repeat | Tetratricopeptide repeat | domain-containing protein
B9J08_003463,"Histidine biosynthesis trifunctional protein, histidinol dehydrogenase, phosphoribosyl-AMP cyclohydrolase, phosphoribosyl-ATP diphosphatase"
B9J08_003464,Beta-lactamase | domain-containing protein
B9J08_003465,Major Facilitator Superfamily | domain-containing protein
B9J08_003466,malate dehydrogenase
B9J08_003467,DNA helicase
B9J08_003468,unspecified product
B9J08_003469,Eukaryotic integral membrane protein (DUF1751) | domain-containing protein
B9J08_003470,ER-Golgi trafficking TRAPP I complex 85 kDa subunit | domain-containing protein
B9J08_003471,Rax2 C-terminal beta propeller domain | Rax2 third domain | Rax2 second domain | domain-containing protein
B9J08_003473,"Sortilin, neurotensin receptor 3, C-terminal | Sortilin, neurotensin receptor 3, | domain-containing protein"
B9J08_003474,Ribonucleases P/MRP protein subunit Pop8 | domain-containing protein
B9J08_003475,unspecified product
B9J08_003477,FF domain | WW domain | domain-containing protein
B9J08_003478,ARP2/3 complex 20 kDa subunit (ARPC4) | domain-containing protein
B9J08_003479,Fungal Zn(2)-Cys(6) binuclear cluster domain | Fungal specific transcription factor domain | domain-containing protein
B9J08_003480,"glucan endo-1,3-beta-D-glucosidase"
B9J08_003481,unspecified product
B9J08_003482,DHHC palmitoyltransferase | domain-containing protein
B9J08_003483,unspecified product
B9J08_003484,Mitochondrial import 2 | domain-containing protein
B9J08_003485,"N2,N2-dimethylguanosine tRNA methyltransferase | domain-containing protein"
B9J08_003486,Lysophospholipase catalytic domain | domain-containing protein
B9J08_003487,unspecified product
B9J08_003488,Mitochondrial resolvase Ydc2 / RNA splicing MRS1 | domain-containing protein
B9J08_003489,Flavoprotein | domain-containing protein
B9J08_003490,Peptidase S24-like | domain-containing protein
B9J08_003491,unspecified product
B9J08_003494,"Ribonucleases P/MRP protein subunit POP1, N-terminal | POPLD (NUC188) domain | domain-containing protein"
B9J08_003495,protein-serine/threonine phosphatase
B9J08_003496,Peptidase C54 catalytic domain | domain-containing protein
B9J08_003497,Protein SQS1
B9J08_003498,"DnaJ domain | Zuotin-like, zuotin homology domain | Zinc-finger double-stranded RNA-binding | domain-containing protein"
B9J08_003499,unspecified product
B9J08_003500,unspecified product
B9J08_003501,proline-tRNA ligase
B9J08_003502,Sec61beta family | domain-containing protein
B9J08_003503,RNA recognition motif | domain-containing protein
B9J08_003504,Protein phosphatase 2C | domain-containing protein
B9J08_003505,histone acetyltransferase
B9J08_003506,TatD related DNase | domain-containing protein
B9J08_003507,DnaJ domain | domain-containing protein
B9J08_003508,"ATP synthase alpha/beta family, beta-barrel domain | C-terminal domain of V and A type ATP synthase | ATP synthase alpha/beta family, nucleotide-binding domain | domain-containing protein"
B9J08_003509,"jmjN domain | PHD-finger | JmjC domain, hydroxylase | domain-containing protein"
B9J08_003510,Pyrroline-5-carboxylate reductase dimerisation | NADP oxidoreductase coenzyme F420-dependent | domain-containing protein
B9J08_003511,unspecified product
B9J08_003512,RNA helicase
B9J08_003513,T5orf172 domain | domain-containing protein
B9J08_003514,Cys/Met metabolism PLP-dependent enzyme | domain-containing protein
B9J08_003515,SUR7/PalI family | domain-containing protein
B9J08_003516,Ribonucleotide reductase inhibitor | domain-containing protein
B9J08_003517,ornithine aminotransferase
B9J08_003518,"Sodium/hydrogen exchanger, transmembrane | Alkali metal cation/H+ antiporter Nha1 C terminus | domain-containing protein"
B9J08_003519,ChaC-like protein | domain-containing protein
B9J08_003521,Transferrin receptor-like dimerisation domain | Peptidase family M28 | domain-containing protein
B9J08_003522,RING-type zinc-finger | domain-containing protein
B9J08_003523,Microsomal signal peptidase 25 kDa subunit (SPC25) | domain-containing protein
B9J08_003524,short chain dehydrogenase | domain-containing protein
B9J08_003525,Putative diphthamide synthesis protein | domain-containing protein
B9J08_003526,AIM3/BBC1 Cysteine proteinase-fold domain | domain-containing protein
B9J08_003527,Nucleoside transporter | domain-containing protein
B9J08_003528,unspecified product
B9J08_003529,Ion channel | domain-containing protein
B9J08_003530,Ribosomal protein S17 | domain-containing protein
B9J08_003531,Aminotransferase class I and II | domain-containing protein
B9J08_003532,unspecified product
B9J08_003533,unspecified product
B9J08_003534,unspecified product
B9J08_003535,Helicase conserved C-terminal domain | SNF2-related domain | domain-containing protein
B9J08_003536,Dor1-like family | domain-containing protein
B9J08_003537,ATP synthase (C/AC39) subunit | domain-containing protein
B9J08_003538,Repair protein Rad1/Rec1/Rad17 | domain-containing protein
B9J08_003539,unspecified product
B9J08_003540,Amino acid permease | domain-containing protein
B9J08_003541,Survival protein SurE | domain-containing protein
B9J08_003542,short chain dehydrogenase | domain-containing protein
B9J08_003543,NEDD4/Bsd2 | domain-containing protein
B9J08_003544,Mitochondrial carrier protein | domain-containing protein
B9J08_003545,TFIIE alpha subunit | domain-containing protein
B9J08_003546,Forkhead domain | domain-containing protein
B9J08_003547,Pre-mRNA-splicing factor BUD31 | domain-containing protein
B9J08_003550,Flocculin type 3 repeat | domain-containing protein
B9J08_003551,unspecified product
B9J08_003552,FAD binding domain | Oxidoreductase NAD-binding domain | domain-containing protein
B9J08_003553,"FAD linked oxidases, C-terminal domain | FAD binding domain | domain-containing protein"
B9J08_003554,YL1 nuclear protein C-terminal domain | domain-containing protein
B9J08_003555,"Sedlin, N-terminal conserved region | domain-containing protein"
B9J08_003556,unspecified product
B9J08_003557,BAG domain | domain-containing protein
B9J08_003558,"Dopa 4,5-dioxygenase family | domain-containing protein"
B9J08_003559,X-domain of DnaJ-containing | DnaJ domain | domain-containing protein
B9J08_003560,"Ribosomal protein S5, C-terminal domain | Ribosomal protein S5, N-terminal domain | domain-containing protein"
B9J08_003561,unspecified product
B9J08_003562,RNA recognition motif | domain-containing protein
B9J08_003563,Zinc-binding dehydrogenase | Alcohol dehydrogenase GroES-like domain | domain-containing protein
B9J08_003564,Eisosome protein 1 | domain-containing protein
B9J08_003567,"Galactose oxidase, central domain | domain-containing protein"
B9J08_003568,Aldo/keto reductase family | domain-containing protein
B9J08_003569,Maltose acetyltransferase hexapeptide capping motif | Bacterial transferase hexapeptide (six repeats) | domain-containing protein
B9J08_003570,Yip1 domain | domain-containing protein
B9J08_003571,Eukaryotic aspartyl protease | domain-containing protein
B9J08_003572,Anp1 | domain-containing protein
B9J08_003573,"Phosphoglucomutase/phosphomannomutase, alpha/beta/alpha domain III | Phosphoglucomutase/phosphomannomutase, alpha/beta/alpha domain I | Phosphoglucomutase/phosphomannomutase, alpha/beta/alpha domain II | domain-containing protein"
B9J08_003574,Prp19/Pso4-like | domain-containing protein
B9J08_003575,SUR7/PalI family | domain-containing protein
B9J08_003576,protein-serine/threonine phosphatase
B9J08_003577,Transcription factor TFIID complex subunit 8 C-term | domain-containing protein
B9J08_003578,UBA/TS-N domain | Ubiquitin family | domain-containing protein
B9J08_003579,GATA zinc finger | domain-containing protein
B9J08_003580,Nuclear pore RNA shuttling protein Mtr2 | domain-containing protein
B9J08_003581,"NAD nucleotidase, C-terminal domain | domain-containing protein"
B9J08_003582,S4 domain | RS4NT (NUC023) domain | Ribosomal family S4e | KOW motif | 40S ribosomal protein S4 C-terminus | domain-containing protein
B9J08_003583,RabGAP TBC domain | domain-containing protein
B9J08_003584,unspecified product
B9J08_003585,Gal4-like dimerisation domain | Fungal Zn(2)-Cys(6) binuclear cluster domain | domain-containing protein
B9J08_003586,DNA 3'-5' helicase
B9J08_003587,Zinc finger C-x8-C-x5-C-x3-H type (and similar) | domain-containing protein
B9J08_003588,unspecified product
B9J08_003589,"Stalled ribosome sensor GCN1-like, HEAT repeats | EF3 N-terminal HEAT repeat | Stalled ribosome sensor GCN1 N-terminal | Generalcontrol nonderepressible 1 (Gcn1) N-terminal | Elongation factor 3/GNC1 HEAT repeat | Fungal GCN1-like, HEAT repeats | domain-containing protein"
B9J08_003590,"Zinc finger, C2H2 type | domain-containing protein"
B9J08_003591,unspecified product
B9J08_003592,RNA recognition motif | domain-containing protein
B9J08_003593,JAB1/Mov34/MPN/PAD-1 ubiquitin protease | domain-containing protein
B9J08_003594,Ubiquitin carboxyl-terminal hydrolase | domain-containing protein
B9J08_003595,"Yippee zinc-binding/DNA-binding /Mis18, centromere assembly | domain-containing protein"
B9J08_003596,Ribosomal protein L22p/L17e | domain-containing protein
B9J08_003597,unspecified product
B9J08_003598,ER membrane protein SH3 | domain-containing protein
B9J08_003599,Ras family | domain-containing protein
B9J08_003600,RNA recognition motif | domain-containing protein
B9J08_003601,unspecified product
B9J08_003602,"WD domain, G-beta repeat | domain-containing protein"
B9J08_003603,short chain dehydrogenase | domain-containing protein
B9J08_003604,non-specific serine/threonine protein kinase
B9J08_003605,"Ribosomal protein L11, RNA binding domain | Ribosomal protein L11, N-terminal domain | domain-containing protein"
B9J08_003606,unspecified product
B9J08_003607,unspecified product
B9J08_003608,"WD domain, G-beta repeat | domain-containing protein"
B9J08_003609,glycine dehydrogenase (aminomethyl-transferring)
B9J08_003610,GTP-eEF1A C-terminal domain-like | Elongation factor Tu domain 2 | Elongation factor Tu GTP binding domain | domain-containing protein
B9J08_003611,CBS domain | domain-containing protein
B9J08_003612,Fatty acid desaturase | Cytochrome b5-like Heme/Steroid binding domain | domain-containing protein
B9J08_003613,PX domain | domain-containing protein
B9J08_003614,Alcohol dehydrogenase GroES-like domain | Zinc-binding dehydrogenase | domain-containing protein
B9J08_003615,transketolase
B9J08_003616,Opy2 protein | domain-containing protein
B9J08_003617,"Not1 N-terminal domain, CCR4-Not complex component | NOT2/NOT3/NOT5 C-terminal | domain-containing protein"
B9J08_003618,Low molecular weight phosphotyrosine protein phosphatase | domain-containing protein
B9J08_003619,Gal11 activator-binding domain (ABD1) | KIX domain | Mediator complex subunit 15 | domain-containing protein
B9J08_003620,WDR3 first beta-propeller domain | WDR3 second beta-propeller domain | Dip2/Utp12 Family | domain-containing protein
B9J08_003621,Lysophospholipase catalytic domain | domain-containing protein
B9J08_003622,unspecified product
B9J08_003623,Amino acid permease | domain-containing protein
B9J08_003624,"Fourth C2 domain of dock-like protein | DHR-2, Lobe C | DOCK N-terminus | domain-containing protein"
B9J08_003625,Phosphopantetheine attachment site | domain-containing protein
B9J08_003626,Leucine Rich repeats (2 copies) | domain-containing protein
B9J08_003627,Hsp20/alpha crystallin family | domain-containing protein
B9J08_003628,acyl-CoA oxidase
B9J08_003629,Translation initiation factor eIF2B subunit beta
B9J08_003630,Mediator of RNA polymerase II transcription subunit 1 | domain-containing protein
B9J08_003631,ubiE/COQ5 methyltransferase family | domain-containing protein
B9J08_003632,pyruvate kinase
B9J08_003633,Peroxisomal ATPase PEX6
B9J08_003634,Ribosomal protein L31e | domain-containing protein
B9J08_003635,unspecified product
B9J08_003636,unspecified product
B9J08_003637,"Gag1-like, clamp domain | domain-containing protein"
B9J08_003638,Histone deacetylation protein Rxt3 | domain-containing protein
B9J08_003639,Vacuolar sorting protein 39 domain 1 | Vacuolar sorting protein 39 C-terminal zinc finger domain | Vps41 TPR-like region | domain-containing protein
B9J08_003640,WDR36/Utp21 second beta-propeller domain | WDR36/Utp21 first beta-propeller | Utp21 specific WD40 associated putative domain | domain-containing protein
B9J08_003641,Dihydrouridine synthase (Dus) | domain-containing protein
B9J08_003642,Bap31/Bap29 transmembrane region | domain-containing protein
B9J08_003643,Membrane transport protein | domain-containing protein
B9J08_003644,unspecified product
B9J08_003645,"Histone chaperone Rttp106-like, middle domain | SSRP1 PH domain | POB3-like N-terminal PH domain | Structure-specific recognition protein (SSRP1) | domain-containing protein"
B9J08_003646,aspartate-semialdehyde dehydrogenase
B9J08_003647,Lysine methyltransferase | domain-containing protein
B9J08_003648,Leucine permease transcriptional regulator helical domain | SAC3/GANP family | domain-containing protein
B9J08_003649,ENTH domain | domain-containing protein
B9J08_003650,peptidylprolyl isomerase
B9J08_003651,unspecified product
B9J08_003652,unspecified product
B9J08_003653,Polynucleotide kinase 3 phosphatase | domain-containing protein
B9J08_003654,unspecified product
B9J08_003655,Ribosomal protein S8 | domain-containing protein
B9J08_003656,unspecified product
B9J08_003657,ZIP Zinc transporter | domain-containing protein
B9J08_003658,CBS domain | domain-containing protein
B9J08_003659,OPT oligopeptide transporter protein | domain-containing protein
B9J08_003660,KH domain | domain-containing protein
B9J08_003661,Bucentaur or craniofacial development | domain-containing protein
B9J08_003662,Peptidase family M49 | domain-containing protein
B9J08_003663,ABC transporter | ABC transporter transmembrane region | domain-containing protein
B9J08_003664,Mitochondrial ATP synthase epsilon chain | DNA polymerase phi | domain-containing protein
B9J08_003665,adenosine kinase
B9J08_003666,TLC domain | domain-containing protein
B9J08_003667,Ras family | domain-containing protein
B9J08_003668,unspecified product
B9J08_003669,Proteasome regulatory subunit C-terminal | PCI domain | domain-containing protein
B9J08_003670,Subunit 17 of Mediator complex | domain-containing protein
B9J08_003671,Increased loss of mitochondrial DNA protein 1 | domain-containing protein
B9J08_003672,unspecified product
B9J08_003673,"Ribophorin_II, C-terminal domain | domain-containing protein"
B9J08_003674,"Signal peptidase, peptidase S26 | domain-containing protein"
B9J08_003675,Scd6-like Sm domain | domain-containing protein
B9J08_003676,TFIIS helical bundle-like domain | domain-containing protein
B9J08_003677,Ribosomal protein S12/S23 | domain-containing protein
B9J08_003678,Mitochondrial carrier protein | domain-containing protein
B9J08_003679,unspecified product
B9J08_003680,"Calcineurin-like phosphoesterase | Lariat debranching enzyme, C-terminal domain | domain-containing protein"
B9J08_003681,Oxidoreductase FAD-binding domain | Oxidoreductase NAD-binding domain | domain-containing protein
B9J08_003682,NAD(P)H-hydrate dehydratase | domain-containing protein
B9J08_003683,unspecified product
B9J08_003684,NAD-dependent glycerol-3-phosphate dehydrogenase N-terminus | NAD-dependent glycerol-3-phosphate dehydrogenase C-terminus | domain-containing protein
B9J08_003685,NUDIX domain | domain-containing protein
B9J08_003686,Vma22/CCDC115 | domain-containing protein
B9J08_003687,Brix domain | domain-containing protein
B9J08_003688,DEAD/DEAH box helicase | Helicase conserved C-terminal domain | domain-containing protein
B9J08_003689,RING-type E3 ubiquitin transferase
B9J08_003690,Amino acid permease | domain-containing protein
B9J08_003691,Subunit 21 of Mediator complex | domain-containing protein
B9J08_003692,dolichyl-phosphate-mannose-protein mannosyltransferase
B9J08_003693,unspecified product
B9J08_003694,unspecified product
B9J08_003695,Ribosomal protein S27 | domain-containing protein
B9J08_003696,Mitochondrial small ribosomal subunit Rsm22 | domain-containing protein
B9J08_003697,Apolipoprotein O | domain-containing protein
B9J08_003698,unspecified product
B9J08_003699,Mitochondrial carrier protein | domain-containing protein
B9J08_003700,Raptor N-terminal CASPase like domain | domain-containing protein
B9J08_003701,Microfibril-associated/Pre-mRNA processing | domain-containing protein
B9J08_003702,Cysteine dioxygenase type I | domain-containing protein
B9J08_003703,Voltage-dependent anion channel | domain-containing protein
B9J08_003704,unspecified product
B9J08_003705,TRAPP trafficking subunit Trs65 IgD3 | domain-containing protein
B9J08_003706,Reverse transcriptase (RNA-dependent DNA polymerase) | domain-containing protein
B9J08_003707,Peptidase family M3 | domain-containing protein
B9J08_003708,glycine-tRNA ligase
B9J08_003709,Flavin-binding monooxygenase-like | domain-containing protein
B9J08_003710,The Golgi pH Regulator (GPHR) Family N-terminal | Abscisic acid G-protein coupled receptor | domain-containing protein
B9J08_003711,Transcriptional regulation of mitochondrial recombination | domain-containing protein
B9J08_003712,Fungal Zn(2)-Cys(6) binuclear cluster domain | domain-containing protein
B9J08_003713,tRNA 4-demethylwyosine synthase (AdoMet-dependent)
B9J08_003714,"GDP-Man:Man1GlcNAc2-PP-dolichol alpha-1,3-mannosyltransferase, GDP-Man:Man2GlcNAc2-PP-dolichol alpha-1,6-mannosyltransferase"
B9J08_003715,"DnaJ homologue, subfamily C, member 28, conserved domain | domain-containing protein"
B9J08_003716,Divalent cation/proton antiporter GDT1 | domain-containing protein
B9J08_003717,Mediator of RNA polymerase II transcription complex subunit 8 | domain-containing protein
B9J08_003718,mRNA biogenesis factor | domain-containing protein
B9J08_003719,Mitochondrial carrier protein | domain-containing protein
B9J08_003720,SNF2-related domain | Helicase conserved C-terminal domain | Domain of unknown function (DUF3535) | domain-containing protein
B9J08_003721,LSO1/2-like | Coiled-coil domain-containing protein 124 /Oxs1 | domain-containing protein
B9J08_003722,homocitrate synthase
B9J08_003723,unspecified product
B9J08_003724,tetrahydrofolate synthase
B9J08_003725,unspecified product
B9J08_003726,Protein kinase domain | domain-containing protein
B9J08_003727,RNA helicase
B9J08_003728,gluconokinase
B9J08_003729,short chain dehydrogenase | domain-containing protein
B9J08_003730,"Thiolase, C-terminal domain | Thiolase, N-terminal domain | domain-containing protein"
B9J08_003731,unspecified product
B9J08_003732,Protein kinase domain | domain-containing protein
B9J08_003733,unspecified product
B9J08_003734,Amino acid permease | domain-containing protein
B9J08_003735,Protein kinase domain | domain-containing protein
B9J08_003736,Protein kinase domain | domain-containing protein
B9J08_003737,Fatty acid hydroxylase | domain-containing protein
B9J08_003738,"Porphobilinogen deaminase, dipyromethane cofactor binding domain | Porphobilinogen deaminase, C-terminal domain | domain-containing protein"
B9J08_003739,"TRPY1 N-terminal linker helical domain | Calcium channel YVC1-like, C-terminal | domain-containing protein"
B9J08_003740,ERCC4 domain | domain-containing protein
B9J08_003741,"RMI1, N-terminal OB-fold domain | domain-containing protein"
B9J08_003742,"Methylenetetrahydrofolate reductase | MTHFR, SAM-binding regulatory domain | domain-containing protein"
B9J08_003743,Autophagy-related protein 27 | domain-containing protein
B9J08_003744,unspecified product
B9J08_003745,PAXNEB protein | domain-containing protein
B9J08_003746,Serine incorporator (Serinc) | domain-containing protein
B9J08_003747,Mitochondrial ATP synthase g subunit | domain-containing protein
B9J08_003748,RNA helicase
B9J08_003749,Ribonuclease-III-like | domain-containing protein
B9J08_003750,Mitochondrial carrier protein | domain-containing protein
B9J08_003751,unspecified product
B9J08_003752,Fungal Zn(2)-Cys(6) binuclear cluster domain | domain-containing protein
B9J08_003753,unspecified product
B9J08_003754,Mitochondrial carrier protein | domain-containing protein
B9J08_003755,Ribosomal protein S19 | domain-containing protein
B9J08_003756,60s Acidic ribosomal protein | domain-containing protein
B9J08_003757,"Kinetochore complex Fta4 of Sim4 subunit, or CENP-50 | domain-containing protein"
B9J08_003758,"Cytosolic domain of 10TM putative phosphate transporter | Late exocytosis, associated with Golgi transport | Calcium-dependent channel, 7TM region, putative phosphate | domain-containing protein"
B9J08_003759,Arv1-like family | domain-containing protein
B9J08_003760,CCCH-type zinc finger | domain-containing protein
B9J08_003761,DNA topoisomerase
B9J08_003762,SET domain | domain-containing protein
B9J08_003763,2-dehydropantoate 2-reductase
B9J08_003764,Dephospho-CoA kinase | domain-containing protein
B9J08_003765,phosphatidylinositol 3-kinase
B9J08_003766,unspecified product
B9J08_003767,cytidine deaminase
B9J08_003768,"Metallopeptidase family M24 | zf-MYND-like zinc finger, mRNA-binding | domain-containing protein"
B9J08_003771,TCP-1/cpn60 chaperonin family | domain-containing protein
B9J08_003772,Fungal Zn(2)-Cys(6) binuclear cluster domain | domain-containing protein
B9J08_003773,Sec1 family | domain-containing protein
B9J08_003774,DNA helicase
B9J08_003775,GPN-loop GTPase 3
B9J08_003776,Cation efflux family | domain-containing protein
B9J08_003777,unspecified product
B9J08_003778,ATPase family associated with various cellular activities (AAA) | Proteasomal ATPase OB C-terminal domain | AAA+ lid domain | domain-containing protein
B9J08_003779,DSS1/SEM1 family | domain-containing protein
B9J08_003780,DNA-directed RNA polymerase
B9J08_003781,Apc13p protein | domain-containing protein
B9J08_003782,Centrosomin N-terminal motif 1 | domain-containing protein
B9J08_003783,"Glycosyl transferase family, helical bundle domain | Glycosyl transferase family, a/b domain | domain-containing protein"
B9J08_003784,Helicase conserved C-terminal domain | DEAD/DEAH box helicase | N-terminal helicase PWI domain | Sec63 Brl domain | Pre-mRNA-splicing helicase BRR2 plug domain | Winged Helix-turn-helix domain | domain-containing protein
B9J08_003785,pyruvate dehydrogenase (acetyl-transferring)
B9J08_003786,Cytochrome c oxidase biogenesis protein Cmc1 like | domain-containing protein
B9J08_003787,Proteasome subunit | domain-containing protein
B9J08_003788,Guanine-nucleotide exchange factor YEL1
B9J08_003789,unspecified product
B9J08_003790,"Mediator complex subunit 16, C-terminal | Mediator complex subunit 16, N-terminal | domain-containing protein"
B9J08_003791,Serine hydroxymethyltransferase | domain-containing protein
B9J08_003792,Protein kinase domain | domain-containing protein
B9J08_003793,Serine carboxypeptidase | Carboxypeptidase Y pro-peptide | domain-containing protein
B9J08_003794,unspecified product
B9J08_003795,"Helicase conserved C-terminal domain | Exosome RNA helicase MTR4-like, stalk | DSHCT (NUC185) domain | Mtr4-like, beta-barrel domain | DEAD/DEAH box helicase | domain-containing protein"
B9J08_003796,Rab-GTPase-TBC domain | domain-containing protein
B9J08_003797,Calcineurin-like phosphoesterase | domain-containing protein
B9J08_003798,"TRF2-interacting telomeric protein/Rap1 - C terminal domain | Rap1, DNA-binding | domain-containing protein"
B9J08_003799,Glycosyl hydrolases family 17 | domain-containing protein
B9J08_003800,ubiquitinyl hydrolase 1
B9J08_003801,Cytidylyltransferase-like | domain-containing protein
B9J08_003802,PPR repeat family | domain-containing protein
B9J08_003803,MIF4G domain | MA3 domain | domain-containing protein
B9J08_003804,Cytochrome c | domain-containing protein
B9J08_003805,"CXXC motif containing zinc binding protein, eukaryotic | domain-containing protein"
B9J08_003806,Phosducin | domain-containing protein
B9J08_003807,Ubiquitin carboxyl-terminal hydrolase | Zn-finger in ubiquitin-hydrolases and other protein | domain-containing protein
B9J08_003808,ABC transporter | ABC transporter transmembrane region | domain-containing protein
B9J08_003809,Glucosamine-6-phosphate isomerases/6-phosphogluconolactonase | domain-containing protein
B9J08_003810,PI31 proteasome regulator | domain-containing protein
B9J08_003811,Ubiquitin-conjugating enzyme | domain-containing protein
B9J08_003812,unspecified product
B9J08_003813,"WD domain, G-beta repeat | domain-containing protein"
B9J08_003814,histone acetyltransferase
B9J08_003815,unspecified product
B9J08_003816,peptidylprolyl isomerase
B9J08_003817,mRNA cleavage and polyadenylation factor CLP1 P-loop | Pre-mRNA cleavage complex II protein Clp1 | N-terminal beta-sandwich domain of polyadenylation factor | domain-containing protein
B9J08_003818,unspecified product
B9J08_003819,"Pyridine nucleotide-disulphide oxidoreductase | Pyridine nucleotide-disulphide oxidoreductase, dimerisation domain | domain-containing protein"
B9J08_003820,NLI interacting factor-like phosphatase | domain-containing protein
B9J08_003821,"WD domain, G-beta repeat | Sof1-like domain | domain-containing protein"
B9J08_003822,non-specific serine/threonine protein kinase
B9J08_003823,Regulator of Vps4 activity in the MVB pathway | domain-containing protein
B9J08_003824,"WD domain, G-beta repeat | domain-containing protein"
B9J08_003825,Rhodanese-like domain | domain-containing protein
B9J08_003826,tRNA pseudouridine synthase D (TruD) | domain-containing protein
B9J08_003827,unspecified product
B9J08_003828,Kinesin motor domain | domain-containing protein
B9J08_003829,Protein kinase domain | FHA domain | domain-containing protein
B9J08_003830,POT family | domain-containing protein
B9J08_003832,ABC transporter | ABC transporter transmembrane region | domain-containing protein
B9J08_003833,UAA transporter family | domain-containing protein
B9J08_003834,"Elongation factor G C-terminus | Elongation factor G domain 2 | Elongation factor Tu GTP binding domain | Elongation Factor G, domain III | domain-containing protein"
B9J08_003835,Root hair defective 3 GTP-binding protein (RHD3) GTPase domain | Sey1 three-helix bundle domain | domain-containing protein
B9J08_003836,Hexokinase | Hexokinase | domain-containing protein
B9J08_003837,Glucosamine-6-phosphate isomerases/6-phosphogluconolactonase | domain-containing protein
B9J08_003838,Amidohydrolase family | domain-containing protein
B9J08_003839,DnaJ domain | domain-containing protein
B9J08_003840,Chorismate mutase type II | domain-containing protein
B9J08_003841,unspecified product
B9J08_003842,hTAFII28-like protein conserved region | domain-containing protein
B9J08_003843,unspecified product
B9J08_003844,Methyltransferase domain | domain-containing protein
B9J08_003845,unspecified product
B9J08_003846,[phosphatase 2A protein]-leucine-carboxy methyltransferase
B9J08_003847,Mannosyltransferase putative | domain-containing protein
B9J08_003848,PX domain | domain-containing protein
B9J08_003849,PCI domain | PSD13 N-terminal repeats | domain-containing protein
B9J08_003850,"PTM1-like, N-terminal domain | GOST, seven transmembrane domain | domain-containing protein"
B9J08_003851,PX domain | domain-containing protein
B9J08_003852,"mannan endo-1,6-alpha-mannosidase"
B9J08_003853,unspecified product
B9J08_003854,ENTH domain | domain-containing protein
B9J08_003855,Regulator of Ty1 transposition protein 107 BRCT domain | BRCA1 C Terminus (BRCT) domain | twin BRCT domain | Regulator of Ty1 transposition protein 107 BRCT domain | domain-containing protein
B9J08_003856,"Cyclin, C-terminal domain | Cyclin, N-terminal domain | domain-containing protein"
B9J08_003857,unspecified product
B9J08_003858,Mediator complex subunit 13 N-terminal | Mediator complex subunit 13 C-terminal domain | domain-containing protein
B9J08_003859,Dynein light chain type 1 | domain-containing protein
B9J08_003860,adenine phosphoribosyltransferase
B9J08_003861,"Spt5 transcription elongation factor, acidic N-terminal | Early transcription elongation factor of RNA pol II, NGN section | Transcription elongation factor SPT5, second KOW domain | Transcription elongation factor SPT5, KOWx domain | Transcription elongation factor SPT5, fourth KOW domain | Transcription elongation factor SPT5, fifth KOW domain | Transcription elongation factor SPT5, KOW1 domain | domain-containing protein"
B9J08_003862,Ssl1-like | TFIIH C1-like domain | domain-containing protein
B9J08_003863,Lytic transglycolase | domain-containing protein
B9J08_003864,Cytidine and deoxycytidylate deaminase zinc-binding region | domain-containing protein
B9J08_003865,protein phosphatase methylesterase-1
B9J08_003866,NAD+ synthase (glutamine-hydrolysing)
B9J08_003867,"Taurine catabolism dioxygenase TauD, TfdA family | domain-containing protein"
B9J08_003868,RAM signalling pathway protein | Leucine rich repeat | domain-containing protein
B9J08_003869,Heavy-metal-associated domain | domain-containing protein
B9J08_003870,"Cell differentiation family, Rcd1-like | domain-containing protein"
B9J08_003871,MatE | domain-containing protein
B9J08_003872,Bystin | domain-containing protein
B9J08_003873,"Phosphatidylinositol-specific phospholipase C, Y domain | C2 domain | Phosphatidylinositol-specific phospholipase C, X domain | domain-containing protein"
B9J08_003874,"glutaminase, imidazole glycerol-phosphate synthase"
B9J08_003875,unspecified product
B9J08_003876,HRDC domain | 3'-5' exonuclease | PMC2NT (NUC016) domain | domain-containing protein
B9J08_003877,C2H2 type zinc-finger (2 copies) | domain-containing protein
B9J08_003878,RCC1-like domain | domain-containing protein
B9J08_003879,Chitin synthase | Chitin synthase N-terminal | domain-containing protein
B9J08_003880,PSF2 N-terminal domain | GINS complex protein helical bundle domain | domain-containing protein
B9J08_003881,"NAT, N-acetyltransferase, of N-acetylglutamate synthase | domain-containing protein"
B9J08_003882,3-deoxy-7-phosphoheptulonate synthase
B9J08_003883,CLN3 protein | domain-containing protein
B9J08_003884,Acyltransferase | Glycerol-3-phosphate acyltransferase C-terminal region | domain-containing protein
B9J08_003885,Glycosyltransferase sugar-binding region containing DXD motif | domain-containing protein
B9J08_003886,SPFH domain / Band 7 family | C-terminal region of band_7 | domain-containing protein
B9J08_003887,Ydr279p protein family (RNase H2 complex component) wHTH domain | LrgB-like family | domain-containing protein
B9J08_003888,Zinc-finger domain | domain-containing protein
B9J08_003889,Ras family | domain-containing protein
B9J08_003890,tRNA (Guanine-1)-methyltransferase | domain-containing protein
B9J08_003891,unspecified product
B9J08_003892,Origin recognition complex subunit 4
B9J08_003893,"Domain found in Dishevelled, Egl-10, and Pleckstrin (DEP) | domain-containing protein"
B9J08_003894,protein-synthesizing GTPase
B9J08_003895,Endonuclease/Exonuclease/phosphatase family | domain-containing protein
B9J08_003896,ATPase family associated with various cellular activities (AAA) | domain-containing protein
B9J08_003897,"First Longin domain of INTU, CCZ1 and HPS4 | domain-containing protein"
B9J08_003898,unspecified product
B9J08_003899,MYND finger | domain-containing protein
B9J08_003900,Peptidase family C50 | domain-containing protein
B9J08_003901,Flavin reductase like domain | domain-containing protein
B9J08_003902,unspecified product
B9J08_003903,"glucan endo-1,3-beta-D-glucosidase"
B9J08_003904,unspecified product
B9J08_003905,FtsJ-like methyltransferase | domain-containing protein
B9J08_003906,Mpp10 protein | domain-containing protein
B9J08_003907,Steryl acetyl hydrolase | domain-containing protein
B9J08_003908,Major Facilitator Superfamily | domain-containing protein
B9J08_003909,Steryl acetyl hydrolase | domain-containing protein
B9J08_003910,"Yeast PIR protein repeat | Cell wall mannoprotein PIR1-like, C-terminal domain | domain-containing protein"
B9J08_003911,Eukaryotic aspartyl protease | domain-containing protein
B9J08_003912,Eukaryotic aspartyl protease | domain-containing protein
B9J08_003913,"HPP, transmembrane region | domain-containing protein"
B9J08_003914,Frag1/DRAM/Sfk1 family | domain-containing protein
B9J08_003915,PIN domain | RNB domain | Dis3-like cold-shock domain 2 (CSD2) | Rrp44-like cold shock domain | S1 domain | domain-containing protein
B9J08_003916,"3,4-dihydroxy-2-butanone 4-phosphate synthase | domain-containing protein"
B9J08_003917,20S proteasome chaperone assembly proteins 3 and 4 | domain-containing protein
B9J08_003918,tryptophan-tRNA ligase
B9J08_003919,Ribosomal L27e protein family | domain-containing protein
B9J08_003920,non-specific serine/threonine protein kinase
B9J08_003921,Fungal trichothecene efflux pump (TRI12) | domain-containing protein
B9J08_003922,"SAPK-interacting protein 1 (Sin1), middle CRIM domain | SAPK-interacting protein 1 (Sin1), Pleckstrin-homology | domain-containing protein"
B9J08_003923,unspecified product
B9J08_003924,GTPase-activator protein for Ras-like GTPase | domain-containing protein
B9J08_003925,unspecified product
B9J08_003926,ATP synthase subunit K | domain-containing protein
B9J08_003927,Brix domain | domain-containing protein
B9J08_003928,Rhomboid domain | domain-containing protein
B9J08_003929,unspecified product
B9J08_003930,Ribosomal subunit 39S | domain-containing protein
B9J08_003931,CBS domain | PB1 domain | domain-containing protein
B9J08_003932,Putative undecaprenyl diphosphate synthase | domain-containing protein
B9J08_003933,Endoplasmic reticulum-based factor for assembly of V-ATPase | domain-containing protein
B9J08_003934,Threonyl and Alanyl tRNA synthetase second additional domain | tRNA synthetases class II (A) | domain-containing protein
B9J08_003935,Ribosomal protein S9/S16 | domain-containing protein
B9J08_003936,Myb-like DNA-binding domain | domain-containing protein
B9J08_003937,"Cdc6/ORC-like, ATPase lid domain | AAA domain | domain-containing protein"
B9J08_003938,CENP-S protein | domain-containing protein
B9J08_003939,"WD domain, G-beta repeat | Domain of unknown function (DUF3337) | domain-containing protein"
B9J08_003940,"RNA polymerase Rpb5, C-terminal domain | RNA polymerase Rpb5, N-terminal domain | domain-containing protein"
B9J08_003941,RibD C-terminal domain | domain-containing protein
B9J08_003942,GNS1/SUR4 family | domain-containing protein
B9J08_003943,"Ribokinase, ribokinase"
B9J08_003944,"PCI domain | eIF3a, PCI domain, TPR-like region | domain-containing protein"
B9J08_003945,BCCIP | domain-containing protein
B9J08_003946,Ubiquitin carboxyl-terminal hydrolase | domain-containing protein
B9J08_003947,BAR domain | domain-containing protein
B9J08_003948,"Glycogen recognition site of AMP-activated protein kinase | 5'-AMP-activated protein kinase beta subunit, interaction domain | domain-containing protein"
B9J08_003949,PHD-zinc-finger like domain | Enhancer of polycomb-like | PHD-finger | domain-containing protein
B9J08_003950,TEA/ATTS domain | domain-containing protein
B9J08_003951,ATP-grasp domain | AIR carboxylase | Phosphoribosylaminoimidazole carboxylase C-terminal domain | Ribonucleotide synthetase preATP-grasp domain | domain-containing protein
B9J08_003952,"YBL028C ribosome biogenesis factor, N-terminal domain | domain-containing protein"
B9J08_003953,"Ribosomal protein L19e, C-terminal domain | Ribosomal protein L19e, N-terminal domain | domain-containing protein"
B9J08_003954,unspecified product
B9J08_003955,unspecified product
B9J08_003956,RNA recognition motif | domain-containing protein
B9J08_003957,Stabilization of polarity axis | Docking domain of Afi1 for Arf3 in vesicle trafficking | domain-containing protein
B9J08_003958,unspecified product
B9J08_003959,Acyltransferase | domain-containing protein
B9J08_003960,G protein-coupled receptor kinase-interacting protein 1 C term | Spa2 homology domain (SHD) of GIT | C3G9 VBS-like domain | domain-containing protein
B9J08_003961,unspecified product
B9J08_003962,unspecified product
B9J08_003963,Ribonuclease MRP protein subunit RMP1 | domain-containing protein
B9J08_003964,unspecified product
B9J08_003965,Spermine/spermidine synthase domain | Spermidine synthase tetramerisation domain | domain-containing protein
B9J08_003966,Transcription factor AFT | domain-containing protein
B9J08_003967,Divergent CRAL/TRIO domain | RhoGAP domain | domain-containing protein
B9J08_003968,unspecified product
B9J08_003969,DASH complex subunit Dad1 | domain-containing protein
B9J08_003970,unspecified product
B9J08_003971,Calcineurin-like phosphoesterase | domain-containing protein
B9J08_003972,G-protein alpha subunit | domain-containing protein
B9J08_003973,Peptidase M16 inactive domain | Insulinase (Peptidase family M16) | domain-containing protein
B9J08_003974,unspecified product
B9J08_003975,Ribosomal protein S7p/S5e | domain-containing protein
B9J08_003976,PPP4R2 | domain-containing protein
B9J08_003977,"CybS, succinate dehydrogenase cytochrome B small subunit | domain-containing protein"
B9J08_003979,Aminotransferase class I and II | domain-containing protein
B9J08_003980,Lysine methyltransferase | domain-containing protein
B9J08_003981,Major Facilitator Superfamily | domain-containing protein
B9J08_003982,unspecified product
B9J08_003983,Calcineurin-like phosphoesterase | Serine-threonine protein phosphatase N-terminal domain | domain-containing protein
B9J08_003984,unspecified product
B9J08_003985,"Zinc finger, C2H2 type | domain-containing protein"
B9J08_003986,Ras family | domain-containing protein
B9J08_003987,Double-stranded DNA-binding domain | domain-containing protein
B9J08_003988,Kinesin motor domain | domain-containing protein
B9J08_003989,RING-H2 zinc finger domain | domain-containing protein
B9J08_003990,BED zinc finger | RNA polymerase I-specific transcription initiation factor Rrn11 | domain-containing protein
B9J08_003991,TCP-1/cpn60 chaperonin family | domain-containing protein
B9J08_003992,Fungal Zn(2)-Cys(6) binuclear cluster domain | Fungal specific transcription factor domain | domain-containing protein
B9J08_003993,Damage-control phosphatase ARMT1-like domain | domain-containing protein
B9J08_003995,Nitrogen permease regulator 2 | domain-containing protein
B9J08_003996,Core histone H2A/H2B/H3/H4 | C-terminus of histone H2A | domain-containing protein
B9J08_003997,Optic atrophy 3 protein (OPA3) | domain-containing protein
B9J08_003998,AMP-binding enzyme | Acetyl-coenzyme A synthetase N-terminus | AMP-binding enzyme C-terminal domain | domain-containing protein
B9J08_003999,Uroporphyrinogen-III synthase HemD | domain-containing protein
B9J08_004000,Ankyrin repeats (3 copies) | IPT/TIG domain | domain-containing protein
B9J08_004001,RNA recognition motif | domain-containing protein
B9J08_004002,unspecified product
B9J08_004003,thioredoxin-dependent peroxiredoxin
B9J08_004004,unspecified product
B9J08_004005,ATP synthase delta (OSCP) subunit | domain-containing protein
B9J08_004006,"Ribosomal Proteins L2, C-terminal domain | Ribosomal Proteins L2, RNA binding domain | domain-containing protein"
B9J08_004007,unspecified product
B9J08_004008,"Shelterin complex subunit, TPP1/ACD | domain-containing protein"
B9J08_004009,tRNase Z endonuclease | domain-containing protein
B9J08_004010,Lysophospholipase catalytic domain | domain-containing protein
B9J08_004011,Domain of unknown function (DUF3336) | Patatin-like phospholipase | domain-containing protein
B9J08_004012,ZIP Zinc transporter | domain-containing protein
B9J08_004013,F-box-like | domain-containing protein
B9J08_004014,U3 snoRNA associated | domain-containing protein
B9J08_004015,Glycosyl hydrolase family 31 C-terminal domain | Glycosyl hydrolases family 31 TIM-barrel domain | domain-containing protein
B9J08_004016,Asparagine synthase | Glutamine amidotransferase domain | domain-containing protein
B9J08_004017,Thioesterase superfamily | domain-containing protein
B9J08_004018,unspecified product
B9J08_004019,EamA-like transporter family | domain-containing protein
B9J08_004020,unspecified product
B9J08_004021,Histidine phosphatase superfamily (branch 2) | domain-containing protein
B9J08_004022,cwf21 domain | domain-containing protein
B9J08_004023,unspecified product
B9J08_004024,Nuclear transport factor 2 (NTF2) domain | domain-containing protein
B9J08_004025,TFA2 Winged helix domain 2 | Tfa2 E-tether | TFIIE beta subunit core domain | domain-containing protein
B9J08_004026,F-box-like | domain-containing protein
B9J08_004027,Gti1/Pac2 family | domain-containing protein
B9J08_004028,non-specific serine/threonine protein kinase
B9J08_004029,Protein kinase domain | domain-containing protein
B9J08_004030,Protein kinase domain | domain-containing protein
B9J08_004031,unspecified product
B9J08_004032,Aldolase/RraA | domain-containing protein
B9J08_004033,unspecified product
B9J08_004034,unspecified product
B9J08_004035,DNA-directed RNA polymerase I subunit RPA34.5 | domain-containing protein
B9J08_004036,unspecified product
B9J08_004037,unspecified product
B9J08_004038,Mitochondrial carrier protein | domain-containing protein
B9J08_004039,Double-stranded RNA binding motif | domain-containing protein
B9J08_004040,Major Facilitator Superfamily | domain-containing protein
B9J08_004041,C-terminal duplication domain of Friend of PRMT1 | domain-containing protein
B9J08_004042,SacI homology domain | domain-containing protein
B9J08_004043,"PFU (PLAA family ubiquitin binding) | WD domain, G-beta repeat | PUL domain | domain-containing protein"
B9J08_004044,Replication factor A protein 3 | domain-containing protein
B9J08_004045,"Multifunctional tryptophan biosynthesis protein, anthranilate synthase, indole-3-glycerol-phosphate synthase"
B9J08_004046,GPI ethanolamine phosphate transferase 1
B9J08_004047,DnaJ domain | domain-containing protein
B9J08_004048,"Phosphatidylinositol transfer protein SFH5, Phosphatidylinositol transfer protein sfh5"
B9J08_004049,"Obg-like GTPase YGR210-like, G4 motif-containing domain | 50S ribosome-binding GTPase | domain-containing protein"
B9J08_004050,Uncharacterized conserved protein CG6151-P | domain-containing protein
B9J08_004051,unspecified product
B9J08_004052,Ferric reductase like transmembrane component | domain-containing protein
B9J08_004053,unspecified product
B9J08_004054,unspecified product
B9J08_004055,Smg-4/UPF3 family | domain-containing protein
B9J08_004056,unspecified product
B9J08_004057,tRNA-splicing endonuclease subunit sen54 N-term | domain-containing protein
B9J08_004058,Sgf11 (transcriptional regulation protein) | domain-containing protein
B9J08_004059,AMP-binding enzyme | domain-containing protein
B9J08_004060,PQ loop repeat | domain-containing protein
B9J08_004061,Fungal Zn(2)-Cys(6) binuclear cluster domain | Fungal specific transcription factor domain | domain-containing protein
B9J08_004062,Pyridoxamine 5'-phosphate oxidase | domain-containing protein
B9J08_004064,"Glutathione S-transferase, N-terminal domain | Glutathione S-transferase, C-terminal domain | domain-containing protein"
B9J08_004065,Cysteine-rich TM module stress tolerance | domain-containing protein
B9J08_004066,OPT oligopeptide transporter protein | domain-containing protein
B9J08_004067,Ribosomal protein S7p/S5e | domain-containing protein
B9J08_004068,AAA+ lid domain | Vps4 C terminal oligomerisation domain | ATPase family associated with various cellular activities (AAA) | MIT (microtubule interacting and transport) domain | domain-containing protein
B9J08_004069,Nuclear cap-binding protein subunit 3 | domain-containing protein
B9J08_004070,LSM domain | domain-containing protein
B9J08_004071,GPI transamidase subunit PIG-U | domain-containing protein
B9J08_004072,Insulinase (Peptidase family M16) | Peptidase M16 inactive domain | domain-containing protein
B9J08_004073,RNA polymerase Rpb6 | domain-containing protein
B9J08_004074,unspecified product
B9J08_004075,Actin | domain-containing protein
B9J08_004076,Uracil phosphoribosyltransferase | domain-containing protein
B9J08_004077,LSM domain | domain-containing protein
B9J08_004078,Ubiquitin-like domain | CAP-Gly domain | domain-containing protein
B9J08_004079,Protein trafficking PGA2 | domain-containing protein
B9J08_004080,"WD domain, G-beta repeat | domain-containing protein"
B9J08_004081,DNA-directed RNA polymerase III subunit Rpc31 | domain-containing protein
B9J08_004082,PAP2 superfamily | domain-containing protein
B9J08_004083,C2 domain | domain-containing protein
B9J08_004084,unspecified product
B9J08_004085,Mitochondrial ribosomal protein subunit L20 | domain-containing protein
B9J08_004086,HEC/Ndc80p family | domain-containing protein
B9J08_004087,unspecified product
B9J08_004088,"Fe-S cluster assembly protein DRE2 N-terminus | Cytokine-induced anti-apoptosis inhibitor 1, Fe-S biogenesis | domain-containing protein"
B9J08_004089,HMG (high mobility group) box | domain-containing protein
B9J08_004090,COG2 N-terminal | domain-containing protein
B9J08_004091,unspecified product
B9J08_004092,Nucleoporin complex subunit 54 | Nucleoporin FG repeat region | domain-containing protein
B9J08_004093,unspecified product
B9J08_004094,RNA helicase
B9J08_004095,pantoate-beta-alanine ligase (AMP-forming)
B9J08_004096,Alpha/beta hydrolase family | domain-containing protein
B9J08_004097,Major Facilitator Superfamily | domain-containing protein
B9J08_004098,Hyphally regulated cell wall protein N-terminal | domain-containing protein
B9J08_004099,Major Facilitator Superfamily | domain-containing protein
B9J08_004100,Hyphally regulated cell wall protein N-terminal | domain-containing protein
B9J08_004101,unspecified product
B9J08_004102,unspecified product
B9J08_004103,unspecified product
B9J08_004104,Thioredoxin | domain-containing protein
B9J08_004105,unspecified product
B9J08_004106,unspecified product
B9J08_004107,unspecified product
B9J08_004108,ABC transporter | domain-containing protein
B9J08_004109,Hyphally regulated cell wall GPI-anchored protein 1 | Hyphally regulated cell wall protein N-terminal | domain-containing protein
B9J08_004110,Hyphally regulated cell wall protein N-terminal | domain-containing protein
B9J08_004111,Secretory lipase | domain-containing protein
B9J08_004112,"Candida agglutinin-like (ALS) | Agglutinin-like protein, N-terminal domain | domain-containing protein"
B9J08_004113,Major Facilitator Superfamily | domain-containing protein
B9J08_004114,Enoyl-(Acyl carrier protein) reductase | domain-containing protein
B9J08_004115,peptidylprolyl isomerase
B9J08_004116,Protein kinase domain | domain-containing protein
B9J08_004117,Low temperature viability protein | domain-containing protein
B9J08_004118,MatE | domain-containing protein
B9J08_004119,PIH1 N-terminal domain | domain-containing protein
B9J08_004120,"Biotin/lipoate A/B protein ligase family | Biotin-protein ligase, N terminal | domain-containing protein"
B9J08_004121,Anaphase-promoting complex subunit 11
B9J08_004122,UbiA prenyltransferase family | domain-containing protein
B9J08_004123,CNH domain | domain-containing protein
B9J08_004124,PUA domain | Amino acid kinase family | domain-containing protein
B9J08_004125,RF-1 domain | domain-containing protein
B9J08_004126,GDSL-like Lipase/Acylhydrolase family | domain-containing protein
B9J08_004129,ABC transporter | ABC transporter | domain-containing protein
B9J08_004130,Dip2/Utp12 Family | domain-containing protein
B9J08_004131,Phosphoribosyl transferase domain | domain-containing protein
B9J08_004132,Exportin 1-like protein | Cse1 | Importin-beta N-terminal domain | domain-containing protein
B9J08_004133,"Proteasome activator complex subunit 4-like, HEAT repeat-like | Proteasome activator complex subunit 4-like, C-terminal | Proteasome activator complex subunit 4, mid HEAT repeats region | Proteasome-substrate-size regulator, N-terminal | domain-containing protein"
B9J08_004134,TATA element modulatory factor 1 DNA binding | TATA element modulatory factor 1 TATA binding | domain-containing protein
B9J08_004135,unspecified product
B9J08_004136,unspecified product
B9J08_004137,GDP/GTP exchange factor Sec2p | domain-containing protein
B9J08_004138,Diaphanous GTPase-binding Domain | Diaphanous FH3 Domain | Formin Homology 2 Domain | domain-containing protein
B9J08_004139,unspecified product
B9J08_004140,Major Facilitator Superfamily | domain-containing protein
B9J08_004141,Yip1 domain | domain-containing protein
B9J08_004142,Protein kinase domain | domain-containing protein
B9J08_004143,unspecified product
B9J08_004144,Signal peptidase subunit | domain-containing protein
B9J08_004145,cysteine-tRNA ligase
B9J08_004146,Ribosomal protein L14 | domain-containing protein
B9J08_004147,"Elongation factor Tu GTP binding domain | Elongation factor G, domain IV | Elongation Factor G, domain III | Elongation factor Tu domain 2 | Elongation factor G C-terminus | domain-containing protein"
B9J08_004148,unspecified product
B9J08_004149,Fatty acid desaturase | domain-containing protein
B9J08_004150,Chitin synthase | Chitin synthase 4-like domain | domain-containing protein
B9J08_004151,"Mon2/Sec7/BIG1-like, HUS domain | C-terminal region of Mon2 protein | Mon2/Sec7/BIG1-like, dimerisation and cyclophilin-binding domain | domain-containing protein"
B9J08_004152,Heme oxygenase | domain-containing protein
B9J08_004153,AAA domain | domain-containing protein
B9J08_004154,Transmembrane amino acid transporter protein | domain-containing protein
B9J08_004155,D-Tyr-tRNA(Tyr) deacylase | domain-containing protein
B9J08_004156,Secretory lipase | domain-containing protein
B9J08_004157,SecY | domain-containing protein
B9J08_004158,"6,7-dimethyl-8-ribityllumazine synthase"
B9J08_004159,unspecified product
B9J08_004160,CHY zinc finger | domain-containing protein
B9J08_004161,Cytochrome P450 | domain-containing protein
B9J08_004162,"Cyclin, C-terminal domain | Cyclin, N-terminal domain | domain-containing protein"
B9J08_004163,Mitochondrial glycoprotein | domain-containing protein
B9J08_004164,Multiple RNA-binding domain-containing protein 1
B9J08_004165,unspecified product
B9J08_004166,AAA domain | domain-containing protein
B9J08_004167,"Zinc finger, C2H2 type | domain-containing protein"
B9J08_004168,Septation initiation | domain-containing protein
B9J08_004169,RNA polymerase Rpb3/Rpb11 dimerisation domain | domain-containing protein
B9J08_004170,RNA helicase
B9J08_004171,Helix-loop-helix DNA-binding domain | domain-containing protein
B9J08_004172,Secretory lipase | domain-containing protein
B9J08_004173,Secretory lipase | domain-containing protein
B9J08_004174,unspecified product
B9J08_004175,Secretory lipase | domain-containing protein
B9J08_004176,Secretory lipase | domain-containing protein
B9J08_004177,Secretory lipase | domain-containing protein
B9J08_004178,BAR domain of APPL family | PH domain | domain-containing protein
B9J08_004179,unspecified product
B9J08_004180,unspecified product
B9J08_004181,"3' exoribonuclease family, domain 1 | domain-containing protein"
B9J08_004182,Phospholipid methyltransferase | domain-containing protein
B9J08_004183,Sugar (and other) transporter | domain-containing protein
B9J08_004184,unspecified product
B9J08_004185,Mitochondrial ribosomal protein S25 | domain-containing protein
B9J08_004186,unspecified product
B9J08_004187,unspecified product
B9J08_004188,POT family | domain-containing protein
B9J08_004189,ferroxidase
B9J08_004190,WH2 motif | domain-containing protein
B9J08_004191,methylated diphthine methylhydrolase
B9J08_004192,"Glutamate/Leucine/Phenylalanine/Valine dehydrogenase | NAD-dependent glutamate dehydrogenase, N-terminal domain | NAD-specific glutamate dehydrogenase, second domain | domain-containing protein"
B9J08_004193,unspecified product
B9J08_004194,unspecified product
B9J08_004195,unspecified product
B9J08_004196,Adaptor complexes medium subunit family | domain-containing protein
B9J08_004197,Phosphoribosyl synthetase-associated domain | N-terminal domain of ribose phosphate pyrophosphokinase | domain-containing protein
B9J08_004198,unspecified product
B9J08_004200,unspecified product
B9J08_004201,"Trafficking protein particle complex subunit 10-like, N-terminal | Trafficking protein particle complex subunit 10, TRAPPC10 | Domain of unknown function (DUF7077) | Domain of unknown function (DUF7078) | Domain of unknown function (DUF7076) | TR130 NTS domain | domain-containing protein"
B9J08_004204,Sugar (and other) transporter | domain-containing protein
B9J08_004205,Endonuclease/Exonuclease/phosphatase family | domain-containing protein
B9J08_004206,Calreticulin family | domain-containing protein
B9J08_004207,Alb1 | domain-containing protein
B9J08_004208,Cytochrome oxidase complex assembly protein 1 | domain-containing protein
B9J08_004209,unspecified product
B9J08_004210,Peptidase family M48 | domain-containing protein
B9J08_004211,unspecified product
B9J08_004212,KIN17 C2H2-type zinc finger domain | KIN17 WH-like domain | domain-containing protein
B9J08_004213,Ubiquitin carboxyl-terminal hydrolase | domain-containing protein
B9J08_004214,Myb-like DNA-binding domain | Myb-like DNA-binding domain | domain-containing protein
B9J08_004215,"Tetrahydrofolate dehydrogenase/cyclohydrolase, catalytic domain | Tetrahydrofolate dehydrogenase/cyclohydrolase, NAD(P)-binding domain | domain-containing protein"
B9J08_004216,Rab-GTPase-TBC domain | domain-containing protein
B9J08_004217,Hsp70 protein | domain-containing protein
B9J08_004219,unspecified product
B9J08_004220,"WD domain, G-beta repeat | domain-containing protein"
B9J08_004221,Glycosyl transferase family 4 | domain-containing protein
B9J08_004222,DNA-directed RNA polymerase
B9J08_004223,Complex1_LYR-like | domain-containing protein
B9J08_004224,Isocitrate/isopropylmalate dehydrogenase | domain-containing protein
B9J08_004225,Adenylosuccinate synthetase | domain-containing protein
B9J08_004226,Alg9-like mannosyltransferase family | domain-containing protein
B9J08_004227,Hpt domain | domain-containing protein
B9J08_004228,HAD-hyrolase-like | Haloacid dehalogenase-like hydrolase | domain-containing protein
B9J08_004229,GRIM-19 protein | domain-containing protein
B9J08_004230,Elongation factor Tu GTP binding domain | Translation-initiation factor 2 | domain-containing protein
B9J08_004231,TGS domain | 50S ribosome-binding GTPase | C-terminal region of MMR_HSR1 domain | domain-containing protein
B9J08_004232,Importin repeat 6 | Importin repeat | Importin repeat | HEAT-like repeat | domain-containing protein
B9J08_004233,Aip3p/Bud6 N-terminal domain | Actin interacting protein 3 | domain-containing protein
B9J08_004234,SNF5 / SMARCB1 / INI1 | domain-containing protein
B9J08_004235,SacI homology domain | domain-containing protein
B9J08_004236,unspecified product
B9J08_004237,unspecified product
B9J08_004238,Ribosomal protein S2 | domain-containing protein
B9J08_004239,TLC domain | domain-containing protein
B9J08_004240,VHS domain | SH3 domain | domain-containing protein
B9J08_004241,F-actin capping protein alpha subunit | domain-containing protein
B9J08_004242,HECT-type E3 ubiquitin transferase
B9J08_004243,Major Facilitator Superfamily | domain-containing protein
B9J08_004245,unspecified product
B9J08_004246,"RING/Ubox like zinc-binding domain | WD domain, G-beta repeat | domain-containing protein"
B9J08_004247,Transcription initiation factor TFIID 23-30kDa subunit | domain-containing protein
B9J08_004248,Reverse transcriptase (RNA-dependent DNA polymerase) | domain-containing protein
B9J08_004249,unspecified product
B9J08_004251,Elongator subunit Iki1 | domain-containing protein
B9J08_004252,PPP2R1A-like HEAT repeat | domain-containing protein
B9J08_004253,XPG N-terminal domain | XPG I-region | domain-containing protein
B9J08_004254,unspecified product
B9J08_004256,Domain of unknown function (DUF2470) | domain-containing protein
B9J08_004257,unspecified product
B9J08_004258,Chromosome segregation protein Spc25 | domain-containing protein
B9J08_004259,Endonuclease/Exonuclease/phosphatase family | domain-containing protein
B9J08_004260,unspecified product
B9J08_004261,Uncharacterised protein domain (DUF2415) | domain-containing protein
B9J08_004262,CDC45 | domain-containing protein
B9J08_004263,FAD dependent oxidoreductase | domain-containing protein
B9J08_004264,Sugar (and other) transporter | domain-containing protein
B9J08_004265,FYVE zinc finger | Rabenosyn Rab binding domain | domain-containing protein
B9J08_004266,ATP synthase E chain | domain-containing protein
B9J08_004267,Stage II sporulation protein E (SpoIIE) | domain-containing protein
B9J08_004268,Up-frameshift suppressor 2 | MIF4G domain | domain-containing protein
B9J08_004269,unspecified product
B9J08_004270,unspecified product
B9J08_004271,bZIP transcription factor | domain-containing protein
B9J08_004272,unspecified product
B9J08_004273,Cytochrome c oxidase subunit Va | domain-containing protein
B9J08_004274,"Mgr1-like, i-AAA protease complex subunit | domain-containing protein"
B9J08_004275,unspecified product
B9J08_004276,unspecified product
B9J08_004277,Sec23/Sec24 trunk domain | Sec23/Sec24 zinc finger | Sec23/Sec24 beta-sandwich domain | Sec23/Sec24 helical domain | domain-containing protein
B9J08_004278,Myosin-binding striated muscle assembly central | domain-containing protein
B9J08_004279,PalH/RIM21 | domain-containing protein
B9J08_004282,unspecified product
B9J08_004283,unspecified product
B9J08_004284,unspecified product
B9J08_004285,"AAA lid domain | C-terminal, D2-small domain, of ClpB protein | ATPase family associated with various cellular activities (AAA) | AAA domain (Cdc48 subfamily) | domain-containing protein"
B9J08_004286,Domain of unknown function (DUF1720) | EH domain | domain-containing protein
B9J08_004287,unspecified product
B9J08_004288,TENA/THI-4/PQQC family | Phosphomethylpyrimidine kinase | domain-containing protein
B9J08_004289,AMP deaminase
B9J08_004290,unspecified product
B9J08_004291,unspecified product
B9J08_004292,arginase
B9J08_004294,"SRP54-type protein, helical bundle domain | Signal recognition particle, alpha subunit, N-terminal | SRP54-type protein, GTPase domain | domain-containing protein"
B9J08_004295,phosphatidylserine decarboxylase
B9J08_004296,unspecified product
B9J08_004297,methionine-tRNA ligase
B9J08_004298,glutaminyl-tRNA synthase (glutamine-hydrolysing)
B9J08_004299,GTP cyclohydrolase I
B9J08_004300,Dis3-like cold-shock domain 2 (CSD2) | RNB domain | DIS3-like exonuclease 2 C terminal | domain-containing protein
B9J08_004301,DNA polymerase alpha/epsilon subunit B | DNA polymerase delta subunit OB-fold domain | domain-containing protein
B9J08_004302,"Telomere capping, CST complex subunit | domain-containing protein"
B9J08_004303,Fungal specific transcription factor domain | Fungal Zn(2)-Cys(6) binuclear cluster domain | domain-containing protein
B9J08_004304,PhoD related phosphatase | domain-containing protein
B9J08_004305,unspecified product
B9J08_004306,SPRY domain | domain-containing protein
B9J08_004307,"Non-structural maintenance of chromosomes element 1 homolog, RING-type E3 ubiquitin transferase"
B9J08_004308,Glycosyl hydrolases family 16 | domain-containing protein
B9J08_004309,Phosphofructokinase N-terminal domain yeast | Phosphofructokinase | domain-containing protein
B9J08_004310,HSF-type DNA-binding | domain-containing protein
B9J08_004311,Nucleolar protein 19 | domain-containing protein
B9J08_004314,unspecified product
B9J08_004315,Got1/Sft2-like family | domain-containing protein
B9J08_004316,unspecified product
B9J08_004317,L-glutamate gamma-semialdehyde dehydrogenase
B9J08_004318,Dynamitin | domain-containing protein
B9J08_004319,TGS domain | C-terminal region of MMR_HSR1 domain | 50S ribosome-binding GTPase | domain-containing protein
B9J08_004320,rRNA-processing protein Efg1 | domain-containing protein
B9J08_004321,DEAD/DEAH box helicase | Sec63 Brl domain | Winged Helix-turn-helix domain | Helicase conserved C-terminal domain | domain-containing protein
B9J08_004322,RNA helicase
B9J08_004323,unspecified product
B9J08_004324,Amino acid permease | domain-containing protein
B9J08_004325,DNA-directed RNA polymerase III subunit RPC9
B9J08_004326,Putative serine esterase (DUF676) | domain-containing protein
B9J08_004327,unspecified product
B9J08_004328,"OST3 / OST6 family, transporter family | domain-containing protein"
B9J08_004329,Calpain family cysteine protease | domain-containing protein
B9J08_004330,Alg9-like mannosyltransferase family | domain-containing protein
B9J08_004331,Alcohol dehydrogenase GroES-like domain | Zinc-binding dehydrogenase | domain-containing protein
B9J08_004332,Autophagy protein 16 (ATG16) | domain-containing protein
B9J08_004333,unspecified product
B9J08_004334,Homeodomain | domain-containing protein
B9J08_004335,unspecified product
B9J08_004336,FHA domain | Protein kinase domain | domain-containing protein
B9J08_004337,RINT-1/TIP-1 family | domain-containing protein
B9J08_004338,T-complex protein 1 subunit gamma
B9J08_004339,SH3 domain | CYK3 C-terminal Ig-like domain | domain-containing protein
B9J08_004340,[RNA-polymerase]-subunit kinase
B9J08_004341,FAD dependent oxidoreductase | domain-containing protein
B9J08_004343,Domain of unknown function (DUF202) | SPX domain | VTC domain | domain-containing protein
B9J08_004344,P-type phospholipid transporter
B9J08_004345,Pyridine nucleotide-disulphide oxidoreductase | domain-containing protein
B9J08_004346,Mad3/BUB1 homology region 2 | Mad3/BUB1 homology region 1 | domain-containing protein
B9J08_004347,"Gpi16 subunit, GPI transamidase component | domain-containing protein"
B9J08_004348,unspecified product
B9J08_004349,Adaptin N terminal region | domain-containing protein
B9J08_004350,unspecified product
B9J08_004351,Ribonuclease T2-like
B9J08_004352,"S-adenosyl-L-homocysteine hydrolase | S-adenosyl-L-homocysteine hydrolase, NAD binding domain | domain-containing protein"
B9J08_004353,Fungal Zn(2)-Cys(6) binuclear cluster domain | Fungal specific transcription factor domain | domain-containing protein
B9J08_004354,unspecified product
B9J08_004355,GATA zinc finger | domain-containing protein
B9J08_004356,Eukaryotic initiation factor 4E | domain-containing protein
B9J08_004357,Peptidase dimerisation domain | Peptidase family M20/M25/M40 | domain-containing protein
B9J08_004358,unspecified product
B9J08_004359,haloacid dehalogenase-like hydrolase | domain-containing protein
B9J08_004360,Serine hydrolase (FSH1) | domain-containing protein
B9J08_004361,Thioredoxin | domain-containing protein
B9J08_004362,Oligosaccharyltransferase subunit 5 | domain-containing protein
B9J08_004363,ubiquitinyl hydrolase 1
B9J08_004364,Scramblase | domain-containing protein
B9J08_004365,Mitochondrial carrier protein | domain-containing protein
B9J08_004366,unspecified product
B9J08_004367,unspecified product
B9J08_004368,Rgp1 | domain-containing protein
B9J08_004369,Protein kinase domain | domain-containing protein
B9J08_004370,CDC20/Fizzy WD40 domain | domain-containing protein
B9J08_004371,Snf7 | domain-containing protein
B9J08_004372,porphobilinogen synthase
B9J08_004373,PQ loop repeat | domain-containing protein
B9J08_004374,Nsp1-like C-terminal region | Nucleoporin FG repeat region | domain-containing protein
B9J08_004375,"phosphoglycerate mutase (2,3-diphosphoglycerate-dependent)"
B9J08_004376,unspecified product
B9J08_004377,PITH domain | domain-containing protein
B9J08_004378,haloacid dehalogenase-like hydrolase | domain-containing protein
B9J08_004379,unspecified product
B9J08_004380,"FGGY family of carbohydrate kinases, N-terminal domain | FGGY family of carbohydrate kinases, C-terminal domain | domain-containing protein"
B9J08_004381,UTP--glucose-1-phosphate uridylyltransferase | domain-containing protein
B9J08_004382,unspecified product
B9J08_004383,PH domain | domain-containing protein
B9J08_004384,Fip1 motif | domain-containing protein
B9J08_004385,Domain found in IF2B/IF5 | eIF4-gamma/eIF5/eIF2-epsilon | domain-containing protein
B9J08_004386,PCI domain | domain-containing protein
B9J08_004387,unspecified product
B9J08_004388,Pumilio-family RNA binding repeat | domain-containing protein
B9J08_004389,F-box-like | domain-containing protein
B9J08_004390,unspecified product
B9J08_004391,Ribosomal L37ae protein family | domain-containing protein
B9J08_004392,ESCRT-II complex subunit | domain-containing protein
B9J08_004393,CTP synthase (glutamine hydrolysing)
B9J08_004394,unspecified product
B9J08_004395,unspecified product
B9J08_004396,"Iron/manganese superoxide dismutases, C-terminal domain | domain-containing protein"
B9J08_004397,TIP41-like family | domain-containing protein
B9J08_004398,Ankyrin repeats (3 copies) | GDE1-like C2 domain | SPX domain | Glycerophosphoryl diester phosphodiesterase family | domain-containing protein
B9J08_004399,Yip1 domain | domain-containing protein
B9J08_004400,methionine-tRNA ligase
B9J08_004401,ATPase family associated with various cellular activities (AAA) | AAA+ lid domain | Bromodomain | domain-containing protein
B9J08_004402,Spt4/RpoE2 zinc finger | domain-containing protein
B9J08_004403,60Kd inner membrane protein | domain-containing protein
B9J08_004404,unspecified product
B9J08_004405,CTLH/CRA C-terminal to LisH motif domain | domain-containing protein
B9J08_004406,non-specific serine/threonine protein kinase
B9J08_004407,Maintenance of mitochondrial morphology protein 1 | domain-containing protein
B9J08_004408,choline-phosphate cytidylyltransferase
B9J08_004409,Rhodanese-like domain | domain-containing protein
B9J08_004410,chitinase
B9J08_004411,ANTH domain | domain-containing protein
B9J08_004412,mitochondrial import inner membrane translocase subunit TIM14
B9J08_004413,Ribosomal protein L24e | domain-containing protein
B9J08_004414,Rpp20 subunit of nuclear RNase MRP and P | domain-containing protein
B9J08_004415,unspecified product
B9J08_004416,unspecified product
B9J08_004417,Haloacid dehalogenase-like hydrolase | HAD-hyrolase-like | domain-containing protein
B9J08_004418,unspecified product
B9J08_004419,HECT-domain (ubiquitin-transferase) | domain-containing protein
B9J08_004420,"AAA ATPase domain | Fungal AAA protein, C-terminal winged helix domain | domain-containing protein"
B9J08_004421,Fungal Zn(2)-Cys(6) binuclear cluster domain | domain-containing protein
B9J08_004422,unspecified product
B9J08_004423,"Translation initiation factor SUI1 | DENR, N-terminal | domain-containing protein"
B9J08_004424,Tetratricopeptide repeat | domain-containing protein
B9J08_004425,"DNA mismatch repair protein, C-terminal domain | Histidine kinase-, DNA gyrase B-, and HSP90-like ATPase | DNA mismatch repair protein Mlh1 C-terminus | domain-containing protein"
B9J08_004426,Binding domain of Nse4/EID3 to Nse3-MAGE | Nse4 C-terminal | domain-containing protein
B9J08_004427,Mitochondrial carrier protein | domain-containing protein
B9J08_004428,unspecified product
B9J08_004429,Amino acid permease | domain-containing protein
B9J08_004430,ABC transporter transmembrane region | ABC transporter | domain-containing protein
B9J08_004431,"Ribosomal Proteins L2, C-terminal domain | Ribosomal Proteins L2, RNA binding domain | domain-containing protein"
B9J08_004432,RNA recognition motif | domain-containing protein
B9J08_004433,Ubiquinol-cytochrome C reductase hinge protein | domain-containing protein
B9J08_004434,Ribosomal protein L7Ae/L30e/S12e/Gadd45 family | domain-containing protein
B9J08_004435,unspecified product
B9J08_004436,Sugar (and other) transporter | domain-containing protein
B9J08_004437,GNS1/SUR4 family | domain-containing protein
B9J08_004438,Mug60/KHD4 KH type I domain | KH domain | domain-containing protein
B9J08_004439,"WD domain, G-beta repeat | domain-containing protein"
B9J08_004440,Choline kinase N terminus | Choline/ethanolamine kinase | domain-containing protein
B9J08_004441,unspecified product
B9J08_004442,unspecified product
B9J08_004443,unspecified product
B9J08_004444,F-box domain | domain-containing protein
B9J08_004445,FAD binding domain of DNA photolyase | DNA photolyase | domain-containing protein
B9J08_004446,ABC transporter | domain-containing protein
B9J08_004447,Mannosyltransferase putative | domain-containing protein
B9J08_004448,Major Facilitator Superfamily | domain-containing protein
B9J08_004449,unspecified product
B9J08_004450,NMT1/THI5 like | domain-containing protein
B9J08_004451,Hyphally regulated cell wall protein N-terminal | domain-containing protein
B9J08_004452,ABC transporter | ABC-transporter N-terminal | ABC-2 type transporter | ABC-2 type transporter | CDR ABC transporter | domain-containing protein
B9J08_004453,unspecified product
B9J08_004454,Thioredoxin | domain-containing protein
B9J08_004455,unspecified product
B9J08_004456,SH3 domain | PX domain | domain-containing protein
B9J08_004457,Histone-like transcription factor (CBF/NF-Y) and archaeal histone | domain-containing protein
B9J08_004458,Fungal Zn(2)-Cys(6) binuclear cluster domain | domain-containing protein
B9J08_004459,Small subunit of acetolactate synthase | AHAS small subunit-like ACT domain | domain-containing protein
B9J08_004460,SH3 domain | domain-containing protein
B9J08_004461,SPFH domain / Band 7 family | domain-containing protein
B9J08_004462,MTC6 partial TIM-barrel domain | domain-containing protein
B9J08_004463,DNA 3'-5' helicase
B9J08_004464,RHO protein GDP dissociation inhibitor | domain-containing protein
B9J08_004465,unspecified product
B9J08_004466,Gamma-glutamyltranspeptidase | domain-containing protein
B9J08_004467,Aldo/keto reductase family | domain-containing protein
B9J08_004468,ferric-chelate reductase (NADPH)
B9J08_004469,CFEM domain | domain-containing protein
B9J08_004471,unspecified product
B9J08_004472,Major Facilitator Superfamily | domain-containing protein
B9J08_004473,MatE | domain-containing protein
B9J08_004474,Major Facilitator Superfamily | domain-containing protein
B9J08_004475,Major Facilitator Superfamily | domain-containing protein
B9J08_004476,unspecified product
B9J08_004477,Cellulase (glycosyl hydrolase family 5) | domain-containing protein
B9J08_004478,Cytochrome P450 | domain-containing protein
B9J08_004479,OPT oligopeptide transporter protein | domain-containing protein
B9J08_004480,unspecified product
B9J08_004481,unspecified product
B9J08_004482,Coiled-coil domain-containing protein 90-like | domain-containing protein
B9J08_004483,Cx9C motif-containing protein 4 | domain-containing protein
B9J08_004484,unspecified product
B9J08_004485,obg-like ATPase 1
B9J08_004486,Mitochondrial ribosomal protein L37 | domain-containing protein
B9J08_004487,Ankyrin repeats (3 copies) | DIL domain | domain-containing protein
B9J08_004488,Mannose-6-phosphate receptor | domain-containing protein
B9J08_004489,Coatomer gamma subunit appendage platform subdomain | Adaptin N terminal region | Coatomer subunit gamma-1 C-terminal appendage platform | domain-containing protein
B9J08_004490,Mannosyltransferase putative | domain-containing protein
B9J08_004491,Mitochondrial ribonuclease P subunit (RPM2) | domain-containing protein
B9J08_004492,F-box-like | Ubiquitin interaction motif | domain-containing protein
B9J08_004493,"Mitochondrial function, CLU-N-term | Tetratricopeptide repeat | Tetratricopeptide repeat | Translation initiation factor eIF3 subunit 135 | Clustered mitochondria | domain-containing protein"
B9J08_004494,Cation efflux family | domain-containing protein
B9J08_004495,Zinc finger C-x8-C-x5-C-x3-H type (and similar) | domain-containing protein
B9J08_004496,Aldo/keto reductase family | domain-containing protein
B9J08_004497,Oxidoreductase FAD-binding domain | Oxidoreductase NAD-binding domain | domain-containing protein
B9J08_004498,"Candida agglutinin-like (ALS) | Agglutinin-like protein, N-terminal domain | domain-containing protein"
B9J08_004499,"Tubulin C-terminal domain | Tubulin/FtsZ family, GTPase domain | domain-containing protein"
B9J08_004500,Hydroxymethylglutaryl-coenzyme A synthase N terminal | Hydroxymethylglutaryl-coenzyme A synthase C terminal | domain-containing protein
B9J08_004501,"FAD binding domain | D-arabinono-1,4-lactone oxidase | domain-containing protein"
B9J08_004502,Utp14 protein | domain-containing protein
B9J08_004503,Proteasome subunit | Proteasome subunit A N-terminal signature | domain-containing protein
B9J08_004504,NEW1 helical bundle domain | Chromo (CHRromatin Organisation MOdifier) domain | Elongation factor 3/GNC1 HEAT repeat | EF3 N-terminal HEAT repeat | ABC transporter | domain-containing protein
B9J08_004505,Striatin family | domain-containing protein
B9J08_004506,PBDC1 protein | domain-containing protein
B9J08_004507,Flavin containing amine oxidoreductase | domain-containing protein
B9J08_004508,Ubiquitin-conjugating enzyme | domain-containing protein
B9J08_004509,Tudor domain | Staphylococcal nuclease homologue | domain-containing protein
B9J08_004510,Phosphate transport (Pho88) | domain-containing protein
B9J08_004511,unspecified product
B9J08_004512,SCO1/SenC | domain-containing protein
B9J08_004513,"Permease for cytosine/purines, uracil, thiamine, allantoin | domain-containing protein"
B9J08_004514,Phytanoyl-CoA dioxygenase (PhyH) | domain-containing protein
B9J08_004515,FHA domain | domain-containing protein
B9J08_004516,"Spt20, SEP domain | domain-containing protein"
B9J08_004517,Dcp1-like decapping family | domain-containing protein
B9J08_004518,Redoxin | domain-containing protein
B9J08_004519,RF-1 domain | domain-containing protein
B9J08_004520,THO complex subunit 1 transcription elongation factor | domain-containing protein
B9J08_004521,Rap1-interacting factor 1 N terminal | domain-containing protein
B9J08_004522,Protein kinase domain | domain-containing protein
B9J08_004523,"Poly(A) RNA polymerase, mitochondrial-like, central palm domain | Cid1 family poly A polymerase | domain-containing protein"
B9J08_004524,Ras family | domain-containing protein
B9J08_004525,Aldo/keto reductase family | domain-containing protein
B9J08_004526,Zinc carboxypeptidase | domain-containing protein
B9J08_004527,Universal stress protein family | domain-containing protein
B9J08_004528,unspecified product
B9J08_004529,Atypical Arm repeat | Armadillo/beta-catenin-like repeat | Importin beta binding domain | domain-containing protein
B9J08_004530,unspecified product
B9J08_004531,Arginase family | domain-containing protein
B9J08_004532,"glucan endo-1,3-beta-D-glucosidase"
B9J08_004533,Major Facilitator Superfamily | domain-containing protein
B9J08_004534,Glycosyl hydrolases family 32 N-terminal domain | Glycosyl hydrolases family 32 C terminal | domain-containing protein
B9J08_004535,"Arrestin (or S-antigen), N-terminal domain | domain-containing protein"
B9J08_004536,"Arrestin (or S-antigen), N-terminal domain | domain-containing protein"
B9J08_004537,OPT oligopeptide transporter protein | domain-containing protein
B9J08_004538,OPT oligopeptide transporter protein | domain-containing protein
B9J08_004539,Amino acid permease | domain-containing protein
B9J08_004540,"Adenylate cyclase, adenylate cyclase"
B9J08_004541,ChAPs (Chs5p-Arf1p-binding proteins) | domain-containing protein
B9J08_004542,"Protein tyrosine phosphatase-like protein, PTPLA | domain-containing protein"
B9J08_004543,"Protein tyrosine phosphatase-like protein, PTPLA | domain-containing protein"
B9J08_004544,OPT oligopeptide transporter protein | domain-containing protein
B9J08_004545,OPT oligopeptide transporter protein | domain-containing protein
B9J08_004546,Thioredoxin | domain-containing protein
B9J08_004547,"Protein YTP1-like, C-terminal | domain-containing protein"
B9J08_004548,"Iron only hydrogenase large subunit, C-terminal domain | domain-containing protein"
B9J08_004549,Subtilase family | Proprotein convertase P-domain | domain-containing protein
B9J08_004550,"Glucose-6-phosphate dehydrogenase, NAD binding domain | Glucose-6-phosphate dehydrogenase, C-terminal domain | domain-containing protein"
B9J08_004551,Peptidase inhibitor I9 | Subtilase family | domain-containing protein
B9J08_004552,Peptidase inhibitor I9 | Subtilase family | domain-containing protein
B9J08_004553,"CAAX prenyl protease N-terminal, five membrane helices | Peptidase family M48 | domain-containing protein"
B9J08_004554,Sec23/Sec24 beta-sandwich domain | Sec23/Sec24 trunk domain | Sec23/Sec24 zinc finger | Sec23/Sec24 helical domain | domain-containing protein
B9J08_004555,Conserved oligomeric Golgi complex subunit 5
B9J08_004556,unspecified product
B9J08_004557,Ankyrin repeats (3 copies) | domain-containing protein
B9J08_004558,"Dual specificity phosphatase, catalytic domain | domain-containing protein"
B9J08_004559,unspecified product
B9J08_004560,OPT oligopeptide transporter protein | domain-containing protein
B9J08_004561,glutamine synthetase
B9J08_004562,OPT oligopeptide transporter protein | domain-containing protein
B9J08_004564,Fungal family of unknown function (DUF1776) | domain-containing protein
B9J08_004565,ICE2 | domain-containing protein
B9J08_004566,"UTP25, NTP hydrolase-like domain | Utp25, C-terminal domain | domain-containing protein"
B9J08_004567,unspecified product
B9J08_004568,Binding domain of DNA repair protein Ercc1 (rad10/Swi10) | domain-containing protein
B9J08_004569,Prefoldin subunit | domain-containing protein
B9J08_004570,Cytochrome oxidase c assembly | domain-containing protein
B9J08_004571,unspecified product
B9J08_004572,Serine carboxypeptidase | domain-containing protein
B9J08_004573,Amino acid permease | domain-containing protein
B9J08_004574,Ribosomal L30 N-terminal domain | Ribosomal protein L30p/L7e | domain-containing protein
B9J08_004575,unspecified product
B9J08_004576,"ARID/BRIGHT DNA binding domain | PHD-finger | JmjC domain, hydroxylase | PLU-1-like protein | domain-containing protein"
B9J08_004577,unspecified product
B9J08_004578,BRCA1 C Terminus (BRCT) domain | twin BRCT domain | domain-containing protein
B9J08_004579,GTP-eEF1A C-terminal domain-like | Elongation factor Tu domain 2 | Elongation factor Tu GTP binding domain | domain-containing protein
B9J08_004580,Smr domain | Domain of unknown function (DUF1771) | domain-containing protein
B9J08_004581,Ras family | domain-containing protein
B9J08_004582,unspecified product
B9J08_004583,Aldo/keto reductase family | domain-containing protein
B9J08_004584,Major Facilitator Superfamily | domain-containing protein
B9J08_004585,Paf1 | domain-containing protein
B9J08_004586,MINDY deubiquitinase | domain-containing protein
B9J08_004587,squalene synthase
B9J08_004588,Gtr1/RagA G protein conserved region | domain-containing protein
B9J08_004589,protein-S-isoprenylcysteine O-methyltransferase
B9J08_004590,Fatty acid desaturase | domain-containing protein
B9J08_004591,Mitochondrial carrier protein | domain-containing protein
B9J08_004592,Triose-phosphate Transporter family | domain-containing protein
B9J08_004593,"Sodium/hydrogen exchanger, transmembrane | domain-containing protein"
B9J08_004594,Nucleoporin protein Ndc1-Nup | domain-containing protein
B9J08_004595,unspecified product
B9J08_004596,"Crossover junction endonuclease MUS81-like, winged helix domain | ERCC4 domain | domain-containing protein"
B9J08_004597,unspecified product
B9J08_004598,"Small nuclear ribonucleoprotein Prp3, C-terminal domain | pre-mRNA processing factor 3 domain | domain-containing protein"
B9J08_004599,ATP synthase subunit K | domain-containing protein
B9J08_004600,Zinc-binding dehydrogenase | Alcohol dehydrogenase GroES-like domain | domain-containing protein
B9J08_004601,ribonucleoside-diphosphate reductase
B9J08_004602,OPT oligopeptide transporter protein | domain-containing protein
B9J08_004603,unspecified product
B9J08_004604,Coatomer epsilon subunit | domain-containing protein
B9J08_004605,Septin | domain-containing protein
B9J08_004606,Putative serine esterase (DUF676) | domain-containing protein
B9J08_004607,Las17-binding protein actin regulator | SH3 domain | domain-containing protein
B9J08_004608,Vacuolar protein 8
B9J08_004609,Snf7 | domain-containing protein
B9J08_004610,NUBPL iron-transfer P-loop NTPase | domain-containing protein
B9J08_004611,Nup98-96 autopeptidase S59 | Nuclear protein 96 | Nucleoporin FG repeat region | domain-containing protein
B9J08_004612,Enhancer of mRNA-decapping protein 3
B9J08_004613,Kinesin motor domain | domain-containing protein
B9J08_004614,unspecified product
B9J08_004615,unspecified product
B9J08_004616,UBX domain | domain-containing protein
B9J08_004617,unspecified product
B9J08_004618,cystathionine beta-synthase
B9J08_004619,"Transcription factor S-II (TFIIS) | TFIIS helical bundle-like domain | Transcription factor S-II (TFIIS), central domain | domain-containing protein"
B9J08_004620,RNA recognition motif | Hinge domain of cleavage stimulation factor subunit 2 | domain-containing protein
B9J08_004621,Transcription termination and cleavage factor C-terminal | RNA recognition motif | Hinge domain of cleavage stimulation factor subunit 2 | domain-containing protein
B9J08_004622,RING-H2 zinc finger domain | domain-containing protein
B9J08_004623,unspecified product
B9J08_004624,"Zinc finger, C2H2 type | Fungal specific transcription factor domain | domain-containing protein"
B9J08_004625,Ribosomal protein S8e | domain-containing protein
B9J08_004626,Sas10/Utp3/C1D family | domain-containing protein
B9J08_004627,Pumilio-family RNA binding repeat | domain-containing protein
B9J08_004628,unspecified product
B9J08_004629,Eukaryotic aspartyl protease | domain-containing protein
B9J08_004630,Nucleoporin FG repeat region | domain-containing protein
B9J08_004631,Pre-mRNA-splicing factor of RES complex | domain-containing protein
B9J08_004632,unspecified product
B9J08_004633,Mitochondrial carrier protein | domain-containing protein
B9J08_004634,unspecified product
B9J08_004635,cytochrome c oxidase assembly protein COX19
B9J08_004636,Exoribonuclease Xrn1 D2/D3 domain | Xrn1 SH3-like domain | XRN 5'-3' exonuclease N-terminus | Exoribonuclease Xrn1 D1 domain | Xrn1 helical domain | domain-containing protein
B9J08_004637,unspecified product
B9J08_004638,Zinc-finger of C2H2 type | domain-containing protein
B9J08_004639,Protein kinase domain | domain-containing protein
B9J08_004640,Beta-glucosidase (SUN family) | domain-containing protein
B9J08_004641,Ubiquitin-like autophagy protein Apg12 | domain-containing protein
B9J08_004642,"Uncharacterised protein family, YAP/Alf4/glomulin | domain-containing protein"
B9J08_004643,HPC2 and ubinuclein domain | domain-containing protein
B9J08_004644,"Mitochondrial branched-chain alpha-ketoacid dehydrogenase kinase | Histidine kinase-, DNA gyrase B-, and HSP90-like ATPase | domain-containing protein"
B9J08_004645,unspecified product
B9J08_004646,unspecified product
B9J08_004647,Ubiquitin-conjugating enzyme | domain-containing protein
B9J08_004648,Subtilase family | Peptidase inhibitor I9 | domain-containing protein
B9J08_004649,"XIAP-associated factor 1-like, N-terminal zinc finger | Ubiquitin fusion degradation protein UFD1, N-terminal subdomain 1 | Amino-terminal Zinc-binding domain of ubiquitin ligase E3A | domain-containing protein"
B9J08_004650,Mannosyltransferase putative | domain-containing protein
B9J08_004651,Insulinase (Peptidase family M16) | Peptidase M16 inactive domain | domain-containing protein
B9J08_004652,Protein kinase domain | domain-containing protein
B9J08_004653,Actin | domain-containing protein
B9J08_004654,tRNA methyltransferase complex GCD14 subunit | domain-containing protein
B9J08_004655,LSM domain | domain-containing protein
B9J08_004656,"Acyl-CoA dehydrogenase, middle domain | Acyl-CoA dehydrogenase, N-terminal domain | Acyl-CoA dehydrogenase, C-terminal domain | domain-containing protein"
B9J08_004657,26S proteasome subunit RPN7 | PCI domain | 26S proteasome regulatory subunit RPN7/PSMD6 C-terminal helix | domain-containing protein
B9J08_004658,Ubiquitin-conjugating enzyme | domain-containing protein
B9J08_004659,Aldehyde dehydrogenase family | domain-containing protein
B9J08_004660,unspecified product
B9J08_004661,KilA-N domain | Ankyrin repeats (3 copies) | Ankyrin repeat | domain-containing protein
B9J08_004662,Major Facilitator Superfamily | domain-containing protein
B9J08_004663,pfkB family carbohydrate kinase | domain-containing protein
B9J08_004665,GRASP55/65 PDZ-like domain | domain-containing protein
B9J08_004666,FAD dependent oxidoreductase | domain-containing protein
B9J08_004667,unspecified product
B9J08_004668,Mitochondrial ribosomal protein L27 | domain-containing protein
B9J08_004669,Histone-like transcription factor (CBF/NF-Y) and archaeal histone | domain-containing protein
B9J08_004670,TTI1 N-terminal TPR domain | TELO2-interacting protein 1 | domain-containing protein
B9J08_004671,Oxidoreductase FAD-binding domain | domain-containing protein
B9J08_004672,Ribosomal protein S8 | domain-containing protein
B9J08_004673,alpha/beta hydrolase fold | domain-containing protein
B9J08_004674,Variant SH3 domain | domain-containing protein
B9J08_004675,Protein kinase domain | domain-containing protein
B9J08_004676,RNA recognition motif | domain-containing protein
B9J08_004677,RhoGEF domain | domain-containing protein
B9J08_004678,Transport protein particle (TRAPP) component | domain-containing protein
B9J08_004679,DNA-directed RNA polymerase
B9J08_004680,Transcription factor Iwr1 | domain-containing protein
B9J08_004681,short chain dehydrogenase | domain-containing protein
B9J08_004682,ArgJ family | domain-containing protein
B9J08_004683,unspecified product
B9J08_004684,PHD-finger | domain-containing protein
B9J08_004685,Metallopeptidase family M24 | domain-containing protein
B9J08_004686,unspecified product
B9J08_004687,Adaptin N terminal region | Coatomer beta C-terminal region | Coatomer beta subunit appendage platform | domain-containing protein
B9J08_004688,unspecified product
B9J08_004689,Ribosomal protein L7Ae/L30e/S12e/Gadd45 family | domain-containing protein
B9J08_004690,Major Facilitator Superfamily | domain-containing protein
B9J08_004691,unspecified product
B9J08_004692,Sugar (and other) transporter | domain-containing protein
B9J08_004693,CAF1B/HIR1 beta-propeller domain | domain-containing protein
B9J08_004694,Sin3 binding region of histone deacetylase complex subunit SAP30 | domain-containing protein
B9J08_004695,"Phosphatidate cytidylyltransferase, mitochondrial | domain-containing protein"
B9J08_004696,"Threonine synthase, C-terminal | Threonine synthase N terminus | domain-containing protein"
B9J08_004697,Spinocerebellar ataxia type 10 protein domain | domain-containing protein
B9J08_004698,unspecified product
B9J08_004699,S25 ribosomal protein | domain-containing protein
B9J08_004700,RanBP1 domain | NUP50 (Nucleoporin 50 kDa) | domain-containing protein
B9J08_004701,DnaJ domain | DnaJ C terminal domain | DnaJ central domain | domain-containing protein
B9J08_004702,Acetyl-CoA hydrolase/transferase N-terminal domain | Acetyl-CoA hydrolase/transferase C-terminal domain | domain-containing protein
B9J08_004703,unspecified product
B9J08_004704,Conserved hypothetical ATP binding protein | domain-containing protein
B9J08_004705,Maintenance of mitochondrial structure and function | JAB1/Mov34/MPN/PAD-1 ubiquitin protease | domain-containing protein
B9J08_004706,UbiA prenyltransferase family | domain-containing protein
B9J08_004707,Temperature dependent protein affecting M2 dsRNA replication | XPG N-terminal domain | Temperature dependent protein affecting M2 dsRNA replication | domain-containing protein
B9J08_004708,unspecified product
B9J08_004709,NADPH-hemoprotein reductase
B9J08_004710,MAGE homology domain | domain-containing protein
B9J08_004711,unspecified product
B9J08_004712,Oxysterol-binding protein | Pleckstrin homology domain | domain-containing protein
B9J08_004714,"Proliferating cell nuclear antigen, C-terminal domain | Proliferating cell nuclear antigen, N-terminal domain | domain-containing protein"
B9J08_004715,TYW2 N-terminal domain | TRM5/TYW2 methyltransferase domain | domain-containing protein
B9J08_004716,"RRP4, S1 domain | KH domain | Exosome complex exonuclease RRP4 N-terminal region | domain-containing protein"
B9J08_004717,emp24/gp25L/p24 family/GOLD | domain-containing protein
B9J08_004718,Oxysterol-binding protein | Ankyrin repeats (3 copies) | PH domain | domain-containing protein
B9J08_004719,unspecified product
B9J08_004720,Myotubularin-like phosphatase domain | domain-containing protein
B9J08_004721,AFG1-like ATPase | domain-containing protein
B9J08_004722,unspecified product
B9J08_004723,Haem degrading protein HbpS-like | domain-containing protein
B9J08_004725,Sodium:solute symporter family | domain-containing protein
B9J08_004726,RecF/RecN/SMC N terminal domain | domain-containing protein
B9J08_004727,unspecified product
B9J08_004728,60Kd inner membrane protein | domain-containing protein
B9J08_004729,RasGEF N-terminal motif | RhoGAP domain | RasGEF domain | domain-containing protein
B9J08_004730,"OB-fold nucleic acid binding domain | tRNA synthetases class II (D, K and N) | domain-containing protein"
B9J08_004731,Sec23/Sec24 beta-sandwich domain | Sec23/Sec24 trunk domain | Sec23/Sec24 zinc finger | Sec23/Sec24 helical domain | Gelsolin repeat | domain-containing protein
B9J08_004732,unspecified product
B9J08_004733,YEATS family | domain-containing protein
B9J08_004734,Endonuclease/Exonuclease/phosphatase family 2 | SacI homology domain | domain-containing protein
B9J08_004735,Mitochondrial carrier protein | domain-containing protein
B9J08_004736,ribonuclease H
B9J08_004737,dihydrolipoyllysine-residue acetyltransferase
B9J08_004738,Histidine phosphatase superfamily (branch 1) | domain-containing protein
B9J08_004739,Maf-like protein | domain-containing protein
B9J08_004740,RNA recognition motif | domain-containing protein
B9J08_004741,HD domain | domain-containing protein
B9J08_004742,Cytochrome b5-like Heme/Steroid binding domain | domain-containing protein
B9J08_004743,DnaJ domain | domain-containing protein
B9J08_004744,RNA-binding signal recognition particle 68 | domain-containing protein
B9J08_004745,UAA transporter family | domain-containing protein
B9J08_004746,DHHC palmitoyltransferase | domain-containing protein
B9J08_004747,Histone deacetylase domain | domain-containing protein
B9J08_004748,ATP-NAD kinase C-terminal domain | ATP-NAD kinase N-terminal domain | domain-containing protein
B9J08_004749,Tetratricopeptide repeat | Tetratricopeptide repeat | Tetratricopeptide repeat | domain-containing protein
B9J08_004750,unspecified product
B9J08_004751,NUDIX domain | domain-containing protein
B9J08_004752,Transcription factor e(y)2 | domain-containing protein
B9J08_004753,"NADH ubiquinone oxidoreductase, 20 Kd subunit | domain-containing protein"
B9J08_004754,Core histone H2A/H2B/H3/H4 | domain-containing protein
B9J08_004755,unspecified product
B9J08_004756,RNA recognition motif | domain-containing protein
B9J08_004757,unspecified product
B9J08_004758,Protein HRI1
B9J08_004759,Cornichon protein | domain-containing protein
B9J08_004760,CENPU protein | domain-containing protein
B9J08_004761,Ribosomal protein L7Ae/L30e/S12e/Gadd45 family | domain-containing protein
B9J08_004762,GDP dissociation inhibitor | domain-containing protein
B9J08_004763,precorrin-2 dehydrogenase
B9J08_004764,glutamate-5-semialdehyde dehydrogenase
B9J08_004765,unspecified product
B9J08_004766,P-type phospholipid transporter
B9J08_004767,Translation initiation factor eIF2B subunit delta
B9J08_004768,"Proteasome component ECM29, N-terminal | Proteasome adapter and scaffold protein ECM29, HEAT-repeat domain | ECM29, C-terminal ARM-like repeats | domain-containing protein"
B9J08_004769,Ubiquitin family | domain-containing protein
B9J08_004770,ENTH domain | domain-containing protein
B9J08_004771,unspecified product
B9J08_004772,unspecified product
B9J08_004773,unspecified product
B9J08_004774,Beta-eliminating lyase | domain-containing protein
B9J08_004775,Major Facilitator Superfamily | domain-containing protein
B9J08_004776,Alkaline phosphatase | domain-containing protein
B9J08_004777,unspecified product
B9J08_004778,Ornithine cyclodeaminase/mu-crystallin family | domain-containing protein
B9J08_004779,unspecified product
B9J08_004780,unspecified product
B9J08_004781,3-isopropylmalate dehydratase
B9J08_004782,Cullin protein neddylation domain | Cullin family | domain-containing protein
B9J08_004783,"SBE2, middle domain | domain-containing protein"
B9J08_004784,Pre-mRNA-splicing factor SYF1 middle HAT repeat | Pre-mRNA-splicing factor Syf1/CRNKL1 C-terminal HAT repeat | Pre-mRNA-splicing factor Syf1/CNRKL1 N-terminal HAT repeat | domain-containing protein
B9J08_004785,non-specific serine/threonine protein kinase
B9J08_004786,"Yeast PIR protein repeat | Cell wall mannoprotein PIR1-like, C-terminal domain | domain-containing protein"
B9J08_004787,"Zinc finger, C2H2 type | domain-containing protein"
B9J08_004788,unspecified product
B9J08_004789,Ankyrin repeats (3 copies) | domain-containing protein
B9J08_004790,unspecified product
B9J08_004791,MutS domain II | MutS family domain IV | MutS domain III | MutS domain V | MutS domain I | domain-containing protein
B9J08_004792,Alpha/beta hydrolase family | domain-containing protein
B9J08_004793,Proteolipid membrane potential modulator | domain-containing protein
B9J08_004794,TUG ubiquitin-like domain | domain-containing protein
B9J08_004795,Basic region leucine zipper | domain-containing protein
B9J08_004796,RNA recognition motif | domain-containing protein
B9J08_004797,Sugar (and other) transporter | domain-containing protein
B9J08_004798,"Aspartate/ornithine carbamoyltransferase, carbamoyl-P binding domain | Aspartate/ornithine carbamoyltransferase, Asp/Orn binding domain | domain-containing protein"
B9J08_004799,unspecified product
B9J08_004800,RNA polymerase Rpc34 subunit | domain-containing protein
B9J08_004801,"Ribonuclease P/MRP, subunit p29 | domain-containing protein"
B9J08_004802,Lipoyl protein ligase A/B catalytic domain | domain-containing protein
B9J08_004803,Domain of unknown function (DUF1989) | domain-containing protein
B9J08_004804,NAD-binding of NADP-dependent 3-hydroxyisobutyrate dehydrogenase | NAD binding domain of 6-phosphogluconate dehydrogenase | domain-containing protein
B9J08_004805,"Arrestin (or S-antigen), C-terminal domain | domain-containing protein"
B9J08_004806,Tetratricopeptide repeat | domain-containing protein
B9J08_004807,Rpp14/Pop5 family | domain-containing protein
B9J08_004808,SPT2 chromatin protein | domain-containing protein
B9J08_004809,Rit1 DUSP-like domain | Rit1 N-terminal domain | domain-containing protein
B9J08_004810,Serine hydrolase (FSH1) | domain-containing protein
B9J08_004811,mRNA (guanine-N7)-methyltransferase
B9J08_004812,Endonuclease/Exonuclease/phosphatase family 2 | domain-containing protein
B9J08_004813,SF3a60/Prp9 C-terminal | Zinc-finger of C2H2 type | domain-containing protein
B9J08_004814,Invertebrate-AID/APOBEC-deaminase | RNA pseudouridylate synthase | domain-containing protein
B9J08_004815,PalH/RIM21 | domain-containing protein
B9J08_004816,Rab-GTPase-TBC domain | domain-containing protein
B9J08_004817,unspecified product
B9J08_004818,"N-terminal acetyltransferase A, auxiliary subunit | domain-containing protein"
B9J08_004819,Fungal specific transcription factor domain | Fungal Zn(2)-Cys(6) binuclear cluster domain | domain-containing protein
B9J08_004820,Fungal specific transcription factor domain | Fungal Zn(2)-Cys(6) binuclear cluster domain | domain-containing protein
B9J08_004821,"Tetratricopeptide repeat | Tetratricopeptide repeat | Tetratricopeptide repeat | STI1/HOP, DP domain | domain-containing protein"
B9J08_004822,unspecified product
B9J08_004823,Cytochrome b5-like Heme/Steroid binding domain | domain-containing protein
B9J08_004824,Putative GTPase activating protein for Arf | domain-containing protein
B9J08_004825,Mitochondrial carrier protein | domain-containing protein
B9J08_004826,Nop14-like family | domain-containing protein
B9J08_004827,Autophagy protein ATG9 | domain-containing protein
B9J08_004828,NAD dependent epimerase/dehydratase family | domain-containing protein
B9J08_004829,Mitochondrial carrier protein | domain-containing protein
B9J08_004830,Major Facilitator Superfamily | domain-containing protein
B9J08_004831,unspecified product
B9J08_004832,Thiamine-binding protein | domain-containing protein
B9J08_004833,Glycosyl transferase family 8 | domain-containing protein
B9J08_004834,Septin | domain-containing protein
B9J08_004835,Ribosomal L32p protein family | domain-containing protein
B9J08_004836,Cupin-like domain | F-box-like | domain-containing protein
B9J08_004837,Pyridoxine 5'-phosphate oxidase C-terminal dimerisation region | Pyridoxamine 5'-phosphate oxidase | domain-containing protein
B9J08_004838,NADPH-dependent FMN reductase | domain-containing protein
B9J08_004839,NADPH-dependent FMN reductase | domain-containing protein
B9J08_004840,NADPH-dependent FMN reductase | domain-containing protein
B9J08_004841,Polysaccharide deacetylase | domain-containing protein
B9J08_004842,unspecified product
B9J08_004843,JAB1/Mov34/MPN/PAD-1 ubiquitin protease | domain-containing protein
B9J08_004844,"Cyclin, N-terminal domain | domain-containing protein"
B9J08_004845,Bromodomain associated | domain-containing protein
B9J08_004846,Clathrin adaptor complex small chain | domain-containing protein
B9J08_004847,VTC domain | Domain of unknown function (DUF202) | domain-containing protein
B9J08_004848,"Ulp1 protease family, C-terminal catalytic domain | domain-containing protein"
B9J08_004849,RNA recognition motif | RNA12 protein | domain-containing protein
B9J08_004850,AAA+ lid domain | ATPase family associated with various cellular activities (AAA) | domain-containing protein
B9J08_004851,MIF4G domain | MA3 domain | domain-containing protein
B9J08_004852,tRNA (Uracil-5-)-methyltransferase | domain-containing protein
B9J08_004853,SMC proteins Flexible Hinge Domain | RecF/RecN/SMC N terminal domain | domain-containing protein
B9J08_004854,Creatinase/Prolidase N-terminal domain | Metallopeptidase family M24 | Creatinase/Prolidase N-terminal domain | C-terminal region of peptidase_M24 | domain-containing protein
B9J08_004855,"SPP41, DUF3020 | domain-containing protein"
B9J08_004856,XPC-binding domain | Ubiquitin family | UBA/TS-N domain | domain-containing protein
B9J08_004857,"2,3-diketo-5-methylthio-1-phosphopentane phosphatase"
B9J08_004858,Domain of unknown function (DUF3336) | Patatin-like phospholipase | domain-containing protein
B9J08_004859,Peptidyl-tRNA hydrolase | domain-containing protein
B9J08_004860,YBL010C/LAA2 | domain-containing protein
B9J08_004861,Fungal Zn(2)-Cys(6) binuclear cluster domain | Fungal specific transcription factor domain | domain-containing protein
B9J08_004862,Inhibitor of growth proteins N-terminal histone-binding | domain-containing protein
B9J08_004863,unspecified product
B9J08_004864,Pyridoxal-phosphate dependent enzyme | domain-containing protein
B9J08_004865,unspecified product
B9J08_004866,Fumble | domain-containing protein
B9J08_004867,tRNA ligase kinase domain | domain-containing protein
B9J08_004868,tRNA ligase kinase domain | Fungal tRNA ligase phosphodiesterase domain | RNA ligase | domain-containing protein
B9J08_004869,Exo70 exocyst complex subunit C-terminal | domain-containing protein
B9J08_004870,Homeobox KN domain | domain-containing protein
B9J08_004871,unspecified product
B9J08_004872,LYC1 GNAT-like C-terminal domain | domain-containing protein
B9J08_004873,Prefoldin subunit | domain-containing protein
B9J08_004874,"mRNA guanylyltransferase, mRNA-capping enzyme subunit alpha"
B9J08_004875,BAH domain | PHD-finger | PHD-finger | domain-containing protein
B9J08_004876,Leucine-rich repeat | domain-containing protein
B9J08_004877,Phagosome assembly factor 1 | domain-containing protein
B9J08_004878,Ammonium Transporter Family | domain-containing protein
B9J08_004879,Muniscin C-terminal mu homology domain | domain-containing protein
B9J08_004880,Legume-like lectin family | domain-containing protein
B9J08_004881,mRNA cleavage and polyadenylation factor CLP1 P-loop | domain-containing protein
B9J08_004882,Amidase | domain-containing protein
B9J08_004883,Fungal Zn(2)-Cys(6) binuclear cluster domain | Fungal specific transcription factor domain | domain-containing protein
B9J08_004884,Amidohydrolase family | domain-containing protein
B9J08_004885,Cytochrome P450 | domain-containing protein
B9J08_004886,Ferric reductase like transmembrane component | Ferric reductase NAD binding domain | FAD-binding domain | domain-containing protein
B9J08_004887,Domain of unknown function (DUF7702) | domain-containing protein
B9J08_004888,Eukaryotic aspartyl protease | domain-containing protein
B9J08_004889,Sodium:solute symporter family | domain-containing protein
B9J08_004890,amidase
B9J08_004891,Mannosyltransferase putative | domain-containing protein
B9J08_004892,Hyphally regulated cell wall protein N-terminal | Hyphally regulated cell wall GPI-anchored protein 1 | domain-containing protein
B9J08_004893,Major Facilitator Superfamily | domain-containing protein
B9J08_004894,unspecified product
B9J08_004895,unspecified product
B9J08_004896,unspecified product
B9J08_004897,unspecified product
B9J08_004898,Major Facilitator Superfamily | domain-containing protein
B9J08_004899,Acetyltransferase (GNAT) domain | domain-containing protein
B9J08_004900,"CRAL/TRIO, N-terminal domain | CRAL/TRIO domain | domain-containing protein"
B9J08_004902,"Fes/CIP4, and EFC/F-BAR homology domain | Domain found in Dishevelled, Egl-10, and Pleckstrin (DEP) | RhoGAP domain | domain-containing protein"
B9J08_004903,unspecified product
B9J08_004904,unspecified product
B9J08_004905,Enoyl-CoA hydratase/isomerase | domain-containing protein
B9J08_004906,"Nitrogen Permease regulator of amino acid transport activity 3 | GATOR1 complex protein NPRL3, C-terminal HTH | domain-containing protein"
B9J08_004907,"PRO8NT (NUC069), PrP8 N-terminal domain | U5-snRNA binding site 2 of PrP8 | PRP8 domain IV core | PROCT (NUC072) domain | RNA recognition motif of the spliceosomal PrP8 | U6-snRNA interacting domain of PrP8 | JAB1/Mov34/MPN/PAD-1 ubiquitin protease | PROCN (NUC071) domain | domain-containing protein"
B9J08_004908,"Zinc finger, C3HC4 type (RING finger) | domain-containing protein"
B9J08_004909,Aminotransferase class I and II | domain-containing protein
B9J08_004910,Tetratricopeptide repeat | TPR repeat | Anaphase promoting complex subunit 8 / Cdc23 | domain-containing protein
B9J08_004911,unspecified product
B9J08_004912,Mitochondrial pyruvate carriers | domain-containing protein
B9J08_004913,ABC transporter | ABC transporter transmembrane region | ABC transporter TMD0 domain | domain-containing protein
B9J08_004914,Aconitase family (aconitate hydratase) | Aconitase C-terminal domain | domain-containing protein
B9J08_004916,Spermidine synthase tetramerisation domain | Spermine/spermidine synthase domain | domain-containing protein
B9J08_004917,XPA protein C-terminus | domain-containing protein
B9J08_004918,"Hsp90 protein | Histidine kinase-, DNA gyrase B-, and HSP90-like ATPase | domain-containing protein"
B9J08_004919,"Required for nuclear transport of RNA pol II C-terminus 1 | Transport and Golgi organization protein 6 homolog, ARM-like repeat | Required for nuclear transport of RNA pol II C-terminus 2 | domain-containing protein"
B9J08_004920,Ankyrin repeats (3 copies) | domain-containing protein
B9J08_004921,Domain found in IF2B/IF5 | domain-containing protein
B9J08_004922,unspecified product
B9J08_004923,Protein kinase domain | domain-containing protein
B9J08_004924,RNA polymerase II transcription mediator complex subunit 9 | domain-containing protein
B9J08_004925,Rhomboid domain | domain-containing protein
B9J08_004926,Inheritance of peroxisomes protein 1 | domain-containing protein
B9J08_004927,Eukaryotic porin | domain-containing protein
B9J08_004928,Phosphofructokinase | domain-containing protein
B9J08_004929,Tubulin binding cofactor C | domain-containing protein
B9J08_004930,"Thiamine pyrophosphate enzyme, N-terminal TPP binding domain | Thiamine pyrophosphate enzyme, C-terminal TPP binding domain | Thiamine pyrophosphate enzyme, central domain | domain-containing protein"
B9J08_004931,AMP-binding enzyme | domain-containing protein
B9J08_004932,DNA helicase
B9J08_004933,ATP synthase subunit C | domain-containing protein
B9J08_004934,Kinetochore protein Mis14 like | domain-containing protein
B9J08_004935,Calponin homology (CH) domain | RasGAP C-terminus | GTPase-activator protein for Ras-like GTPase | domain-containing protein
B9J08_004936,"WD domain, G-beta repeat | Type of WD40 repeat | Domain of unknown function (DUF1899) | domain-containing protein"
B9J08_004937,unspecified product
B9J08_004938,Lecithin:cholesterol acyltransferase | domain-containing protein
B9J08_004939,"Autophagocytosis associated protein, active-site domain | domain-containing protein"
B9J08_004940,unspecified product
B9J08_004941,Aldo/keto reductase family | domain-containing protein
B9J08_004942,unspecified product
B9J08_004943,ERG2 and Sigma1 receptor like protein | domain-containing protein
B9J08_004944,MatE | domain-containing protein
B9J08_004945,unspecified product
B9J08_004946,"Cyclin, N-terminal domain | domain-containing protein"
B9J08_004947,"Chaperone for protein-folding within the ER, fungal | domain-containing protein"
B9J08_004948,"VHS domain | Ubiquitin interaction motif | FYVE zinc finger | Vacuolar protein sorting-associated protein 27, GAT-like domain | domain-containing protein"
B9J08_004949,"Pyridoxal-dependent decarboxylase, pyridoxal binding domain | Pyridoxal-dependent decarboxylase, C-terminal sheet domain | domain-containing protein"
B9J08_004950,protein-serine/threonine phosphatase
B9J08_004951,unspecified product
B9J08_004952,High-temperature-induced dauer-formation protein | domain-containing protein
B9J08_004953,Pre-rRNA-processing protein TSR2 | domain-containing protein
B9J08_004954,Origin recognition complex subunit 1 C-terminal winged HTH domain | AAA lid domain | ATPase family associated with various cellular activities (AAA) | domain-containing protein
B9J08_004955,Ras family | domain-containing protein
B9J08_004956,Ribosomal S3Ae family | domain-containing protein
B9J08_004957,"Tricalbin-1-like, C2 domain | C2 domain | domain-containing protein"
B9J08_004958,Ribosomal protein L6e | domain-containing protein
B9J08_004959,peptidylprolyl isomerase
B9J08_004960,Permease family | domain-containing protein
B9J08_004961,She9 / Mdm33 family | domain-containing protein
B9J08_004962,"Phosphatidylinositol-specific phospholipase C, X domain | domain-containing protein"
B9J08_004963,unspecified product
B9J08_004964,Fungal PH-like domain | domain-containing protein
B9J08_004965,"Ribonucleotide reductase, small chain | domain-containing protein"
B9J08_004966,"Possible Fer4-like domain in RNase L inhibitor, RLI | Ribosome biogenesis protein, C-terminal | domain-containing protein"
B9J08_004967,Hydantoinase/oxoprolinase N-terminal region | Hydantoinase/oxoprolinase | Hydantoinase/oxoprolinase C-terminal domain | Hydantoinase B/oxoprolinase | domain-containing protein
B9J08_004968,Vacuolar sorting protein 9 (VPS9) domain | domain-containing protein
B9J08_004969,Homodimerisation domain of SGTA | Tetratricopeptide repeat | domain-containing protein
B9J08_004970,Kinesin motor domain | domain-containing protein
B9J08_004971,unspecified product
B9J08_004972,Sel1 repeat | domain-containing protein
B9J08_004973,Ubiquitin-conjugating enzyme | domain-containing protein
B9J08_004974,unspecified product
B9J08_004975,Methyltransferase domain | domain-containing protein
B9J08_004976,Methyltransferase domain | domain-containing protein
B9J08_004977,non-specific serine/threonine protein kinase
B9J08_004978,AN1-like Zinc finger | ZFAND1-like ubiquitin-like domain | domain-containing protein
B9J08_004979,RNase P subunit p30 | domain-containing protein
B9J08_004980,RNA polymerase II transcription factor SIII (Elongin) subunit A | domain-containing protein
B9J08_004982,"CRAL/TRIO domain | CRAL/TRIO, N-terminal domain | domain-containing protein"
B9J08_004983,Exosome component EXOSC1/CSL4 | domain-containing protein
B9J08_004984,unspecified product
B9J08_004985,unspecified product
B9J08_004986,Globin | domain-containing protein
B9J08_004987,Domain of unknown function (DUF7082) | domain-containing protein
B9J08_004988,Basic region leucine zipper | domain-containing protein
B9J08_004989,"Mitochondrial outer membrane protein OM14, C-terminal | domain-containing protein"
B9J08_004990,"Ribosomal protein S5, N-terminal domain | Ribosomal protein S5, C-terminal domain | domain-containing protein"
B9J08_004991,"Nab2-type CCCH zinc finger 4 | RNA-binding, Nab2-type zinc finger | domain-containing protein"
B9J08_004992,TCP-1/cpn60 chaperonin family | domain-containing protein
B9J08_004993,"tRNA synthetases class II (D, K and N) | OB-fold nucleic acid binding domain | domain-containing protein"
B9J08_004998,glutathione synthase
B9J08_004999,60s Acidic ribosomal protein | domain-containing protein
B9J08_005000,Nucleotide exchange factor SIL1 | domain-containing protein
B9J08_005001,Uncharacterized conserved protein (DUF2340) | domain-containing protein
B9J08_005002,Calponin homology (CH) domain | domain-containing protein
B9J08_005003,Protein kinase domain | domain-containing protein
B9J08_005004,Sld7 C-terminal domain | Mitochondrial morphogenesis protein SLD7 N-terminal domain | domain-containing protein
B9J08_005005,"Ribosomal proteins 50S-L15, 50S-L18e, 60S-L27A | domain-containing protein"
B9J08_005006,unspecified product
B9J08_005007,Squalene-hopene cyclase C-terminal domain | Squalene-hopene cyclase N-terminal domain | domain-containing protein
B9J08_005008,Nrap protein nucleotidyltransferase domain 4 | Nrap protein PAP/OAS1-like domain 5 | Nrap protein PAP/OAS-like domain | Nrap protein domain 6 | Nrap protein domain 3 | Nrap protein domain 1 | domain-containing protein
B9J08_005009,Fungal domain of unknown function (DUF1746) | domain-containing protein
B9J08_005010,DNA-directed RNA polymerases I and III subunit RPAC1
B9J08_005011,emp24/gp25L/p24 family/GOLD | domain-containing protein
B9J08_005012,Eukaryotic mitochondrial regulator protein | domain-containing protein
B9J08_005013,Protein kinase domain | domain-containing protein
B9J08_005014,unspecified product
B9J08_005015,Brix domain | domain-containing protein
B9J08_005016,Non-repetitive/WGA-negative nucleoporin C-terminal | Nup133 N terminal like | domain-containing protein
B9J08_005017,unspecified product
B9J08_005018,thymidylate synthase
B9J08_005019,Thioesterase superfamily | domain-containing protein
B9J08_005020,"Ulp1 protease family, C-terminal catalytic domain | domain-containing protein"
B9J08_005021,unspecified product
B9J08_005022,FAD binding domain | domain-containing protein
B9J08_005023,Tim44-like domain | domain-containing protein
B9J08_005024,Putative GTPase activating protein for Arf | domain-containing protein
B9J08_005025,Sugar (and other) transporter | domain-containing protein
B9J08_005026,unspecified product
B9J08_005027,enoyl-[acyl-carrier-protein] reductase (NADPH)
B9J08_005028,Amidohydrolase family | domain-containing protein
B9J08_005029,Synaptic plasticity regulator PANTS-like | domain-containing protein
B9J08_005030,Ras family | domain-containing protein
B9J08_005031,Dip2/Utp12 Family | domain-containing protein
B9J08_005032,Alg9-like mannosyltransferase family | domain-containing protein
B9J08_005033,ATPase family associated with various cellular activities (AAA) | Proteasomal ATPase OB C-terminal domain | domain-containing protein
B9J08_005034,Hobbit/FMP27/BTLP2 family | domain-containing protein
B9J08_005035,GRAM domain | Rab-GTPase-TBC domain | domain-containing protein
B9J08_005036,unspecified product
B9J08_005037,unspecified product
B9J08_005038,RNA polymerase Rpb3/Rpb11 dimerisation domain | RNA polymerase Rpb3/RpoA insert domain | domain-containing protein
B9J08_005039,Histidine biosynthesis protein | domain-containing protein
B9J08_005040,unspecified product
B9J08_005041,unspecified product
B9J08_005042,Condensin complex subunit 2 | domain-containing protein
B9J08_005043,Zinc-binding dehydrogenase | Alcohol dehydrogenase GroES-like domain | domain-containing protein
B9J08_005044,"ATPase family associated with various cellular activities (AAA) | Yme1-like, N-terminal | Peptidase family M41 | AAA+ lid domain | domain-containing protein"
B9J08_005045,"RNA recognition motif | CID domain | Nrd1/Seb1, domain 2 | domain-containing protein"
B9J08_005046,Large ribosomal subunit protein mL46
B9J08_005047,Endoplasmic reticulum vesicle transporter | Endoplasmic Reticulum-Golgi Intermediate Compartment (ERGIC) | domain-containing protein
B9J08_005048,"WD domain, G-beta repeat | Eukaryotic translation initiation factor eIF2A | domain-containing protein"
B9J08_005049,Adaptin N terminal region | domain-containing protein
B9J08_005050,Uncharacterized conserved protein | domain-containing protein
B9J08_005051,Jacalin-like lectin domain | Putative peptidase family | domain-containing protein
B9J08_005052,Tyrosyl-DNA phosphodiesterase | domain-containing protein
B9J08_005053,SMC proteins Flexible Hinge Domain | RecF/RecN/SMC N terminal domain | domain-containing protein
B9J08_005054,Cytochrome b5-like Heme/Steroid binding domain | Fatty acid desaturase | domain-containing protein
B9J08_005055,FMR1-interacting protein 1 (NUFIP1) | Zinc finger C-x8-C-x5-C-x3-H type (and similar) | domain-containing protein
B9J08_005056,Cysteine-rich TM module stress tolerance | domain-containing protein
B9J08_005057,serine-tRNA ligase
B9J08_005058,"WD domain, G-beta repeat | domain-containing protein"
B9J08_005059,Cdc14 phosphatase binding protein N-terminus | domain-containing protein
B9J08_005060,unspecified product
B9J08_005061,FAD dependent oxidoreductase | domain-containing protein
B9J08_005062,amidase
B9J08_005063,unspecified product
B9J08_005064,FAD-binding domain | Ferric reductase NAD binding domain | Ferric reductase like transmembrane component | domain-containing protein
B9J08_005065,HhH-GPD superfamily base excision DNA repair protein | domain-containing protein
B9J08_005066,unspecified product
B9J08_005067,hydroxyisourate hydrolase
B9J08_005068,Telomere regulation protein Stn1 | domain-containing protein
B9J08_005069,Hypothetical methyltransferase | domain-containing protein
B9J08_005070,"WD domain, G-beta repeat | domain-containing protein"
B9J08_005071,HECT-type E3 ubiquitin transferase
B9J08_005072,unspecified product
B9J08_005073,non-specific serine/threonine protein kinase
B9J08_005074,MSL3 chromodomain-like | MRG | domain-containing protein
B9J08_005075,Respiratory growth induced protein 1 | domain-containing protein
B9J08_005076,Tim17/Tim22/Tim23/Pmp24 family | domain-containing protein
B9J08_005077,Chitin synthase N-terminal | Chitin synthase | domain-containing protein
B9J08_005078,Adenosine deaminase | domain-containing protein
B9J08_005080,unspecified product
B9J08_005081,Autophagy protein Atg8 ubiquitin like | domain-containing protein
B9J08_005082,GatB/GatE catalytic domain | GatB domain | domain-containing protein
B9J08_005083,Pheromone A receptor | domain-containing protein
B9J08_005084,HEAT-like repeat | Importin-beta N-terminal domain | domain-containing protein
B9J08_005085,RNA helicase
B9J08_005086,Phosphoribulokinase / Uridine kinase family | domain-containing protein
B9J08_005087,Nup133 N terminal like | Non-repetitive/WGA-negative nucleoporin C-terminal | domain-containing protein
B9J08_005088,Peptidase family M28 | domain-containing protein
B9J08_005089,Single-strand binding protein family | domain-containing protein
B9J08_005090,unspecified product
B9J08_005092,"Vacuolar sorting protein Vps3844, C-terminal domain | domain-containing protein"
B9J08_005093,thiol oxidase
B9J08_005094,Guanine nucleotide-binding protein subunit gamma
B9J08_005095,Snare region anchored in the vesicle membrane C-terminus | domain-containing protein
B9J08_005096,"MDM10-complementing protein 1, transmembrane domain | domain-containing protein"
B9J08_005097,NifU-like N terminal domain | domain-containing protein
B9J08_005098,unspecified product
B9J08_005099,"Ribosomal large subunit proteins 60S L5, and 50S L18 | Ribosomal L18 C-terminal region | domain-containing protein"
B9J08_005100,Mitochondrial 18 KDa protein (MTP18) | domain-containing protein
B9J08_005101,3-hydroxyanthranilic acid dioxygenase | domain-containing protein
B9J08_005102,"DSC E3 ubiquitin ligase complex subunit 3, C-terminal domain | DSC E3 ubiquitin ligase complex subunit 3, ubiquitin-like domain | domain-containing protein"
B9J08_005103,Mitochondrial carrier protein | domain-containing protein
B9J08_005104,unspecified product
B9J08_005105,Prolyl oligopeptidase family | Dipeptidyl peptidase IV (DPP IV) N-terminal region | domain-containing protein
B9J08_005106,Noc2p family | domain-containing protein
B9J08_005107,ERT1/acuK family PAS domain | Fungal Zn(2)-Cys(6) binuclear cluster domain | domain-containing protein
B9J08_005108,Ring finger domain | domain-containing protein
B9J08_005109,"C2 domain | Tricalbin-1-like, C2 domain | domain-containing protein"
B9J08_005110,DNA-directed RNA polymerase
B9J08_005112,ribonucleoside-diphosphate reductase
B9J08_005113,Transcription factor Tfb2 | Transcription factor Tfb2 (p52) C-terminal domain | domain-containing protein
B9J08_005114,Response regulator receiver domain | domain-containing protein
B9J08_005115,50S ribosome-binding GTPase | GTP1/OBG | domain-containing protein
B9J08_005116,Helicase conserved C-terminal domain | DEAD/DEAH box helicase | domain-containing protein
B9J08_005117,Domain of unknown function (DUF202) | domain-containing protein
B9J08_005118,unspecified product
B9J08_005119,Brf1-like TBP-binding domain | Transcription factor TFIIB repeat | TFIIB zinc-binding | domain-containing protein
B9J08_005120,"SDA1, C-terminal | SDA1, conserved domain | SDA1, HEAT repeat | domain-containing protein"
B9J08_005121,HMG (high mobility group) box | domain-containing protein
B9J08_005122,Acyl transferase domain | domain-containing protein
B9J08_005123,"formate-tetrahydrofolate ligase, methenyltetrahydrofolate cyclohydrolase, methylenetetrahydrofolate dehydrogenase (NADP+)"
B9J08_005124,POT family | domain-containing protein
B9J08_005125,Rhodanese-like domain | domain-containing protein
B9J08_005126,rRNA biogenesis protein RRP36 | domain-containing protein
B9J08_005127,Oligosaccharide biosynthesis protein Alg14 like | domain-containing protein
B9J08_005128,CoA-ligase | ATP-grasp domain | domain-containing protein
B9J08_005129,Proteasome subunit | Proteasome subunit A N-terminal signature | domain-containing protein
B9J08_005130,Gamma tubulin complex component C-terminal | Gamma tubulin complex component N-terminal | domain-containing protein
B9J08_005131,"Ubiquitin-like modifier-activating enzyme ATG7, Ubiquitin-like modifier-activating enzyme atg7"
B9J08_005132,60S ribosomal export protein NMD3
B9J08_005133,histone acetyltransferase
B9J08_005134,Glucosamine-6-phosphate isomerases/6-phosphogluconolactonase | domain-containing protein
B9J08_005135,Cyclic phosphodiesterase-like protein | domain-containing protein
B9J08_005136,HORMA domain | domain-containing protein
B9J08_005137,"Cyclin, N-terminal domain | domain-containing protein"
B9J08_005138,Eukaryotic porin | domain-containing protein
B9J08_005139,Macro-like domain | domain-containing protein
B9J08_005140,NUDIX domain | domain-containing protein
B9J08_005141,"BOP1NT (NUC169) domain | WD domain, G-beta repeat | domain-containing protein"
B9J08_005142,RNA recognition motif | domain-containing protein
B9J08_005143,unspecified product
B9J08_005144,C-terminus of histone H2A | Core histone H2A/H2B/H3/H4 | domain-containing protein
B9J08_005145,Core histone H2A/H2B/H3/H4 | domain-containing protein
B9J08_005146,PGAP1-like alpha/beta domain | GPI inositol-deacylase beta-sandwich domain | GPI inositol-deacylase transmembrane domain | domain-containing protein
B9J08_005147,unspecified product
B9J08_005148,SUR7/PalI family | domain-containing protein
B9J08_005149,unspecified product
B9J08_005150,"Ribosomal Proteins L2, C-terminal domain | Ribosomal Proteins L2, RNA binding domain | domain-containing protein"
B9J08_005151,RNA recognition motif | domain-containing protein
B9J08_005152,Ribosomal L29e protein family | domain-containing protein
B9J08_005153,Ribosomal protein L7Ae/L30e/S12e/Gadd45 family | domain-containing protein
B9J08_005154,PQ loop repeat | domain-containing protein
B9J08_005155,Fungal specific transcription factor domain | Fungal Zn(2)-Cys(6) binuclear cluster domain | domain-containing protein
B9J08_005156,unspecified product
B9J08_005157,Tti2 family | domain-containing protein
B9J08_005158,Indigoidine synthase A like protein | domain-containing protein
B9J08_005159,unspecified product
B9J08_005160,Chalcone isomerase like | domain-containing protein
B9J08_005161,mannose-1-phosphate guanylyltransferase
B9J08_005162,Major Facilitator Superfamily | domain-containing protein
B9J08_005163,fructose-bisphosphatase
B9J08_005164,unspecified product
B9J08_005165,Plug domain of Sec61p | SecY | domain-containing protein
B9J08_005166,Vps4 C terminal oligomerisation domain | ATPase family associated with various cellular activities (AAA) | domain-containing protein
B9J08_005167,Nuclear pore assembly and biogenesis | domain-containing protein
B9J08_005168,Major Facilitator Superfamily | domain-containing protein
B9J08_005169,DnaJ domain | X-domain of DnaJ-containing | domain-containing protein
B9J08_005170,Complex 1 protein (LYR family) | domain-containing protein
B9J08_005171,Flavin-binding monooxygenase-like | domain-containing protein
B9J08_005172,Major Facilitator Superfamily | domain-containing protein
B9J08_005173,unspecified product
B9J08_005174,Inorganic phosphate transporter chaperone Pho86 | domain-containing protein
B9J08_005175,Legume-like lectin family | domain-containing protein
B9J08_005176,Complex III assembly factor UQCC2/CBP6 | domain-containing protein
B9J08_005177,Histidine phosphatase superfamily (branch 1) | domain-containing protein
B9J08_005178,Inosine-uridine preferring nucleoside hydrolase | domain-containing protein
B9J08_005179,Partial alpha/beta-hydrolase lipase region | domain-containing protein
B9J08_005181,Mitochondrial carrier protein | domain-containing protein
B9J08_005182,unspecified product
B9J08_005183,"D-isomer specific 2-hydroxyacid dehydrogenase, NAD binding domain | D-isomer specific 2-hydroxyacid dehydrogenase, catalytic domain | domain-containing protein"
B9J08_005184,PA domain | Peptidase family M28 | domain-containing protein
B9J08_005185,DnaJ domain | domain-containing protein
B9J08_005186,Proteasomal ATPase OB C-terminal domain | AAA+ lid domain | ATPase family associated with various cellular activities (AAA) | domain-containing protein
B9J08_005187,unspecified product
B9J08_005188,Eukaryotic translation initiation factor 4G1 | MIF4G domain | domain-containing protein
B9J08_005189,unspecified product
B9J08_005190,ATPase family associated with various cellular activities (AAA) | domain-containing protein
B9J08_005191,LIM-domain binding protein | domain-containing protein
B9J08_005192,PAPA-1-like conserved region | domain-containing protein
B9J08_005193,unspecified product
B9J08_005194,unspecified product
B9J08_005195,Neugrin | domain-containing protein
B9J08_005196,VID27 N-terminal region | domain-containing protein
B9J08_005197,MIOREX complex component 7 | domain-containing protein
B9J08_005198,unspecified product
B9J08_005199,Basic region leucine zipper | domain-containing protein
B9J08_005200,unspecified product
B9J08_005201,pyruvate carboxylase
B9J08_005202,DASH complex subunit Duo1 | domain-containing protein
B9J08_005203,SOH1 | domain-containing protein
B9J08_005204,Fat storage-inducing transmembrane protein | domain-containing protein
B9J08_005205,Putative Ig domain | domain-containing protein
B9J08_005206,unspecified product
B9J08_005207,pyruvate dehydrogenase (acetyl-transferring)
B9J08_005208,Acetyl-coenzyme A transporter 1 | domain-containing protein
B9J08_005209,protein-serine/threonine phosphatase
B9J08_005210,Aminotransferase class-III | domain-containing protein
B9J08_005211,unspecified product
B9J08_005212,Transcription mediator complex subunit Med12 | domain-containing protein
B9J08_005213,"Unconventional myosin tail, actin- and lipid-binding | Myosin head (motor domain) | Myosin-1, central acidic domain | domain-containing protein"
B9J08_005214,"NLE (NUC135) domain | WD domain, G-beta repeat | domain-containing protein"
B9J08_005215,unspecified product
B9J08_005216,Protein kinase domain | domain-containing protein
B9J08_005217,Topoisomerase II-associated protein PAT1 | domain-containing protein
B9J08_005218,"Glutamine amidotransferase class-I | Anthranilate synthase component I, N terminal region | chorismate binding enzyme | domain-containing protein"
B9J08_005219,"Uso1 / p115 like vesicle tethering protein, head region | domain-containing protein"
B9J08_005220,Elongator complex protein 1
B9J08_005221,V-type ATPase 116kDa subunit family | domain-containing protein
B9J08_005222,rRNA processing/ribosome biogenesis | domain-containing protein
B9J08_005223,Anaphase-promoting complex subunit 5 | domain-containing protein
B9J08_005224,CDP-diacylglycerol-inositol 3-phosphatidyltransferase
B9J08_005225,Serine hydroxymethyltransferase | domain-containing protein
B9J08_005226,Hexokinase | Hexokinase | domain-containing protein
B9J08_005227,Domain of unknown function at the cortex 1 (Duc1) | domain-containing protein
B9J08_005228,transaldolase
B9J08_005229,riboflavin kinase
B9J08_005230,Ribosomal proteins 50S-L18Ae/60S-L20/60S-L18A | Fatty acid hydroxylase | domain-containing protein
B9J08_005231,"Glutamine amidotransferase class-I | Carbamoyl-phosphate synthase small chain, CPSase domain | domain-containing protein"
B9J08_005232,Bul1 N terminus | Bul1 C terminus | domain-containing protein
B9J08_005233,DWNN domain | Zinc knuckle | domain-containing protein
B9J08_005234,"Nucleoporin Nup120/160, beta-propeller domain | domain-containing protein"
B9J08_005235,TAP42-like family | domain-containing protein
B9J08_005236,"Transcription initiation factor IIA, gamma subunit, helical domain | Transcription initiation factor IIA, gamma subunit | domain-containing protein"
B9J08_005237,CUE domain | HMG (high mobility group) box | domain-containing protein
B9J08_005238,Tubulin-tyrosine ligase family | Survival protein SurE | domain-containing protein
B9J08_005239,Fructose-bisphosphate aldolase class-II | domain-containing protein
B9J08_005240,"RXT2-like, N-terminal | domain-containing protein"
B9J08_005241,"Proliferating cell nuclear antigen, C-terminal domain | Proliferating cell nuclear antigen, N-terminal domain | domain-containing protein"
B9J08_005242,RFX DNA-binding domain | domain-containing protein
B9J08_005243,unspecified product
B9J08_005244,Clathrin adaptor complex small chain | Adaptor complexes medium subunit family | domain-containing protein
B9J08_005245,Glucanosyltransferase | domain-containing protein
B9J08_005246,"PCI domain | 26S proteasome regulatory subunit RPN5 C-terminal domain | PSMD12/CSN4, N-terminal | domain-containing protein"
B9J08_005247,ATP phosphoribosyltransferase
B9J08_005248,Putative undecaprenyl diphosphate synthase | domain-containing protein
B9J08_005249,non-specific serine/threonine protein kinase
B9J08_005250,"Cyclin, N-terminal domain | Cyclin C-terminal domain | domain-containing protein"
B9J08_005251,EMG1/NEP1 methyltransferase | domain-containing protein
B9J08_005252,DNA damage checkpoint protein | domain-containing protein
B9J08_005253,Ribosomal protein L37e | domain-containing protein
B9J08_005255,unspecified product
B9J08_005256,DNA-(apurinic or apyrimidinic site) lyase
B9J08_005257,unspecified product
B9J08_005258,AAA C-terminal domain | ATPase family associated with various cellular activities (AAA) | MgsA AAA+ ATPase C terminal | domain-containing protein
B9J08_005259,Ubiquitin-2 like Rad60 SUMO-like | domain-containing protein
B9J08_005260,PSP1 C-terminal conserved region | domain-containing protein
B9J08_005261,PAP2 superfamily | domain-containing protein
B9J08_005262,unspecified product
B9J08_005263,Fungal PH-like domain | PH domain | domain-containing protein
B9J08_005264,Amidohydrolase family | domain-containing protein
B9J08_005265,CFEM domain | domain-containing protein
B9J08_005266,unspecified product
B9J08_005267,unspecified product
B9J08_005268,Rogdi leucine zipper containing protein | domain-containing protein
B9J08_005269,"Insulinase (Peptidase family M16) | Peptidase M16 inactive domain | Middle or third domain of peptidase_M16 | PQQ synthase PqqF-like, C-terminal lobe domain 4 | domain-containing protein"
B9J08_005270,Sec1 family | domain-containing protein
B9J08_005271,PhD finger domain | domain-containing protein
B9J08_005272,"CRAL/TRIO, N-terminal domain | CRAL/TRIO domain | domain-containing protein"
B9J08_005273,unspecified product
B9J08_005274,"AMP-binding enzyme | Meiotically up-regulated gene 62 protein-like domain | Disco-interacting protein 2-like, AMP domain | domain-containing protein"
B9J08_005275,INO4 bHLH domain | domain-containing protein
B9J08_005277,unspecified product
B9J08_005278,N-terminal domain of oxidoreductase | Zinc-binding dehydrogenase | domain-containing protein
B9J08_005279,Ribosomal protein S14p/S29e | domain-containing protein
B9J08_005280,non-specific serine/threonine protein kinase
B9J08_005281,Cyclophilin type peptidyl-prolyl cis-trans isomerase/CLD | domain-containing protein
B9J08_005282,Adaptin N terminal region | Adaptin C-terminal domain | domain-containing protein
B9J08_005283,"TB2/DP1, HVA22 family | domain-containing protein"
B9J08_005284,Surfeit locus protein 6 | 60S ribosome biogenesis protein Rrp14 | domain-containing protein
B9J08_005285,V-ATPase subunit C | domain-containing protein
B9J08_005287,Eukaryotic aspartyl protease | domain-containing protein
B9J08_005288,PCI domain | domain-containing protein
B9J08_005289,Amino acid permease | domain-containing protein
B9J08_005291,"6-O-methylguanine DNA methyltransferase, DNA binding domain | domain-containing protein"
B9J08_005292,unspecified product
B9J08_005293,unspecified product
B9J08_005294,BAR-like domain | PH domain | domain-containing protein
B9J08_005295,"CDP-diacylglycerol--serine O-phosphatidyltransferase, CDP-diacylglycerol-serine O-phosphatidyltransferase"
B9J08_005296,unspecified product
B9J08_005297,NLI interacting factor-like phosphatase | domain-containing protein
B9J08_005298,Minimal binding motif of Hap4 for binding to Hap2/3/5 | domain-containing protein
B9J08_005299,Mitochondrial protein Pet127 | domain-containing protein
B9J08_005300,6-phosphofructo-2-kinase | domain-containing protein
B9J08_005301,"WD domain, G-beta repeat | domain-containing protein"
B9J08_005302,ARD/ARD' family | domain-containing protein
B9J08_005303,Prefoldin subunit | domain-containing protein
B9J08_005304,"OST48, N-terminal domain | OST48 middle domain | domain-containing protein"
B9J08_005305,Urm1 (Ubiquitin related modifier) | domain-containing protein
B9J08_005306,PDZ domain | Nas2 N_terminal domain | domain-containing protein
B9J08_005307,Phosphoadenosine phosphosulfate reductase domain | domain-containing protein
B9J08_005308,Cytochrome P450 | domain-containing protein
B9J08_005309,Ceramidase | domain-containing protein
B9J08_005310,MutS domain I | MutS domain II | MutS family domain IV | MutS domain V | MutS domain III | domain-containing protein
B9J08_005311,unspecified product
B9J08_005312,Ribosomal protein S6 | domain-containing protein
B9J08_005313,PAP2 superfamily | domain-containing protein
B9J08_005314,glucose-6-phosphate 1-epimerase
B9J08_005315,unspecified product
B9J08_005317,Fungal Zn(2)-Cys(6) binuclear cluster domain | domain-containing protein
B9J08_005319,nicotinamide-nucleotide adenylyltransferase
B9J08_005320,N-acetylglucosaminyl transferase component (Gpi1) | domain-containing protein
B9J08_005321,unspecified product
B9J08_005322,Major Facilitator Superfamily | domain-containing protein
B9J08_005323,Major Facilitator Superfamily | domain-containing protein
B9J08_005324,Ribosomal protein S2 | domain-containing protein
B9J08_005325,unspecified product
B9J08_005326,unspecified product
B9J08_005327,LSM domain | domain-containing protein
B9J08_005328,Acetyltransferase (GNAT) family | domain-containing protein
B9J08_005329,Zinc-binding dehydrogenase | Alcohol dehydrogenase GroES-like domain | domain-containing protein
B9J08_005330,Protein kinase domain | domain-containing protein
B9J08_005331,mitogen-activated protein kinase kinase kinase
B9J08_005332,Calcineurin-like phosphoesterase | domain-containing protein
B9J08_005333,unspecified product
B9J08_005334,SAM domain (Sterile alpha motif) | Ras association (RalGDS/AF-6) domain | domain-containing protein
B9J08_005335,Eukaryotic aspartyl protease | domain-containing protein
B9J08_005336,"Ribosomal protein L11, RNA binding domain | Ribosomal protein L11, N-terminal domain | domain-containing protein"
B9J08_005337,Acyl CoA binding protein | domain-containing protein
B9J08_005338,"WD domain, G-beta repeat | domain-containing protein"
B9J08_005339,Glycosyl hydrolase family 76 | domain-containing protein
B9J08_005340,Sterol methyltransferase C-terminal | Methyltransferase domain | domain-containing protein
B9J08_005341,"Nuclear condensing complex subunits, C-term domain | domain-containing protein"
B9J08_005343,"Mak10 subunit, NatC N(alpha)-terminal acetyltransferase | domain-containing protein"
B9J08_005344,bZIP transcription factor | Transcription factor PAP1 | domain-containing protein
B9J08_005345,Major Facilitator Superfamily | domain-containing protein
B9J08_005346,PH domain | SAM domain (Sterile alpha motif) | Variant SH3 domain | domain-containing protein
B9J08_005347,"Anaphase-promoting complex, cyclosome, subunit 3 | Tetratricopeptide repeat | Tetratricopeptide repeat | domain-containing protein"
B9J08_005348,Endomembrane protein 70 | domain-containing protein
B9J08_005349,ATP synthase | domain-containing protein
B9J08_005350,unspecified product
B9J08_005351,"PGAP2IP, first transmembrane domain | PGAP2IP, second transmembrane domain | Frag1/DRAM/Sfk1 family | PGAP2IP, C-terminal nuclease-like domain | domain-containing protein"
B9J08_005352,Ribosomal protein L35 | domain-containing protein
B9J08_005353,PDZ domain | PDZ-like domain | Trypsin-like peptidase domain | domain-containing protein
B9J08_005354,Origin recognition complex subunit 6 (ORC6) | domain-containing protein
B9J08_005355,NADH dehydrogenase ubiquinone Fe-S protein 4 | domain-containing protein
B9J08_005356,Histone lysine methyltransferase SET associated | SET domain | COMPASS (Complex proteins associated with Set1p) component N | domain-containing protein
B9J08_005357,MutS domain II | MutS domain V | MutS domain III | MutS domain I | domain-containing protein
B9J08_005358,H/ACA ribonucleoprotein complex non-core subunit NAF1
B9J08_005359,Beta-glucosidase (SUN family) | domain-containing protein
B9J08_005360,Amino acid permease | domain-containing protein
B9J08_005361,Chromatin modification-related protein EAF7 | domain-containing protein
B9J08_005362,S4 domain | domain-containing protein
B9J08_005363,peptide chain release factor N5-glutamine methyltransferase
B9J08_005364,Gcd10p family | domain-containing protein
B9J08_005365,16S rRNA methyltransferase RsmB/F | domain-containing protein
B9J08_005366,Actin | domain-containing protein
B9J08_005367,"Adenylate cyclase associated (CAP) C terminal | CAP N-terminal conserved motif | CAP, N-terminal domain | domain-containing protein"
B9J08_005368,DnaJ domain | DnaJ central domain | DnaJ C terminal domain | domain-containing protein
B9J08_005369,Methyltransferase domain | domain-containing protein
B9J08_005370,YL1 nuclear protein C-terminal domain | YL1 nuclear protein | domain-containing protein
B9J08_005371,"Activator of Hsp90 ATPase, N-terminal | domain-containing protein"
B9J08_005372,unspecified product
B9J08_005373,DEAD/DEAH box helicase | Helicase conserved C-terminal domain | domain-containing protein
B9J08_005375,Formate/nitrite transporter | domain-containing protein
B9J08_005376,RING-type E3 ubiquitin transferase
B9J08_005377,unspecified product
B9J08_005378,pyridoxal kinase
B9J08_005379,Lipase (class 3) | domain-containing protein
B9J08_005380,SUR7/PalI family | domain-containing protein
B9J08_005381,Protein kinase domain | domain-containing protein
B9J08_005382,Ribosomal protein L32 | domain-containing protein
B9J08_005383,Hobbit/FMP27/BTLP2 family | domain-containing protein
B9J08_005384,Rox3 mediator complex subunit | domain-containing protein
B9J08_005385,RNA recognition motif | domain-containing protein
B9J08_005386,Ring finger domain | domain-containing protein
B9J08_005387,"Eukaryotic elongation factor 5A hypusine, DNA-binding OB fold | Translation initiation factor 5A-like, N-terminal | domain-containing protein"
B9J08_005388,TFIIS helical bundle-like domain | PWWP domain | domain-containing protein
B9J08_005389,unspecified product
B9J08_005390,unspecified product
B9J08_005391,DNA-directed DNA polymerase
B9J08_005392,Transcription factor Pcc1 | domain-containing protein
B9J08_005393,Putative S-adenosyl-L-methionine-dependent methyltransferase | domain-containing protein
B9J08_005394,unspecified product
B9J08_005395,Magnesium transporter NIPA | domain-containing protein
B9J08_005396,"Protein kinase domain | WD domain, G-beta repeat | domain-containing protein"
B9J08_005397,Cytidine and deoxycytidylate deaminase zinc-binding region | domain-containing protein
B9J08_005398,Transcription factor Tfb4 | domain-containing protein
B9J08_005399,Survival motor neuron (SMN) interacting protein 1 (SIP1) | domain-containing protein
B9J08_005400,PAT complex subunit Asterix | domain-containing protein
B9J08_005401,"WD domain, G-beta repeat | LisH | domain-containing protein"
B9J08_005402,PH domain found in exocyst complex component Exo84 | Exocyst component 84 C-terminal | domain-containing protein
B9J08_005403,Major Facilitator Superfamily | domain-containing protein
B9J08_005404,Acyltransferase | Acyltransferase C-terminus | domain-containing protein
B9J08_005405,Ca2+ regulator and membrane fusion protein Fig1 | domain-containing protein
B9J08_005406,FAT domain | FATC domain | Phosphatidylinositol 3- and 4-kinase | Tra1 HEAT repeat central region | Tra1 HEAT repeat ring region | domain-containing protein
B9J08_005407,Mitochondrial PGP phosphatase | domain-containing protein
B9J08_005408,RING-type E3 ubiquitin transferase
B9J08_005409,DNL zinc finger | domain-containing protein
B9J08_005410,ATP11 protein | domain-containing protein
B9J08_005411,Mre11 DNA-binding presumed domain | Calcineurin-like phosphoesterase | domain-containing protein
B9J08_005412,non-specific serine/threonine protein kinase
B9J08_005413,Choline/ethanolamine kinase | domain-containing protein
B9J08_005414,PAP2 superfamily | domain-containing protein
B9J08_005415,PX domain | Sorting nexin 8/Mvp1 BAR domain | domain-containing protein
B9J08_005416,"Essential protein Yae1, N terminal | domain-containing protein"
B9J08_005417,unspecified product
B9J08_005418,"Replication factor C C-terminal domain | RCF1/5-like, AAA+ ATPase lid domain | ATPase family associated with various cellular activities (AAA) | domain-containing protein"
B9J08_005419,unspecified product
B9J08_005420,unspecified product
B9J08_005421,Eukaryotic aspartyl protease | domain-containing protein
B9J08_005422,"Dual specificity phosphatase, catalytic domain | domain-containing protein"
B9J08_005423,Symplekin/PTA1 N-terminal | domain-containing protein
B9J08_005424,Fungal potassium channel | domain-containing protein
B9J08_005425,Cytochrome c oxidase assembly factor 3 | domain-containing protein
B9J08_005426,"WD domain, G-beta repeat | domain-containing protein"
B9J08_005427,Exportin-T
B9J08_005428,Pyridoxal-phosphate dependent enzyme | domain-containing protein
B9J08_005429,unspecified product
B9J08_005430,ABC-2 type transporter | ABC transporter | ABC-2 type transporter | domain-containing protein
B9J08_005431,"Cell wall mannoprotein PIR1-like, C-terminal domain | domain-containing protein"
B9J08_005432,Glutaredoxin | domain-containing protein
B9J08_005433,Protein kinase domain | domain-containing protein
B9J08_005434,Ribosome 60S biogenesis N-terminal | Nucleolar pre-ribosomal-associated protein 1 | domain-containing protein
B9J08_005435,Mitofissin | domain-containing protein
B9J08_005436,"AAA domain | AAA domain | Helicase SMUBP-2/HCS1, 1B domain | domain-containing protein"
B9J08_005437,Cysteine-rich secretory protein family | domain-containing protein
B9J08_005438,Fungal specific transcription factor domain | Fungal Zn(2)-Cys(6) binuclear cluster domain | domain-containing protein
B9J08_005439,unspecified product
B9J08_005440,Electron transfer flavoprotein FAD-binding domain | Electron transfer flavoprotein domain | domain-containing protein
B9J08_005441,Sulfate permease family | STAS domain | domain-containing protein
B9J08_005442,"WD domain, G-beta repeat | Histone-binding protein RBBP4 or subunit C of CAF1 complex | domain-containing protein"
B9J08_005443,Acetyltransferase (GNAT) domain | domain-containing protein
B9J08_005444,"SAM35, subunit of SAM coomplex | domain-containing protein"
B9J08_005445,JAB1/Mov34/MPN/PAD-1 ubiquitin protease | 26S proteasome regulatory subunit RPN11 C-terminal domain | domain-containing protein
B9J08_005446,"Aminopeptidase P, N-terminal domain | Metallopeptidase family M24 | domain-containing protein"
B9J08_005447,GDP dissociation inhibitor | domain-containing protein
B9J08_005449,LSM domain | domain-containing protein
B9J08_005450,Response regulator receiver domain | domain-containing protein
B9J08_005451,BSD domain | domain-containing protein
B9J08_005452,ABC transporter | domain-containing protein
B9J08_005453,Aminotransferase class I and II | domain-containing protein
B9J08_005454,Tyrosine phosphatase family | domain-containing protein
B9J08_005455,Ubiquitin carboxyl-terminal hydrolase | domain-containing protein
B9J08_005456,Translation initiation factor eIF2B subunit alpha
B9J08_005457,2-phospho-L-lactate transferase CofD | domain-containing protein
B9J08_005458,"WD domain, G-beta repeat | domain-containing protein"
B9J08_005459,"WD domain, G-beta repeat | domain-containing protein"
B9J08_005460,Mur ligase middle domain | domain-containing protein
B9J08_005461,Mediator complex protein | domain-containing protein
B9J08_005462,PSF1 C-terminal domain | GINS complex protein helical bundle domain | domain-containing protein
B9J08_005463,unspecified product
B9J08_005464,Peroxisomal ATPase PEX1
B9J08_005465,Cytochrome c oxidase assembly protein COX20 | domain-containing protein
B9J08_005467,Integral membrane protein EMC3/TMCO1-like | domain-containing protein
B9J08_005468,Conserved hypothetical ATP binding protein | domain-containing protein
B9J08_005469,Metal-independent alpha-mannosidase (GH125) | domain-containing protein
B9J08_005470,unspecified product
B9J08_005471,Lysine methyltransferase | domain-containing protein
B9J08_005472,Domain of unknown function (DUF202) | domain-containing protein
B9J08_005473,Killer toxin-resistance protein 1 | domain-containing protein
B9J08_005474,protein-serine/threonine phosphatase
B9J08_005476,"DNA helicase, DNA replication licensing factor MCM2"
B9J08_005477,Putative zinc finger in N-recognin (UBR box) | domain-containing protein
B9J08_005478,Lon protease AAA+ ATPase lid domain | Lon protease (S16) C-terminal proteolytic domain | ATP-dependent protease La (LON) substrate-binding domain | ATPase family associated with various cellular activities (AAA) | domain-containing protein
B9J08_005479,unspecified product
B9J08_005480,UAF complex subunit Rrn10 | domain-containing protein
B9J08_005481,NSUN2 PUA domain | NSUN2 Pre-PUA domain | 16S rRNA methyltransferase RsmB/F | domain-containing protein
B9J08_005482,Ring finger domain | domain-containing protein
B9J08_005483,Histone-like transcription factor (CBF/NF-Y) and archaeal histone | domain-containing protein
B9J08_005484,Rft protein | domain-containing protein
B9J08_005485,C2H2 zinc-finger | domain-containing protein
B9J08_005486,LSM domain | domain-containing protein
B9J08_005487,NDT80 / PhoG like DNA-binding  family | domain-containing protein
B9J08_005488,"RNA cytidine acetyltransferase NAT10/TcmA, helicase domain | GNAT acetyltransferase 2 | tRNA(Met) cytidine acetyltransferase TmcA, N-terminal | Possible tRNA binding domain | domain-containing protein"
B9J08_005489,Phosphoribulokinase / Uridine kinase family | domain-containing protein
B9J08_005490,unspecified product
B9J08_005491,Amino acid permease | domain-containing protein
B9J08_005492,Major Facilitator Superfamily | domain-containing protein
B9J08_005493,Snf7 | domain-containing protein
B9J08_005494,unspecified product
B9J08_005496,DNA-(apurinic or apyrimidinic site) lyase
B9J08_005497,"Malic enzyme, N-terminal domain | Malic enzyme, NAD binding domain | domain-containing protein"
B9J08_005498,Steryl acetyl hydrolase | domain-containing protein
B9J08_005499,"Adenylate kinase, active site lid | Adenylate kinase | domain-containing protein"
B9J08_005500,"CID domain | Pcf11, C-terminal domain | Pcf11, Clp1-interaction domain | domain-containing protein"
B9J08_005501,Mitochondrial carrier protein | domain-containing protein
B9J08_005502,unspecified product
B9J08_005503,unspecified product
B9J08_005504,"T6SS, Phospholipase effector Tle1-like, catalytic domain | domain-containing protein"
B9J08_005505,Ubiquinol cytochrome reductase transmembrane region | Rieske [2Fe-2S] domain | domain-containing protein
B9J08_005506,HECT-domain (ubiquitin-transferase) | domain-containing protein
B9J08_005507,RSE1/DDB1/CPSF1 first beta-propeller | domain-containing protein
B9J08_005508,Nup85 Nucleoporin | domain-containing protein
B9J08_005509,ATP synthase subunit C | domain-containing protein
B9J08_005510,Ribosomal protein L7Ae/L30e/S12e/Gadd45 family | domain-containing protein
B9J08_005511,Urb2/Npa2 family | domain-containing protein
B9J08_005512,CBS domain | Voltage gated chloride channel | domain-containing protein
B9J08_005513,Alcohol acetyltransferase | domain-containing protein
B9J08_005514,SNARE domain | Syntaxin-like protein | domain-containing protein
B9J08_005515,DNA-directed DNA polymerase
B9J08_005516,Glyoxalase/Bleomycin resistance protein/Dioxygenase superfamily | domain-containing protein
B9J08_005517,SNF5 / SMARCB1 / INI1 | domain-containing protein
B9J08_005518,Cys/Met metabolism PLP-dependent enzyme | domain-containing protein
B9J08_005519,unspecified product
B9J08_005520,factor-independent urate hydroxylase
B9J08_005521,RNB domain | domain-containing protein
B9J08_005522,"Extracellular tail, of 10TM putative phosphate transporter | Cytosolic domain of 10TM putative phosphate transporter | Calcium-dependent channel, 7TM region, putative phosphate | Late exocytosis, associated with Golgi transport | domain-containing protein"
B9J08_005523,inorganic diphosphatase
B9J08_005524,Nucleoporin NUP188
B9J08_005525,mevalonate kinase
B9J08_005526,Sideroflexins | domain-containing protein
B9J08_005527,4'-phosphopantetheinyl transferase superfamily | domain-containing protein
B9J08_005528,GMP synthase (glutamine-hydrolysing)
B9J08_005529,"WD domain, G-beta repeat | NLE (NUC135) domain | domain-containing protein"
B9J08_005530,Carnosine N-methyltransferase | domain-containing protein
B9J08_005531,Protein prenyltransferase alpha subunit repeat | domain-containing protein
B9J08_005534,unspecified product
B9J08_005535,Transport protein particle (TRAPP) component | domain-containing protein
B9J08_005536,Transcription factor Iwr1 | domain-containing protein
B9J08_005537,short chain dehydrogenase | domain-containing protein
B9J08_005538,unspecified product
B9J08_005539,ArgJ family | domain-containing protein
B9J08_005540,unspecified product
B9J08_005541,PHD-finger | domain-containing protein
B9J08_005542,Metallopeptidase family M24 | domain-containing protein
B9J08_005543,unspecified product
B9J08_005544,Adaptin N terminal region | domain-containing protein
B9J08_005545,CFEM domain | domain-containing protein
B9J08_005546,unspecified product
B9J08_005547,unspecified product
B9J08_005548,Cytochrome P450 | domain-containing protein
B9J08_005550,KH domain | domain-containing protein
B9J08_005551,unspecified product
B9J08_005552,"CRAL/TRIO, N-terminal domain | CRAL/TRIO domain | domain-containing protein"
B9J08_005553,RTA1 like protein | domain-containing protein
B9J08_005554,RTA1 like protein | domain-containing protein
B9J08_005555,"Arrestin (or S-antigen), N-terminal domain | domain-containing protein"
B9J08_005556,unspecified product
B9J08_005557,unspecified product
B9J08_005558,unspecified product
B9J08_005559,unspecified product
B9J08_005560,unspecified product
B9J08_005561,unspecified product
B9J08_005562,"Arrestin (or S-antigen), N-terminal domain | domain-containing protein"
B9J08_005563,unspecified product
B9J08_005564,Amino acid permease | domain-containing protein
B9J08_005565,Peptidase family M3 | domain-containing protein
B9J08_005567,Protein kinase domain | domain-containing protein
B9J08_005568,Sugar (and other) transporter | domain-containing protein
B9J08_005569,alpha/beta hydrolase fold | domain-containing protein
B9J08_005570,Major Facilitator Superfamily | domain-containing protein
B9J08_005571,Major Facilitator Superfamily | domain-containing protein
B9J08_005572,Major Facilitator Superfamily | domain-containing protein
B9J08_005573,unspecified product
B9J08_005574,unspecified product
B9J08_005575,unspecified product
B9J08_005576,unspecified product
B9J08_005578,"FGGY family of carbohydrate kinases, N-terminal domain | domain-containing protein"
B9J08_005579,Minimal binding motif of Hap4 for binding to Hap2/3/5 | domain-containing protein
B9J08_005580,methylmalonate-semialdehyde dehydrogenase (CoA-acylating)
B9J08_005581,"4-alpha-glucanotransferase, Glycogen debranching enzyme, amylo-alpha-1,6-glucosidase"
B9J08_005582,26S proteasome regulatory subunit RPN2 C-terminal domain | domain-containing protein
B9J08_005583,unspecified product
B9J08_005584,unspecified product
B9J08_005585,RF-1 domain | domain-containing protein
B9J08_005586,PCRF domain | domain-containing protein
B9J08_005587,unspecified product
